elevation_deg,slant_range_km,doppler_proxy,time_index,rain_mm_hr,humidity_pct,temperature_c
36.83591010202581,933.7766003905144,6.002668319653501,0.3936355202774421,18.682040923334924,64.97691706103373,26.499915549498517
85.81071604484288,601.468556142886,0.5478875089238171,0.4734356593750214,16.645604811570163,82.2722740758816,-0.7744002200644218
67.21948505396944,645.8955523957775,2.904015437647124,0.8545473932021803,8.807695625143003,69.38667464594332,7.331984718494308
55.88597115674811,710.9213878819528,4.206312959390541,0.34000438605989214,30.363333505074397,35.83118081782575,23.164031842890914
18.261584437607105,1466.3796003504883,7.1222684195420785,0.8696496848121713,23.831208025431444,42.99061657484888,14.104467226223996
18.259534228577223,1466.471282963241,7.122352510826298,0.08813443097669149,43.28504961620018,45.35297288216434,26.928551931744693
9.937107034296954,1936.0216446703687,7.387483285629162,0.7767984372086307,1.6054790241029127,48.05049775513914,38.060395061142984
78.62497239086949,610.9593887635428,1.4792255249483548,0.8475476330547363,32.193396377756315,69.57823743653529,-4.172665614240126
56.09477599817275,709.382092028166,4.183655879159834,0.18181765283733875,38.14744392557806,65.27760458777755,25.478385819903046
65.18616911266386,655.0543948084169,3.1475340205049434,0.43034653237220044,37.974328459415354,44.221202685494625,1.5172077816057268
6.7496820151432075,2177.9593692973513,7.448018319438029,0.16549977466365562,44.30369835477626,34.7288390418981,10.72383637037846
87.44233743376952,600.5467407203514,0.3346860665272704,0.7066041289942178,36.4516871414747,42.000254313230265,-8.356863710243008
75.75762446803584,617.3195077589507,1.8451823496415383,0.5353477680616567,46.39050308238482,98.90669188330223,-3.204630885365053
23.048824407653473,1277.5190089939174,6.901286692868013,0.635323346708321,16.632829991044574,62.79828648540306,5.988864452444984
20.455122212603552,1373.8489004005664,7.027096553486616,0.19648696695621115,25.160470837577154,90.71418532914788,7.099290264399247
20.589383337541875,1368.5303795822038,7.020935358142526,0.21174586205241952,0.7039831641445338,89.41267266681903,34.97926082310479
30.860590651560706,1054.6151880130546,6.438134461099871,0.04149732550990637,0.34787936516456064,65.80636902240116,27.090645463325757
49.60429668874021,764.6713137230572,4.860470928324316,0.3220675351957297,12.006331022575994,79.46813959223805,38.60914840935205
41.71532658457984,857.4243285892571,5.598451551581555,0.559744661333675,5.040359856954263,43.49264072888986,19.953575516762026
29.754476916833564,1081.090489650334,6.511200292500895,0.8579349139973288,13.010568396787681,78.18776934488358,2.0856866045658986
57.007496051402256,702.8226669519581,4.083969798235135,0.6669274474586807,8.85216472641987,49.06692054843027,6.382751496082143
16.856978155423555,1531.6270061730759,7.177736960157951,0.43539632339975143,1.426001241932412,88.24434677279055,5.9917961645983535
29.832295125493545,1079.1800896967766,6.506138947839932,0.9531201143941378,45.46520732030247,35.860689317623695,6.324716383162581
36.14075667996379,946.1302142318991,6.056779212006711,0.7192452005758319,0.41115656944457624,84.11970710196942,23.648208655590786
43.76594865844805,830.0790993344281,5.416285851398299,0.93016520286255,36.80410721685427,36.99558345980337,16.54039640452081
71.73995671840616,628.8823494901744,2.349977046352778,0.5275879732721657,7.607394345975827,91.68324658260163,9.271208904332216
21.972271483460577,1315.9038864216568,6.955237787301859,0.2589042747931396,45.61148109998,51.29431626945026,-2.54551156356417
48.709927265156985,773.6221833129084,4.949036185722816,0.052826686364721986,44.63979697949429,75.80753553814023,-8.893041852892704
55.35523835327361,714.9001340844143,4.263649779036907,0.7260848514838505,32.695057318462865,64.12515950341958,0.9417338793846302
8.948285081199806,2006.903562233387,7.408718514842194,0.12130299800553412,33.611707490030255,55.64122016836373,-4.626429801565937
56.64131241162226,705.4215683642906,4.124089802530125,0.3027751282719672,0.26695709848442717,75.18092832284475,29.27225154261197
19.49455051341978,1413.0335764579017,7.0700492677050875,0.5324709078838974,49.2435783056801,96.32660863858666,-4.375102109305731
10.529385403748758,1895.2817067404592,7.373709860583044,0.5644165877797477,43.89163017879072,32.88888231622353,26.21141186534181
85.65527066653333,601.5797873314423,0.5681788541027333,0.600583196987136,44.7553112865046,94.3196999118173,9.28293448880413
87.07872281133754,600.7134011615199,0.3822286350128259,0.16625533034970064,32.962226852543594,72.63571585147095,-6.3310805128112015
73.7137745898992,622.8030545826387,2.10326964114895,0.37973740482164875,17.239346432726826,86.51200105383367,30.63650247157929
30.89217037973651,1053.880333796204,6.436013058645763,0.6171942271169667,44.68243245452404,56.87124674039943,18.981528511830668
13.302129690542628,1720.656262057263,7.298777408477317,0.9698188646337847,14.575846407559617,63.02900823863296,1.7880756431786526
63.15980725353334,665.1884690021507,3.3862768115152737,0.7276311376996887,28.135577167110142,90.81955262608147,34.7340587166334
42.41296196786611,847.8355789427033,5.537270812230769,0.9226037570939578,4.98654861719412,59.03935788668761,-7.737084306472427
15.3732499618062,1606.1407527830718,7.231644607485474,0.762212058314177,46.09778150663751,67.42616967243595,0.09098040988814482
47.090037359457966,790.7681356593703,5.106361754034385,0.5917169688924004,7.038522888560666,31.413644615903305,27.60234639029305
7.923024294793564,2084.30839707384,7.4284061340578535,0.19202336913634455,11.244840286520363,41.10186040866296,25.468896515494457
82.29223417669648,604.9938402819362,1.0059037593237377,0.666685651892513,27.906707906410748,74.91805555823598,4.463584686223902
26.99629843600144,1153.8433558874513,6.682768891115645,0.6233795659599071,38.204650010649075,80.1883830744714,-6.898756232360844
61.31439417008847,675.3460125455813,3.600023404995934,0.6024691704572664,30.967565296814946,70.78206557491495,32.90390361124719
31.49544146759993,1040.0589683973735,6.395112992793371,0.48978586798824075,11.606695640007809,40.031702539292745,5.684881903495128
49.20578180011392,768.6157668640117,4.900081583966965,0.5286566039892756,0.04715212637451671,61.17838000044844,-0.2143292535867385
51.47037374417877,747.1026815028918,4.671894158004226,0.33444252711810407,37.85752901537196,54.85663364542329,15.803091118048854
20.712628719669798,1363.681622494898,7.01524573312055,0.5193126926423032,49.26036629555469,64.69629408245618,35.51135996412236
87.41469335998748,600.5586318727837,0.338301023439431,0.19755590567847825,40.49565601530452,90.92303241878659,-7.8226711078312325
70.88628998569473,631.7584116016797,2.455830012043224,0.8051743973603768,23.010330907830767,84.31030070610564,28.290204401544386
84.85741003295607,602.2150938150353,0.6722599843282262,0.1857769546987078,45.18836306995533,35.879265097241124,18.623661396935447
81.06032478635015,606.7326683212132,1.1654585618506073,0.08496628988946642,20.4923836559175,92.3216438442195,11.272455827590846
55.82149819894224,711.3996330257341,4.213297543415204,0.43624602635715737,26.246704212173377,63.02370058048765,27.204022205253004
83.35930997696494,603.7006999689802,0.8673194237152603,0.6583074395060619,23.856488369784163,82.07035014201989,38.29122122208162
12.521862674413157,1767.2161720377549,7.321600109706267,0.43771682493354136,22.381193633276247,39.80274618850465,1.4603105581345517
21.65854330562734,1327.5066250428417,6.9704989553309415,0.2767541319513086,38.75953846469529,76.95036679949337,-2.817631746394019
8.844319557395735,2014.5689260040554,7.4108231090338474,0.5581711838904407,26.338445363474598,46.54282123266206,35.64408726113485
32.653078114877474,1014.650954577653,6.314646936503419,0.34700233541219994,15.835856101260804,60.6866627998652,23.44765387286518
38.03756962360597,913.3468702458808,5.907051649557888,0.9328676901266331,12.907908382923916,31.18040090574731,11.899301078098297
28.064667700781154,1124.4585851106012,6.618128660951125,0.9226451396035721,1.8873658483716693,40.61274465513332,18.662978513214156
75.44268827791399,618.111959422602,1.8851122174583603,0.5023718199720955,29.1597580941523,36.445634518653385,27.2806952588122
35.32403276895509,961.170657259509,6.119213515233332,0.3278839940182585,11.49807077005171,46.78209210567809,28.651594935285857
28.879433323427364,1103.0899031582385,6.567284608599884,0.7371324139566391,7.406696100819154,37.00126630170256,35.99470904094823
51.12916706845112,750.2071135397964,4.706751020781493,0.03671294348306664,32.691498191383886,78.43370186336934,11.342139444781132
16.978559122854826,1525.7817658038746,7.173105739184953,0.47476900604365124,34.06046289107744,32.032793154645354,4.67054550096975
73.18674336409337,624.3496246392315,2.169399645596984,0.33632339427033353,37.607744612883295,73.24183504374986,21.983213339492096
11.33680471278052,1841.7490110295303,7.353664407032828,0.9205358851025547,25.178844816929573,39.849548157790196,10.78639496397652
88.88538961104398,600.1037750293808,0.14589295628816498,0.012003027272682543,44.70273026019433,96.16130200245279,19.729922697448895
70.64080539021587,632.6136959515497,2.4861697159171365,0.5528148757183491,46.81713766991139,95.3165851176898,10.999289922797509
21.890832930404656,1318.8972756927665,6.959219388055454,0.740663581066626,40.36854698962447,45.785217176467384,-2.350210666091276
5.469379955506204,2286.5329252225647,7.465854586225818,0.48501798752404124,31.77967410040936,73.00949087561207,13.471337582947921
74.3142214186609,621.1079117737745,2.027711155244948,0.08540303016272166,15.186047679559433,31.96037236307209,24.545891097051637
65.08287422704745,655.5461668235348,3.1598018327374344,0.9724613900279022,49.14724608101106,95.22519801358219,29.964190383382494
66.96560928348393,646.9858458763838,2.934626803766896,0.5180104313760979,13.706808359596916,66.60911157341968,14.666313839827342
70.55797946830539,632.9051381225236,2.4963959910895515,0.6141862443190114,10.132846099521553,33.02562059924453,-1.7381054894799544
11.29379539739768,1844.54333176125,7.354769039629309,0.23660978270750732,22.107705689329137,53.97499951056962,10.73438548247158
35.469586926263176,958.4474963673106,6.108177341872328,0.4834980851068038,2.842028535619423,35.379462330286394,29.31469644208491
14.848870059636026,1633.9367015039968,7.249538671182922,0.42914949195832186,48.92472323358954,57.50611075613519,10.642963530853642
78.36379119942545,611.4759616931069,1.512727020433702,0.07489584200198374,29.42167782082124,76.89484395129261,24.826539680211113
57.980340780342424,696.1262804757316,3.9765766027118663,0.10616035354746722,27.847604583208764,62.892293562900775,15.360684083904488
33.12633211247518,1004.6681368838217,6.2810073712085615,0.8374725196187746,32.78981399498599,56.86055223036181,2.061156255469834
10.402459774312009,1903.9061112920224,7.3767279000792705,0.23981995220659025,24.851182388860334,38.34099318783254,29.80752540115372
31.433497345831288,1041.4593926488628,6.399345366617519,0.19495827149863054,1.6031758547270791,47.145733198555945,-5.789327296465649
32.6405823722735,1014.9176497330686,6.31552932387915,0.5049114512501393,30.61556444201984,37.01003014168458,16.24451413775753
67.01652515873545,646.7659852930528,2.9284921625804468,0.7687471313625129,35.80869384782153,86.52491121596626,0.4445517121702469
59.192385065193115,688.1935161055908,3.841177657508465,0.06194651857898792,20.837453031202656,39.46678795893058,-6.646718572931217
80.41308311898776,607.7529564336191,1.2490769743613706,0.5768079196382558,37.86477860355964,71.67613565842254,15.146696854162442
45.13826863876569,813.139055076278,5.290487275133619,0.11921044284057336,11.35006496692103,53.99182895121921,14.97810779674618
15.165510904755644,1617.058387489317,7.238806079639269,0.03646105082561846,11.063829553309201,45.81848692586284,25.34504508378604
65.62580691395458,652.9904356105008,3.095206513426089,0.05274395216221739,8.070849384378697,74.76279076444726,27.237534652595244
69.66672913243629,636.1337738363354,2.606101591472661,0.8341641082084413,18.59973798945809,61.990161656385844,26.389574434644842
52.70856179340718,736.2252903410144,4.544021435377315,0.11797248362806156,42.35060176945418,58.010182709919135,10.477936645837751
70.53221029613768,632.9961092273616,2.49957657265278,0.04515136441229195,41.39560310745322,71.4996403424555,21.584489361328128
46.97262569097321,792.059573822663,5.117607768014846,0.4378998871429123,19.14121039817519,64.38873399430005,18.847262132198015
49.432290497469495,766.3652488769085,4.877596554261052,0.8439934719420248,29.455936799011827,51.24389459860926,11.078087805845978
41.34098656047672,862.6959788376098,5.630938566348231,0.26240837648930193,36.04081582374578,69.13429014356763,19.86063470929966
7.160625773248091,2144.532768496105,7.441504479596184,0.4217126175259164,12.06033873140115,76.86490035854862,37.36239383531313
14.170771294430878,1671.0671158824057,7.271777731168591,0.03992253256375122,8.407054294737353,31.8685211010798,-0.35531281593113206
7.671480783372411,2103.923901632147,7.432873268550238,0.4490785141348759,48.60479966061555,62.611021023537276,35.28860478927631
59.094884957421336,688.8152416629273,3.852133898887062,0.5776130806371337,30.877865660480925,34.03782992084806,-7.327224300840082
31.720258391487768,1035.01183407584,6.379689467055648,0.5709070537521448,49.070786091683196,43.04837898476777,5.419460645083033
48.22850874899974,778.5895171408201,4.9962109508819506,0.33242669217436516,16.887799356611456,69.23561138545811,4.407262430576411
82.1431502837179,605.1901958334001,1.0252390505001994,0.3155331806631355,35.151584998706575,90.63322406859065,21.318255394045284
26.18983947765437,1177.1061285354194,6.730024873616944,0.10662361893659789,11.130181827061886,91.79639754319393,-3.438752411135484
39.88254845802853,884.11409118964,5.7552037001977405,0.3667983206462684,13.060008563695646,34.89608070970419,34.11738059198769
69.22184677615914,637.809517045308,2.6606286695872114,0.09949466887296465,25.5951060634812,59.337356040069466,31.427570423252064
24.44784406678791,1230.7678392432044,6.8275378955137915,0.7665959447120516,15.980906275403562,70.81045381031859,22.603290984263886
11.543292335447404,1828.4218648414133,7.348303377981335,0.9662742977481859,8.381078192029223,40.29489331852404,12.920691589609888
29.62887349767028,1084.1896206848505,6.519344274232882,0.9700744566667069,13.1440350994663,83.58025517213402,36.64780210710392
18.703809416590374,1446.838401840195,7.103917193255886,0.8650710993753938,1.787419723293232,82.09646809060672,31.537327736027798
84.02430044911871,602.9939238214038,0.7807999081612202,0.6007921493396191,35.221181073874334,93.23387095947562,14.965757404062245
73.69023226297544,622.8709637490329,2.1062274873936673,0.7008656972438799,24.60583285429308,30.594020845841012,25.09366772271556
58.83931930338599,690.4583821319302,3.8807991945038602,0.28520580268041407,4.712153320226281,45.16789707923019,18.34649760898423
79.074150165956,610.0999156190337,1.4215383663946919,0.6307704201726206,8.58469965642456,87.90306999717252,19.397111919413227
73.31212653642473,623.9766806306907,2.1536834415877135,0.45564954943987745,5.126726905632201,76.94060355788548,6.548803471873562
20.858455005313047,1357.9854435669527,7.008471737591783,0.4820173397769325,30.629640413793823,92.60728975889435,13.104230231244838
80.86751487164811,607.0288780016499,1.190384086701013,0.757776560375158,4.71051818062469,34.002575817118654,-6.09392846051279
50.84409056283031,752.8372309938613,4.735745820388089,0.28191835559725165,37.714116651760804,71.78747760015099,7.867434583229624
73.63241318894532,623.0382112891375,2.1134903369617803,0.3180396116945199,1.0255459660195587,69.83326024255719,24.7914257681076
81.16776049349693,606.5704542334561,1.151564053905532,0.9246417911286366,12.468789399794606,32.497209145237264,37.66080152530932
32.03029537260843,1028.1417757476966,6.35825835517345,0.056224294850972245,44.53333379459536,65.94654538387385,38.153205638151015
14.354413584852525,1660.8770395321735,7.2658554031973015,0.4856342984133404,35.9265659061123,72.66642179169469,17.786143456244584
24.374488816065043,1233.1353545604838,6.8315063024410865,0.9128008004078617,3.648416646284386,43.39052219414751,20.331112590479105
41.30416203323178,863.2194231711383,5.634121411643894,0.610363007818157,41.056305224258985,49.13307081872641,-0.713940724951625
74.53125510341191,620.5125633021116,2.000345037225531,0.5464070742121321,24.65175607701024,74.8243142408416,24.765405404676535
78.16209957678919,611.8833748193983,1.5385763645703598,0.2497441792293552,42.33915135844146,62.78106633199708,-6.467060366280688
5.59093109515121,2275.9328640735503,7.464321248668273,0.34327548906444827,30.03698872251967,90.06095602978289,4.234284289972226
48.413520719093086,776.6679596948379,4.978122959832903,0.8520484158046929,34.09165160164294,53.96672362064318,23.418167364272108
40.47993526764621,875.168202695565,5.704750146340367,0.5592181317684581,49.67507801978541,48.66617608717408,5.515506577174465
23.87916389001207,1249.3605330300616,6.858009210367201,0.5147421937567799,11.616777296200908,98.94061582413899,-7.507656294277284
15.188556223363038,1615.8412017509766,7.238016320119665,0.09957971354002892,31.197278738069418,93.77950390910584,31.59352046754819
33.69728956930838,992.923809470728,6.239852764774607,0.01602815645512312,23.016069502869918,32.029492149928586,5.516500356728152
85.14732483256412,601.9717633198725,0.6344545397885156,0.9636851886870491,1.9725976461345718,83.95100307145961,-6.844738757066079
32.472249221764194,1018.5261552448428,6.327386879151921,0.37698616728684164,0.7235320751432517,37.72343416776421,-6.26059177485674
49.09720284818612,769.7026281667358,4.910832849991508,0.6032130620995043,5.961428890892933,31.923963638055966,2.587939939437682
64.75661150609011,657.1166852417064,3.198482772572337,0.07971507318728499,32.454587026927406,49.15868611764442,-1.0992026389236873
35.90851620223999,950.3482066068095,6.074658566940596,0.6831142857230466,28.35815439566961,48.8542115342773,28.715005889007543
87.60147703128166,600.4807792727061,0.3138742295166202,0.9325667087059609,27.671478058186374,87.35231336428753,6.084202333351723
86.80802007007945,600.8518951329161,0.41761309555649095,0.5756652529974197,1.5928381264130043,79.74670721599847,30.23478925199163
26.401495145155952,1170.9077397350502,6.717751178159628,0.12611532237541057,23.465149818000352,98.712659913241,-1.3077001088423597
47.266123000852765,788.8439357268317,5.089455605322134,0.5817215274734767,46.231140892126426,79.80590302182729,14.64395897720419
30.57465633442542,1061.3210983009644,6.457253304670312,0.7663472131046524,19.87959346553233,59.277888727923354,24.40185667765644
29.211442022084746,1094.6296305619026,6.546184753669939,0.40641653657401866,31.246123489422818,78.92493626616519,22.59954269329274
8.135390525135287,2067.94126927759,7.424523276149474,0.8798377479414679,38.990933781157175,99.96213470304815,20.056470496513437
56.81296838829123,704.1978672483156,4.105303615009235,0.6486829533573645,39.19626395709438,79.70993177937697,36.24108009655849
47.72771697445322,783.870779057549,5.04490977308924,0.8992489182892025,25.96400411976357,83.31769491862228,1.4262573853372178
9.375693856249095,1975.819107998542,7.399810195019664,0.6235053112473372,42.89759727011682,95.68555106331816,14.685960223105269
28.684949460111973,1108.1114410179598,6.579542094440026,0.13128797200482423,19.568904668187347,37.95558829181783,34.199627503620434
82.20260030716557,605.1114325678936,1.017529562041751,0.3096917111051891,44.434660739239916,79.33490054134089,-6.105311720242148
25.362760706692654,1201.9833274731477,6.777104157722741,0.20179494825245692,12.011358319777266,89.55641705772143,-7.205586587346238
17.31606412775396,1509.755196110262,7.160080398098556,0.9088264977168623,14.010820349528553,96.80650201546251,1.6651143779145698
46.603484623592855,796.1641064150699,5.15282490452143,0.7604000672874827,2.656031209950055,44.76785027981896,21.651060976900926
88.78028859940106,600.1242717310697,0.15964779019998449,0.676398368910006,39.779091827114144,65.27503054069709,2.9939813224903453
25.574698078477535,1195.5074006984782,6.765174362440809,0.3009663196316217,20.85276181163528,77.63883933511373,-0.48800580956005213
62.13152152949968,670.7356220381889,3.5058265189101108,0.18404477205021352,11.455830695569952,47.32274106509362,12.940115767914605
69.73766730294099,635.8705437465051,2.5973924336184795,0.7564510879889118,11.589513880828983,72.03310042751917,20.679903438470575
25.199191239353972,1207.0299513173695,6.786247968591388,0.47415794587907967,45.069997061461656,48.03051477485995,2.4278853508370197
66.89838963200806,647.2770310092073,2.9427222686797085,0.22578955215062912,41.69583002305185,53.34199143721531,5.034559336187103
36.261566281136524,943.9542252238853,6.047439152566345,0.6166219781652751,27.676544267859164,60.906308755760556,20.677965240575695
58.74599560045426,691.0632914735779,3.8912475498528183,0.040333852138451975,30.805540020786054,67.04330691225968,37.286921099472636
58.85002541467605,690.3891546383111,3.8795998985360667,0.3261702541282535,23.71627852751455,61.455611013760546,23.73708637190441
50.54084814635447,755.6717863667363,4.766459555794806,0.46855699459113465,19.583327143940444,64.52368638515505,29.145207179227995
12.674630454624705,1757.9463701210175,7.317238442071969,0.14795833410940584,45.77384406091657,50.901212940180486,8.34050473777344
76.00071212508523,616.7207406850002,1.8143237688436589,0.9846544775908396,6.280635176015103,41.127556581584145,3.6127179692233042
32.26630552259755,1022.9811884955543,6.341819465566284,0.20909736458961425,20.9223394858114,33.31449841287876,12.713387160131127
20.85407338398761,1358.1559521720724,7.008675936636528,0.13035313004326554,17.228095399393766,43.71851057441674,30.356641435583683
8.465887032154933,2042.8187953835518,7.418277685222629,0.2035348738868964,24.90753601255742,70.73605490540481,12.814982089527792
55.22590017100055,715.8843099469286,4.27756735815218,0.7690611331597242,22.881593727258753,85.02808134621927,32.33627043949305
62.592970756594006,668.2116902411408,3.452315261752743,0.4255056592718428,25.94447658255407,41.84733182100262,39.43859903475635
6.409965458867773,2206.110002041206,7.453113872475653,0.565415939752538,6.995948861349705,37.59887504408539,-6.398666713483183
48.527909955438886,775.4877779656008,4.966913533817519,0.021009156986360744,25.657075075663855,82.45032523844752,-7.7294921958148155
24.252140891824727,1237.1042345201008,6.83810022134706,0.034431308573314556,12.120940694360543,51.36108313761028,-2.5205148543319087
59.83968718480324,684.1370864764667,3.7681587525743194,0.44582554982701617,9.216567449409563,96.60496074591467,9.21848378671731
19.82114646542427,1399.4842451110999,7.055667637694758,0.8166552432016235,3.241710939309561,80.00225794272612,-3.4478895427283796
63.72970773870961,662.2331935094962,3.3195472874794096,0.8852388787075652,38.132627937807044,52.87292330701216,33.5332238809378
37.87250443554568,916.0858867176194,5.920340866041493,0.08670656759564022,21.372096042827998,50.26799234555935,-8.84268744864681
84.62204904262244,602.4231384535933,0.7029388938819758,0.5383631021010228,31.33218416558792,66.65888703899164,5.789635816791126
16.689280252409425,1539.7526389619534,7.184071813244483,0.9132296862792705,36.379667165237166,35.54012677947466,-0.7652685252897324
33.99063983927198,987.013902639339,6.218466857917486,0.38797275439788637,33.965833265677674,38.23735588517093,36.57696650787662
14.64524930545007,1644.9439606285139,7.256323478288766,0.8295658314283686,23.525035954484114,42.31005169213348,23.4740502445014
83.59895755367783,603.437256820016,0.8361525969093133,0.1336956543994362,19.394926447586492,84.23065153131921,35.60151282256872
79.57384503738339,609.1865213571382,1.3572608788273444,0.9353944896677987,18.797995482033187,65.97001514883857,38.61643551551967
26.925038355788228,1155.8605668427008,6.686997972744418,0.7514233175313026,32.00243984650282,30.739698594211006,14.85491218386846
61.09864391290522,676.5939006467352,3.624773278318518,0.9413343927869017,24.73971774709367,77.14615692304763,1.7159554024013133
74.46388701710335,620.6963796272239,2.008842675238282,0.6766172335525065,42.45661239942553,59.65831250623479,-0.31356069017053656
52.1920689859543,740.6897621611324,4.5976231714600315,0.363403931999427,43.735099216335605,65.75966554746586,1.1459430842920266
50.02029916026055,760.6275909379019,4.818871272180501,0.9381811725247224,8.528018900325923,44.98813703890549,25.429665381100143
25.557444726538392,1196.0319515768952,6.766149003898495,0.2755667763091785,6.811682577286282,68.62475598758726,-7.9777135938499635
12.913735263501433,1743.5890603965572,7.310307355658074,0.33217252206173253,31.520046301799976,98.5407267826042,-7.4319463483642565
81.26333942603277,606.4278463872333,1.1391995610125885,0.7008084180017403,15.06128740311397,35.1411283704033,20.4071471191575
81.53553485888308,606.0304949168712,1.1039699611466958,0.7653162995253863,0.928535938254943,49.874217976510145,22.10285733687033
58.81362386822777,690.6246738996306,3.8836770379166246,0.9294034838491538,44.432133468147754,47.00983150025809,23.263146216123005
33.81753223913955,990.4913091850276,6.231106548977846,0.2048024090562095,11.345038362190413,47.398451752582574,8.594025229429562
34.68281384207617,973.3936667538742,6.167360717294106,0.797998035219224,46.46403258429046,56.50944502957641,30.297244435707654
66.70623270397034,648.1152347268335,2.9658419288866527,0.7385460533969634,35.87172254391268,87.26768493209173,16.68122938633088
81.25437209596905,606.4411578690451,1.1403597478568397,0.06379455625359787,38.132674495574214,93.90010829750712,-4.726718499529028
80.40234606253497,607.770506265444,1.250462801055786,0.38722314121020696,10.07307478965802,44.15505612212813,29.854965353367263
71.28942139789802,630.3813270572082,2.405909024360209,0.2827654570600986,11.709721280840647,68.00649565636789,37.653389313522915
59.57268992311446,685.7953589431145,3.798336183132485,0.3044904243540304,26.06338769120329,74.58292805158362,-6.998184349882067
12.151897024579151,1789.981471757651,7.3319472648830875,0.9829468795547008,8.604992632493108,66.52792320546914,9.567566935028996
18.73844069804217,1445.327635181114,7.102462199653131,0.6427774134799279,15.271584634151614,60.385347593784374,14.375802241737382
81.37710602480173,606.2601908390634,1.1244781055252373,0.7176761577934996,16.073123897390225,43.43828541014665,-2.6764619960841527
56.546470071065144,706.1018020060183,4.134453569740464,0.9766176373150092,7.981496662638205,64.17535514394669,33.385447389143856
5.78174938741352,2259.416833278052,7.4618463611253745,0.3772017824576387,10.259141669758037,58.085037939793025,4.2074822445022
13.625081143612729,1701.9484107208589,7.28893480755452,0.8018401684528059,39.42759210041283,85.68943537515888,29.150426996908003
61.39765037418474,674.8679074060283,3.590458968632868,0.43453096330449537,8.359792727363418,83.45230514140965,23.549724101415798
5.430234626928589,2289.9598382038125,7.466341242154436,0.8695336718149798,1.4228695921961243,39.37990768439695,19.902291123351173
18.668684370487384,1448.3735843009067,7.105390280730232,0.18065754131130318,31.46774713144692,36.19633367941473,-0.3928575651722799
51.64237209615982,745.5555560471066,4.654260327181605,0.9476861770642796,48.7991559696225,93.5707760259252,1.035176027545285
63.811091803878924,661.8179770238148,3.3099910921497915,0.21877170841087967,16.56069073115607,67.48558722751484,-7.632579762671535
60.41670705772105,680.6238265014499,3.702662301073537,0.3262205069809315,5.932785159812615,90.04606560978135,2.0356214891133178
24.06289130414758,1243.2933474240263,6.848238365315955,0.7561922341067805,28.51936626837654,34.07057843964808,7.272180473025706
65.53523381454055,653.4118110029722,3.1060019037944913,0.3937551415654067,45.31771055478231,66.85609315651412,31.65726519312127
25.166172437228006,1208.0538635029684,6.78808706883751,0.6082113767664467,39.20308899142394,67.75985602033654,8.319633335740264
32.65897434353776,1014.5251681245845,6.3142304697744285,0.4445735010694285,31.1257934206358,90.2491422779505,27.731089138280325
68.45176943503205,640.8128813162293,2.7546322926741476,0.7423699370897818,15.75282483037997,36.83269987607952,11.972114064774377
60.218796419013245,681.8180495026672,3.7251694175724954,0.22833125236861085,27.094008663810996,46.831189457313656,29.243415599694423
77.18398989200513,613.9649769575481,1.663657305533969,0.05845798723687701,4.562242065212768,58.45768197209092,38.81358002185199
60.897095845529186,677.7713462779666,3.6478475155623253,0.29992939747306624,33.9472712140335,90.60890327939595,1.9920779028790054
53.30623128351509,731.1860553538518,4.481534588981095,0.47430866486843026,36.25480094488254,95.7218320549397,33.11708059819381
12.96235526538786,1740.6920562229054,7.308882396259369,0.16802005219267857,48.25158114549594,99.49072337155395,21.091204315288735
36.25584326005185,944.0570277854699,6.047882219066396,0.3547972896563887,13.019867937253583,97.1435440520965,30.86471307943274
27.54220125294666,1138.630044191752,6.6500286846596275,0.3999830182935685,0.9228209521511321,30.415922909104808,22.57929511339026
25.739119687222104,1190.5318194798497,6.755855422915927,0.05739184368827355,27.28042322135753,33.33958390177104,11.197475363707508
87.70589715395788,600.4398056290956,0.30021712862846334,0.5833072481842045,35.33952521984072,40.33247734103121,1.4037469720895182
38.41330659667464,907.1897569615439,5.876618837955008,0.8843434279712875,39.5203737941494,54.42034677391912,-6.498238733441749
80.82395719005463,607.0967014307562,1.1960131546407098,0.15174291295305242,9.68694665124053,88.0942621690871,16.77591822303585
58.64678320976735,691.7092554663923,3.9023438703653572,0.597808013401514,13.087643451851182,92.48593367348363,39.51630472634328
72.55896080104012,626.264319657942,2.24793156293233,0.6647392049108463,25.629546263364816,43.07840844062081,26.90209025071031
47.72415291394133,783.9087879959798,5.045254978549858,0.41933468041928834,16.530040498500092,73.37649061337962,6.3672770699508305
54.036830193240526,725.2063667048533,4.404488161386595,0.70109758736427,43.025574329372255,94.21533895456936,31.36024000433676
46.864003974603435,793.2603557600651,5.127992719838297,0.41073154349101204,23.688007686936015,62.461221515192456,28.449200008820327
21.595653962833783,1329.8557684240063,6.973533048294111,0.5046372879774349,39.97893220510015,37.24805003669488,4.08178966767284
66.40842979722795,649.4313709853859,3.0016065440102624,0.00735304455442698,29.030988024117686,62.04695550592375,-9.284625510288265
28.865650807472743,1103.4441567442564,6.568155754430118,0.6917201141346888,38.6545070808556,56.30564316016401,-4.09186807330252
7.066857146673576,2152.0999959171563,7.443024520289175,0.6613426789447244,16.633649326516192,70.43605972462049,33.86530951560288
59.865145152109264,683.9800563707731,3.765277076249434,0.03840087732634456,41.57083109651556,60.70610790849726,31.82815176524359
20.05440774959916,1389.9509979982145,7.045255625686991,0.3682501073951331,13.728615777551079,31.214214879760256,4.760450043918121
84.93897966999772,602.1451883506043,0.661624845904135,0.9790318407916674,27.30494040016454,99.57984133895698,4.25977131422102
86.08392904521993,601.2829455255023,0.512213471413139,0.4207365625686168,10.700355658693711,68.04781664113997,29.643249355123558
82.76347316873813,604.3985204583951,0.9447427090424072,0.5019454051318417,23.77632608130967,63.15415288392267,36.8868734947711
36.46348952171277,940.3447311648852,6.031768013652646,0.9099301581597186,15.908760475435157,96.82321600528378,28.956862839879996
6.313812404953731,2214.163470706819,7.454508545320287,0.7172618758657564,13.335171531860713,40.910225731095395,20.278933851538074
83.90707781995665,603.1130131555947,0.7960592902841442,0.5820701311242236,48.349250901401874,43.246632178167374,2.133567516590226
41.395652606971716,861.9205400542069,5.626209340374885,0.7978046813410725,8.00370527433653,86.56103243439485,16.287395704763032
87.16565961871191,600.6715352861838,0.37086298620608654,0.8643662664559733,39.366291872869766,48.258175601750615,1.6755929296632317
86.9076980525865,600.7994664869238,0.40458489555825944,0.45688807173726687,49.20824797416075,85.9458974404069,30.40057100483868
77.5058037147256,613.2606395933426,1.6225553997577005,0.4751083649318354,0.9950741870038915,49.00734380359518,9.348053975886863
30.028155825914784,1074.4043331099388,6.493346949713044,0.3860509356518358,34.951370702104754,32.32313411575011,31.68486084970131
37.733306931163646,918.4120577140629,5.931509318125007,0.9667061400184606,12.645590277814357,66.19103067207013,9.080460899136263
77.34661707893284,613.6066481121024,1.6428931183492594,0.6971662542903504,2.0243912164152222,43.7680503888803,31.207470259994565
31.938370438283602,1030.1679036448636,6.364632053670381,0.0832230662080723,20.14447894783154,83.04924050527298,6.665890758262098
19.40688346831786,1416.711114825221,7.073870591795182,0.8629596233130185,46.76089050854375,74.88397432625037,12.006635230883493
52.328107308959765,739.503872827805,4.583541149837059,0.4805599408362681,0.5882547183498843,94.65218675845425,20.774420967132876
84.57315580366638,602.4675392032714,0.7093105745776324,0.06875390642248747,29.394284596489083,84.8091850086015,-6.485619298504066
64.1625327173727,660.0442848672592,3.2686481206949822,0.549717255163311,25.069823929766216,42.654316838850875,37.41035309077322
53.455199457596024,729.9508667723812,4.465883656303444,0.4171642789757021,43.66920821855238,86.01107656653573,18.68028930619016
13.260001970515326,1723.1206482842351,7.300044245490409,0.8777494048626249,4.200085726031283,74.92159313698163,15.391000734540114
57.275614269429425,700.9471742764144,4.0544882101838455,0.20399460360938737,34.07630149433252,76.82661492324374,31.969698555995606
89.15457725886237,600.0596993818444,0.11066156235002811,0.8264646094921829,34.005484921663864,88.25840201791041,33.28813649484138
16.907141295104545,1529.2106652439206,7.1758300782172775,0.5576886911854527,33.45400084311416,70.16768484322581,16.1130202264508
49.058020450917624,770.0961279103549,4.914708282512698,0.05461030321346905,47.11672474675185,62.6202460047109,36.36311628968187
79.57671111387621,609.1814117181384,1.356891903015324,0.9718453013254846,41.154376450344024,74.56487247511096,-6.763111696175969
67.96533250910738,642.7781059420131,2.813756462978245,0.5126152441031999,2.0986363121753007,50.857020027085134,-4.338710387439123
64.24633798459777,659.6259394619774,3.2587711796090097,0.2908768542315825,23.554142535225658,42.78179917609695,19.839411500722008
64.7111471389043,657.3376227574963,3.2038647163073817,0.4694068419892581,19.897652810066674,73.16114866498725,7.703293089679185
35.55674785367919,956.8257700822091,6.101549771334939,0.857857783517489,15.507361054540103,46.36938583598344,13.211258309459943
29.955306762481936,1076.175226332553,6.4981137175813615,0.3049031243850635,22.566836257704864,35.59405765426247,6.403960894858326
73.79569821567365,622.5675946962701,2.092974032932679,0.19267639648670032,19.20970924629887,30.038792920967772,10.23626557224678
73.85963854773037,622.3847414683169,2.0849354694813713,0.12907124693088146,21.616694993933265,72.5823580980047,31.132317357314975
78.70114707930881,610.8110616936119,1.46944883994817,0.29785939839021125,48.963093280432126,55.350414843616576,19.673809992715235
82.62544696730006,604.5689093427372,0.9626636222994484,0.7800480870400435,4.431648737479038,82.66176794714193,39.86722746417491
48.46410390317971,776.1453407219624,4.973168570290318,0.4716263651952617,46.11154349193649,56.26234788191717,29.343959891048144
47.628885048411966,784.9270084091258,5.054475132196335,0.22748160369353998,24.011835673551335,64.02024137667587,3.683312705091332
72.8550902121759,625.3512679705227,2.2109205600915627,0.1661849996097492,31.187112274977057,58.49594809707695,3.2172558863348115
60.24693411611004,681.6475791218272,3.721972200616769,0.3327294765103791,41.50914833088469,75.54023537765423,6.7949135058503565
64.66718456690478,657.5517497912424,3.2090669633442324,0.9399243728857088,18.023151457462777,54.92974134104777,32.16297403238713
72.64237690206859,626.0053326604702,2.2375120399996553,0.3430267125900244,21.521095404398345,97.46373549596163,-8.63561746747172
80.65045405449314,607.3701842034498,1.2184285055193456,0.9881240759546354,20.475924013935696,95.53028906189711,1.5090639435628859
33.729588332380544,992.2690280809429,6.237506114090319,0.4852304557653562,18.736551126787994,89.36195318600969,35.24592101721335
36.924550974395245,932.230121681444,5.995704808600182,0.17916391829015088,46.27646608234475,94.42101894009237,21.994821804162598
12.988464886473865,1739.13943818892,7.308115001018972,0.8911400917935094,41.4464945596506,61.43977819215737,1.3423547750528204
54.15381198467479,724.2669801374468,4.392084825838573,0.4603553731348269,5.449999493148805,67.55012777526446,0.957248411629017
8.055093272723077,2074.109080108385,7.426003408612322,0.7096713435045244,5.4061676238548015,81.94648147907711,33.13090508797153
44.57583154125911,819.9560385151608,5.342416231961048,0.9837115832091518,21.39347574264956,78.73021474569788,34.687875413852325
51.12479395014401,750.2472085896916,4.707196687395938,0.050175350319974,4.932868836640453,92.34750169238296,2.8065545481057637
29.356006430904173,1090.9894469517876,6.536928646381159,0.09669455978756714,30.954654763555983,80.14317190796868,11.025517903826614
55.22082714836591,715.923029556242,4.278112802617716,0.7204567414627562,7.184580363086695,99.85192957599224,31.72978693141586
7.592521244819201,2110.1327138273064,7.434245963166099,0.281825003295472,26.11866319834005,54.39540598821137,28.550371930494272
8.174596043683225,2064.9389357146065,7.423795296116507,0.18430139695009906,0.36099735018588763,88.30984195675926,30.695805328304225
74.92104765607095,619.4662899498917,1.951123678764837,0.039361879819729495,15.829817420632336,78.83443759828648,15.91990953939844
35.61620451995735,955.723342771742,6.097020684113389,0.021846711986201806,33.85953618363277,78.3970511650513,35.577452415258655
15.800143575410207,1584.0864480982957,7.216629834218215,0.7744856031197909,24.20194701139242,52.80849163914992,6.297577197721765
49.39067710465837,766.7770101025344,4.881733152358004,0.13443342736955,48.91347429994941,84.99212546961158,-2.1663932826240986
70.44945201338192,633.2892174607896,2.509787660165916,0.4677206159711509,43.70518980331054,93.02632156433194,25.436616628243236
23.34478733723167,1267.341636151316,6.886026811462881,0.605896815179483,17.95353895215756,45.29839230643941,16.967720800344818
57.945690444615025,696.359678256129,3.980421557655857,0.42835180056884625,2.2743270736137298,73.78477859816928,32.72928844047405
12.25453452447028,1783.6206742839747,7.329107333668944,0.027106652336233106,42.28131500575094,57.44943803719426,-5.942037543764252
9.392946299331655,1974.5787484864313,7.399441959292454,0.7835015025879088,45.56171551573357,99.2683683506414,32.18462017190334
50.16514368329258,759.2370903007295,4.80432729031125,0.010513224541653488,41.03136967095184,63.51829710821771,4.664732660441111
50.953985336859056,751.8193894129527,4.724582397649828,0.761889894377484,6.397497045988243,45.98241216578599,22.74278335840915
59.181541627347556,688.2625212309667,3.8423967020980068,0.8933044937881227,49.895756720614386,56.730033765528276,-7.993560546087211
66.71776336642623,648.0646937351485,2.9644555374992367,0.4328399210571723,12.92921107763869,75.76868728716383,20.479064815180035
87.94742675431544,600.3520328259938,0.26862374366308805,0.5355424730977982,36.210245640418506,35.32625599447034,25.8635844593668
48.885529605601604,771.8365812935444,4.931741563521129,0.47698339261765377,45.40174381678608,72.25213441548664,8.437510725281015
32.4513002000059,1018.9772978850224,6.328858729857801,0.3892086186234388,11.784355716535472,95.18573314252286,0.7705352631070124
72.59082655533982,626.1652179800967,2.243951766003756,0.8874245353703603,45.4129277338533,89.52539513604953,16.88153383017725
28.020741357276307,1125.6357048984537,6.620831879751225,0.8939335106699905,15.474078959743348,34.73714756605884,31.65954022178233
42.31257075997907,849.1968293092132,5.546125630933919,0.3358163646415345,48.82066111920281,99.53729151173476,6.177367914832541
11.668792414092607,1820.3929071620396,7.344998389187937,0.615069754014698,14.06300101902373,78.91088465927155,2.623464876063977
7.154813190313888,2145.000822478516,7.441599284240713,0.9269075621458641,47.67179123789176,41.35965770198166,3.9467654318843834
86.82511524762363,600.8427847373323,0.4153787952155375,0.9620584989413515,2.6772325446337453,30.869126241859643,37.45660764583322
76.05831024353749,616.5805071699306,1.8070072122021603,0.5089590404220475,35.46360058349065,41.98978454045059,7.963845788227985
64.15780751796433,660.0679251834445,3.269204805030271,0.4528248052843268,26.605556691850186,88.6723144480017,-9.819788005585641
39.76100027521294,885.9644565070248,5.76539288517998,0.2786943159285258,23.89385385613653,31.514752746161463,29.084060397980984
19.73001720602189,1403.2410795228993,7.059703587918257,0.95887187319041,11.174715712791999,46.320311253266055,24.963739766769507
18.29714862704231,1464.7908263504999,7.120808269248844,0.14281430447286736,35.2797894888246,83.01139167344128,-3.5715867698515558
26.270646343990602,1174.7317506884156,6.725349795338791,0.579829576047725,9.540474572315356,71.02773751286946,39.24521245674563
51.68426650002024,745.1805069137645,4.649958818229855,0.2825502675186389,27.642089799238413,84.79149972521343,20.40311426525556
65.7406534295053,652.4589797266672,3.0815068609329233,0.2790082903477966,12.66226815201254,82.23053526787515,15.038974547030072
61.11677702100716,676.488522347774,3.6226951053512413,0.40496858737618846,47.781068989067805,33.542097098526334,9.11096338114455
28.79438124040514,1105.2799129882746,6.572654395619727,0.9987929358156545,1.4315596917826412,92.47579933659061,34.9336377781819
86.16354885637149,601.2312252523398,0.5018151054631014,0.054966306839822066,9.986414005561828,45.89222839975881,2.1981740709281645
67.72123791914032,643.7843822490531,2.8433488836594507,0.5785418182035315,12.115530319372386,68.73747081608346,4.288445010995094
52.12009446346906,741.3201029606789,4.605063142927214,0.08257215803527718,20.703391288390822,75.10017095694451,-3.8794596656716553
56.99626342991994,702.9017429105907,4.085202961018619,0.15452082999051897,11.636512093502677,41.80397476195668,27.955954779213002
40.666005306362145,872.4313581970991,5.688908289916834,0.4395629417728987,24.567454513439262,98.3361879690682,19.777464020292665
26.057134107598383,1181.0268517103705,6.737673489865666,0.5104601313464413,43.62327616292695,64.17091692611163,20.453308462724916
35.25767768535724,962.4183350833268,6.124231573963465,0.258792408364524,35.60317107045854,34.03498869181754,0.9235215509731809
69.41691938947137,637.0694290260071,2.6367391167978065,0.3164571308744162,28.998099026755554,95.60834313444883,22.558419456354194
6.223446533529248,2221.7668637598917,7.455800139917066,0.08696702025593306,4.450158899133982,71.03874902352877,28.272922362343195
14.86617444308788,1633.0068319175928,7.248957852811712,0.3032197838442505,34.69960541946378,78.94352385869635,7.894426536284463
8.910224571848984,2009.7050007062362,7.4094918119411926,0.9665584393805441,8.320714215546992,66.76230529539569,30.06735719808561
8.461948197112461,2043.115716448206,7.41835357347093,0.9447073816724817,39.318369298084896,88.43165683438772,7.439529426601048
77.71414964093562,612.8148428543927,1.5959181805043339,0.334878290136985,12.50283792550766,32.31934235352476,27.906923075464384
64.81091804730201,656.853449554741,3.1920514779494185,0.5708539362787616,20.852436416045045,48.78648556940034,-8.31349462711405
45.30477547242264,811.1536157605306,5.275015926404355,0.9095953911109443,17.523510115896396,62.875384948188454,17.558230073682633
13.315903655335125,1719.851721793777,7.298362350888408,0.0061838226408966745,42.94069573374284,35.362253141959705,38.47632803199433
46.78734938493075,794.1112526941843,5.135310313394534,0.8106835703375919,6.327222935670407,79.41346685286608,39.06223003411954
45.24510051634808,811.8634851323377,5.2805658850495565,0.948369552788919,28.28224411923943,57.55643898389485,4.087628917087031
19.722158942351292,1403.5658981334,7.060050779953252,0.09132573433355706,7.103080472153112,49.08675931877008,12.069954554017773
41.87739018522771,855.1697120371473,5.584312691177792,0.16144768603292103,35.23979180660933,30.236519276588858,-6.851104600668347
38.87290242377674,899.8026803472594,5.839050386516158,0.9607463027713554,45.25390638972406,80.38812182249676,33.667065380229985
57.3472583344384,700.4499116161296,4.0465953547962545,0.5375401436403463,21.73038269336267,88.36665162110032,18.42860765701071
58.98296032374972,689.5324443586105,3.8646972926991925,0.014196634471723701,24.404613013248795,57.652837497704894,9.25503394702585
8.850840830623785,2014.086907285544,7.410691814832854,0.25763199876352916,46.371141824138114,69.49525839233559,-4.361472075542347
36.84207224325006,933.66888444705,6.002184694370538,0.4499436742688596,26.049569432467855,45.93806381507189,37.33836427484446
58.19809283571009,694.6680612388427,3.952380637385188,0.6929089110247677,24.379921902478046,73.55383523960931,16.510952391049685
47.76658197930745,783.4566938084308,5.041144144882668,0.7331603781367996,28.91645513521521,30.849622082064037,4.146396454145194
77.8016365010074,612.630029757388,1.5847265931982433,0.9954215129254561,34.4614868181476,64.2050727969131,7.5107565065754756
60.98895868761033,677.2332756498572,3.6373361760465617,0.287511199383759,5.3441687543515695,75.09438372884846,3.5348590461073837
18.849426301921525,1440.5048641805843,7.097781786491397,0.5382201018684752,41.0555263870758,94.27342412608138,20.09049044284903
10.998343529036536,1863.9118032098625,7.362245246189376,0.533323547859605,21.775251372662964,56.6935071985599,36.498178789025495
59.60563864753683,685.5895932798312,3.794616593575277,0.4056452594472375,3.6174254948742766,83.56331420867208,32.83469016632822
7.253461396037855,2137.0756221589286,7.439979928812975,0.1691618938424202,39.309133459910655,71.83809209604505,13.019043771298875
54.79092440824438,719.2366624033984,4.324213078785228,0.9774565631838426,18.847498584313605,94.89084790475565,31.32496811505039
84.9195705211214,602.1617195914523,0.664155554331832,0.8533171866665861,5.018374754752697,57.88643729616014,11.155274063816492
53.91530511944971,726.1874749192757,4.417353766932548,0.4983330282942372,31.688951977162528,52.33667379110916,2.6153570379319007
37.99444372755436,914.0604559646586,5.91052840369328,0.6032454226840298,44.006567671682085,92.09993990859007,39.170755763321395
59.67949856760002,685.1294911729983,3.786273971586531,0.2272610535596623,44.387675470699314,33.44710809858024,5.194378398541092
43.951495691778916,827.7272606178085,5.399457093095463,0.5437870703917469,47.88317374044866,39.546977505357376,6.186211549345419
51.37742709185447,747.9436803969074,4.681405838480715,0.6949701331214758,43.3852729883344,35.76831042088311,39.48464338932611
85.02450874600464,602.0731031720161,0.6504720316733092,0.5151670283865888,0.10704596727376114,89.01769696034819,-3.3036253417172556
37.81872421306581,916.9828392434515,5.92466004503092,0.9902851705849413,19.01205832066951,30.742519635922356,28.026699400484752
86.7011979250327,600.9099360027421,0.4315736540987628,0.6113416562477262,40.927128995275154,90.31600088479337,36.79063792413633
81.95480456626542,605.4437862670429,1.0496564255270937,0.37097371259216905,18.31265029992371,61.588745675988676,15.589749713770932
21.6422464570902,1328.1146197987528,6.971286002195909,0.7721520276158381,30.077425318985306,30.281769519777953,-9.873911914858999
10.895710574389064,1870.711054643922,7.3647964987449175,0.17046251158164205,30.3158473687266,58.115162404842934,8.752947205655314
13.566130117081265,1705.339124984794,7.29074874662644,0.38451581370626653,18.251265201941152,43.07605887315249,-4.421550380758646
6.548855180381727,2194.5439519979113,7.4510622596178875,0.34695895037758584,45.22369636406438,73.70803412305142,10.809383046684786
13.027651664253913,1736.8132581855286,7.30696040330239,0.43180709510777726,25.16141726930588,77.55511529451526,29.501338082114238
63.05557574039033,665.7380693603527,3.3984452107809973,0.7817798259287263,23.23921029687504,64.12692992835,11.935577444190024
11.051035119119465,1860.435372089518,7.360926259476455,0.48417303216340746,49.87568728309479,32.8363667807769,11.596256067296128
32.112928574969715,1026.3281749180574,6.352514938098386,0.7940144502659627,24.675018203630835,75.92901630570412,17.83947384594233
76.81440143240364,614.7975852656282,1.7107961362043125,0.5764889031398659,8.919912596429052,88.94271485238649,19.08452923738401
6.978114537545199,2159.294228963321,7.444444725576948,0.34206943465755535,25.653471143171902,80.4226994128481,32.81481543994857
74.22982102005955,621.3419137211331,2.0383454983993077,0.8099787436834724,40.7008367759965,88.0970543268723,5.417771961447574
28.957655855738995,1101.0839636395503,6.562333231887959,0.23828967055309158,38.84301634491407,44.03566664856212,31.083563218400798
15.044010347840782,1623.500793331843,7.2429505188789545,0.2243829797997955,39.42908825542355,92.22215577595378,18.29668743460236
64.2226590559528,659.7439624279104,3.261562587462417,0.5045029240548358,35.40118919989559,52.55354154535739,5.026477485857349
58.46014197629014,692.932556625321,3.9231868542443067,0.2608492459620889,12.71089145333441,30.93833699763937,4.756302200303855
79.5851211497995,609.1664268042396,1.3558091838334712,0.009087034951216322,43.10420429201157,89.03741524303496,8.056875855286226
67.4810387233303,644.7878419632061,2.872418677914457,0.6482975272988015,44.67217326881325,95.92748882753087,21.134662130998773
73.29587908271213,624.0248307811516,2.1557205684324012,0.511093821472398,9.707634830927454,75.88907381921442,1.5405865679974582
28.972938668561053,1100.6929670736781,6.561364422646185,0.4455178144931612,6.522781827569696,46.20056413243972,36.01667808361337
20.08236122127644,1388.8165140487285,7.044000036497632,0.9669685146183153,48.780248429455604,47.62211249977713,18.745629208895018
68.80225388947295,639.4297012415418,2.711909206817045,0.5711991839629137,43.41619818251839,62.661501140493364,36.00078884980034
73.58095283771745,623.1876221517441,2.1199526358268095,0.8634315777893845,44.661807360497335,92.84817557209936,-7.679782071042265
89.19293707005723,600.0544043735144,0.10564079699316538,0.13945023620516017,44.318819231219756,40.471835930329085,7.13056852307367
40.07250253747125,881.2429397685082,5.739228310789758,0.5692064631294277,27.084341201686417,87.81815687084409,-8.859616965618846
36.62153729238657,937.5433277809834,6.019449746523457,0.8679796267309029,32.320086833289984,50.39119660936052,3.6125907548984912
70.99510166306973,631.3833612925355,2.4423674073210746,0.583105757279898,27.268142606682083,86.60103186003685,33.10032361342941
33.96830092150652,987.461029719972,6.220101157296607,0.7180141781270015,2.5603174595164537,94.4189838321077,-8.169514207889957
84.114372676303,602.9040131335742,0.7690725887474481,0.3720435678122074,37.275154267638634,59.92457103960241,11.807354995787243
77.965083906656,612.2885185108798,1.5638080207218517,0.09244951703706661,25.266601666794013,55.55354578738716,-4.1216464763386105
41.46449232687656,860.9467851354966,5.62024664762998,0.4579002951270714,32.38545373951149,86.15549232799113,10.842032963018386
68.82404076227728,639.3446197156381,2.709250080683745,0.3944793908388575,25.131990248776763,67.06380176655759,31.942579213218863
69.136144297198,638.1372962593632,2.6711144822655126,0.8670601823789473,24.590566116122798,77.91143339242379,21.153551670125957
13.765528851054272,1693.913402551096,7.28458210672905,0.24399530235247224,8.589455473888341,73.59804658728257,26.837817266571157
81.71699706776317,605.7727981664957,1.0804698531192292,0.9667342275351081,13.935685757057447,40.70221919513574,7.455205772479047
47.94645165806786,781.5495729785816,5.023686400287131,0.9581381198044961,7.94263459719779,89.13532522026932,37.21988475050708
75.24888461915803,618.6090306101032,1.9096558027982853,0.2476316430714387,9.783314781267121,43.704257798919535,25.463104688975008
32.204216087602,1024.333094663888,6.346154642576979,0.3480519554773205,48.648869021015244,95.25975008495466,11.089940964226546
81.11947442217703,606.6431090284404,1.1578093270288357,0.895555740873885,7.655672288609922,47.53999039955035,11.323240011352745
38.08214269240386,912.6108389647338,5.903454709324766,0.9666222208961075,13.463521215260382,81.37166812916193,35.93420889716488
5.921200375825361,2247.442766777806,7.459985355781746,0.44343910283604404,29.529482886929248,49.92587754455144,18.82023467176959
81.95746799563742,605.4401571671897,1.0493112136461307,0.3209970456408978,30.508928811832092,52.244978601080476,25.318960495152083
12.759367526821352,1752.8371919924352,7.314796685442044,0.526094013251542,7.698706487191453,51.70012969476137,10.851761225658539
32.14165919518526,1025.6993139549159,6.350514921297282,0.6877692063657348,39.68587128926062,82.35245778182582,1.1846382382357064
85.75526719931842,601.5077648155166,0.5551260952673689,0.2734745153749798,39.26014339564125,68.97705825785752,26.17796459972093
85.80160748969227,601.474961273474,0.5490766234198758,0.7364731746190728,11.865885210194554,91.80667190932479,20.39118860706939
53.74222049047932,727.5941055114299,4.435643552945578,0.051657357114641034,14.433315133773023,51.51609034428314,15.067144021238967
58.70616303443294,691.3222803341296,3.895703991020223,0.04929449276441644,46.89939327297485,78.4394765439721,21.201046999723193
43.11786936815718,838.4493531093467,5.474618566203293,0.3862877051455452,41.2835722989739,82.70640197641774,0.41427930321168205
29.922915594335485,1076.964682654142,6.500229811142965,0.3534731920607206,34.88985165312619,40.60374791209707,29.696935326597817
32.936486356442856,1008.6453290152458,6.294553477462012,0.3156332153671523,4.1116610755300265,58.041255012386785,37.40814025101529
62.16406876654827,670.5557352392661,3.50205964152045,0.49101976266891,20.913204045128786,63.79722460452878,34.55515720838514
68.9518350022028,638.8476729286194,2.693644693653789,0.32073358231157123,27.96509360384135,54.8981172926062,6.071787265350856
72.28421871669713,627.1273027543984,2.2822158453124413,0.19225791846809193,9.370564399188847,52.54788171783967,10.300288664103793
72.11754213753709,627.6583314897098,2.302989416911653,0.3094695490886009,22.411329105411227,78.04939257983494,30.42011498987806
12.752518759138681,1753.2492743566033,7.314994631741815,0.974904272810235,30.0512938744345,45.1106478361642,19.75585654123019
47.025725899719426,791.4746761861543,5.112524342296447,0.4111134169948486,16.368834005769962,79.657352167579,17.39572218383246
9.892494601414764,1939.1417521137112,7.388488795267902,0.44471277685833577,39.04724094752436,95.45309374735113,36.332098376672256
51.70995499751752,744.9508829255992,4.647320021408768,0.57654498995114,42.022479081940276,69.56382648244258,16.80124804885254
42.53009261673704,846.255143544452,5.526918036467123,0.9833407684142266,16.18047347170354,72.80039657176319,15.746933979365494
80.45485553445548,607.684873290932,1.2436850120102811,0.241601276435763,41.932857724622856,34.82528914868624,-7.899070436682018
34.82777606692669,970.5976928839013,6.15654329961823,0.6812821105324338,5.178828305150751,90.51338325324798,-6.529152070493119
14.950696396346498,1628.4774155025395,7.246111388031745,0.7159846935417241,41.88645493113282,49.98134510399059,-9.62898460596749
17.15429297449105,1517.4005411346595,7.166354667813059,0.6073244167930659,7.637521583380829,73.05358158699954,35.662211289181684
69.72840369598514,635.9048564086961,2.598529963223095,0.08857833963664408,4.146357625486302,98.53785188213617,10.419333000885032
57.54853538188219,699.0616182079848,4.02438732667466,0.6768722758275765,32.08877022205056,71.68518204009655,13.428068806670627
13.595427470437171,1703.6526715536625,7.289848223725051,0.06409471103617548,23.596868287764718,80.72966412250642,32.2693473796231
12.149078519774783,1790.1566360645345,7.332024919702731,0.5961426495498969,45.39453002064164,61.172373275662636,20.462315518788895
64.5823761740252,657.9661800532476,3.219097300751765,0.7395811772217427,18.15945980454246,34.22560904605402,20.475079819529054
11.18485554095645,1851.6497157549827,7.357548459268135,0.21096989061995042,14.357613171881434,85.83195446428519,4.826721467740622
74.85810503968028,619.6332481396194,1.9590779801376974,0.841622007542774,25.03674530720992,32.449918888479,31.695418696225964
65.03058930830218,655.7960850360414,3.1660075363130016,0.030353805533004263,22.797309288433066,79.04604802214979,-1.70850119802531
11.91464635456148,1804.8186472658674,7.338421813138664,0.8438128636583061,17.221402310859414,31.604510120474586,-7.342520391352605
12.211205697241313,1786.3016612754327,7.330309091017073,0.4603290506427651,34.68706493491643,90.36136656036695,-0.419832124073384
88.86436417259992,600.1077276231999,0.14864464909577968,0.2175879399316445,37.97809169569541,41.03452250830864,3.386860938728235
36.81301763927023,934.1770394357495,6.004464387917826,0.133778144993968,42.649198451506834,65.99900468097857,4.115552892710337
36.50458250068573,939.6143554738005,6.028569632125176,0.9533071675823725,48.642830235517145,71.80054931382031,23.52567993093838
74.08796321688772,621.7383578124945,2.056209425243728,0.07266558758115671,13.332809606625224,62.028178516138844,0.8912293664321762
85.516129077628,601.6828174200073,0.5863384117530994,0.19909341993592566,35.80467412449808,53.8534442544221,23.83291522474923
88.81009042494402,600.1182722168087,0.1557476028403913,0.34782234743304596,19.712911774787262,62.74700073266802,-5.443391338310013
69.03714574701004,638.5179340489894,2.683219646480784,0.6202348489611205,33.85409859755541,51.799102771681106,-2.6398769451045485
36.982064770127835,931.2301308034898,5.991178922691142,0.5448010852760984,23.799084517461015,60.66856429566042,15.441072424549748
12.097560919386845,1793.3629934970852,7.333441194991638,0.12564349241231398,49.688655138396584,55.12390936986215,36.09479012883213
71.05748785383213,631.1694498028692,2.4346447685537074,0.2897279837382146,36.4451067895375,69.63433764550017,32.9783794405557
52.46436122754343,738.3232955458925,4.569410910249958,0.23875177108602408,47.62456502171622,46.65469135714884,38.43767212214016
41.05887078599299,866.7286011215501,5.65526316365676,0.21354285449034138,41.748477474059285,99.20595884398088,22.523953263908545
82.04012273305256,605.3281484285426,1.038597060843303,0.41114433647998705,45.145050558168556,65.06089673675159,23.7907433208046
14.451785996022863,1655.5147573998834,7.262684929687253,0.7040314525916569,40.72095986073375,43.591345419015674,21.251149946574603
46.87313386472303,793.1592037319533,5.127120551119943,0.21745293221723594,22.95795651879557,63.39467246970907,21.140946142909865
5.965059805230621,2243.693441196562,7.459390906048732,0.3666788797029814,12.58942266734422,90.64905906673769,-2.643982746620768
44.836154569500735,816.7794639138447,5.318444697306958,0.39091742684116226,18.51600877252611,31.52647551870769,17.186947808196432
9.785778432956175,1946.634800615339,7.390875872752336,0.9764565294354102,1.0118116319975223,77.56878833751021,9.303396672586288
15.099522882786113,1620.5520702551844,7.241061001021248,0.9546663568790689,26.19965837323336,68.35774577557495,12.126860788864672
14.989730976053915,1626.3925715132439,7.244791488500186,0.8001375827520759,25.252890013520435,41.869059605909484,16.180028652961866
60.182875679865404,682.03600291371,3.7292496967044886,0.24165892081918516,26.26252324152441,87.22335075134444,-3.58019140988742
68.41381473756098,640.9643104743091,2.7592527083143263,0.06803731409166969,48.70156124860319,55.821923566180395,7.974386692605993
54.58634503325857,720.8362270516209,4.346065653836779,0.31690413772062476,45.57270017274197,50.566142017085525,-6.827521956169821
86.78466662033607,600.8644201150983,0.4206652775408102,0.26679454943383085,8.085638916505399,87.96876342998307,38.98340652111995
36.86399925951484,933.2858461338596,6.000463226384378,0.5059258001463939,18.444126077794458,74.69675323341653,-4.073598558993693
29.28552733395816,1092.7608563094782,6.541446453750234,0.7777279100677931,21.197808973163095,92.87813585723771,2.926236927247725
78.83092589610412,610.5607787855351,1.4527863289595433,0.858322938878858,18.026645892582387,74.09185925698395,34.56464633516986
24.005646274153474,1245.1775069382834,6.851290281804647,0.8448640854105085,39.92479818019565,81.85723605524808,14.13550231195709
86.87391585245196,600.8170481457955,0.4090004657640533,0.35967556122306776,26.201883493379345,88.5512127381729,-3.2181399239684847
6.033130348634389,2237.8902199198787,7.458459654253923,0.6872343434606829,28.604990848581252,33.831774513695585,9.211526901967446
87.43970027014932,600.5478695700176,0.3350309261970222,0.31283419752422004,42.650677949396275,84.32342712085662,-4.206600290430709
8.66859251579897,2027.6187487848715,7.414324905217406,0.06090554323518271,40.296407670767934,72.95945372947037,0.010799854225089334
80.74716466433604,607.2170895647942,1.205935558894979,0.7015652656029423,6.610576141014985,34.865545756063526,-7.398507652507749
49.85459427233549,762.2293637008288,4.835472089432316,0.009827552569787845,35.69572920418172,65.60045453081005,11.911374727454998
89.40200767014053,600.0298673358047,0.07827559182651128,0.40918258745848857,21.771806445101777,35.772065458876774,30.331806086262986
11.272708002508903,1845.9157105187462,7.355309125076731,0.32937926930207573,14.732445153125024,81.51630412062556,19.298458934994777
52.07761417411227,741.6930885072788,4.609450900363387,0.6933775385188524,2.5009410451093173,68.25511997285182,20.317265274230586
87.39071552762341,600.5690498106542,0.3414364899872038,0.7662454727603789,24.362478017272547,96.75014761886081,0.029201504162015723
49.46331675446265,766.058741459432,4.874510700756999,0.30409463597128383,17.77183403622657,42.81947601002389,7.194692162618324
58.498884241497315,692.677756534612,3.9188637648085303,0.8116270144448535,12.575651983820041,72.4223416764265,32.2621051920416
64.13863856369247,660.1638858222595,3.271462906288977,0.29391676050493376,34.73358647984788,44.810749419934396,-5.607190783674273
43.63599050526072,831.7380597610527,5.428038991027599,0.4463263599865612,38.47426936577935,72.98454893091788,32.896532683426685
58.34243680714539,693.7094924607309,3.936310076496506,0.7270185270141339,12.23947595147124,80.58547916525995,14.18450131323928
54.66671651346352,720.2060606109972,4.337487198211722,0.6929202292247886,2.4723718339673626,80.5613030530677,31.857371566255864
81.59843089173407,605.9405238358258,1.0958259061812465,0.9873684723122,42.43763502826175,87.05517934778268,5.900320969720017
8.86294232902392,2013.1928554346146,7.410447918385092,0.22516102421593187,0.4979870602151659,89.74851595708216,6.94214757915104
28.881871115339578,1103.0272697524333,6.567130484533601,0.6623179135395824,46.8556246960736,35.40902083870239,27.58024341615714
85.78497614650749,601.4866925879396,0.551247795977501,0.6096819082757774,31.380993699135296,54.028700995068284,29.249808669611006
80.67242163072788,607.335264148126,1.2155910669661003,0.9150984544900299,16.092331760066013,78.0985764251864,1.4822338995073387
43.7308239867856,830.5265222850921,5.419465202598168,0.15636214164487505,12.32389547883681,64.90104011738485,38.64356624109528
57.711270813130625,697.9485131733709,4.006395489236893,0.751798163586933,0.4502832132237622,43.34731627283541,-5.775494787758553
28.577400553396277,1110.9094319689166,6.586287898723302,0.5682686162687683,11.773570850543857,68.68966991166886,-6.574851844893455
20.990298576519713,1352.8733687487338,7.002308194604085,0.2746658697879054,6.886415075857055,58.52049569363007,19.775210764305136
44.41436441989848,821.9450312675763,5.357229353160374,0.4744349141471741,30.608311036157282,57.30267943580135,26.137038388581075
35.03493938221449,966.6353273365894,6.141015906972599,0.3337765970697978,8.327279429690066,86.68276022049648,38.044306461248695
54.61076950732413,720.6444815201412,4.343459609624068,0.5793134027884609,26.431491876830965,58.531883368252686,10.247289039943077
11.607444142023711,1824.311019570613,7.346618372439338,0.8890006108146659,29.50582111722354,31.851815383629692,-8.735429550518344
87.82355865162415,600.395825993186,0.2848269966525304,0.569304984412202,14.902084917345725,34.06443372237639,20.14481697232035
88.82791328076624,600.1147551901677,0.1534150920696043,0.631722418326584,1.7532474509359353,89.93708291841341,4.484801029938593
64.34374569167834,659.14191240747,3.2472823516853953,0.5187478471147094,1.862694030709805,97.24205670087649,11.647356059770111
50.56819113925023,755.4146276447664,4.763695600206972,0.051165506445475906,1.3173666096958803,78.18865355189953,14.423474112496763
31.309847384337857,1044.2675894302083,6.407771461034254,0.23285855687609425,36.95623335682731,55.50578058700562,-6.774369463098308
74.17257667509064,621.5014177769299,2.0455556973508857,0.49200172943208276,15.900485240714907,95.70202210563092,14.29908922820514
63.20214966707974,664.9660104963941,3.381330387386484,0.31023528374470477,39.81500929838318,76.3962160463015,11.315983340215737
18.82243984431576,1441.6748890567897,7.098922293187703,0.18176359776119422,21.58664119214246,89.10334844395364,25.62721326432966
82.42881068197661,604.8173436531933,0.9881846211467307,0.5041328419184383,22.64990504149819,83.60966128259065,22.283295560617233
74.91566564846936,619.4805360629898,1.951803916035944,0.3228097934478503,25.644130125478686,56.53975210408147,-0.7392140924719488
85.73299262981354,601.5236617603778,0.5580337896960604,0.2581076431734147,35.6515728187552,63.50915405955499,0.30694591051984865
66.6861582130106,648.2032991447659,2.9682553024823224,0.4639854174403808,13.675143291485353,43.029250805766964,2.550308938718663
57.14029165454214,701.8908803545983,4.069379073793085,0.13328425808217315,6.079367476676345,50.44098703085139,-1.0524779851411346
40.550658084702604,874.1252219037387,5.6987359404683735,0.9277457330754073,27.802866759573075,84.46879629005652,22.86065998342336
84.28192108509113,602.7404510078813,0.7472529092690847,0.867702097919239,16.348881162136962,92.57848743181758,39.72150896001353
78.6154306075347,610.9780426756115,1.4804499868044925,0.7076205857405353,22.12456568340187,80.71222962759882,22.605417025796832
8.8435869590261,2014.6230859779096,7.410837852596643,0.10621382758845621,32.34733541686527,62.56215876596468,20.33407730956456
7.241192832266421,2138.0591295875274,7.440182523883919,0.775877254469693,24.70628705706353,36.05564882578233,10.496396667553622
36.99938618463422,930.9294907682047,5.989814679790989,0.807957328109019,31.013940855042144,33.986356408891375,5.629012942988036
73.8970331164558,622.2781758351493,2.0802330291566378,0.7677646177143377,27.21000010568139,56.202789522899764,35.55368784532396
88.91847099177028,600.0977056400288,0.14156340896885597,0.11396588711924116,36.98981859680496,62.467520313736415,38.45009370710765
17.785435743799894,1487.9465189749255,7.141553009709646,0.6439079570677647,35.296830885581,72.63844355493077,14.83880877938639
55.501110804931486,713.7970273615929,4.247926944872554,0.8343247957493986,26.70949459043096,30.454266497089804,4.510024775327873
37.37572281363683,924.4573216134772,5.960039284374622,0.5773534012196677,33.945151042985344,99.28060233264145,28.506110383488384
87.44272381424128,600.5465754264487,0.3346355398182107,0.646407375228089,43.67798011363064,55.47572183828301,-3.3771604566560773
76.58010846653524,615.3385938516385,1.7406420810011451,0.4583634794263062,21.61356438940843,89.3666264660785,28.27941188218408
76.25793990044671,616.0993212579406,1.7816346298567827,0.5287073198840526,20.638153637439682,67.4476693965783,30.947418715566933
44.838918582572475,816.7459345385341,5.318189586547366,0.034376858351725215,38.212281042619004,39.13076181733425,-3.754802768641632
40.25965769870154,878.4384275566908,5.723426618707129,0.6389630219732846,29.1276918520997,85.82958867741652,38.84307343982819
28.23960111411003,1119.79656298907,6.607324715651604,0.08144721289115919,3.5503390111294273,79.68789524439133,39.27561451942392
9.791917215328805,1946.2026365872455,7.390739252529437,0.4350145943402234,44.60560078455407,66.92052594504597,36.83597396636756
78.50140198167952,611.2022446838064,1.4950796729062428,0.2926550976674078,1.5391551118820068,66.0187163933646,14.801740470313216
74.0965857760566,621.7141481464987,2.0551239588068886,0.5454279502117131,37.41981781048715,36.12357240256496,2.3037071138414227
89.9760022293211,600.0000480983681,0.003141300744295336,0.13341633552320709,37.93970713521564,75.90942640017118,19.10046404409565
89.71413115128196,600.006825366936,0.037419989538873925,0.6916434019733182,47.65555426409652,93.78716090280099,10.996691923571788
52.211694976223335,740.5182317425651,4.595593182985017,0.7950115369284704,2.7067204201160378,36.52714434549509,0.2974322358598549
70.36393029034339,633.5936416173854,2.5203342116998066,0.1633544497431565,29.842843039224547,48.44580154542334,11.18382048089238
85.30508704000638,601.8453415458898,0.613875159461468,0.10431308735188216,21.392028531352647,93.16155814094691,23.194491783879528
77.22002820757997,613.8851482860628,1.6590570950353585,0.14551548278735915,16.5316477429771,49.904073687385534,-6.454334460700447
26.0245886481718,1181.9924737547112,6.73954376477315,0.8771275618985017,4.515928014953651,75.77605705259484,6.6709000723008245
43.29625150135795,836.1210483793493,5.458632186262126,0.5281892617563562,28.132705983565458,67.4372715460201,-9.11025549935874
15.978550287877074,1575.0191939494723,7.210236138060112,0.4672609960075026,23.95203628373068,71.74293235027034,27.47477527308378
86.0943373169914,601.2761236557999,0.5108542044560723,0.10671181910235428,5.227722907551213,59.10522311040772,22.03456338083504
56.524843928324806,706.2573224838479,4.136815151870877,0.6495560067569618,30.62447535485417,50.99940293875978,-6.866393264901706
24.434638467794333,1231.1933795761051,6.828253124421226,0.8679995918950899,36.89765601264693,33.39734155107683,38.23687798009839
62.09455817449782,670.9402620089886,3.5101031268053347,0.828185869323453,38.363915052682415,82.0996657505915,-8.868922143644966
57.54090043892114,699.1140457988149,4.025230640795066,0.6260547089808013,45.26865941312137,82.22654235359587,19.49803232380443
35.443831032791444,958.9279954074741,6.110133071794853,0.07527871665167363,20.47353709443886,76.95080180551062,28.818373089952793
14.652395336968468,1644.5556117143865,7.256086917997649,0.11239702717601296,47.65363843110685,75.05436516837344,29.394815652236147
62.083721625387966,671.000326042601,3.511356623365039,0.049308987109824676,43.2714702541343,47.060199251726836,-8.28574322033981
49.22615457682243,768.412421434612,4.898062351393354,0.2574792164924693,14.825078551196953,31.564145363640385,35.32075663202196
70.64706329752934,632.5917350317077,2.485396858975242,0.13566146716037775,7.964151867472924,86.61007778198078,35.92258359635611
49.21389759451944,768.5347391762025,4.899277267282104,0.2600480402524339,21.76946980640067,64.37969749870788,18.069518657718636
77.43542752707592,613.4130320013664,1.6315482304252285,0.3850580557189617,20.09493539779833,51.47866914918328,14.104159944357306
51.91208129583127,743.1532571152575,4.62652447179741,0.9429827840711357,28.785965266560215,37.135233474639904,-7.7566268468700095
52.67972758050783,736.4718250116011,4.547023628453912,0.6103760597816921,29.1693116163874,34.39051136309719,18.097707125493432
79.51555622595933,609.2907579003504,1.3647641837420255,0.8349737856829623,37.49934921899876,54.420670525662416,10.468954088511538
39.296043628053745,893.1387617486726,5.804129579387147,0.7103515007123322,25.49449741028051,86.33159453368583,28.640320370432804
16.39129441830446,1554.3740787821205,7.195176470458666,0.11250313052663174,5.241132047038278,94.31066245336814,10.19417834430439
7.446527486633813,2121.6777553685447,7.436746844614305,0.7359204063739488,42.9145667776553,92.77259552291453,24.17904166623549
69.18666673225762,637.9438725001291,2.6649337165047706,0.27509888155912443,15.488229159259353,94.40005843247584,-4.92959268812346
57.726311865044494,697.8460529716167,4.004730934385452,0.6391078469947064,48.5648730153296,93.540774019054,-3.352386461701653
64.846780288434,656.6800173676993,3.1878028915031744,0.3409619736429885,5.893005433988508,66.9057326120277,-3.0144904675420827
23.101953728257413,1275.680380185342,6.898560888654457,0.9976722632646592,47.91255861162516,45.35909469898327,-7.723725010012824
16.59157542487543,1544.5208687010652,7.187734280583068,0.2635514794967778,4.550590344125849,85.86326079857743,17.06644296349019
6.236296581769964,2220.683609311757,7.455617605920439,0.27913047077426967,11.551806897352973,44.95990823968053,29.698386302181795
34.79994249856074,971.1330401775858,6.158623364215501,0.9306722555623983,2.3289971043270796,48.70450937295983,20.520560184683305
55.14300338264381,716.5181291573372,4.286476101410718,0.02464440463632267,35.25565733194975,46.32780252757839,18.747744277642813
38.34074383347725,908.3704841724802,5.882515789293037,0.6966889878731969,42.51493682858959,66.04876825870642,24.031196420136823
42.18536837201697,850.9305305703738,5.557320821042387,0.7253263907358781,21.70355409079902,52.527925571835596,6.98226615360074
81.85348903196862,605.5827530189426,1.0627864234817974,0.8363785774103993,46.426103752121485,40.7909234737739,8.097703582411445
34.60171469698053,974.9663161004705,6.173395306835658,0.9744393106384753,29.514953587779978,61.722138832571765,5.713504911046128
48.68910657858392,773.8348224860056,4.951083681966417,0.9756019191566524,31.50035677232616,91.17350671496169,25.60544664267878
71.61050608299716,629.308742170123,2.3660628021727654,0.0652767575664639,42.270960085038496,69.93869984649805,-1.9179832164612858
38.706136497307966,902.4649790898352,5.852725785538155,0.8218393227529025,14.840010252591945,91.4834924121311,-9.34873598435378
57.877369519369246,696.8209686913888,3.9879984841803555,0.6463099336573813,17.71328606638129,43.711052955539614,19.80982233612462
78.30091524347334,611.6021738839127,1.5207873991023553,0.6473421343730912,45.29759595973222,41.688171157078784,37.11906823671027
85.70925301089957,601.5406965967713,0.5611326369873008,0.1283499266146948,45.04817480193819,70.29039879888941,20.470395849815233
17.501245878968227,1501.084991518548,7.1528280882625435,0.6501871664456533,48.82413881004354,62.43302310823911,29.146082647044757
83.75994813872703,603.2658132022852,0.8152070806604086,0.9824825806012478,45.09191582208356,76.21208491528698,23.639535473301507
46.82988491176074,793.6387324609332,5.131250925029828,0.911818569539447,6.368601801668045,85.6238753718747,14.871832676150813
26.95077300541146,1155.1312331644685,6.68547188790788,0.4391306608048505,41.186214306849365,82.59151069565235,25.9196200891923
44.02653928025221,826.7816250506803,5.392634692037186,0.03994797328609434,20.4919239054797,95.95828215609927,31.20520619276109
88.30276889926554,600.240660814572,0.2221345418402077,0.36229349000020483,49.54006779729689,57.87794864099081,1.236582208584899
46.87253798939392,793.1658043093212,5.127177478429347,0.8263903116005552,23.614048216440054,44.44707195737266,6.806524024157277
32.9438868744382,1008.4896070018658,6.294026720146949,0.701499101465166,27.69180412511103,68.563884796352,1.1862866251641933
58.83907261692169,690.4599776542227,3.8808268266643657,0.4593436555939564,26.488745762839926,37.75201841338299,12.608647779522052
25.41237759614641,1200.4608929869642,6.774319567585818,0.055101535158831094,16.08685149291389,50.2195786332142,34.253227545833376
11.448382889236434,1834.529394576305,7.350779364217842,0.4268947278233026,3.7511044446459083,44.55216386842011,7.260355041766616
15.954776362405184,1576.2224266800931,7.2110921807136545,0.4690249397178835,44.782561520095925,57.75946017579567,8.72334445652767
15.883896311410657,1579.8189552504227,7.21363703395064,0.928555532894136,40.133790626314344,37.78516025015507,33.01836173359659
17.91172894854502,1482.172111411197,7.1364859900958955,0.6410861035821595,6.976339027983464,32.22892211836685,15.768716537233761
16.800309675199863,1534.364592277824,7.1798845150803166,0.3116529166546489,38.83841356750364,75.97558032410222,16.77244998237172
59.474353308273244,686.4113685367529,3.809429954013519,0.5253182644507214,31.2923333025305,72.71742848028634,33.040060166610644
20.45980717392731,1373.6626718797938,7.026882211807309,0.06605530782216007,20.457189395881116,79.58512552270628,14.526336851273662
34.38171908252838,979.263155211805,6.189702869188573,0.9725682356497368,12.701057454778136,76.22705081899409,24.077876731469765
81.227014842011,606.4818553138703,1.1438990373752913,0.360059901930726,42.98643917511163,38.00062767996685,-5.717766706296964
45.28673942234415,811.3679657119583,5.276693939454244,0.4778673549131358,35.009412964702655,50.37552169629524,-1.0684143436557356
61.74240777428731,672.9083824737427,3.5507729195705813,0.3552839742369226,27.386995473456842,39.06686269302467,10.218810035812279
19.647189052138536,1406.6716333716654,7.063356404571185,0.6825117301162001,30.478426694923204,89.00806814339941,14.741953390993743
21.344566598737018,1339.3132395985094,6.98556297487464,0.662232158329593,4.553309104109049,82.28325587488663,38.286685061811475
8.473832382650704,2042.220033162651,7.418124498063319,0.7153223105291356,23.695988045559595,44.10689020427697,38.5325816523895
19.359480361133986,1418.7068349280635,7.075929950854442,0.26814322961192083,9.6850146392851,53.891646834292544,32.55985437393808
28.680178817716484,1108.2352342823237,6.579841815607319,0.315668481164066,10.419183950441269,97.663049458495,5.7799417642787265
20.04589116352348,1390.2969783100584,7.045637832851689,0.12525123109620795,33.06519811434334,71.59115505157561,38.201414541621986
12.539715369349727,1766.1289742761908,7.321093083365888,0.6555099718461126,45.5628075917144,86.08089181108102,24.467043233810628
15.254049043551069,1612.39032260069,7.2357654992218015,0.03979712733565255,20.187830523917327,48.52137243381104,9.647006390870018
44.16619528278169,825.0302592627058,5.379913595849573,0.5976823355234591,10.387463650609519,44.70370441255137,25.08374584923832
22.538366064492365,1295.4483303559623,6.9271730637340765,0.8696958848516338,32.43734686183271,84.87418501925839,-9.173863510673671
35.962938189086415,949.3556383805367,6.070477757661149,0.8908321482896335,43.55935231751589,78.01107186620081,-2.692265886289321
47.790468022662836,783.2025559796266,5.038828676479729,0.4490377603699617,37.41594005612454,77.66845504482346,31.484285577818383
63.68356043349605,662.4693860938069,3.324962974199507,0.45930368821307377,43.43786152682936,68.68442072804356,22.27868184365856
8.34153188649341,2052.221939092088,7.420656674239544,0.07696918300801736,26.827733550539968,69.45048399435842,8.209735064594202
72.94988390726863,625.0627247626744,2.1990604782667518,0.6707650254430357,37.59381221845955,81.49882537143776,15.03333201113594
58.371533106727156,693.5170422924712,3.933067606157054,0.8212594203728455,7.003227967946824,48.90017367848367,35.25710748228835
11.949517715654112,1802.626086264983,7.33747806227631,0.24465505460471304,17.413730768159574,54.6937926099869,21.57890547395433
79.25418304907606,609.7656602070583,1.3983923159515763,0.42130088163336465,19.477458224076123,91.01457393640385,9.90746419671651
83.27415404520411,603.7966870215851,0.8783905614262608,0.8388393367652703,25.56478731230173,51.620564070851046,-3.9836671301232496
10.191626587663418,1918.3594898902395,7.381661079472804,0.877120467662288,46.45381801284118,68.24166999655094,4.68734008127805
28.534600092512317,1112.0271360833449,6.588966023725102,0.24317998026422594,43.714828011108715,79.1847624804679,38.91701163982917
73.52710878241021,623.3445156952612,2.1267124451246193,0.5505706345413642,6.726274614459227,99.99473787832235,11.868153142588874
68.60207368261096,640.2163636193927,2.736323150834866,0.19249315063582706,8.63948259412316,60.470393204673236,13.591973192243042
20.684286645292072,1364.7938473607396,7.016557020350241,0.10187876413955654,17.88202747944557,59.96650136374606,14.92990161985077
22.794692483620377,1286.3849748051703,6.9142428345821365,0.9111205013919575,14.537193294533695,88.98118656035672,34.205201147410556
36.49012873726747,939.8710921377956,6.029694962599031,0.8205075042321092,30.738547657813115,86.38521778819043,20.196414219265495
46.184453741236815,800.9059211943195,5.192542395356613,0.7600349018031739,45.13880238822725,81.1753117214184,24.683851822596104
57.551655580075156,699.0401977403117,4.024042666045088,0.04876631881314042,48.11457708362934,62.42607461863202,9.4706771274552
36.357659363430656,942.2322329527578,6.039990782370864,0.8437287927102575,32.680147626761325,52.67573841125011,-8.545619070551282
44.31545087131757,823.1706050105595,5.36628275270242,0.43804407590538375,41.90796007005434,72.61113378093941,36.54864571214222
68.5350297413693,640.4818212373502,2.744492366605669,0.34239512329585964,26.260110011539854,91.33563051921487,37.45638404582032
8.118072245700821,2069.2693982266874,7.4248437403137775,0.5464763610253764,10.416347343001986,91.86442207460107,37.457652667402556
26.457140269241766,1169.2892707958094,6.714509148896245,0.09135324272355583,26.23442060467387,37.59488415493069,37.18435433233583
65.63471480018696,652.9491003005278,3.0941443659723356,0.7566465493523988,27.754130071882553,59.98451986692055,30.76209705347805
81.09258120341194,606.6837521836005,1.1612873133254449,0.5824350768882959,37.122878210677825,62.53053693391246,24.229802505816345
48.49258257983162,775.851619122649,4.970377509563401,0.18659009687316752,10.994149485367455,98.43307572666272,32.22549591336428
50.229646247551834,758.6207429922788,4.797840637474114,0.1882321997690456,18.415519104336585,77.45986106698092,20.02731195005181
14.109620963880964,1674.4827137318034,7.273733207914118,0.18424865157267423,18.201373460728316,58.50724920834494,-3.2815193053988185
43.03005117999364,839.6024810078197,5.482469237498253,0.057002387551933986,47.971979787058245,31.82405201899151,9.560908252071052
50.27246764867697,758.2125423546659,4.7935309759532085,0.5877984493716848,22.197248016335948,69.57696120694371,38.56474559864687
25.609992808952022,1194.4357912283012,6.763178652973949,0.8403481775885081,37.75469836490733,36.725318294684925,7.556890679782818
27.88567463069738,1129.2715533005944,6.629119474132684,0.0174982139873886,37.54056906872195,88.41149701434341,33.39139568656847
37.06915386389292,929.7210279653777,5.984314202098124,0.04900464497127355,13.277209240162069,82.67630623992534,-5.339426461256521
6.706051811106741,2181.548452305651,7.448687405737553,0.5727702766869458,28.593484468586606,62.23564119357251,6.70919211877348
32.37672907457015,1020.5869345594333,6.334091131465538,0.8194956853860523,44.71514466593241,60.044754567918986,7.547666236368979
22.973080594706296,1280.1491324770236,6.905162474517786,0.3267388905686336,23.75988597284747,92.81372758981381,-7.4198728445509925
32.83727493512275,1010.7383287868688,6.301605047558326,0.34961439880772216,47.2558753671273,50.19208452926899,-4.045283490662252
15.179781204636352,1616.3044937766856,7.238317176713491,0.5963464974967759,10.72291146620808,47.431397347473954,-0.3417394439114503
80.69481886289107,607.299748864004,1.212697948005533,0.274212889124147,3.7079552887015366,95.74382029780334,31.890779540505648
55.45535855209414,714.1422288259882,4.2528613111678615,0.02660836607768413,44.572693657237465,86.64720857274378,-6.82990050300968
62.72369712728162,667.5069646402253,3.437114921201279,0.7352285181015961,42.384059898110834,87.44379151470363,4.9350450672193595
72.07955528162375,627.7801508360781,2.307721150654084,0.6256499129414531,49.62949379669224,43.66356699931479,-9.491249870536624
47.36758690896987,787.7420028990782,5.079692119723171,0.5807559990556591,33.969674405621305,40.03071940016541,24.781387270151235
12.388224487431014,1775.3875447796152,7.3253729281958435,0.7416841289918231,46.834396333357475,31.82206848719944,21.01515450216899
50.654056054576564,754.6091038201921,4.75500892943648,0.6752308375620375,41.347451254205545,46.592905624307605,22.24911310265709
54.881495031774726,718.5332036737736,4.314520965071752,0.20588198817832115,42.22131665600434,84.19333442000274,8.719139235730935
68.36235530566805,641.1701342509541,2.765515188916616,0.35248104694335114,28.457078522713413,46.80268931349048,0.41339106337845166
41.69106142952275,857.7633330063327,5.600564655853098,0.126110141678625,19.118229895835544,81.03722985164134,26.016010664301668
15.84432573762292,1581.832807028277,7.215052960647872,0.12985701341788103,46.72790362716409,47.633578575719504,30.555893637034757
29.12095199289158,1096.9216045520948,6.551957406620334,0.6761957463565392,21.605858780794723,57.67047485654702,-3.0699250950899115
35.861995193883985,951.1986963106801,6.078228062079576,0.8586001069824982,26.940968362483453,98.82136029379859,14.341471396871068
59.9029655131861,683.7471197727627,3.760994685054238,0.962732583861139,22.305715356259388,47.13682118988949,2.4357840989431256
53.51615589685751,729.4478091286755,4.459470725246705,0.6283471175494444,28.240915698009854,56.34594391087873,-1.594656939693314
35.26822170131693,962.2198130753222,6.1234347385607695,0.18410132336095697,23.52525394961636,51.076102632564954,26.716265674749955
88.85379614740327,600.1097422258408,0.15002772610308662,0.1056503454489307,2.398377928973794,37.67374904310016,16.90484677364185
56.490859645335405,706.5020241723687,4.1405250562206595,0.8128509715367578,44.102409300384934,64.29258994915774,0.809266618933389
25.16427729755953,1208.1126847453374,6.788192557014567,0.5787564763599993,22.21969094578849,56.50834643331016,5.500000560577254
13.651510172734318,1700.431766249299,7.288119073939091,0.6182850210137198,29.447182425367437,78.6420960065096,38.33268356638712
17.99302683066822,1478.475728454155,7.133205885689458,0.7814620887547092,6.9593901378993515,87.23161828660824,32.43397823542783
25.90640691268319,1185.5125106835512,6.746316970525504,0.7032772277324516,0.1693923991319568,68.0974800146947,33.99733714365642
18.657916727062233,1448.8447779840474,7.105841323478067,0.8344582528560966,12.264504682182148,32.25374954611358,13.000604854035402
20.858197044360992,1357.9954808869188,7.008483760619662,0.05621390545987848,35.22930160666751,73.3245649364305,21.19036319604375
29.233089338977003,1094.0828704120445,6.544801380165325,0.7475206367465048,4.95972650564393,33.87735110146574,8.838387010220579
19.73675560005416,1402.9626591362626,7.059405767951164,0.8508527573220954,45.444372019323396,73.14494265193174,-6.114401215555473
81.22506109324614,606.484766792254,1.1441517897109748,0.28613504245831434,10.75112846780923,77.95209644884319,10.053465532839127
11.819868381239587,1810.798487583904,7.340973128141878,0.6404472739932529,10.22968071458879,43.84373393322629,19.699037660357234
49.583468113471646,764.8757476261944,4.862547038888577,0.3141620638369721,9.075398081074775,87.35423041052397,4.357213538406571
39.88373029412123,884.0961503438916,5.755104501597131,0.957971066482454,0.6990856485682373,93.7759592101834,32.39752873637079
88.50218243723154,600.1874180499926,0.19604152969665434,0.03342357243550376,38.59027342391173,86.91608748796737,-2.444992041270069
14.52330668428445,1651.5940231094319,7.260342833323664,0.579792843832955,43.751726562262924,51.35764331484575,8.356454471845996
38.81772591888804,900.6812645232344,5.843580537586317,0.1665035470495151,30.708135130809943,71.0650108711944,-3.754804733789854
87.40498682840635,600.5628375664819,0.33957030735524846,0.7122202051771587,9.409999083993114,94.03706044338594,10.241606699261265
78.56810570098833,611.0708057713691,1.4865224099908692,0.17589028341866209,14.263899847043987,52.44653083559949,-8.016934751286477
74.4511260306888,620.731297964946,2.0104520009105458,0.23538326189835757,23.796334868248163,87.40194755857975,3.6274697530822717
26.921740298819884,1155.9541046327063,6.68719345258505,0.4943708110457581,47.71729758116504,30.663259188318758,10.036762755684183
19.525444928155594,1411.741700844199,7.06869866443969,0.9148349499968781,12.36756859088714,30.25526919492734,13.908268163834578
61.83467369357663,672.3894707796189,3.5401300489297682,0.21171437214797084,36.582295195994405,83.17981622372773,17.184817923757095
83.99695907584479,603.0214904822415,0.7843593488515038,0.14424002111810352,21.972411164646015,83.30133074889848,3.749556489495946
52.32484590618403,739.5322194117698,4.583879056923255,0.7589768318540306,14.89236741800109,85.22840314966056,16.152066730743616
53.58707860494149,728.8642284885746,4.452002939064898,0.500619532333931,22.79579685110569,95.10187865217137,15.450231078102991
28.798222961124154,1105.1807910268117,6.5724121597423,0.9117851123817714,3.5603358770616267,38.25344182741989,5.808902543810422
70.40689932131464,633.4404941418161,2.515035964858699,0.14661455715984228,39.93436854651812,46.23894894885818,31.51001653282391
20.898718627389485,1356.420464937969,7.006593391777674,0.6459278930230393,12.165096399148357,93.26074442616653,17.282056329678255
32.512735094360714,1017.6555798435452,6.3245399981860215,0.23287914615181504,36.27060615964852,42.40653384406474,6.613485937327248
41.16209728239543,865.2470488055224,5.6463786392591055,0.1567604286516393,3.417418572409736,77.75604873036087,37.366925604038826
48.14688218817868,779.4423368817233,5.004174750994873,0.6834294151572705,47.7549278082843,67.13241000285709,32.255620653558054
25.60482725528182,1194.5925048254203,6.76347089499445,0.5936846199087332,9.65074927028493,35.823557379605504,39.129390577590044
14.7611301028323,1638.6648907131794,7.252473468544815,0.7548274583623312,44.13710381035402,49.9684563359073,24.611693732271036
56.90270360753877,703.5619705877043,4.095468233222525,0.30946257644618236,40.47366048077172,66.42605515086775,8.911145275302342
29.53359702542174,1086.5534127856467,6.525500997237984,0.44797165638218994,48.3929962040708,89.66450816786838,4.043033333950616
54.40524882092205,722.2645251125523,4.365363601491406,0.4054716763304185,23.89453304728748,79.52769427302715,23.165892183724047
18.120830798307196,1472.6974775634844,7.12802038064023,0.9840894639665142,36.369864692297575,73.53182130184531,39.04082912476518
45.89690865765949,804.2114664692972,5.2196365607925275,0.2922489567393879,18.5355328518892,64.72230229589903,21.33575400519244
50.2701017668848,758.2350751665235,4.793769154591654,0.2948172383467669,9.218411900984691,50.9078788669894,34.08074704949191
9.405000629906286,1973.7127638137551,7.399184273811611,0.3545482088286074,22.15379664667244,38.347143792348284,6.455171552388432
33.61136364648325,994.6707091276862,6.246086013729312,0.5645940812903215,8.287450769422744,58.63532241962669,10.34768912371278
16.42524753981281,1552.6961763568875,7.193921001616035,0.25232274426374524,49.102231139319194,31.99629457379048,35.313761979467664
10.386872490185258,1904.9692128995048,7.377096039230235,0.9152899403792739,4.812324557035819,44.773912248679544,27.843335097890943
89.14661975314534,600.060828595344,0.11170308295052297,0.2656855648662635,29.46058617263102,60.273836311086185,39.07051601839529
32.40007682285145,1020.0823406874215,6.332454052938157,0.8958157315601947,31.323192762702796,59.30236299703405,28.738210486612097
73.83932789764397,622.44273745183,2.087489201491352,0.10347506364658465,26.90397714370271,33.10068016978947,12.425785360911586
26.644455654919927,1163.8747956273523,6.703549144103986,0.6565627023996523,33.10929428559168,71.23421074677039,16.553400991118153
62.92773138903399,666.4160513103825,3.4133549047066776,0.9069855184382437,5.8090387505945476,68.47789790972654,35.025774623156835
69.61936809062335,636.3101227367688,2.6119139359966406,0.16874943839822953,27.750926210264552,35.4673012814639,17.582336804902397
55.62929295166676,712.8336890565142,4.234088125159715,0.968326960099255,14.360628556368077,96.02141367223075,2.76986870822226
45.08397602676346,813.7896471195572,5.295522339352406,0.4528833604155117,47.00880316505283,36.95679452656021,11.780990638497471
40.00647770251783,882.2380701053935,5.744788248242258,0.9457151084410245,38.10358267198629,89.83839058661353,15.815799442455894
34.653802656154596,973.9555446095337,6.169520860510575,0.676820043630047,48.62572410798713,30.021681234050416,-5.164008322443522
84.0099772610652,603.0083490918942,0.7826645967248766,0.30158686987355154,1.8778034870094773,91.75967665317683,27.188133712644515
75.60264966195697,617.7070973100444,1.8648382084174482,0.18830252491710642,14.256658759035435,31.38038125430188,-4.53230333225135
87.02728740665357,600.738768432595,0.38895260944608645,0.3037350462250994,9.77112933191745,83.04684223244811,10.245885668440284
15.565263996271302,1596.1579071087044,7.2249406835811065,0.09301740926267499,0.557729365591525,55.318356791017706,30.231122077020224
67.12373539230975,646.3050055252615,2.9155672935713466,0.14386796634332977,12.116286512316071,81.67517600954238,13.378518080664847
84.75893882978822,602.300990240883,0.6850969501580652,0.10466044034648114,33.93879917602145,58.1221643797485,32.100775985925395
20.404810624081115,1375.8517365606072,7.029395397379929,0.42294354374155774,11.554446106728427,34.963554563228925,7.094066102805748
10.652182726176086,1886.992407200477,7.370755544288507,0.7955783762575864,25.45017227413091,83.72546867767548,37.88181469992177
67.99525518965501,642.6556792265392,2.8101253095194396,0.1413835542163402,44.390905748249935,34.98768797249555,0.4734215902617773
53.83021462029251,726.8776270865674,4.426350295125403,0.13032043317233588,34.68789601745376,94.54843051728525,-8.086792750534935
76.55544602445312,615.3961398110632,1.7437820780444566,0.6434289495173308,19.731453495301597,33.568182505416296,33.62132714952093
16.88065201323461,1530.4858291247203,7.176837716881445,0.19718298196806627,18.623446945605416,63.55276944400608,27.610135797520414
72.59772150809067,626.1438018939616,2.2430905460404555,0.0976100381089916,22.786790700424238,80.6124101595557,1.599191853368641
22.138322204058284,1309.8402379198324,6.947075899197044,0.16684857820557764,8.852072052995318,57.52725253544264,39.237080356833694
18.910755143584883,1437.8521905652142,7.095184040679489,0.9237313958767761,31.700038370799405,45.206343221470426,15.114006463426392
18.9625928241344,1435.616845625827,7.0929819786048025,0.8214712527761908,18.207640955230275,83.1363672977219,37.55327200720817
74.23885121966748,621.3168107726078,2.037207915597611,0.3540645623550941,42.618267463102185,84.90062933521085,15.251438569349965
61.54176375917701,674.0448365478505,3.5738853786486144,0.6558207673273928,37.82763300289081,94.5886488768057,13.59372933856455
49.46056110537514,766.0859473395012,4.874784833866578,0.5372756736680381,30.525658204608003,56.33155773017544,12.456926857223252
35.50059115049771,957.8698615500953,6.105821451728561,0.6771242634825639,18.210111132475802,65.43762141481288,6.743763806647511
79.56204596911421,609.2075722231066,1.3587798432574107,0.6826711524627593,10.49659158367422,55.418990999225045,16.685074858827583
38.357834130924005,908.092036727764,5.881127762732257,0.6287340150599929,38.807593205281144,47.99572752959577,12.627733097428393
74.41095235508405,620.8414337321528,2.015517770197911,0.2661013685373086,24.320454949554325,82.5723073076326,-8.162656168822293
42.326467228468566,849.0080318471855,5.544900933643418,0.03900642076281813,11.237501908867875,53.77562915118688,3.021761671175124
37.04027650111714,930.2207414686327,5.98659196756424,0.4555667819901088,9.75873075200031,59.970460939464644,0.6561400052779192
44.32778178191655,823.0175238593583,5.365154996163737,0.8909738846907038,8.270045225067951,58.25715603368195,33.37178011605333
30.617119303952077,1060.319245818514,6.454424197550785,0.5694972585185759,38.85805981027975,79.88628579527222,19.94349886134207
68.54679731498135,640.4351556119973,2.743058774874629,0.8323910417019079,11.449359265015586,94.24569382774759,28.184155022486372
47.73123315786073,783.833286607276,5.044569185748882,0.9916243429612281,26.332113176259874,76.67292429151641,37.84130188746403
24.73807908747947,1221.4885268950152,6.811726951254131,0.16361620413827627,22.577318048652824,63.01078172659628,22.2019636263205
81.46383872833832,606.1338982827428,1.1132518683607249,0.6917776391419823,28.980544961414196,84.54435803172184,39.13049957023722
37.63075381672297,920.1355183456631,5.939715229142819,0.6742935737000246,43.85774501855971,74.86799268854963,5.588202582606481
51.20199319468903,749.5405506495981,4.699325246432208,0.9799554473582784,43.38736950408653,34.24272499824694,-0.6866408843553078
82.05012943198649,605.3146686366845,1.0372997914433075,0.9856007339528003,22.553803591242982,36.69645104931892,10.165494399645574
58.06022965268933,695.589584990893,3.967706239319485,0.6866786117241295,0.7683125367361654,32.654186085154336,13.539970746790402
14.936333460210946,1629.2456489005135,7.246596204156839,0.24361479198219427,21.32219028571516,61.97714283444239,34.76807714262925
84.88573050714538,602.1906949806516,0.6685676832653067,0.798555838130599,30.30967687120702,87.80974040372755,17.997021951833815
58.35518451107052,693.6251440528813,3.934889606594756,0.1070291342110381,27.88823795490309,51.91582185459464,4.60904997090085
33.46697724585232,997.6224244201953,6.256528467172761,0.7806993041716287,32.56680529001027,56.89121281647372,27.131714143376044
16.838126176387917,1532.5367928614444,7.178452169609532,0.9101961241446964,7.7037866236541745,93.66339758575234,15.291596856953547
72.49214108797516,626.4727949327489,2.256274591518705,0.38283339476843525,32.326754939036626,88.58324117216584,-1.893402736241491
57.70618425392365,697.9831790564676,4.006958343302858,0.6306352949830805,9.132580937188612,76.5533678667792,18.840989379562608
50.34419281798733,757.5305506063187,4.786306363933277,0.4301427320968263,37.52619903483745,48.67626474645759,35.5697268403642
80.9808695593314,606.8539409489067,1.1757317607111717,0.43776505498812845,16.954380663134,38.192903788191046,32.13113087379101
72.03076295408512,627.937055214772,2.313797351282065,0.31037088910812005,35.494771669072676,31.12411758760796,19.340498631766554
17.892364777283852,1483.054935455356,7.137265152779422,0.7621296204503246,2.3932799453053546,37.49074708230946,8.854158694249406
31.4963757626216,1040.0378784678173,6.395049099223142,0.9361765641665052,20.39300127954567,50.48175105367599,-5.651062446789442
26.121576884229587,1179.119586416968,6.733963773137382,0.9407508592344611,35.25172611316664,68.6253044505647,13.482446166581187
68.23543486867754,641.6803170560443,2.780951533079187,0.17478128487493383,11.343525816574706,34.480005792667086,27.60397187647896
7.850256952541248,2089.9572310379194,7.429713123990209,0.874743649656566,39.764352239861125,39.53594448229143,8.013685986650529
53.44062321406191,730.0713642982173,4.467416403516054,0.7374314414271221,31.5389866552466,42.675649161555874,1.7723412775832195
69.8089882879587,635.6069895650498,2.588632263388505,0.25283740069028926,29.378088607489914,74.23874650883144,36.56898596354767
79.5250791247487,609.2736867127187,1.3635384322324766,0.06728461292151455,17.677442710216855,73.10528592860871,31.07778502289962
34.07694864085214,985.2908673183338,6.212143687993506,0.26799726688437797,24.12257351905588,68.5536008460507,21.913780971007235
74.80687089712109,619.7697142367115,1.9655508914457562,0.9122082367815256,29.867465048892655,47.53509972871577,-3.1608328039740305
14.403697641192615,1658.1594561399245,7.264253322433013,0.6331786748957723,23.623105695744524,55.978378385311245,-2.7545579796913486
76.94844479743405,614.4926742890902,1.6937078187675394,0.7210546608978718,34.915666197028,36.768280143642016,-4.839020427211052
15.836536298218505,1582.229739765683,7.215331279437336,0.25715235110909584,21.68484665534798,45.85224226306384,20.81483334463716
38.76941969763122,901.4522924103185,5.847542169463031,0.7193881555748203,10.113659087101517,92.83936585308064,-4.2218601763332
72.77010609126206,625.6114884622311,2.2215481763999176,0.028121506277923758,10.696689140052362,98.578422250508,32.13135994313165
17.742981324645772,1489.8964745447706,7.14324853550485,0.3753213457730138,0.29018844214705464,75.33617099482063,39.64825009096611
24.486368594774525,1229.528082519992,6.825449294967785,0.6267533485423312,15.047885777933622,94.17763044163941,8.317409235433264
66.39146831341063,649.5069605824192,3.003641100348328,0.14609656554132022,37.44588202392598,74.99193302809977,12.683492348354871
66.20310560641633,650.3509820255631,3.0262177661127523,0.8230035744469347,39.70813544188048,32.32375402738289,25.583358849283933
59.49754879525027,686.2658090239029,3.8068141827355353,0.23503129881191864,10.123377104787501,99.77338094904863,36.85765031628829
63.9856177797035,660.9332444772017,3.2894755923678547,0.6522811128184463,47.952199843570384,36.926661118057446,34.704688677819256
51.131577684545675,750.1850150777464,4.706505341999118,0.4051971425753297,25.120139674006335,77.78492610115424,-7.120408562507571
26.402920007090984,1170.866239370076,6.717668241040978,0.5960435954776472,45.848937450925135,47.6985342152353,-1.5464098721617496
34.384159447833156,979.2152434157683,6.1895224728859795,0.10745055262890812,35.338264093081555,57.43867790348721,27.729859927889613
20.435805928121184,1374.6172198205622,7.027979796657589,0.016912799921607324,36.12167115112065,75.21539293606568,24.444655401622363
82.21829771335841,605.0907380903382,1.015493736764322,0.9095644273803012,4.2521810653035566,60.55411445153949,-3.339070297993837
54.58830255512024,720.8208516581599,4.3458568191403275,0.2696300087671828,10.999556344846534,47.53822412517898,15.103229100078384
39.072370424909394,896.645120010784,5.822628343205829,0.8196770027804591,0.44074166472363174,53.411233081482735,29.04073155426478
44.27049330975128,823.7294449495821,5.370392361743004,0.9993503004722002,35.806382023836875,53.90836818462235,0.9390341131346815
85.5190838670043,601.6805954502988,0.5859528137380703,0.21143125799891116,17.2219144214255,97.15267331557496,33.564381786733314
18.034869264866817,1476.5795738602685,7.131512081593647,0.2651707411833556,39.332625803817336,85.90291111464157,-7.351411258981601
54.82953572142777,718.9364185441127,4.320082537582679,0.6628597876346657,16.946810996851312,62.098414003558005,29.109754253403693
48.00053770517961,780.9790858648603,5.0184272408923745,0.9654486346006212,40.966687614943055,43.98746442389549,20.790944989493514
56.97361001194506,703.0613431996171,4.087689467521761,0.9158143481907439,6.53491268741565,86.77112771838591,5.759967332717457
6.539365624771444,2195.3316836848676,7.451203828507391,0.5028755200655849,8.66865783787541,41.00277301258615,26.046627417095564
79.13053226025288,609.994606748267,1.414291062678151,0.7951102825267247,17.043826979196826,44.73235519994024,29.11828975755798
84.23005401110706,602.7905719850069,0.7540082035314384,0.13574585309990106,20.424369444113665,55.62093742881058,36.694948565198466
53.03632060508276,733.4451353461027,4.5098147694045645,0.9774381842040123,17.43514054214892,91.62437370963931,8.388733607713181
64.21532002953583,659.7805710129305,3.26242764090708,0.9643532340359865,38.182351626160994,39.22506680438772,24.30083679899775
83.41244740007014,603.6414354153885,0.8604100456640675,0.16372895787917097,4.847569631335736,38.55639349981683,20.130813846734544
65.11528391663887,655.3915875595167,3.1559538012410195,0.2994231248031066,17.560850981924403,64.57824918136862,16.260303472854424
17.965818647712215,1479.71100472886,7.134305246373437,0.10015499750676693,41.86199997577297,49.34873787655722,34.520823707751894
53.98451061417912,725.6281024382497,4.410029558231823,0.2717175988981797,3.3398538631085994,69.81095591537118,-9.841634293079984
56.57077894254275,705.927172083525,4.131798329581923,0.8159557894152066,47.11717538356787,61.61456792782565,4.105580305179883
41.05110706070281,866.8403114247058,5.655930632083102,0.37831560716525947,49.315842113600645,60.44713744458518,16.913861977241503
67.59776002810145,644.298579244175,2.8582989080978147,0.08839696714675838,4.428408691254004,37.83810793408953,-1.0853369181723824
84.42119625536627,602.6081348431144,0.7291103568122634,0.34222552477890456,14.563626112786848,39.87347831748881,35.39332668663791
83.67332359707599,603.35751015183,0.826478088892017,0.9813833342412801,18.62003330176781,87.4755004212795,22.37975588065077
43.32134656935123,835.7949977589697,5.456378949273826,0.6296835952592029,38.8195684326363,92.01179163002212,13.894149731599494
14.625233896464197,1646.0324892949461,7.256985462113036,0.41616094640615775,29.79634060583669,46.42784730196752,30.73508795333273
88.71150191179844,600.1386863821099,0.16864978917031576,0.16653851349727,32.218285024628365,37.94223510673383,12.544309573255187
76.3063373479044,615.9837962024712,1.7754801293512261,0.9861767972836948,37.8754911409253,33.73916703541574,17.932650596500473
15.596327902277682,1594.5525976849644,7.223848499575943,0.8208490092631288,5.898949971851286,72.58083296193277,-9.86245022230395
83.27156002247665,603.799630551327,0.8787277804495136,0.2814773024509194,41.66047284551312,80.0747248750144,8.285026509753678
78.9411907752809,610.3505239401347,1.4386233837235296,0.07006869572118946,35.2809902090072,56.09669924422438,-3.0604763824515127
49.10123485571613,769.6621745017719,4.910433923895298,0.05662555737755803,28.867086259818514,77.57731072434477,24.484434033114553
55.25841203831899,715.6363751906956,4.274070930645241,0.12037814950553383,44.486766739152834,79.90711708916683,13.95134794878669
38.915229828961074,899.1302098887127,5.835571513198083,0.5807685836144216,35.01531769419036,95.47395969778337,5.08787786251154
9.654739299872663,1955.8928523638554,7.393771945614292,0.9287634212054924,10.08499813155127,34.54115464845751,13.391616968587119
33.49176553990158,997.1142146914062,6.254738527334364,0.4967434280059845,21.487269053783336,43.46042062617558,0.4814943975673085
73.24254313083097,624.1832645433487,2.162406679913983,0.8429454824561972,24.702143346786663,34.79681913178917,36.25433162430703
5.393721955391243,2293.162076777291,7.466792027358021,0.4458866198598078,2.7608813375202823,90.75957533352774,-7.30136837245435
33.34742959374725,1000.0819221493248,6.265144444101969,0.7085835457678252,47.731875668002786,85.4811012023498,33.27085176480602
38.84433895523018,900.2572214727411,5.841396206426789,0.7318727372865008,6.4288630398439235,70.22494494352873,15.567939436667547
50.67862624972344,754.3791689095488,4.752521277704616,0.17396370590333865,34.87306336133634,35.856438703582825,20.947324806940863
83.18772739508464,603.8953816078993,0.8896249213695698,0.36121605897581177,25.31155180454401,49.13186510576037,5.13028104543519
34.43940952110671,978.1320089226833,6.185435281416989,0.6373021565380239,1.2816124942211293,50.84038936409618,38.334880839716064
34.49102216117936,977.122667495531,6.181611977327327,0.07069660818436618,46.23737379321808,69.2520237210792,4.0925479259744915
67.68760608932861,643.9240902676256,2.847422152290838,0.3615401877629566,42.59184044094666,48.063072582570086,19.443899857015214
43.438524975633605,834.2774111818417,5.445843881939101,0.5347994662811925,26.212896395191777,35.10719047390684,39.670835255356444
24.091409949898466,1242.3567817801677,6.846715393335247,0.9962244930446387,11.447116806972263,81.15336112973095,34.05471981917229
43.45735887127894,834.0342379043304,5.4441484717096325,0.47453356262244073,6.0811445340047126,50.93561481587879,16.816491264305302
16.97284673228299,1526.055541814028,7.173324056920883,0.8160567571143236,18.16962397160633,61.66619239163104,39.51872614836061
19.99289385302898,1392.453500168404,7.048012746248014,0.43206728506661773,12.771414052304525,38.93666444876138,25.06849308663073
47.36126068285578,787.8105625654998,5.08030133434466,0.7963907226197089,25.334560050314934,86.17838123762057,0.4350208070904671
40.60866320788657,873.2723064716811,5.693796754630044,0.5954148016201084,48.32046480617145,69.58723138468403,10.27981052179032
82.7619015907885,604.4004419872763,0.9449467891244401,0.8865954415023983,28.74767466148207,93.11099383469039,6.724666700577551
35.80348142491381,952.2710904208916,6.0827120557675,0.4109425523501099,44.49655279450489,64.68300941457333,7.200685413559459
54.350009773633694,722.7025138230847,4.371241305517933,0.6043044198214789,32.543941874788864,95.89979702725158,28.022821967993316
58.742464473160084,691.0862312736372,3.891642686044421,0.6300186806188274,23.76232632936002,92.43077430669283,19.21314636363968
6.113028810008359,2231.1030998485367,7.457353158297952,0.4173829418004733,42.73037813666856,70.35218995214638,-8.095364420523573
61.4006766214204,674.8505649549943,3.5901111717587453,0.14431204368748152,23.568405508649874,95.37254067049044,33.872424182548805
20.13305718392887,1386.7633512911998,7.0417186427974965,0.09355940691233555,43.43140852551805,52.616212310618664,4.839807024008229
86.69097698490368,600.9155900656497,0.4329093482556696,0.0166715505996331,14.578838478788263,55.59495138929479,39.853743845657185
17.636331859014604,1494.8146789993154,7.147490551701871,0.8735342642452146,6.440653688149406,33.18345659142258,37.709536516739284
40.24305051679702,878.6863150377767,5.7248312506983225,0.23647491223869455,42.76572321814692,71.24406347346971,37.02653583409826
12.254721786684728,1783.6091008181336,7.329102130714694,0.21150674928176805,29.37075818963334,80.53467789502534,30.556380203198685
89.73431140690552,600.0058957306737,0.03477843086783339,0.7360354004260655,44.45461991244801,84.14634331694722,1.0306665841771299
47.68657587815562,784.3098952422224,5.048893402470542,0.32001611308739175,46.89136034961916,40.487140023227234,16.6316372014391
55.60772647220372,712.9953785566404,4.236417973272379,0.5060446924118366,2.6814195185724587,61.09113506187502,1.2151313412487301
10.701500578016336,1883.6783081792335,7.369559501947031,0.1625110652974563,25.048465092943417,42.380424846574094,2.9837727794474613
68.74663998393011,639.647359625762,2.71869520288443,0.9597457214619692,18.748227453726464,76.34891441979741,20.547588471813867
22.84197541312479,1284.7264255244322,6.911842550660065,0.8515814000172374,31.292919853505857,41.056246069523766,-7.958322732346831
81.33461460246068,606.3225441051136,1.1299770389001491,0.8637896229650033,39.67955986011618,93.29145787692525,38.472928341035384
22.43686944097061,1299.0710608727472,6.932254695279438,0.4067737485720052,14.029510798718448,46.14442519629893,35.93365862889822
21.208456256411658,1344.4928931433328,6.9920281429942825,0.7623612137071728,27.839919218658583,50.398158640177144,9.038378607885992
8.106721767088064,2070.140494069123,7.425053405988018,0.14387615538978016,35.43642899524498,89.56344255056999,15.771122400345654
45.12569033434993,813.2896411518732,5.291654202486264,0.008619002591780278,6.721554141786701,62.092732710200664,13.30597096338795
53.0114963273224,733.654280445724,4.512410743581758,0.019972932578028124,40.703345297563345,31.67971620600511,34.10998893087349
10.585234351409952,1891.5050447672825,7.3723704184587175,0.5866017374045605,30.305479992648653,64.6210375841852,24.43009381580555
70.9198474190759,631.6424812351133,2.451679097955629,0.4553949052479408,47.47687185568259,35.91803347660861,3.9055623712178225
43.529550953582344,833.1040390634935,5.437644358533429,0.5180153489085197,16.976445956534665,98.97413030811174,12.342062723264846
49.573172892844305,764.9768658040557,4.863572988745852,0.007463140417219405,5.407297116859933,71.16780993189217,11.448298784338188
42.464833489749395,847.1346475240543,5.532688918899508,0.4226866196574257,25.325060051846265,47.95728323276849,37.96675841419593
39.06486017440271,896.7634809665551,5.823247935968219,0.7180681612008608,4.290538585471943,69.46023756833324,-1.2344544742680181
52.56942816119852,737.4178280191318,4.558497272962313,0.44269370196743585,48.47632616620034,35.38069723672284,-5.521183135278548
18.195420904110563,1469.3434576762174,7.1249775779337625,0.7322192063122223,1.9342479128595769,85.9923912988172,34.03094160808451
20.463891092098045,1373.5003729535574,7.026695330127685,0.23301896439683478,37.6751950553654,94.77296377049146,34.83429947529354
78.25177778614898,611.7013102522633,1.5270852975163764,0.8131420044817255,26.255119907112203,91.21110717443116,33.58695439560824
85.41981428135878,601.7560542324545,0.5989065677550554,0.5884312404534523,18.431032624914433,53.923032160899396,15.54884578127782
36.731291883779,935.6101098980757,6.010868503961893,0.21076309942990623,3.2921082254327327,52.803768375035794,22.987221413473023
28.01329721720207,1125.8354484010333,6.6212896051296815,0.23672047585383293,31.108346208680388,32.456132785141,18.168152378049193
59.73996117531634,684.7540329259782,3.779439918005448,0.628030464569537,29.261016469547762,75.59802510906417,-6.527608697279954
39.742404543338196,886.2484565637988,5.766949447602421,0.8299395932124434,14.044163653379988,67.44333489328565,19.79174484503612
7.157840231129313,2144.757055301319,7.441549922024026,0.4156277820291552,45.511085070515605,62.15424599291389,-9.319292637194955
18.27297077612618,1465.8706025966226,7.121801232016207,0.2583004291275922,15.205500367141845,93.53416673342949,6.249370477854306
65.85763945202879,651.9208862816931,3.067539265186143,0.8670116069106004,22.486270529605306,41.75152307579924,36.614628793658355
61.00853506236287,677.1189153954074,3.635094953965815,0.6692682917508349,27.188122795932784,30.676638668312762,5.202263481790379
7.303159362796096,2133.0977575190536,7.439155759323945,0.4480854872830765,5.011593908814305,35.13215164845358,36.99133213221239
23.867633764300702,1249.7432317659914,6.858620045770576,0.48790019527930184,46.60808596068161,45.63600064791582,2.5066978574622123
24.641357709986067,1224.565363641953,6.8170154173615405,0.2042564679363964,18.726807622552055,32.32998844844199,5.728112023076623
62.110883205891916,670.849836512828,3.508214523781227,0.6268026300648439,4.038960693717181,65.19905974501948,21.420374821927677
6.675395709120953,2184.074898790782,7.449154945484885,0.35874251054288864,19.364558683766496,51.98633186635046,28.081348639464743
13.849229468688776,1689.1536911860046,7.281967272184363,0.9956451766743493,30.010127354629034,42.633810564769284,15.069388400244204
72.9928672567211,624.9324821585878,2.1936806452290525,0.48018351526188785,25.682633591066477,82.50588524640635,34.10578435970777
20.17629627461836,1385.016577515281,7.0397684631560695,0.4858856061896132,34.7270987018637,44.3115928362771,-7.987978919469038
60.48341916740935,680.2237934723098,3.695065588658071,0.5658517874106719,2.7741971033955313,78.13235706956553,36.10974193171853
25.245536388971754,1205.595731514814,6.783662808174289,0.9167560031187467,14.227030513602806,54.448543409334725,-0.18461000522959914
13.452518384544339,1711.9041773188392,7.294222838342955,0.8008180998597503,40.961528842005116,65.82794324637882,34.211937254232794
25.669636234953597,1192.6293316841902,6.759800335522257,0.4511300697978414,3.994684389568043,95.37069278959238,10.043158974319024
66.39268920773102,649.5015173441907,3.003494660967165,0.718699265972796,42.77429773479788,32.614614437106894,31.637852793551886
77.73419978903429,612.7723632801972,1.5933536318192338,0.5862354987807616,4.594804603855312,65.01851552342234,23.583277490184756
75.56868848819428,617.79264472655,1.8691437751619062,0.4923670487012489,41.72271074458481,89.80960722293327,-1.2029183760868953
38.76060001756866,901.5932514198662,5.848265029839495,0.19231577278435052,18.039420053936333,71.1581973859244,35.90237849407242
61.78723660850493,672.6559719355091,3.545603063433484,0.4639362634548909,30.61045316286079,49.38093618756096,2.2758695244229834
22.423665110344782,1299.5437906614543,6.932914197726906,0.24581858702257464,7.644355782399908,57.8376794601524,2.2070059347499544
29.917557072186128,1077.0954059896644,6.5005796795959006,0.9148421498516547,3.308436086259042,77.61859401100023,30.708944831869026
81.18854457429518,606.5393070450182,1.1488756092257615,0.33540681349634693,10.796910201006755,92.3568326019662,-4.706337221373948
6.105163498412563,2231.770061848746,7.457462726791242,0.9522640145333723,6.392690895434777,32.87464616226281,1.101795318523017
12.268225122629786,1782.774851899854,7.328726743275611,0.5330552900947112,15.62029488398159,35.007717532326346,15.183878671053115
22.67033168741232,1290.76693516231,6.92053343756551,0.6315443786761603,25.71916232555101,52.753606652671124,31.523851434331213
7.255237329274676,2136.9333047117225,7.439950573944324,0.5429404444893278,29.437973178250477,46.29457791062353,-2.6258012631366254
20.42201198263277,1375.1663689097822,7.028610040266424,0.1293806169667009,39.49340536898715,48.545162035568424,17.383411725617318
54.55853268242384,721.05482612173,4.349032216240367,0.37582121900794097,32.81199466241793,45.488899903811664,25.562029590146977
40.82108680036232,870.1680122831976,5.6756589249702944,0.09914611227762393,30.43791625647765,43.70775341986104,33.029761235797565
80.87709544154286,607.0140050148693,1.1891458733190303,0.6229540441833817,20.58910137428873,39.14367768085042,36.77827801011098
74.48270274776748,620.6449513188581,2.0064695861304296,0.4468741952004389,23.690421748006933,95.37678922566666,29.231995723446623
34.054474894319455,985.738838933742,6.213791521347501,0.7779849715709368,20.726041469509056,40.09326247343071,22.641419911100094
27.05099184165986,1152.300063983792,6.679515982072542,0.22047048099936983,42.10830150306916,44.308264233587536,11.681004265638293
37.27385469421769,926.1980162006862,5.96812442747629,0.16456605842933492,11.500022627419993,47.238600678655004,-4.394492290579018
55.17507011375866,716.2726692029664,4.283031020474401,0.4063322309637678,0.2860465770982312,95.31104111912944,25.486859626276065
27.785409469944483,1131.9866632416206,6.635247848931601,0.9265853832183811,32.565994861311964,82.89998935207593,39.63686522377434
58.05265716717639,695.6403722659579,3.9685473722045477,0.7104218150124118,10.123109181941569,85.27896012208603,26.838029736604994
39.799990436255435,885.3697725562602,5.762127228299068,0.41892362479291867,44.505756815490464,37.333078167694865,-9.164445313113687
51.92401037241832,743.0476699767205,4.625295359541648,0.5172721697543106,42.9523164853328,88.541691251097,14.812998902091937
42.07075497650192,852.5012254146632,5.567384585768673,0.08421301117709834,3.8363685964102947,58.57351572721926,20.732331624145193
30.029589561063002,1074.3695444714754,6.493253030075372,0.9845758963761131,5.319420270703867,48.39761183486721,24.483710055142154
85.61853109178332,601.606673683903,0.5729741158373668,0.6664073046949189,24.758579612333314,70.30250584642174,25.98629178003543
69.90649250357967,635.2484551945781,2.57664958788374,0.2854040684634225,30.461133138467734,87.55280340717138,17.9054220608262
16.909619940148467,1529.0914393831765,7.175735713356236,0.5858083942152443,13.745416874112038,84.50565057524366,1.1680166367120144
78.81977795132259,610.582158257359,1.454217925362416,0.10948236606899397,35.839885834968534,92.29982378067925,37.11003307382733
46.431651851208656,798.0978845306327,5.169145387331178,0.9658366688075836,29.745801045943576,94.96925302108107,24.833323383183092
81.03693928599778,606.7682463133806,1.1684824341422808,0.17478498788336594,16.241205487427735,46.66854499994247,1.8420018434704737
72.9876967555218,624.9481295290907,2.1943278549957865,0.6480303180552142,1.2685744021157797,59.670052591849014,6.116091613513646
41.14314787988484,865.5184974045096,5.64801095552504,0.24545446253893044,37.507514064925886,31.0239977443549,36.096383531518484
6.909891207209979,2164.8466073099275,7.4455244056290795,0.7175613826485358,10.737683291254136,91.55251614855419,34.37425933536679
27.837575547720416,1130.5723263083592,6.632061905326823,0.7768213672402811,41.72368717313142,40.820050603233724,10.25732191790448
51.03890824617369,751.0362368545293,4.715943780275225,0.6734197289114326,21.01451300271276,90.3032368639886,-8.084638900427452
58.84564868522252,690.4174511289084,3.8800901950702156,0.6144994602551925,28.853872131588272,53.05711253906175,-7.5751315553030905
26.920453261822193,1155.990611173077,6.687269730820048,0.8924690939520117,43.64743652045009,55.76935129867967,4.195914545919452
16.84526629619005,1532.192105432158,7.178181378006806,0.07862671098975804,43.18115004599767,32.739257813870154,21.456110966949975
75.96907012794043,616.7980462759724,1.81834239920508,0.3309147657801952,18.575978762178664,52.88151528357237,19.20973176672809
88.67418535980192,600.1468373207745,0.1735332431550785,0.24828747963084596,10.444444635742157,92.18545779608849,21.691389347197134
49.68366549572829,763.8940348463912,4.852553872569019,0.9880139620654216,38.75730388642973,31.78831807851229,25.864148596605332
19.592739297105798,1408.9351218577663,7.065749660323893,0.3893897796668735,21.65401018010656,58.44292311327077,-9.04838732036308
28.14612275414636,1122.2826736568477,6.613105639066634,0.7326126992403987,9.602099677950203,32.19797408689188,-4.745720241377857
6.563207506534672,2193.3532588021367,7.45084775768894,0.6847251638810046,45.22126711585751,55.964639757634544,7.974172591360631
82.71539855764242,604.4574932318537,0.9509852017358821,0.21208123747737773,9.905209712054369,42.084844854620385,-2.2570001239209123
15.008842045661996,1625.3734468073346,7.2441440482877955,0.23899768021155132,1.290358409561554,47.65528752878605,-6.233997872772292
54.00390041871155,725.471690299607,4.407976327337545,0.2812845635530341,1.0139986883709984,91.43188612129933,22.048219799866594
28.29469375841251,1118.3368135243218,6.603909417747331,0.4111272782593792,31.115767822713213,60.52344544353237,30.76682387455495
52.10513021384244,741.4514115279544,4.606609078048207,0.2343250656505268,33.08375303587652,49.165859398133854,27.631332871714122
60.370733009908456,680.9002433077585,3.707894585828875,0.019651482746847804,15.552085252849196,71.25368645653835,30.85198893045896
75.52805331511213,617.8952928634744,1.874294602391379,0.8793930568071955,16.00054946235317,39.94748718828077,23.29282720289386
22.54580809965127,1295.1834624925768,6.92679960778775,0.9656098313808841,16.97469575299714,48.15741251945991,26.76726609071011
5.9346454359708405,2246.2925668512826,7.459803592476554,0.34157038703156795,34.00792733794393,68.2373577322022,3.588938710415066
16.63527855584862,1542.3849404309128,7.186098650911979,0.33850687942547286,2.9066895513414295,46.62661292936482,39.650401814208216
81.50158455708893,606.0793474406437,1.1083654433183285,0.007091812774370987,46.45581763456628,77.53894161806113,-0.8417172753056441
79.2806565928138,609.7170005154394,1.3949875568667713,0.680250688330374,11.126052208872322,64.40439115816658,0.7246937194691245
55.780113684476206,711.7073511917661,4.217778063805036,0.8254398957486287,49.983660262104614,84.03923491782837,4.446091590792342
56.04393313686054,709.7555593615443,4.189177885987795,0.14660830036000316,8.57613468935935,96.3771175005728,38.76662150532894
61.52811733643171,674.1225304484906,3.575455740188832,0.15966634936715074,38.577322865618875,38.10634225431854,39.41442946769531
19.906558682993214,1395.979690613151,7.051868680456912,0.7900832499714378,11.170627246481251,53.426550698918135,29.744687485324874
82.72501540362158,604.4456643597596,0.9497365068253173,0.6162907483541447,4.042340082162699,52.36843440148846,21.452879927981687
40.59549461582621,873.4657410589971,5.694918583719064,0.04486055762771701,43.74666621753244,40.5828043536078,16.00312875923067
37.56677490120728,921.2148949944312,5.944824941980007,0.6225469904622817,42.93756295954459,86.72121961334295,38.531042284342284
49.10800494904119,769.5942655548524,4.909764037391474,0.30891772284376606,20.178519622480067,83.1915092827153,24.781140142912378
8.992107175879678,2003.6848368259725,7.407824107300968,0.36872515547084594,35.11980712702134,63.90978295840793,37.23650641630151
19.13408634426675,1428.2658861157447,7.085655576165427,0.7697314182968802,27.853296634195857,67.64395444562267,5.827539973881194
67.73285739624149,643.7361743259125,2.8419413803394002,0.8109351926726106,42.64780568368744,34.168089660174736,6.688739613478283
12.03788677363575,1797.0880260113117,7.335074291328469,0.40035662683983064,15.752798465932722,68.8855146628932,32.73622970592178
56.267929304643,708.1166447130672,4.164825133969689,0.9471529360063548,26.183619999949258,85.39390668137455,-2.507253970735281
25.85467432291228,1187.0600969208936,6.749272827046899,0.40646271795207223,24.268618560227523,70.16793015087,37.29639306480379
38.09012719356801,912.4791523541307,5.902810001757352,0.7718360352301099,17.695291312842937,48.571445908429325,15.373717733170377
29.53896762550949,1086.4198708759768,6.525154431202668,0.48387726456425906,44.57275322781861,76.72837906340361,36.320693929184884
35.23218089952068,962.8987972110526,6.126157567184714,0.897532326522084,8.293896233126773,55.304190097567336,6.839639436290653
66.11890194066086,650.7310066725386,3.0362996351512237,0.9077612436501786,7.475431976034807,68.14112990000146,25.79794520696985
30.255345827969876,1068.9224240551398,6.478413736305648,0.08741680787108386,28.84547676613757,64.12957542952473,14.143756098634483
53.144394425236264,732.5373113312198,4.498503197831986,0.9364933313102257,32.8747114992471,56.682250067562606,21.340181512273652
45.46428418692347,809.265433336087,5.260153041349864,0.8255348415204157,9.730962716228259,80.32145862758946,15.218624656957612
61.41204905582509,674.7854157410784,3.5888040848719243,0.7913107143126669,19.535872112731205,91.87132783901173,38.35578086856807
84.63052784260442,602.4154801139057,0.7018338994067477,0.20091133968552244,47.328192148937184,30.364876293384746,24.60526989069586
67.26862826287127,645.6862239426073,2.898083332905518,0.8051192087546649,12.3308711345337,95.35315634612572,2.565948431315771
23.269932180214326,1269.9008041971215,6.889903726534587,0.8501327346850368,33.418035105869706,65.80605952582575,35.48384609525423
7.650566480209197,2105.566049806188,7.4332382336565646,0.28915033445415095,37.00746968487954,79.05123162542856,4.701486907755218
27.29244376548513,1145.5380304222972,6.665082841256631,0.9522600783623237,22.406434973257976,89.89371963231139,8.580254965042815
55.58162410952166,713.1912860740422,4.23923703444915,0.04986014639916425,46.87629933797915,62.6972584619989,-4.893815098989331
9.37119414616128,1976.142795769,7.39990612640975,0.14990925324713966,36.83283676093952,88.44818513554232,34.99832598980954
47.19113101210509,789.6615778239975,5.096661542980376,0.5375811380515143,22.896228993044893,42.433387361864156,4.305601161393151
55.73164215793558,712.0685002680793,4.223023065862252,0.5757924711223097,28.466760088804698,41.14172741358701,2.9458808965691183
33.41073071944167,998.7778418114885,6.260585633057584,0.6451500833009034,34.630672171255036,76.02299581993074,36.013129899747696
70.52753731839486,633.0126209899181,2.5001532846884995,0.016969129315466458,29.609509021460912,90.9100103886216,30.276343120251667
14.060851516370603,1677.214845726847,7.275286827669568,0.9603667746221303,43.93487919130379,92.46983242752276,-2.94605392403128
11.386711447543744,1838.5145375996203,7.352377430432618,0.04458809273414399,17.84443311402006,75.06183208640726,28.466225195184037
66.89604427730629,647.2872097073769,2.943004653742818,0.14306195272340239,14.994287002790246,66.78424611465223,35.651654902689536
47.11676187752687,790.4751282948919,5.103799008318275,0.01401451752605698,10.691944474763215,53.197516138756136,-6.074439089462804
63.51420369635756,663.3408701641938,3.344819580292911,0.5668584332940947,1.8891484032297567,98.60002909195319,31.26074974522865
41.96032378131843,854.0223407520753,5.577060054436286,0.9322668839209722,2.150698219002767,52.37869806663753,17.3710025936528
25.944172825324078,1184.385332555195,6.7441556579942645,0.6659471660804642,43.50275965546414,82.09302750621151,23.459872468940034
74.62369700230698,620.2617682760529,1.9886801540983567,0.8226574684804273,33.919657320295364,67.23872599335004,14.642716945246846
72.95034971236323,625.0613113525824,2.1990021843278322,0.013281203458580082,33.026620771824305,72.59586397677427,24.89015424526393
64.04920002262628,660.6128459081601,3.281993915026821,0.5420152984797261,30.732140946744302,57.54363854120383,-8.29510691666234
28.13233666454683,1122.6503142053134,6.61395671444964,0.4595629775055219,42.46095723470524,97.53761878305734,28.135336161164183
55.1696066838724,716.3144647901663,4.283618077491239,0.49896794422079305,24.013346283281372,70.01776282694897,-8.33281510705208
35.682781239902276,954.4925700090184,6.091941437923346,0.07221318533518795,43.52054142791501,95.6451341321153,12.764992387367172
12.784476232763904,1751.3277226463565,7.3140700878815785,0.6844353610693075,17.972251309111957,30.531399132173988,-2.451750343485256
82.97165391429064,604.1477528328433,0.9177028000138938,0.5032204148586344,46.335375216954525,70.08694082337847,31.178713867565357
16.629583628111718,1542.6629862942636,7.186312025724552,0.765148849861264,34.93284900406201,80.203082280769,5.683045458783429
85.7701750747682,601.4971721813281,0.5531799929675458,0.48529063406171535,12.858856801221364,82.15561198135526,12.704677230216625
42.91049070142624,841.1797718407497,5.493136862766919,0.14938163622643208,28.204246084431254,93.3483817247177,11.437537064915581
20.73629895128267,1362.7540201873926,7.014149280011618,0.648256954077822,26.651528074412777,30.30811263026504,28.625098284235328
51.061580527160444,750.8276546465622,4.713635733720914,0.17238636210516622,6.894941086516698,30.023111148163352,14.057217989798772
79.2003960494947,609.8649116930992,1.4053089348795034,0.8723945633548149,29.562145287530704,63.05844225566507,29.4479167505173
67.2391153448127,645.8118691765794,2.9016461100618414,0.6131162390692415,15.739281185847897,32.05055935037595,-6.324586159866238
73.55769756822323,623.2553140197979,2.122872430260972,0.15720388355695425,2.6174383404801214,98.21727875636623,-0.4203016048502448
60.99658617041098,677.1887050889891,3.6364629860441346,0.9623380574812068,47.432807885328245,45.544562217897436,17.576712482318033
63.84350798401746,661.6530621818574,3.3061828922156344,0.5183654633353206,32.07451845321439,63.08653105553913,37.35441623763475
77.18163038305214,613.9702119210997,1.6639584686449989,0.072898451871655,43.84594659354235,34.27963410085565,-6.262107663910984
26.221780753030806,1176.1664117145306,6.728178511703577,0.6268329044150672,33.802800250662656,66.5433891319881,-7.845789192156785
46.601121909666944,796.1905957417785,5.153049627009637,0.2531989070128102,17.849184607005647,56.59692876031859,-2.172466253607216
23.80280255466619,1251.8993505077829,6.862049458640913,0.8036934518773025,25.634403616440572,33.12620202140566,22.05765644300783
88.951780679715,600.0917792041027,0.1372039341143401,0.8178220735661906,33.787338017358856,53.458698668735735,9.94964583351236
85.24504387336212,601.8929594822612,0.6217080813280387,0.9789473558546619,48.01261626007188,57.4005214155999,31.277618970884312
8.351278966323001,2051.4827538605064,7.420471469146394,0.5018695310245037,12.683472956084824,99.2945043892458,-6.40334242593171
64.97388966383352,656.0678645005701,3.17273424431032,0.45495687972773713,43.74885293120588,44.55201103435628,-0.1792956592649464
83.6461069803316,603.3865859700145,0.8300189449280905,0.7534756054464806,46.20389026471347,68.13457307590699,5.001320273244783
20.34890433582335,1378.0836058179852,7.031943517258141,0.13247065634192656,33.520775732947826,99.112088443904,21.33650433443926
53.275344596973504,731.4431886808752,4.484775825699565,0.5469155137931242,46.56333137006689,85.44134455580945,24.25863451507736
82.81650529498356,604.3339295204423,0.937855711185719,0.5462476001308509,19.893929373868424,99.53572506174622,-3.7898353018113085
7.885408179792901,2087.22589056375,7.429083261358767,0.08947312281038722,47.65080880202214,97.78088202621184,37.19023544958698
64.2807227159814,659.4548066330626,3.254716719540385,0.41798408550691357,35.139143858298745,64.2677679465908,7.052206759510458
30.274665626666817,1068.459090844024,6.477139142120898,0.853284798567202,2.100288370940595,78.74630949093961,25.658438150014156
83.57367660700508,603.4645829293304,0.8394411532498797,0.8561536219946603,45.343641590952636,37.73101888588058,16.21038594738494
87.53995083905626,600.5057775518371,0.32192075090768124,0.099237664919681,24.223640451659627,60.880417753276134,1.1379056773553309
85.26265157464188,601.8789321756658,0.6194111417937006,0.09072088274783086,23.016349238891642,86.63129795866882,32.31141615577055
45.30820841588442,811.1128364221086,5.274696477745268,0.2626954770019353,28.323330298981713,65.37347246840004,30.911901409596496
78.27362533409165,611.6571777608506,1.5242852576993209,0.8747660625539935,7.469227338561396,79.18893229720624,9.803592695834503
76.78669887548098,614.8610186987034,1.7143265906743574,0.12890258507349894,23.458302428369933,82.20259309889938,19.43037928469277
32.12354022567673,1026.0958027897682,6.351776418167208,0.7199968026274463,41.55636083588728,47.742839887002575,2.8912847967969864
75.45781530280757,618.0734637554151,1.883195597319616,0.10116561961310322,0.7741229568757668,91.29895610597958,24.492581437315074
8.145648950816874,2067.1551075241314,7.424333130355644,0.6231378537478254,13.645858016218565,62.187570163642526,5.451340631021571
55.682939670974505,712.4321700450537,4.2282900156217265,0.3560672991191448,0.122729322192211,44.712957253508065,32.203936719111745
24.55075116945476,1227.461717131932,6.821951917787997,0.788913962965867,20.785565457492417,90.57911172519107,0.8692552138637151
15.2481852910687,1612.698792062856,7.235967406795421,0.2336904488253636,36.41577552468674,59.24731642743775,-9.259828859076793
11.541022138482777,1828.5675956867865,7.348362838014725,0.6392018293899598,39.93859145573143,82.52187068658037,3.4254020983959226
64.18454594964189,659.9342262123346,3.2660544087997714,0.23568253457588495,47.25948805635033,68.3623150555115,-0.44737567702566494
33.889371920285626,989.0446808614552,6.225867973014362,0.7136602831121538,30.425230648539326,56.73102265641503,15.414321986246215
66.60517557994473,648.55951941276,2.9779874055256865,0.8736780345607488,12.731343332644773,86.69134905269985,0.18516458282881487
10.555288967910101,1893.5286560105167,7.373089478693254,0.12680179912676004,46.20739745683495,70.91289521512292,28.15949353597474
31.79967871560188,1033.2420604233503,6.374217358969676,0.8665956885955035,38.765787694018805,57.33934716989222,2.068531900200197
50.85675985190366,752.7196346424471,4.734459725779142,0.5935752544142979,28.721424150157226,37.67185092345889,25.348408995632788
72.2114690113119,627.3583850017576,2.2912853188969002,0.12711049086702397,34.782010785946795,92.68117196366956,18.923546150686203
32.09396274922594,1026.7437844305896,6.353834325723782,0.427541855359712,46.21581775037146,32.48287097391666,39.31249282359422
58.20076699714577,694.6502442371584,3.952083136906695,0.1608602934850979,35.619701423646084,90.42311438576394,39.99504885046158
80.30810860007591,607.9254152619142,1.26262409534606,0.7003478888665695,18.4187253792367,55.19730674182088,33.476304165866495
57.34837099549589,700.4422018067762,4.046472725661002,0.7588681344179496,35.65141011445483,74.75371344509841,27.999168464937554
24.80155535405887,1219.4776300968829,6.808245687986257,0.10579652027279896,2.0139081367693934,94.55398066849797,9.322820700028686
7.074066432305732,2151.5169436544106,7.44290836120155,0.5061398526946443,19.32077809152906,40.61946308527289,27.663836356565177
78.95840428157904,610.3178992455951,1.4364119170022036,0.8146250560259172,20.316151592278963,69.68653329471671,37.833776853974534
6.807899922282907,2173.1823256371777,7.4471187987736105,0.9361630415509965,8.341911721041734,83.51030036591345,-8.831121230227792
79.34964217815696,609.5907935068426,1.3861139321881029,0.51351786674177,1.1542740275885088,83.03086829033401,16.89573500988694
49.95965639231302,761.2124216005159,4.824951331798058,0.950279223611407,6.669061831887141,66.79423402196528,0.8999152194217288
84.82075437359617,602.2468759822823,0.677038746819989,0.5356889704560298,32.731074789852755,73.73176219345206,17.89381579344252
72.89657504076156,625.2247697645762,2.205730942271915,0.39419049459990796,40.11444081818438,83.02688958929912,13.322354487944558
89.82439939533369,600.0025753838636,0.022986029414531622,0.8482031285528955,49.41017463634871,88.87193464301882,18.788429077614218
34.81050431339536,970.9298120972362,6.157834227340133,0.49298271045808906,17.318175155424715,83.32691678131046,17.54811107093621
70.21100455914579,634.1418808040844,2.539179022428642,0.47190251056452304,29.968961113055087,54.780346022686984,38.0053519584281
39.16412765678558,895.2023372861063,5.815050332513667,0.4903124894098283,46.857248340756094,99.77084807404133,17.609305446736805
45.789427725832255,805.4579707069088,5.229730320322189,0.8467850018697454,8.35208906690763,60.41518856035131,32.31160440624336
58.337964373561455,693.739097249947,3.936808391233681,0.8319415416880521,35.88227931713713,31.712529193125338,5.991014340042325
79.2625547058388,609.7502590579779,1.3973156704848992,0.4035199924402112,37.74893665745816,55.38318661098234,11.905034439552445
88.64709488194009,600.1529005012226,0.1770784095355848,0.333299859870525,4.4487767934669185,38.94480682016903,13.520673802240495
70.30324017848405,633.8106190690751,2.5278151203466637,0.4919280240391293,43.062469259153254,38.50098310098625,3.9364021667689855
40.51017648422337,874.7218095177604,5.702179523168128,0.572772509737109,40.655252355542196,49.7074528074826,8.989513073897761
40.81534519355097,870.251523314425,5.6761502001394515,0.23833721062799695,1.6701503288717223,33.73628459240826,19.92565397333876
67.69449563505577,643.8954498232179,2.846587815149634,0.7939550847155906,4.554220744002574,78.19585318866942,19.009388165226618
25.296057390305698,1204.0361880928572,6.780839659984608,0.4864827657324229,2.456344694592616,35.179221894133356,21.821767228674027
14.390299616168546,1658.89752508337,7.26468938511829,0.3340455484199596,16.73717658996811,44.23026888051693,7.590895771007055
35.142883399466,964.5861104230921,6.132893414097061,0.10682099296399061,25.46444953399631,36.50298001458836,5.791574757652855
29.415314290596946,1089.5036289628538,6.5331192666979785,0.23884516040360693,26.61738639773144,34.421741163212175,20.580894137708153
30.186190238759156,1070.5845687048036,6.4829701322589575,0.9492811717559837,13.383337988472132,48.74261658776791,-3.356912578623752
24.856658839242346,1217.7373331927529,6.8052168419232695,0.3050996868195266,45.579844328013706,70.0329277362259,2.651577176606999
8.57792111909076,2034.39832775778,7.416104482150737,0.16885928936703531,18.413139493595658,97.52798895127893,-7.893613152350239
6.519284452340174,2196.9998429988423,7.451502733349788,0.4606727916549932,2.2775077982676253,91.28896580447244,-6.369457370195994
88.95640312756268,600.0909714363552,0.1365989579177453,0.3070877433602487,15.011355577069319,91.31537478117274,2.169163963030444
41.3607163675483,862.4158888548882,5.629232307747138,0.035159250271194153,26.555471127207774,42.324692522636035,-9.023535985154048
37.66776500857294,919.5125760913897,5.936755927193193,0.32314521727941725,20.411091129411602,48.54350354484741,2.270529604373076
62.77001902891094,667.2583333634502,3.4317244979440935,0.5441086239394686,13.692125954962957,35.3475321756714,22.748816153101302
23.551580468530453,1260.3236509623584,6.875255470244895,0.5517123720199669,6.566162488215871,84.49278379406294,-6.944646076553348
85.74670063576916,601.5138686890296,0.5562443737056769,0.3565589211768887,40.95822500481149,34.887141103989336,11.836833889732048
71.83932622532193,628.5573840965462,2.337621079998123,0.44730275625260063,49.80726210620959,68.96869695745973,35.65543934597747
12.59993519654206,1762.4693404458558,7.319377564991118,0.9655179182347664,16.477106676194104,47.351290062676554,29.564241446270046
40.49436594171891,874.9551133273662,5.703523680092522,0.3773484772303116,19.081052208830197,47.04119438201214,5.271875114742862
79.725056142784,608.9189496962163,1.337789498345513,0.258226813259983,30.90187623384785,99.35075386733236,36.24027395958235
85.30222189476987,601.8475999024795,0.6142489469184335,0.24346704406676012,35.922073736777065,82.97458648849762,6.4823248373862405
44.729128456238925,818.0809607282672,5.328313387357644,0.45776461270413416,19.601476740179564,88.5857550803735,-6.374225183121876
57.13996808291015,701.8931438812215,4.069414652356364,0.7595201487169441,45.246475849090764,70.03878797408089,39.70279783840568
19.19788541782639,1425.5484030082257,7.082913801639844,0.2059881841884732,28.000199461445916,90.97100011756245,33.50112635945859
89.249333221643,600.0470662169473,0.09825924038368199,0.7092961271407681,22.51950382029655,75.1843377416447,13.296639165054618
24.692094617592687,1222.949430342932,6.814243680511218,0.021149823349416286,32.333637657995254,96.23215933574417,23.318826209620198
85.13220080148568,601.9841045315243,0.6364271523717254,0.418932977983946,47.64019241245866,49.69370102319458,23.56140389283351
60.21996516435132,681.8109642179306,3.7250366338075054,0.7758650652027869,39.727614721085274,71.67236820480265,-0.27588846347698315
56.65762756470303,705.3048482034483,4.1223058465185165,0.3387329557744314,2.000656526756217,78.30919435558245,0.0024316576816154623
48.57852343640323,774.9674975199214,4.961947410390874,0.5637371014453995,16.615495536997983,57.50561135194647,13.479035167591288
24.606933996009488,1225.66415777266,6.818892927343416,0.2049792328259108,23.527234247561136,91.57955876828373,35.578657006884896
20.004882720468203,1391.9651243927392,7.0474760292863285,0.7419953911261723,15.725878610455263,98.5862214172908,-9.500311257071461
23.741327770964904,1253.9505948124638,6.865293209630166,0.05227910326875962,35.00937804152283,64.5638643960863,29.125281797467963
20.847252282261636,1358.4214710913002,7.008993742520571,0.8525426448755004,41.31345749312905,57.34484583630373,-7.123660814267293
71.26468025317403,630.4648639405013,2.4089762512350306,0.19819638642166815,36.56725475926358,63.035654998952104,13.91110574415589
34.76064702917206,971.8900525444064,6.161557527756101,0.8743980317083307,49.46666434141376,89.6915722012352,21.89364165367382
9.916627507888691,1937.4530411707253,7.387945425224918,0.3525292413005173,13.627382394651455,75.18278978627174,24.33796335412324
87.37372356196896,600.5764909136706,0.34365841196042785,0.7226835744744866,43.74947475122107,33.134066076266656,-7.076036819204431
80.12180022189118,608.2363104398373,1.2866570091110159,0.31922529778618847,38.33113325872431,67.95189373120004,10.930180869198413
83.8589440715931,603.1625941458733,0.8023241093483812,0.9059116712346476,18.108937877907305,31.211008591867888,19.191863025116234
89.567164924947,600.0156473997904,0.05665743993339596,0.12663712551837436,36.70622718284843,84.49747597023838,-6.697723134699654
19.78109618365642,1401.1330748379496,7.057443591325036,0.1785197892725987,5.203797820912348,52.98185914797246,-3.245272170234511
38.68057160672599,902.8749208496542,5.854817817324438,0.4930301251588023,39.466674117027615,63.040523748213054,23.182449475201928
69.45027043484777,636.9437291205959,2.632651716450129,0.08193843903814613,26.61653012935513,85.90746741353425,16.081909829532584
64.16175253457234,660.0481877573447,3.2687400369818707,0.19598018470176193,14.61450863546266,33.25141721000331,-1.9085669365854727
18.08115203888768,1474.4871707967893,7.129634099980338,0.9437663822120144,32.788865089209004,41.09790749141273,16.761966845736673
74.34581562420252,621.0206740945987,2.023729192372133,0.9764896611478872,32.08099993572045,57.85722635115804,35.63461867222079
24.077448606116157,1242.815104963107,6.847461178409311,0.37625932933042194,10.474311135979985,46.094761448189246,-9.220620761231803
24.024497259922963,1244.5564258393892,6.850286030289778,0.9232860210139356,1.5198707405763068,53.65309980425442,22.131688674292732
50.64282594594015,754.7142820506906,4.756145649987665,0.5448246756734317,21.681129345083693,99.87223165247255,-6.317478269732904
55.39989446154477,714.5616654317619,4.258839459480031,0.26974246587376705,28.47559346722106,87.77901063016675,-9.677527851764957
54.30732766621395,723.0416846717444,4.37578010757997,0.7023987210805986,43.83026391852992,91.87312704720759,-2.4672755669683095
12.776381178809164,1751.8141542826172,7.31430449657573,0.6589018065748572,46.41083978237972,95.59382434960428,11.145331592695964
79.58417332358233,609.1681149977512,1.3559312096990852,0.9891253191087334,26.44026090783832,53.86551162199369,30.117199949097646
27.576003620040016,1137.7018120174512,6.6479815291508055,0.2650472874092833,37.69017418842724,50.79538704575309,4.089274830227932
16.008768309038356,1573.4920452588972,7.209146267112166,0.6720595026617354,21.965163616399845,46.38437448004524,21.28366061943793
80.54358678886307,607.5412790913315,1.23222943645829,0.052023755029446894,37.30410782864465,88.10818379156858,10.557831897765332
86.23037734952904,601.188639326635,0.49308653978126515,0.11364603869671941,10.240076246958346,77.56863035996295,1.7165895983003985
78.2808474675633,611.6426080531846,1.523359601115278,0.003918374951093262,18.553236740176573,46.53203877380141,15.71235571414293
73.80886635161464,622.5298712273461,2.0913187507890303,0.9994606810596731,31.71139994068074,56.389568044731845,29.87322451863116
60.69556835431685,678.9600528944275,3.6708742654490925,0.8022736971474778,0.9078982803539415,65.46982347529587,31.62461850280721
51.82287650177684,743.944611741711,4.635709325804032,0.7867230147335408,36.1230655169477,66.96980400916276,32.32597659386184
12.393874592469862,1775.040883374054,7.3252142234307165,0.5097260752881797,41.77677506340834,92.21094099862003,6.927890627748969
39.71852311100939,886.6135373762477,5.768947560440407,0.30006708290543993,19.957083054697573,56.63962930630514,29.672803235787654
36.67852394604669,936.5383226561876,6.014996958490812,0.15126428446267592,22.397120858858216,93.59668213503586,0.6089227554453931
27.079071619627726,1151.5093991540066,6.6778435628942745,0.28467473884646366,42.56411061082655,60.89572922238527,26.921255062144162
66.49070966352971,649.0656504048493,2.9917332163945,0.3759712219291391,38.78273176630167,82.24608723546476,37.419221313630835
47.14943748169552,790.1173465427319,5.100664074898196,0.756310096980294,14.407474451668751,95.11780239895393,-9.31280826545214
11.888928352150074,1806.4382952649426,7.339116097879843,0.5396617889031524,16.198805328076947,93.53029927742864,12.018196558939902
23.715572165733963,1254.8119479329102,6.86664986939277,0.07748362655548269,33.94391161952983,33.98670071069768,22.38854942070023
63.076994911065654,665.6248973907814,3.3959455688516105,0.01802900895891224,28.15990462240806,44.39930064835989,25.088788524377648
11.471123056675516,1833.0632357404018,7.3501879586068375,0.10233217953406315,8.111478554824847,63.38337978725926,-1.1956120865398905
77.35258769414534,613.5935858081621,1.642130539200607,0.41049871369737934,15.49649546145832,60.20880029671751,38.60916376192964
47.08745479618782,790.796469331498,5.106609349894831,0.9331929170490183,44.999163843932706,74.86241653860449,20.76326839854865
45.84985907276508,804.7563855982926,5.224057348384506,0.6374024812092216,34.40872183611317,96.12963355777886,-1.7829699385866107
55.354661696059,714.9045092987453,4.263711879149386,0.8018258998755151,49.29871588427597,37.86832978945642,-8.973874414374235
75.09788210363767,619.0013175070962,1.9287638577019026,0.46637459450454855,38.35062649903847,61.630106559396836,29.163209939488794
34.56378267168641,975.7039712128676,6.176213585211657,0.3616660831950428,47.09872160717951,43.46877265209975,-6.014763027727046
62.631372967520406,668.004201026959,3.447851866682174,0.10840037271662273,10.80942869352377,92.58753188785633,-2.9474539464881735
53.08721693964224,733.0170577214622,4.504489689147254,0.875933022186205,38.574243740846285,97.5206130061157,18.74150134278453
27.697402964400812,1134.381182325917,6.640610209931567,0.7831600290279028,1.0108760073898715,63.509117732324505,20.175275172480987
79.68354884018842,608.9919905576508,1.343135307055383,0.1681180975977251,33.538001085576695,37.28072084096985,24.344355929619923
72.7812118365889,625.5774001623122,2.2201596340650784,0.5122605638762605,23.46411390601207,84.97062667058712,9.675700633181037
60.96840594596617,677.3534547931804,3.639688721607234,0.4873748079212449,17.338003596003432,78.79989453446794,28.694933448341146
77.29944697301056,613.7100771801706,1.6489171525527233,0.6250915526865286,43.12021761465446,54.826957862721734,38.71792998079443
78.7200070815832,610.7745000625764,1.4670278400946963,0.9461868939912612,42.71338463287653,92.11852317782744,3.5547471539941515
65.21085302077796,654.937264892771,3.144600921398271,0.5797714417624796,1.115085244932179,98.3082322847895,25.151430826897297
76.14613291091213,616.3678933545389,1.795847788110902,0.5402172667786186,30.47525612247155,69.04976943911367,36.42343261975784
64.2850742418891,659.433170273096,3.25420352773861,0.050322932934663944,18.39161121604782,69.60095379410046,24.314338130852136
62.81196559962554,667.0336742861164,3.4268412912596373,0.06290747601802393,20.78305007502246,50.82594535796445,24.055474932212974
57.581967148290666,698.8322656486416,4.020693794921455,0.1873467913267889,41.6020369609388,70.915422518832,1.1886284542603303
68.9809143623995,638.7350967666016,2.6900918402548215,0.03247077169174828,15.491988576383914,60.77496243673926,16.756510015984645
18.481433949911263,1456.6067002039144,7.113198183046929,0.7433528955700124,47.152440531881005,51.15337188496363,18.126142180229007
79.87401453190891,608.6593604083137,1.3185990878507643,0.7233303039939631,8.981691318607037,34.70296375667309,25.00647812279764
79.10669985834473,610.0390503185336,1.4173546257021954,0.13605623443164294,33.13612116840889,47.68955017963874,39.84107249480913
7.486019057937527,2118.5464430451284,7.436075115046447,0.8360789007952809,33.60525335068824,43.84982547743651,-8.317808872811895
75.19442379800482,618.7500085059828,1.916548882202206,0.15478603484611198,12.60975807139591,67.94293891877643,-6.738366936625658
15.953938735242842,1576.2648483944442,7.211122319039357,0.3011755869973588,16.2375304483601,72.11690152345156,-6.102496528454062
33.48510261202706,997.2507585171479,6.255219766271272,0.248976899161365,41.739924628997024,72.60002070142116,27.148956724447842
68.19820178478666,641.8306688680423,2.7854773176536196,0.3723070985730478,38.09026274774762,57.17267007319754,-3.1823102444621245
18.6645911641062,1448.5526714859338,7.105561769452971,0.25466376588996187,16.454794015737978,59.486081357984716,21.122593724517262
74.5271970501203,620.5236108604086,2.0008569880751805,0.48895092643845206,26.697827346746696,88.3966900748448,6.233443894672924
75.73140512640806,617.3847607407042,1.8485087698000189,0.4074078813546854,3.0840148126547726,63.336296946201365,12.86599781053555
48.13475736967108,779.5692789527484,5.0053568287654615,0.9865694907793265,10.437294119931462,99.14413324959857,0.7831579908706949
5.542799095930854,2280.1228926868116,7.464932439839488,0.055926350128225666,24.291027943019955,60.77320610062054,33.30532806522711
29.398241319867587,1089.9309017098612,6.534216591615625,0.14218137638735162,4.29868676396058,75.47066612324872,19.30751620815132
57.43878806193809,699.8170012216679,4.03650254009922,0.052825893908602484,42.16661774459688,33.52540992953771,37.228163179112634
88.400825132331,600.2136486690533,0.20930432294680712,0.6258411949823758,35.90031050538239,75.73379470931675,18.729812485216478
58.704149796416814,691.3353830179676,3.895929180790256,0.05450927741371958,47.18168353242474,89.59984760905043,-3.8045984701526674
27.083304390453584,1151.390311522931,6.67759132181328,0.8364397373761233,34.673345298201355,95.97204869733073,-1.4564783080762282
58.890484763466965,690.1278491386902,3.875066429303882,0.5119386306819278,47.02006861310928,99.81244281478394,39.45369881839236
50.898757275847714,752.3302880090259,4.730194795807011,0.5270076245815337,27.72562778454825,49.75250519544632,26.278259866543387
71.2868585878472,630.3899743003303,2.4062267637171755,0.5615945077121942,30.01093055309847,70.27590453780019,-7.536062498545517
14.093354300291464,1675.3931970325866,7.274251991289462,0.17081370630621073,48.84855273131304,61.55025898725032,25.189050251733242
69.68737171267239,636.0570631588726,2.6035676905215004,0.19769030311448754,32.106457343213016,69.46722364026198,10.608652340480582
51.00765918746937,751.3240693494909,4.71912373559097,0.3188173228730047,1.53932844303733,41.021707003289265,5.360419341159526
86.85432032801454,600.8273343803994,0.41156167301774194,0.5934964158218514,36.19013883152616,89.9304700817159,-2.2969603134732868
34.059134113288316,985.645926608533,6.213449973880425,0.21011777594021452,45.27343460687078,93.66982603412113,31.995197727828284
58.77286091638559,690.8888855254727,3.8882408139424234,0.11633172713326123,39.77901248971633,61.47631641790458,-6.8079310505449655
84.22238896835148,602.7980179199194,0.7550064651303938,0.9701168864184322,29.19166363127113,49.63009031015038,4.491773118982016
13.713326879207736,1696.89278848448,7.286205042423261,0.021981814809622913,33.56517565467582,39.85833993571086,5.319144691285219
84.66442141509835,602.3849884823994,0.6974165868116238,0.8026974053360216,49.509589462583584,77.86353773444631,-1.9547358018249827
63.47028639556913,663.568065479084,3.3499639968984316,0.7880351495750221,4.533104425466917,51.85622877345146,15.409244164343512
10.766150023939613,1879.3469641005624,7.367983372230009,0.297214113845096,33.36224143166198,93.6676998939372,-9.414868659455369
30.58190319047938,1061.1499706691993,6.456770731827456,0.1356266160073134,14.169884728529691,76.9708732391409,5.0487757705204555
65.19462753484893,655.0142411828128,3.146529002698216,0.14562864670542341,32.00451982930851,75.19797276219686,36.6814722016532
10.724801124845595,1882.1155316837287,7.368992524504103,0.6974316172371925,30.381178794196938,69.15814811287686,5.526478467100285
54.484489114983226,721.6381281157801,4.356924964026169,0.6428065910861737,7.672841605408104,33.204343760010794,8.02296935533758
34.40005984100132,978.9032069773016,6.188346811601959,0.7827456742513867,10.337332287011957,95.23457049799109,13.658252411703579
57.777819010235554,697.4957214020124,3.9990286799554906,0.9374811723991047,31.081478902160676,73.95562453096221,18.084668742573736
8.888072874063592,2011.3380018207679,7.409940375417968,0.691927363266592,6.411497365188707,99.58433883681772,30.435432241037198
79.08062852295198,610.0877863885671,1.4207057140747943,0.15585153655144346,13.259043756516142,67.6149483341021,-0.48393884219911953
87.74656238007874,600.4243433820866,0.29489825413732196,0.24344261676541068,41.762277386900124,79.70776243343492,33.587318859627864
87.35461769928378,600.5849155915876,0.3461567175371589,0.8421937308731146,16.35457530008193,33.93466905063555,27.877467857194468
68.7204056981486,639.7502716676809,2.721895415714984,0.20930607583420857,24.403007813483146,74.22153237763877,26.132516733077765
16.057330411103717,1571.0430464303518,7.207390581086836,0.07252231695448141,47.05701675729201,83.52547281132502,-5.659771314268238
69.45237165396692,636.9358177472286,2.6323941676885823,0.7032800540422505,11.357454441847315,84.49600063967901,-8.917965501270766
7.089887898998128,2150.238113188048,7.442653025910169,0.40252635549014204,19.48130086790052,83.90781565611998,19.7006350454042
6.880501879964767,2167.2442676263563,7.445986258335411,0.9200400525459036,30.322888777177283,45.83978391055673,33.15669812615806
32.50686862771101,1017.7816216807755,6.3249527113880895,0.6502550710936615,37.76694647519861,98.27789343236581,19.222073207031794
46.534671184396586,796.9367445609059,5.159366299232283,0.09041897779166075,45.08266933563526,99.66274844374571,0.6617432722765422
70.48463051366242,633.1644467936549,2.505447817863056,0.9478565672536607,45.773649378675756,35.29171126131209,-5.474005102539339
63.08010701155294,665.6084640191775,3.395582343638539,0.2585572636402459,38.83200371863115,95.55124959682301,24.979822640886752
42.90173004202361,841.2956809276775,5.4939175810108924,0.33721249040628576,11.416541829665523,50.26144360130586,26.088513865890476
28.2582666339416,1119.3015429036927,6.606168288635421,0.40226041368354204,1.2404665021282901,78.24988572256754,-1.3734149656445673
89.75558251340544,600.0049894865633,0.031994077141667555,0.05122429640431325,19.18869651778119,53.66776445152925,-8.590484225173187
41.2254106900577,864.3417858596185,5.640920294973163,0.49651542223060485,7.077442549391167,97.74280263611851,10.414175661159849
43.367897068022415,835.1911598445568,5.452196499848342,0.12331849107529225,35.5193823719149,37.10527008124748,19.135935106651107
18.90802480129188,1437.9701010424901,7.095299864492565,0.40097032668835175,33.05652934128584,64.84227718694632,25.30012047835956
72.558811643744,626.2647840165864,2.247950189940969,0.3507097879920843,2.198582081072742,59.96334543594523,30.497250457645137
63.96298919142654,661.0475199087205,3.2921373053506775,0.7728400834265033,41.82968895654756,52.82164165945895,20.526871365336618
23.765417087044632,1253.1460159601916,6.864023065023936,0.8031705116327311,12.437163314559113,75.1873793616104,-4.455969570075748
12.002388877346629,1799.3095344682606,7.336041984452502,0.153412882389088,21.61135377455211,39.173902039516726,24.12908360712074
62.84244067635061,666.8707450608317,3.423292385537967,0.3665511873792262,33.39668677278712,80.16636926935878,39.2088321447441
60.633453213896495,679.3287445861752,3.6779624660192973,0.3733531610318317,21.470939342612667,98.64144866633511,35.2792292298702
28.227059794847793,1120.1294272000182,6.608101322414106,0.15141044393608505,22.06439013999717,86.31911001280412,33.583445463475634
85.82340279128488,601.4596581876103,0.5462312413855847,0.7984535050511905,3.2813997667870187,90.20117270366818,5.108507667917042
17.839920801376522,1485.4505189130446,7.139371264660941,0.7072283283354233,20.07217746300019,55.17457202253017,27.539408822700032
41.74845808862116,856.962056410207,5.595564709647047,0.19038178629703473,38.242394660999175,52.74206245368531,32.555172298257276
85.2073532142459,601.9231626687588,0.6266246620731355,0.36672190859379905,45.75881685932989,66.19338482830932,23.91631023156316
40.676821938720394,872.2729739889346,5.687985523470366,0.10580502485651422,20.67485685316859,33.200863033359084,2.528087828399027
59.27470555144727,687.6707866039742,3.831918512565954,0.6282065970930439,21.179291343953942,96.17506941195728,37.691698593747915
38.79552382683752,901.0354241056966,5.84540186492974,0.12137192454861967,35.131355316182606,40.064962111133454,12.540970572933794
28.308292199636952,1117.977127949162,6.603065484825252,0.9859341686249178,47.13860005526383,93.21091274176646,-3.50972206670603
88.6381000765854,600.1549407893663,0.1782554963927927,0.7806820746878623,13.35304701196801,35.8507555400249,-4.5111052471304
39.79339053677866,885.4703604297638,5.762680196616723,0.39023854958399506,22.007210326896843,87.5837449374992,22.37594936495229
80.99843231272642,606.8270392695749,1.1734611706738038,0.5785639322793544,39.79866217761506,40.63737681147506,11.885482320836957
24.546141500742326,1227.6094354641377,6.8222026096213275,0.9113418162164088,30.484678468701926,32.66921298640309,-5.27580624105182
23.11389984213208,1275.2676704040528,6.897947175383714,0.5540992803958261,5.529317198197736,80.3642615181586,27.01822860780473
7.646397045183466,2105.8936321709075,7.433310873990184,0.17449848639795518,31.386636778113285,49.61857101220998,29.966258362930986
60.39168015695023,680.7742248447648,3.705510896737863,0.3787033555811593,9.337314229866344,80.01473069490447,26.270781539322563
36.324739216519696,942.8212873704533,6.042544404122346,0.8431448650297454,25.510796703920207,68.85596753309738,0.11304388420064626
78.47045123636914,611.2635074595337,1.4990495835088449,0.6442130159896179,26.455163383021922,37.61651731610459,24.48877279980347
45.222842068782356,812.1287480873971,5.282634524250908,0.6507243843338003,43.81016811124924,95.24910513108146,-9.463859855280745
87.29644137275135,600.6109455072465,0.3537636857361087,0.8668214856884892,23.124713700621907,61.66199223344343,5.255606983920462
20.769668834765298,1361.4482873262177,7.012601485953712,0.8939730574625047,13.97212111179471,81.41130944590816,9.941076570377188
78.83296927622692,610.5568624401812,1.4525239162728054,0.9197925717794363,11.548317410801578,65.07144004109375,31.76234744427508
71.01073248729804,631.3296893134275,2.440432776121887,0.0948491932531561,43.712593834216804,72.30530324728433,9.519718653470214
70.52835679474443,633.0097250713134,2.500052150833159,0.5441260019631009,8.55054272091142,51.19415146496847,-9.436527690530085
76.80657438993545,614.8154931404642,1.7117936665435896,0.7405095212183186,21.293428044157185,44.025221280241524,7.617320591400471
69.68703923015491,636.058297979037,2.6036085058193983,0.7569268451270138,9.358655746347349,67.97991423856475,14.946204917964359
58.22872733867031,694.4640861660118,3.948972033248567,0.6067162019700039,38.66520200571877,60.81532810797014,37.45023933363867
16.155814603002945,1566.0961499840366,7.2038141448590345,0.16678733518367417,23.71863199873095,57.307924940375315,37.051715189477235
7.764725256756413,2096.623567181726,7.431234055545389,0.7974205539416643,17.5571845278406,77.07970365662362,-0.9562980889294224
83.27206706433338,603.7990551019238,0.8786618659181779,0.7201113335149457,18.05498203132334,78.33546424077952,-0.7426729130274232
57.41527673426273,699.9793238163165,4.0390960751679525,0.08613577154903629,42.61071033614897,33.214403926388414,-1.8309271767724749
72.70566973297498,625.8097620120816,2.2296029533643544,0.46380982467437626,27.688697714721904,53.71211459705705,29.446096620705163
45.929399878566755,803.8358268604788,5.216581624990555,0.17397739952180358,35.89339255656318,58.823518515846416,-9.698897981579682
14.97119606180353,1627.3819768641447,7.245418639915576,0.3374770457129719,44.851925812534226,36.78245128149177,-3.6411400904061333
15.640792337216787,1592.2594633837587,7.222281467931719,0.018081092205685434,45.087083802032105,46.513060668880186,16.89798158220495
63.27304941446257,664.5945604002163,3.373043773188092,0.40032986841075824,16.425452716893158,33.61492580559296,2.3781033443382764
41.57600106645433,859.3759161073558,5.610570879719375,0.5498769211562105,47.62256315731926,99.73694690319144,-5.3821770880368955
22.044601769528622,1313.2560705557385,6.951689715119573,0.6195825928270868,1.2437941007302722,81.55900420788912,7.993900616691715
46.785536473022134,794.1314119324734,5.135483266215107,0.6634903451287101,18.841778050808283,36.12151095519276,3.7103802530122394
10.457759651386397,1900.141497783259,7.375417428138218,0.83629131310246,44.78994287544208,31.417456585306446,15.555215325714226
54.4675691627239,721.7716934601194,4.358727542315659,0.21546290727573003,13.731843990849146,80.35014601065961,38.961679691509794
27.864439376983302,1129.8454416990576,6.63041910354354,0.12048182243846794,13.654072516065918,60.74345159778669,-3.784768159254078
72.792523554161,625.5427051925635,2.218745253439737,0.8515371718979257,15.131114254094435,85.07576963452033,8.636335241704714
31.38076650850377,1042.6548753630004,6.402942342997932,0.1566128148926499,30.61566924234611,94.64332264728687,36.59925089362373
43.6937126719531,831.0000196594492,5.422822164335226,0.9747600813361953,21.91663878071769,71.95102723114607,33.84365217469113
5.9877458921885545,2241.757250181195,7.459081714485015,0.842538229398637,36.33674181766713,43.09758960420771,9.71355173921403
11.157985462537503,1853.4088192834065,7.3582299157238165,0.5008766058895991,44.74553212823329,84.75358252325168,24.947663225986823
38.36195229456821,908.0249735969719,5.880793218663161,0.9814214249220252,33.70996874714303,96.90682202220621,-5.607149320932722
45.7948009509555,805.3955129037749,5.2292261462126755,0.09737672910800421,10.223336009878775,70.61619009419692,25.627052777180758
56.00174659014082,710.0660968374723,4.193757232784687,0.30306576117510164,46.63409511802511,77.73982130965135,38.64288647423707
29.791319190290775,1080.1851089907436,6.508805544699212,0.6382244150406114,13.224643667373925,53.623228652567114,16.87440764170958
64.07346032075611,660.4908651424175,3.27913815720599,0.35000686847317874,7.494714766407906,56.706938626221785,14.924511351720714
78.1104037610824,611.9889951197783,1.545198783365595,0.9283725519807918,4.498363943048044,81.42581484971447,-0.6340690149044832
71.28733405593474,630.3883699079079,2.406167815145382,0.06562608817781757,28.16918703330828,94.94397688847734,21.689409945364595
8.367600154610358,2050.245833343172,7.420160868000091,0.5494118320609646,5.6881231240325905,74.02918710570466,19.521864038945743
45.84309051691546,804.8348718905609,5.224693033359265,0.5908662673951145,6.938794205631538,85.28935359397433,22.596652973787528
13.919065165544865,1685.1987987910818,7.279773689848394,0.6527281237772241,15.001524029774831,42.01445121907611,-8.695835665763909
25.573826348314835,1195.5338925934757,6.765223621172973,0.25566622333181444,14.08265048422319,44.83713631805815,17.436174417453678
88.86632042770745,600.1073567465901,0.1483886261126654,0.36456642751986446,30.211975516607115,67.2424280783373,19.74674217486865
17.112121146628624,1519.4045854841443,7.167980910207879,0.8436805296649776,40.83726397363407,42.35879345699884,0.37650677064010907
47.40549304336527,787.3316039788651,5.076040467737536,0.19494276897015983,38.06748281014462,74.44965491546466,0.4166428744268007
57.543237417040125,699.097996294633,4.024972518539544,0.826867847173362,13.124222735823837,50.41572297762893,3.810908425547492
64.70952249624884,657.3455273152122,3.204056999617634,0.5626554229027424,12.265524899298995,85.40728330668244,25.586079586361876
52.5701380963877,737.4117242241991,4.558423477551856,0.7621875111940821,48.28957650534838,86.56772426300404,20.313303176618582
5.830522030630611,2255.2197376091794,7.461200504811692,0.7136073662634715,0.41181207959800625,62.465121902874714,32.28813230589023
32.74921120073931,1012.6045864546745,6.307848454186987,0.207511495384879,43.98602665301079,42.65674445263447,4.78292859215491
49.00548968770047,770.6247580232148,4.919900361717725,0.5688127364338729,9.986425956120248,75.27424727573528,35.603402994415916
12.468652427310836,1770.462746266789,7.323107093087078,0.8677231528050924,47.36421615448839,99.49509127845104,27.18530809916792
34.803289152780366,971.0686335494006,6.1583733381465775,0.43211623680192934,17.115364241375985,73.58136285597664,9.750583500684847
7.822264247266158,2092.1358107282767,7.430212715365032,0.9665907702233167,22.017588694662614,32.50422834998055,-5.236896718727204
11.679172258176763,1819.7312431829675,7.344723462551019,0.45221510010171806,35.35603069721905,31.21057830369578,2.8491831243741252
38.738478477135665,901.947057947325,5.850077500063205,0.14278563666788469,29.383452573663014,52.42533793446143,37.83841086074251
16.28083909366013,1559.8539241291187,7.199243243375436,0.38943468007767323,15.89696648534114,43.70486648022834,5.518168794203968
53.24097210223244,731.7297596573699,4.488381329506201,0.9517024063905372,27.691545793391175,86.91358450003156,6.495048007453221
63.60452237666759,662.8751879363708,3.334233592092779,0.31972084933985423,36.53534421814431,89.13639669252004,-0.5205534451141496
73.04986942427205,624.760333109195,2.186544301090462,0.8680981598670628,2.116747295124605,48.10331399173333,30.342530056938273
22.01277076080886,1314.4200703893193,6.953252510917133,0.8812506816818898,0.5599652627852059,52.79513438649249,3.782211512113868
19.23601949202093,1423.9285415385525,7.081270790610505,0.35018652433196107,22.903346953644565,46.53728774005803,6.512912418442781
13.888266428424021,1686.9411413464682,7.280742430446919,0.08325765805063212,6.591830890175709,93.58677831598848,10.71740542158133
59.09657121120912,688.8044649167323,3.8519445065827123,0.7245579091588182,33.21721457323572,65.18545342355975,11.686413988730486
65.0504367513866,655.7011366273464,3.163652150967234,0.311512299013986,10.70262281137171,75.9295930857414,10.567039520751084
7.684822310179573,2102.8772560047596,7.432639934801874,0.7829236142575724,21.64255533978355,59.08374606897223,15.187184768736433
84.57804093071364,602.4630846417786,0.7086739765832027,0.4426548482604331,9.883546843713448,74.17099354531717,30.725643980820166
9.417559110375155,1972.8111363758283,7.3989154627734575,0.48526674234262157,27.424179287456223,57.009876370521525,30.964252037101105
51.01018850059099,751.3007571721437,4.718866400750695,0.7779094067485368,5.802672969228445,53.77749064104578,29.915656688167346
65.27014415332789,654.6565252132095,3.1375531879240226,0.3823633310616279,1.155342639374013,74.41360512214362,-4.943758044175625
79.03237551841728,610.1783107886513,1.4269071546248533,0.44312734532291453,2.556581905334859,71.37434546342925,29.983940163740705
65.69738923125637,652.6588129866459,3.0866691573369827,0.37619046876962214,47.7129220757655,50.54695679175647,-3.987411325671161
73.1468870609323,624.4688320570931,2.174393277400042,0.36734051527727996,7.114310930546791,40.45439152236314,-3.763811497387101
33.85326636613851,989.77111168593,6.22850202725165,0.5259465769014594,35.42391265684176,55.80036856866963,37.39313858174804
74.26013466845355,621.2577082394182,2.034526524970434,0.8087994445011507,3.396310211141312,59.06383473993365,30.969892235277065
11.809761942697387,1811.4379162076693,7.341243996880813,0.36176831192256587,5.408017611759108,74.00790333972233,17.620523343400432
81.05941576514485,606.7340494819891,1.1655761068628847,0.5242547205377367,25.443812570466733,94.01701345458046,33.748510223893106
51.54535197306758,746.4267953539957,4.664212312855336,0.6707273254426008,23.243546507717184,32.53293582730476,39.46823212759314
74.47031044681196,620.6788149671593,2.008032559844302,0.269439446303655,47.57901547199348,47.056270877929144,20.53210333158888
43.44705418405551,834.1672610224759,5.445076163211268,0.27752280490239256,47.24177265103687,43.560115959569224,20.6449218490759
59.70410409170462,684.9765680075652,3.783493331793964,0.9334131270234548,38.98043212712325,65.16060860856484,27.7213514579964
49.74422617956962,763.3027893582776,4.8465066671970884,0.7235345733310886,30.105091506367486,60.079056493021184,1.6069476182666378
67.1851093492032,646.0423090502709,2.908163678939398,0.5771866762233089,22.74801586965055,81.0326336674132,-1.6437569240600318
11.938548472600115,1803.3153460704616,7.337775224490559,0.647720054420612,17.808926716421052,46.96911387814047,27.979037500753627
10.129927139197923,1922.6195014099294,7.383085851627802,0.029299443103418366,47.354377348777774,71.6148856024831,7.245239749705117
26.00377489086245,1182.6108625573083,6.740738719376444,0.6181029655616969,30.14544057123428,91.87000845199715,-3.2464821847033
18.56129780962101,1453.0850653695438,7.109877334602271,0.5095088732242019,28.953626384299724,93.74744179428133,5.743886295887489
79.10160316033715,610.0485681212667,1.4180097546934696,0.5457496797794357,11.595056088445743,97.11492233075218,7.931843393728769
23.633188925433767,1257.574913782858,6.870980034370093,0.3594238268308171,2.334890894255653,84.1282806455992,38.26138297528453
87.94854674462616,600.3516485817636,0.26847723128803275,0.08147389771294189,47.25942898797722,93.41915343812406,24.897985554396158
33.63614230054408,994.1662115324989,6.244289958324451,0.19333923361205219,15.686762942232695,46.4171610389692,16.542815869986697
20.480022833539437,1372.8596272012933,7.025956786375287,0.9507447132126717,22.129451166222935,43.83066610453339,38.443656934130246
72.12437310711073,627.6364566778257,2.3021384275360894,0.40869956227093396,5.731997179285342,30.454165864636852,35.156987023709036
60.99016091757447,677.2262494403085,3.6371985497058024,0.46668315583086417,41.8462164954646,79.47910502003688,15.600042830707988
47.346635898516816,787.9691306842469,5.0817094617727685,0.05270978985343899,1.3815916427965313,95.62270314696211,35.28398176884904
52.205901829698654,740.5688480113276,4.596192445573405,0.03756622954398059,41.699538104954826,43.08547415291735,10.21523290313283
66.13215115314242,650.671099071722,3.034713715306905,0.7171814470467577,7.014250639398339,74.58605027988152,1.521033267831232
24.41865301316039,1231.708889425306,6.829118427884656,0.5380946641211113,44.3282056315576,82.25218314552443,1.6339088411042564
89.68838286482307,600.0081102776212,0.04079038651158197,0.5087059842162667,36.48863186680787,94.93299646036395,23.115776222106334
87.85741878247657,600.3835995684503,0.2803978637849911,0.24312453042266868,8.233513125365254,75.28021568120552,15.053516035363856
60.277683339489634,681.4615463696282,3.7184772159324915,0.7447507316299222,28.290899642973404,97.92056129241266,22.947542350272336
21.961108328977335,1316.3134419115509,6.955784394735461,0.16823657910849188,15.632815717760973,54.127119870878346,24.303798213108493
62.81940060665976,666.9939019031708,3.425975553803106,0.18993474366102003,8.911654945579173,54.494997363998536,-8.88385635511412
11.136864763229948,1854.7932847866987,7.358764425279593,0.46071217134827547,42.95910997055542,68.01087570100418,-7.298020382604883
7.605462687493516,2109.1133997462216,7.434021946298953,0.2862798621119409,20.17613832536147,56.845131678113496,16.633886329562493
26.903045523453162,1156.4846131917598,6.6883010958343405,0.24746298123314636,19.927185718269126,30.099800980127284,-0.4482261119961546
44.32295132284189,823.0774811383399,5.365596808377823,0.6452376445533317,8.494333740331001,81.22404175608912,21.626688440221983
78.80316295971234,610.6140641425727,1.4563514866178644,0.6509717452185445,19.153283804288932,82.62019290349383,17.609286958532405
66.80937093013618,647.6642658818491,2.9534368233224577,0.8245170697999292,43.58084231644251,82.28822232807394,19.28801791854456
68.13005430199838,642.1066642737987,2.7937577850183395,0.41770856697297587,18.156435524481797,54.15144666273267,5.122768991550533
41.1669334280864,865.1778089262625,5.645961950976674,0.07308509102615024,47.5801781249894,66.56026313178204,21.992175313894833
34.40447436649185,978.8166163588703,6.188020320883455,0.2736663849214577,47.31544496041937,55.19814627236686,31.474631824251148
36.53829485369123,939.0162125937295,6.025943389708958,0.9800054631968169,7.244932965367301,31.122548002145205,39.90356267961186
88.95021291756491,600.0920539799517,0.13740911930570066,0.5962585752327021,8.865562676132244,69.37142588899931,31.922219308610714
8.409281270061012,2047.0916516524576,7.41936492135497,0.7097370848010203,43.13370351659446,38.663246625880774,17.874937983997373
78.69767717040813,610.8177954132079,1.4698942440316645,0.007357829625414536,19.63804594623596,35.60289268640084,-0.3285204160021724
54.18740972865344,723.9980946855512,4.3885191404720265,0.5182057321825209,0.21869911415046683,82.8849348087751,24.072293805991045
42.28231063111519,849.6083544772964,5.548791330602297,0.03752865753180312,13.69359098526855,30.665434169267392,36.88268927789891
66.64690113528661,648.3757881432202,2.9729737708624526,0.569230212091448,29.881449659778,97.13059105261082,0.5933269866151196
46.36686002109974,798.8308946599855,5.1752871796923765,0.9207708496360754,39.9632982979984,66.06787548788037,2.799781026328855
79.24097523694115,609.7899839567399,1.4000908594041954,0.9684191305004078,6.669430854662978,98.81115014943039,-2.5495728294174427
81.55965844095698,605.9959050051484,1.1008464903738195,0.5405526753889242,5.527068220836767,34.059830073089586,26.836082181320087
40.84627878424371,869.801856070043,5.673502723056854,0.45820480525221596,46.10463267861658,70.84706842061394,10.328075171182963
28.530362764979383,1112.137921657993,6.5892309632262425,0.945017094248494,37.55741839112913,54.45289251831379,-6.8652180556807965
55.34977793043579,714.9415679852718,4.264237793678884,0.6736098319966951,29.48898003890392,89.043774497,33.74749957451401
82.55088437741873,604.6623252590571,0.9723422906667927,0.06489927953840946,38.4593394997964,55.285591466400035,17.883595235128332
22.90628606548166,1282.4771988083398,6.9085703118368755,0.46572557766749756,21.442718065331924,48.23413053401444,6.554714600017789
57.95215960289604,696.3160749599747,3.979703821641844,0.2402450184643039,37.92278736545633,90.02871889699392,7.199148803054847
58.68261870786425,691.4755897132854,3.898337229481723,0.46980432144868156,18.590149563726786,56.22571641572827,4.512561009545339
67.31460690529889,645.4908791992548,2.8925312941910657,0.45546557200636173,12.204728624630118,31.1783323902393,12.774008619632092
16.183253235817084,1564.7225795374052,7.202813924244262,0.582144802814742,36.45067106464843,57.320237058753364,6.8520844244072485
65.84512199797753,651.9783050482738,3.0690344039104764,0.35677049034925123,20.983614607863416,75.81655883076593,17.39731520353047
82.26776425657948,605.0258043884742,1.0090778325856278,0.16427044945592806,49.06885521630974,47.80516771644673,28.67586261356471
20.273064253970567,1381.1219288242905,7.035389486023035,0.5037194345899563,17.47425911540505,60.239131469761006,23.723064172218677
25.1911826185296,1207.2781380516326,6.786694244414972,0.8302028843457621,46.086371026553294,33.970059679755785,4.722844637705856
87.56858299353937,600.4940652583591,0.3181762247367094,0.6640122280676023,46.64812742835397,71.166495405977,16.437050576988963
20.38304098030663,1376.7200243865573,7.030388418958466,0.33836786592521584,12.092647353237307,82.94064467022756,32.00630799561254
77.62273293641422,613.0094619768715,1.6076085097500703,0.9355230227588572,39.911059079400665,58.93187929807772,-6.589688262863726
46.84361779808296,793.4863671097728,5.129939719657324,0.9122075712491822,21.653725257228256,59.416284296102205,-6.085136650654762
26.01464132427005,1182.2879321355372,6.740114969189109,0.20934839938409877,45.8762363615174,36.17977490094415,17.808503402487673
79.01374160816347,610.2133811071662,1.4293017003937167,0.039417585120362975,22.50621363176194,44.13586051583878,21.95575641949016
42.85094667522657,841.9684805584675,5.498440679932375,0.7413087083507622,37.2151858668683,40.82727121895388,0.5706507887952057
48.75947508402366,773.1169476890782,4.94416104955079,0.8276102613491533,23.348370458189894,63.71814380630766,27.261006334575903
35.53483639898008,957.2328280058337,6.103217210810867,0.9678645659513553,11.390037785642809,67.04788786655251,22.31316885203637
55.40082237196883,714.5546396286854,4.258739478279057,0.8898363940883107,9.967506447234314,96.4258091898982,36.164463411814324
18.899529169726936,1438.3370975390153,7.095660154495883,0.6005347682064148,21.27155971281728,35.12620529940637,-1.552289907073165
38.24193061539966,909.9847515370952,5.890530859730887,0.5300523392123808,37.77473285071075,71.9907581208533,27.568713267900534
87.40004739849944,600.5649838153104,0.34021621290726733,0.02784105126258629,30.25357425903834,66.8548969129769,-5.817845470836649
26.94134177959584,1155.3984082094858,6.686031323554633,0.24665644684477783,34.431464495027164,66.13631685550804,18.264620475894876
60.822616486009835,678.2093316512119,3.656362880513907,0.45961475173292643,14.116317536597123,91.12115011679785,17.594756974957292
32.64115545909907,1014.9054148755604,6.315488861901632,0.6285039000835678,24.071767297880275,44.387692948684055,9.41925223233703
70.74521568336105,632.2483706808443,2.4732710813110037,0.5572518333184107,2.21976324846635,32.854129203896,32.22855738342836
16.124261161059735,1567.678225925,7.204962320278635,0.7426359896816905,40.876620797906035,77.05900553439348,-9.781467760699389
87.4347888316763,600.5499750427971,0.33567318898506393,0.27976693088704085,49.494608111993735,54.161022489518615,16.00897009492604
43.57211101760934,832.5570645927555,5.433805883235844,0.5649526076524732,20.343953131233544,31.23129413487672,0.8576774917593717
25.064289384449438,1211.2242877165509,6.793747597149706,0.08814224339079213,0.5481826565771675,47.59618051032896,27.174930955821644
11.247223523051076,1847.5763007442235,7.35596049801076,0.41366552358320696,8.489631977547369,51.652874195176835,-7.846628684695141
19.429421932440963,1415.76399957172,7.072889742503566,0.750160832954601,32.62634388752094,73.17868637489694,31.57773440907888
49.1807856272615,768.8655110289101,4.902558214605763,0.693400853429044,30.603965910192958,42.08100558344905,31.904611335347575
33.64526999665934,993.9805214278854,6.243628052245754,0.990642737172179,39.39323597927719,58.913804356737856,31.643300620175147
75.4550861000218,618.0804058719405,1.8835414017277705,0.277891125987756,12.694200548053407,63.77328110924827,-2.371573663366507
41.625439511253504,858.6819986241253,5.606274235607304,0.49818929917397914,38.181595777356705,62.146617395486366,21.520325928052245
26.14071316994854,1178.5544362006826,6.7328605319555335,0.3295304137739967,34.39920107618349,98.17585366667473,-9.28163204083052
57.45732386134255,699.6891532280097,4.03445737648411,0.44060311405917474,16.140724885692165,33.185296645320726,32.39812956445999
65.0760634352629,655.5786839145312,3.1606103556354372,0.8569501298693881,27.274407402848098,96.56777305166796,26.148759675431023
19.19856217158074,1425.5196269261842,7.082884670969991,0.6842090751884866,7.363690424916336,70.73560497958233,16.557686544962632
19.247633384507,1423.4358639010748,7.080769781521232,0.8824411913475817,22.628225171779132,85.70094004788868,26.529571654830853
8.117071289351152,2069.3461967263042,7.4248622416623915,0.20351110833188646,44.05986697778205,60.12748326112528,-5.283795167411389
67.59417128057945,644.3135758361213,2.858733215739583,0.873361117841438,21.05956899126954,61.76865168798863,16.432791608842816
61.423384847853434,674.7205118876855,3.5875010687591184,0.05976227417838442,41.9783353237711,91.55285493110765,4.563824590822271
45.34362443873418,810.6925007623904,5.271399774772954,0.8885992804371524,29.51266826298472,92.71541474043315,38.63097316114865
76.75448816238176,614.9349551091645,1.718431067223982,0.3290737794607279,9.593835655117838,46.70822170019083,32.85589753119508
73.48196300075452,623.4765070138374,2.1323787892149286,0.3145876334140665,29.05531223489482,43.94693150092327,26.663784791698845
54.75512097372393,719.5155392088782,4.32804148547793,0.5120885766986639,25.299166457853172,64.73646217089657,36.687381762486595
78.80305884362699,610.6142642349532,1.4563648559675895,0.9406901877232318,19.9320667598192,93.01939189893841,7.342165228273686
22.4965028531253,1296.9402114255522,6.9292716640099625,0.04778136468140537,5.981521975803517,52.56485653843234,35.04399494940906
14.513167648806869,1652.1489211805062,7.260675545795578,0.3522309750707453,20.835433192361492,75.64102307373919,6.261911605335516
27.928716978944117,1128.1102084463055,6.626482424562111,0.8565719886833357,3.6381188119813554,79.57061814184208,26.63983598455765
9.852382767591763,1941.9533042917851,7.38938904255252,0.39605447743546673,4.938452569937563,84.5072265425909,26.82084558882245
50.149409880087724,759.3877011726481,4.805908625182506,0.199156897597067,20.795826646635803,69.47471205446743,-9.082506177295326
84.61148384507173,602.4326984194922,0.7043157753130171,0.4247941813314118,15.269074098423186,58.171862479527874,8.052984913909757
8.34420095682332,2052.019489380766,7.4206059803588715,0.3855525014916693,46.277216293111174,97.6911192159281,-9.028366379575106
15.379342690852278,1605.8223974600828,7.231433134942377,0.9154162014667034,18.785290269013526,72.79315273119968,39.85460088051243
43.436917404092,834.2981768445597,5.445988566819361,0.7619343757430971,37.89290610360501,80.99956481432895,-3.8901619085381
84.37937648987192,602.6475176008862,0.7345584277225911,0.5051155557440064,26.512376318312135,54.14879919871149,17.140544782405467
31.873268923023794,1031.6083148428866,6.369136017368857,0.9883705667215711,35.204283432116775,76.8964426702156,29.527811938131862
48.11495873851336,779.7767099329358,5.007286563154939,0.4652775312759233,13.00579915076996,48.045836351488816,0.06318011304462345
8.533693019283328,2037.716741915504,7.416965793216784,0.05823783082027523,47.095248641916456,47.156784227004536,14.252633404773633
17.60917208177755,1496.0716934738664,7.148566884693601,0.2622743218149849,26.504424845721196,80.03055412665984,20.37143804605754
88.86356045150198,600.1078801820786,0.14874983526198116,0.4360704802193126,41.56620356426248,66.49763153840546,-1.989762280222731
87.03508919706387,600.7348920987597,0.38793272811781787,0.1569026241461201,18.252284673805676,77.82936272956728,28.927772995576923
5.419898379424818,2290.865780988708,7.46646916109098,0.947565126324043,5.010567452526226,48.860694352366416,4.966822859468266
85.9040017609753,601.4037644303153,0.5357083424937814,0.7668488978177731,33.68558238604244,71.91063387397114,0.5511538169420156
59.32519471431753,687.3511780068402,3.8262357382960355,0.26828720042777265,0.38798241687122426,61.075355479217876,17.914437321870842
78.77305503420187,610.6720079257766,1.4602173878690923,0.5908045335179158,23.764648828275416,71.78722007918695,10.515681382146894
43.65288772887802,831.5218121762337,5.426512420101346,0.721449157109572,9.640095133322962,50.36158125709535,36.01429723182089
48.82566242923627,772.4437727675913,4.937642940182661,0.941278928906798,31.368775221768107,80.08156745543867,34.0031349099077
46.55195932183822,796.7424102557561,5.157723591221947,0.8816353491754106,48.97099365689261,86.41505563116259,14.167533169444162
61.68346189141887,673.2411129189195,3.5575675064454684,0.5151922261382137,23.220145316032298,48.19415317004066,7.9631887362798786
16.870356654286596,1530.9819283990446,7.177228933087665,0.7746526197930176,40.874912826283335,51.04343918989494,6.27589908156326
7.547755139177626,2113.6637736043695,7.435017940973616,0.562144753827585,25.38920934755605,76.2807988803365,3.378181154075369
31.17404503525123,1047.3714517786252,6.416991288092726,0.5527038900455401,24.792001555201203,78.69096220124808,17.22739268562386
64.89786483261497,656.4335176822551,3.1817487683016474,0.1147419583381919,46.52117465893889,79.28697790782151,30.248930236727176
22.157543430450612,1309.1417684424368,6.946127349234542,0.12613765801615207,44.49829343733408,77.78889533430858,5.5378304101778895
62.24175683261797,670.1275074020687,3.4930637928115247,0.5295336150224574,39.29002325939872,57.49654018667772,-0.49529551559592555
87.44252391911799,600.5466609386303,0.3346616799681661,0.2688615449790066,14.812787665839206,57.639757208257485,13.77419030916434
12.981560842100563,1739.5497783068001,7.308318067333115,0.02103690246046863,27.250420786197026,47.8372336551067,-6.548279160116674
62.171180049135735,670.5164694646646,3.5012364617530425,0.7228392039002123,11.19486166528425,40.978358992745406,25.06395030648534
42.71876864088855,843.7268797248435,5.510193058913328,0.03248659669016496,22.19583490232699,78.4804165577834,15.91791331509668
78.79209162208795,610.6353522508898,1.4577731092136894,0.5952768411040545,24.21065328798953,36.5232150180619,14.818740398642706
20.057732103027803,1389.8159912123174,7.04510639318653,0.5391937941273144,41.582002008466546,95.64546007507471,5.022268977501124
63.873205939223986,661.5022110321452,3.3026930959807768,0.9688146905778044,44.801418266249655,87.8680412570016,35.23367187658683
76.23979962008937,616.1427359240752,1.783941125966256,0.48421313934764165,20.731003119823892,90.02540179700793,-5.475685407522365
85.29220865529197,601.8555034344581,0.6155552642000263,0.06360143637779736,0.8852222536618604,93.46681702306331,33.49120044435157
63.076082404619896,665.6297163381232,3.396052069087764,0.5516879678064617,43.08869198946773,58.60234795062681,8.835260120796132
47.25985494071632,788.9121723053759,5.090058233751773,0.8410961706161014,8.713933925068035,89.26905063452807,34.031175798751114
57.517015417103174,699.278178191089,4.027868388289776,0.9968492842814399,31.094098194519677,41.06429102041545,26.438072916619177
78.85692368069105,610.5110077257204,1.449447532731156,0.4303431736890725,1.2485450217065597,31.5149256225765,-4.791463666898085
53.50182846430052,729.5659262762647,4.460978498907706,0.3202987424967425,19.975323763028214,84.94239762646951,31.57681432546768
7.582900074231134,2110.890941707477,7.434412260198847,0.9066532969519989,49.29801510576749,35.23576535978575,24.108841684975253
84.13063911809311,602.887923625477,0.7669545098374496,0.19124212907612137,5.0346800551901545,99.19672671281451,-8.384904354232578
63.609773837682695,662.8481759043916,3.333617828588987,0.6154289150329266,21.184657599982117,77.23575007210891,-3.314865894516502
62.503637791065955,668.6958736060478,3.462692210375523,0.4057144241809477,15.357497509497609,82.74147971694738,21.781402791784757
23.33238795380596,1267.764856312337,6.8866698154923895,0.041082364955555284,45.254406169413215,47.206269939450614,23.130025144014247
61.005264969775865,677.138011008471,3.6354693635227444,0.34728847430569776,43.46700539536776,77.17057757437817,27.332571641879753
38.478474480603474,906.1327346309367,5.871314811594754,0.2652285225026746,11.884938015311441,33.025395607847,26.012270038749094
60.354803048526826,680.9961620724507,3.709707010500658,0.6860911539434869,4.059389352521558,88.64780039465205,22.97599773349775
14.06040757617921,1677.2397488536362,7.275300945804892,0.9487904976919181,31.356919703055873,41.87368651221007,28.311945087321128
60.916850891258065,677.6554351994773,3.6455878492120215,0.26804718737863775,16.818435594185488,78.81506467836394,18.754285294618644
89.95016669050666,600.0002074092336,0.006523164136246566,0.8114659391516817,33.604219530303155,45.713635086290985,3.039569276222746
9.098023303147261,1995.9352744181226,7.4056444694683945,0.05535981693840952,1.6059878033907238,34.79172185982299,35.61883068653591
88.05980565881197,600.3145250809612,0.2539223106038424,0.5381210100398132,6.669961758874471,63.7045574984576,-9.089298453401103
39.587176661444005,888.6286333148132,5.779919137558613,0.07055006370989458,34.31861163863217,41.85003471909526,8.328085993574511
79.01404327866703,610.2128128432569,1.4292629355077058,0.9340329911306393,10.618532765124888,81.06107918285849,26.44351465485817
71.50276614495324,629.6662640668628,2.379441544097189,0.7663512805573902,42.87938378812008,46.62960903684394,11.357802057483717
53.19638218386676,732.1021727922835,4.49305618308609,0.6579499112045923,2.9295443855067713,53.97307893650802,-8.758279625999284
67.76818278636276,643.58980188019,2.8376615886313528,0.8238963816246643,10.77409913927873,69.7207475885131,-6.700954844189341
79.67382271061457,609.0091502884788,1.344387852946015,0.6475197955701631,49.92801242425343,49.94777943041181,22.43186845691443
39.3519273403378,892.268339898204,5.799493927283995,0.9689443971742911,21.65380512933963,56.459168134697315,38.243229970264984
32.797818732875285,1011.5735062468088,6.304404194076995,0.7139579478647715,35.14828317723217,87.09352397282707,17.59318179172495
61.7454377729047,672.8913047045307,3.5504235554103656,0.9246586095822468,9.133152442850683,42.5446894692718,15.337890901188452
73.66690506500699,622.9383604505992,2.109157954206693,0.517131892010638,30.493436749276885,35.75411126373535,5.916260652813364
69.79423645601234,635.6614122866567,2.590444521827121,0.11706441298186265,36.30530341847093,52.98504495931135,2.8345336933031575
72.81416015298393,625.4764138475666,2.216039642151883,0.5281777214230171,15.723831793325527,59.706373690971475,-8.950750912185764
42.024581759099306,853.1363044843192,5.571432586694238,0.1268728280630933,41.444855598793886,67.98614974955973,3.647743382023558
74.51590837487684,620.5543597569431,2.0022810779493594,0.592493479176405,30.170878923614165,56.06965873225049,12.455522043262622
15.217769706501718,1614.3004074204382,7.237013495556413,0.48249306052766294,19.45615048075151,85.29381901559636,-0.10251084755249096
51.28157332667221,748.8146350472543,4.691202113938845,0.6225753978327817,27.88211966715793,32.752364136793126,-5.632600575928539
5.489486142340334,2284.775260708812,7.465603270808712,0.010046981054831594,28.838042371796213,60.223727673899056,25.886393362730132
32.589795541522975,1016.0032506018515,6.3191125460680935,0.1948404916553641,8.2767646346933,56.757914025948324,34.73101345340336
36.14923046406882,945.9771829081756,6.056124962531258,0.4913304319121309,20.13661849334831,75.33049435648013,36.83860348435428
38.67467878678671,902.9694829587515,5.855299874579634,0.9505035615891348,17.171529400974656,97.63933763281771,20.899936424849468
64.11471256863828,660.2837905507113,3.2742808727733848,0.3836090403551584,20.045136128956305,65.72627846402035,-7.361270870035909
38.027438607979384,913.5143754089513,5.90786869979085,0.42437202605363467,38.05552942426289,99.08137928592043,27.04313149808867
43.138957922915104,838.1731214913916,5.47273139963434,0.7146960890066222,24.126920373333633,51.15745764392382,-4.495234736905681
25.191251124317834,1207.2760146255478,6.786690427531277,0.603792757286118,47.015807661963215,32.16076927797227,23.487405884391194
36.72640228849391,935.6960236672926,6.011251270183498,0.29892615009833323,14.68382066792181,41.59642172334889,28.968291787393788
24.317918317367877,1234.967322969103,6.834559032658898,0.4108163955674278,20.78517891424645,57.65874193421971,26.29323554132364
11.221653520317709,1849.244717547437,7.356612594274015,0.21769979885723245,39.34784052395207,52.14337364319866,37.59419028805653
56.29313043741712,707.9332977450849,4.162081288761724,0.9660214591302085,27.301229666037514,36.79378916883644,26.90731422336949
61.79808787717638,672.5949556380829,3.544351321530686,0.13063438155735974,27.35140732122239,60.28620753835018,24.660488899090424
57.65667941081723,698.3209882545134,4.01243466003747,0.37183678456641944,2.667008150259176,53.668104016169394,3.0871586091551197
44.39699372304865,822.1598669706045,5.35882042190016,0.02583897222001119,19.92998313592279,38.58334543202069,36.23843432179508
37.281791315234535,926.0620998820823,5.967495185285149,0.2217794919335464,13.536686621086623,50.728199142833624,-1.0228064602916547
78.38336021360514,611.4368273894252,1.510217999886026,0.7804711383801549,49.96675614155577,92.05052387487734,35.24483057365632
49.12195173657854,769.4544335155942,4.908383816026375,0.20117523228887946,15.417753531615514,51.14342058425382,5.633127167295518
45.73045959852713,806.144395393193,5.235260324865701,0.0800634025289656,44.22482673969317,79.97687962694361,-3.491820306116563
7.179575593547034,2143.0077902410285,7.441194871570113,0.4744531798445233,33.811686752023874,72.84329557604289,31.334151363558533
34.00606534822329,986.7054308353322,6.217337786873785,0.009969234734518495,17.04582045960452,59.90268136858602,-9.875227319958542
37.31662759679785,925.4661164386962,5.9647318927654185,0.08476615442633317,27.176718918706182,46.731794576256846,31.604415884041536
38.89993637623654,899.3730307842256,5.8368288438258595,0.8076258695629751,42.02679399745969,55.83102895421618,3.1155921022987947
54.31465138432324,722.983440917691,4.37500147818382,0.7714733448596064,44.168414901545596,71.447504942973,34.236063637781065
50.35621647178467,757.416437478967,4.785094531207189,0.915138820404896,8.01969375030726,54.552725032454845,24.573959112078953
56.67193288744279,705.2025780163594,4.120741377368124,0.8545154359107495,16.97865706040848,45.04275035019623,23.309166642529505
70.01507723108091,634.851584499077,2.5632964041578252,0.6831755632398181,16.761159010678583,38.15239242241425,8.26597815824217
74.10378779086794,621.6939381361008,2.0542172844877946,0.05233285730066284,2.1022398037972345,91.58368565366956,-7.029851305461451
66.04046147925203,651.086539338331,3.0456855650028554,0.7828486179866575,29.911887992594828,60.821908302633396,31.50365491027886
86.21951415616945,601.1955105585575,0.49450544307403865,0.8455108108405605,42.7410026496094,73.7645825220051,-1.4548102411736004
6.549769527490739,2194.4680711235505,7.451048608235564,0.7990821457719545,19.07871939127589,64.32872527957636,8.612932094737612
21.64112878310142,1328.1563366654264,6.971339958948462,0.5084790353080261,37.00179724920885,91.07965628505744,20.01773427545409
5.64284437314208,2271.4245250614294,7.463656137369721,0.23290183864948166,31.385020680036995,68.28543967137476,14.112686928031085
60.035350703141255,682.9350189519855,3.745991843814239,0.8453299756887267,18.78243677465004,63.65469925643794,-0.06696824143409685
81.33259666074889,606.3255131684809,1.130238170926263,0.7271628097401385,7.052989974614854,94.72206932951988,-2.9691821558858047
25.695995208985437,1191.832744915664,6.758304978738691,0.9807611743888516,35.46619263879837,80.37827172317482,-3.837686387485469
83.79793630768606,603.2260060617918,0.8102637239226583,0.15569259775593292,42.728258447062025,37.808493514280016,33.15039407496005
10.122728174612671,1923.117447660648,7.383251533387368,0.22566458305205506,34.292724620074594,42.439312283776985,-8.422022546933318
84.42706227846871,602.6026344956472,0.7283461293878117,0.2117981498815027,0.8939242017409033,85.09860040576093,38.85071297999472
34.887928415368926,969.443148967081,6.152043018398344,0.7925397676213367,10.811644719549562,88.5095924825968,-0.07356548072929492
13.620770418183405,1702.1959886461832,7.289067711256502,0.18690729645011817,3.4739992441765954,68.16335803632074,-4.483885156046093
46.29909953083768,799.5997584163697,5.181703299396529,0.0666598298233061,28.519304978811338,68.81186595066475,18.848582738839756
26.826008256243174,1158.6760658179983,6.6928579484315955,0.9985608065856286,37.82388394202062,74.23530739960111,-6.000702102965168
29.214196666763442,1094.5600219248545,6.546008769767534,0.024817211445149145,5.528959353432972,60.738104199784765,20.122663158179748
31.11964701873436,1048.6205707418908,6.4206743423680726,0.8352440601588657,41.91689102966926,77.61393864387328,32.531332240680655
73.25720131577638,624.1396660533637,2.1605693392627514,0.3653668415506528,27.77544891977416,37.5936880296491,-7.6050989266287585
50.828708517396635,752.9800962297459,4.737306983169957,0.8416154597578153,34.49845060708625,97.28954696571705,29.993430226427208
31.46115442826031,1040.8336003873105,6.397456601810887,0.554620491211145,48.57009243043231,82.51083766564452,9.723872049105935
56.87837158142806,703.7341386733369,4.098136125903954,0.9016312294863601,4.184049412384866,74.18219428063048,-2.0254683084395007
65.87280730897146,651.8513602143084,3.065727354715542,0.9261929864146267,45.06120114888946,52.14254399066365,-1.1951759866270475
28.17304006235037,1121.5655919647775,6.611442812834617,0.009098181280775997,6.305134799370466,41.266884121971046,35.93822718471131
40.15167362965488,880.0536304308935,5.73255128197578,0.07541217599278827,19.647940331834114,58.65400746802612,-4.469712402966777
15.360317933640543,1606.816820256879,7.232093194284235,0.2503587295708555,42.57193481655572,76.31037184018409,33.339139355782855
20.397694710447826,1376.1354456484114,7.029720101191656,0.6693154163635017,45.31271183689341,74.35968203961777,17.21223104918073
62.89501758702354,666.5902263094204,3.417167384859797,0.888272196511506,25.318583677257266,56.78488085459001,-8.047191059178045
20.42225955412829,1375.1565093091308,7.0285987323464765,0.45994195129396276,29.705231913771257,72.93004756831908,13.223807285866915
49.63888761170011,764.332219077236,4.8570216219883475,0.6069731162742654,35.40736672992786,86.96238068972832,30.872475723815036
65.26893224640678,654.6622549230642,3.137697276803015,0.18849985279556114,41.63793342263571,31.839934063632494,26.310139381955018
14.084538463053226,1675.8869736110646,7.274532904745089,0.8049668338816853,6.075558476883308,61.543473355119296,14.439120884235894
53.2215386684568,731.8919755556444,4.4904190853583055,0.9673281113534697,40.503465411461384,83.09886599267537,33.002493984810854
26.80783661461592,1159.1942432359301,6.693931060880374,0.26859893291459747,24.063807525580838,68.23011293243641,-3.9817619109885154
86.84878439519429,600.8302520392708,0.4122852311292617,0.4948259516005463,22.53117125540845,75.60332615503489,35.49705266961844
46.1013799711936,801.8565645060025,5.200383551787704,0.0861161105063738,21.194987599849913,66.16734748237394,32.32206042416744
73.50936673088844,623.3963393335998,2.128939445827925,0.5591366564629684,25.46057926230213,99.43121812776177,25.413841282861803
51.76925608328225,744.4218053771774,4.641224875677745,0.5027834418466806,47.25252766973018,33.82350755423268,30.894387106437463
8.690065292659629,2026.0178197538553,7.413900746773043,0.1444364841550776,27.41018863960758,64.37313752406641,17.1907753421333
58.8178669254919,690.5972006250222,3.883201876814128,0.44206621311807504,47.65887691315696,36.39915843801624,23.758121454883344
85.86928408756584,601.4277059204278,0.5402411689299593,0.33410465208656326,9.014506530782029,41.18498934794993,18.029903535388947
56.13700471243815,709.072555202245,4.179066944088104,0.5218308753051893,36.20679894163166,56.81268452927833,7.771426525397466
74.63105305127716,620.2418825915274,1.987751700173445,0.5856543354287992,40.61197693043736,40.88780640503411,18.44303986805888
80.15754938461467,608.1761772049258,1.2820465804360186,0.008495578607209509,33.956441566743095,97.45810161696558,2.873266626596285
24.386780615659262,1232.7380112406454,6.830842115673459,0.7610059829495553,30.346114011327018,96.27528437076114,12.013958542039262
23.023811392199264,1278.3864029321544,6.902567933344664,0.7130142918617408,28.240639054309113,53.52767523544227,4.03877036301216
56.9333840523343,703.3451552462639,4.092103213418015,0.3662863862065222,43.0465241289348,74.78233984263757,-3.8556105269305494
39.9374199335699,883.2821402968721,5.750595426042263,0.05293593556881826,41.082329858225,67.36273244156503,6.093092819495308
76.38821074367122,615.7893675459718,1.7650657509053433,0.7549325397850504,6.114436059029976,87.0910886361038,32.599360909238534
81.50196548883095,606.0787981831991,1.1083161269529165,0.9551751604781324,42.429382851543906,73.92119268718595,9.054038532115285
35.04081724073104,966.5234710354234,6.140574175023749,0.2401515960220142,20.703430972022126,30.017671814339348,27.400182448443452
25.133997512830977,1209.0532886189399,6.789876997621164,0.3235246137370379,12.684841499790538,83.42220699268171,-1.240107288091938
71.34466879572825,630.1952478520889,2.3990582359623316,0.18381288948181496,43.48842840069629,82.27936849072827,11.22095795838208
28.35851302159157,1116.6508925557814,6.599945507199078,0.5769361233448397,21.60123998168708,65.68058938965368,-4.2571965332411725
74.92221707366267,619.4631952541822,1.9509758726402748,0.15484139464745494,40.41823450884083,93.20432812631377,-3.0689468316255155
41.01775156014484,867.3207051657819,5.6587971128570755,0.35619394346137945,13.170180597792225,93.59123439832811,20.871818994503457
61.74174143977499,672.9121384237942,3.550849747777718,0.697013013934263,0.1964660711108901,66.67381736930781,20.374090872450555
13.120501675946795,1731.321034953444,7.304211031212786,0.5601159830093484,24.772959645147218,72.55917618375764,0.6685953677431105
58.02804259750871,695.8055804061614,3.9712810185151945,0.38646256432793524,5.011412832144213,99.75654503472707,13.721159714439931
43.40025269266447,834.7721982355988,5.449287305166094,0.4202496018075419,37.71879777624548,50.91741643679923,33.1653083488974
54.8617193699153,718.6865555422855,4.316638112526295,0.5621108826232295,13.803756803470518,52.72320696180341,-1.2899245661758556
19.28120765831339,1422.013321047274,7.079319792366157,0.005864727887161303,22.182282330173937,42.794173186444745,-9.039473346324257
67.63426832025547,644.1461862175056,2.853880063869089,0.07850986845360985,4.351678254577712,92.71068574105075,22.59975703317862
78.33775159117442,611.5281441272709,1.5160653877050565,0.8812580677630116,14.332962422362632,82.11418729644863,-7.32508959556575
23.42288300771593,1264.6823544810018,6.881969535369347,0.07787898909129076,39.0745121629286,37.39499942091693,38.9970119286223
13.135737219213746,1730.4224389818837,7.303758060932632,0.7068035962105051,7.579395595115973,98.7237145838576,20.48101418994405
7.009279813938594,2156.764087575847,7.443948001959096,0.9200381641090526,32.35797805634787,81.16731957127811,13.519817642198614
59.56757753767761,685.8273144541608,3.798913209035525,0.2706836043017311,45.87129264022506,89.53654767234822,11.499627001215337
56.602993067546365,705.69605042085,4.128278458602828,0.37049143705951426,33.991837987886015,33.37055524212406,18.65353292584657
51.46928008069595,747.1125569609567,4.672006149408791,0.5689214058447163,40.55108446461134,65.34726432595173,-5.4687781639892545
24.71550316985791,1222.2053172181027,6.8129630792228335,0.8817089696385847,5.44858146519579,78.90188007089276,36.50095294097479
38.22700965196875,910.2291519141663,5.891739627005386,0.9419055872604202,12.536591300102723,68.0062609200289,21.28210342759389
55.53048849082471,713.5757487298706,4.244757142337973,0.7395632481112681,44.72694261202955,76.66532259894942,-0.8010751194545609
47.2251830030294,789.2899687285435,5.0933905879310135,0.08661976085469403,35.75528068090446,87.25118445133307,18.12905268823314
88.96176921826542,600.0900381975798,0.13589665420240293,0.6691541555348508,31.97769131886556,56.203594407213735,-3.3371747083494183
16.597378967322314,1544.2369384272213,7.187517318468579,0.41030372187266206,33.188336806085,89.40680729330968,-9.122364122084395
64.08728709404548,660.4214107344496,3.277510300145033,0.4707009994910616,20.710027715232172,41.40412733357035,21.5258492606999
39.36709528886483,892.0324762013811,5.798234767169867,0.04914839034517704,2.227831580882661,48.96202385184623,22.42416709350639
41.39696726867725,861.9019152807559,5.626095544313585,0.19106213934635818,39.22207710353645,33.034193394912805,19.184829140170777
65.99581008094498,651.289577913517,3.051025857250821,0.7905136075336477,33.93566181076769,55.50987679346758,-0.8258397819988463
63.85707286257142,661.5841313468527,3.3045889982685974,0.4539588330478598,23.640223205636236,56.593668137688425,20.171492924738352
89.25675946468601,600.0461395288594,0.0972872300496075,0.30166224163114885,44.987980768412875,86.36894180450756,-7.17445295377401
15.913514603600644,1578.3144164721173,7.212574971364624,0.38401907396495816,16.807983249254942,75.71914692027592,20.461917778596113
13.849320197654139,1689.1485434269036,7.281964429349171,0.8543995133256802,14.716087211561796,60.57057907089666,17.70085095538094
66.56879945594301,648.7200288655913,2.982356977847953,0.7489990174049569,43.63981625397214,75.64797850366237,22.762741541954973
54.162887945544774,724.1943044838554,4.391121754611954,0.2723153971810828,39.84938273794928,33.694834536098384,34.773780287619694
28.3036566575835,1118.0997127084506,6.603353213008798,0.11750184021237331,25.74899053241724,42.61900752128633,32.51790526197683
11.750646364063861,1815.185020279013,7.342823813271108,0.2519982216440717,6.536736972892498,73.88634986692284,39.03270957812694
12.280951215696597,1781.989172096653,7.328372590287952,0.9207564510547337,10.753573573252623,74.89567734577116,38.81205164682875
81.00622434645005,606.8151212355697,1.1724537469448222,0.5815888378497553,32.81139952044033,84.1894261095199,28.61598466868763
21.308722601093148,1340.6736474158788,6.987269370816846,0.5334802087447829,19.252061892020585,58.209983133752154,37.8209811088864
32.486582779819265,1018.2177424723168,6.326379334834606,0.5963935996924615,41.823659583298564,80.57878676313094,33.3641942944556
24.26579418929398,1236.6600782334772,6.8373659244670035,0.36602826574651526,47.497750466610206,77.87862327921326,26.379122494748643
35.17468599571467,963.9843674489484,6.130496202784298,0.8071070203195128,40.28184626374591,97.43753648588944,-6.23078726781224
10.901026633417937,1870.3579697023383,7.364664932260847,0.5232862493002498,18.877271149777858,45.05911584972754,-7.547505586505611
49.12008222720298,769.4731723963296,4.908568845891893,0.11674790276879554,39.4343214615712,68.61756946268477,31.87997837528851
10.747067905338266,1880.6238818175605,7.368449563137995,0.12906512482906296,17.572083673534173,72.12351094773285,14.482792893584914
73.03030316490073,624.8193506556063,2.188994128731872,0.5368591465026183,8.355004388281696,99.90535194539545,30.730334218746044
24.865526962386806,1217.4577208231335,6.804728804092422,0.9365702180708392,1.6696602432928698,44.08288995166562,5.645913532760968
50.9010127413834,752.309398772587,4.7299656764348965,0.30835212167619874,19.285835638051,66.62526139771046,9.882492916150639
79.80672244272395,608.7761394532599,1.3272694848852722,0.8695411688592183,45.17796518486409,54.23297153995472,25.009336050596595
60.3245763690115,681.1783645422302,3.7131452498684365,0.7640955865788793,11.949329387783825,66.81250780052999,35.76633684660466
50.3014118568635,757.937067535685,4.790616435925648,0.24781244290690685,10.3256582464892,46.24900214721741,-5.611926276055703
32.568369014806926,1016.4620584388176,6.320622787637485,0.036340748316242455,48.49103926205201,33.33286648992417,33.07390723173031
33.30516260994682,1000.9548897572927,6.26818416394592,0.10184726514238274,1.250205642529606,70.07958177283822,29.650636243968265
61.90639119184616,671.987722542869,3.5318510953730162,0.7284939338474402,39.28910751968772,53.50980211025825,5.776963536492733
89.50184570379923,600.0207265917497,0.06520742334100545,0.1996697380406467,16.06849778704352,42.73589812239035,7.7608307065779805
61.25633113719718,675.6805772696316,3.6066891629041846,0.3712709205053938,1.8743978434829667,52.67548962546236,-7.676926138904518
52.41159047645212,738.7796784057991,4.574886581855076,0.5016991660064248,45.89012701047918,33.44961410134214,-9.2129694441641
67.10529337033591,646.3841124155606,2.917791323717294,0.7254681684501628,6.98211651047918,96.53095638630724,13.850306317886456
44.54247704411604,820.3657287205606,5.345479680776803,0.11323122325912538,27.58896418628477,70.68035404812824,-5.223017725134474
10.112099121066743,1923.8529932624492,7.383495944401705,0.4063664052774615,13.702710371477389,87.03380769429174,-0.2999092792393494
52.79522934962233,735.4861846084905,4.534990760102883,0.4850729091426954,3.2596401092345517,59.61827382834113,32.33835997633318
86.39814918295731,601.0850451253355,0.4711706895412238,0.5408270639715397,2.4961242831689545,93.23202672963299,18.55141956252262
19.90075010040107,1396.2175158280074,7.052127530816169,0.8183606413952167,5.7778349418169395,63.83227550865774,21.68162186330567
63.65041571975659,662.6393647240548,3.3288513914269307,0.1716781950432169,3.5683506944690024,70.17617255404686,-0.6260334584039988
22.0793635360198,1311.9871332659445,6.949980577955084,0.8078314518266223,38.027905775996146,64.42557860438598,31.433090222720978
50.545353180211904,755.6293953640288,4.76600424091033,0.6928784276966522,24.278310114171457,81.32948071073561,33.39898862198738
13.217498219971167,1725.612687562952,7.301318390709512,0.5558708141989593,17.144604567448983,69.66592543214438,16.16637968565217
43.28152958194573,836.3124962414204,5.4599535512398685,0.6995278704025719,20.918445506600357,49.01192465062784,35.627888593932994
69.27388295609592,637.6112833651068,2.6542590675337197,0.4120177389516564,46.44733677863117,40.18776719258524,32.24143124772908
34.543579560313475,976.0974011811973,6.177713533742859,0.13839758596812457,45.53759063690736,72.42870722180844,26.566208833721902
61.51749658141353,674.1830335084815,3.576677782787506,0.6657652402653673,35.783824006128846,64.24259730829255,26.703795784681432
72.61324666712699,626.0956151364735,2.2411512438904455,0.5246723066856223,44.23411887108439,36.718298768727905,-4.730326302456835
83.81011465575348,603.2132968942014,0.8086788939934713,0.6393748005427755,15.982401379381239,57.69322260552879,3.5418018847832897
24.94457695771355,1214.9709349435361,6.800371258198797,0.33799878102849,19.055466300414142,66.03434954003176,-6.657639009116197
38.94185284379119,898.7079132258796,5.833381746067148,0.9068665773398359,30.685609092711402,87.8825263677913,-9.565939538684567
17.955361133085482,1480.1862673795147,7.134727359659185,0.5873698685755769,31.18129736486321,35.327073908335365,-2.0845234308044933
89.36109768346189,600.0340938897907,0.08363038449001926,0.08540248429087383,24.084991900617048,54.394674377220205,34.024359132347
83.7950822735651,603.2289881682864,0.8106351285023876,0.44980399070442867,20.032892421897664,87.58592858972698,1.9937029518025753
50.89635607384756,752.3525293022512,4.730438711626755,0.7563560547436343,49.30901558043475,75.38967522401052,38.50769812958609
76.57283002199581,615.3555651097204,1.7415687987281778,0.7941345617322724,41.05618130588622,50.29708252626507,19.864549978060307
49.28142806812359,767.8616498933425,4.892580841975839,0.49459705276375876,21.74900989440226,89.17345854158496,1.8629243817345191
58.00478348023457,695.961863617068,3.9738634574113605,0.8947475708313011,36.36462386197842,64.53055063938847,14.85654017421064
12.575576729861412,1763.9482150266667,7.320072453176937,0.26766843719429756,13.478084662622974,64.88463239173224,0.9547411350057686
69.19798574222867,637.9006146987786,2.6635486979055556,0.4105986972382666,5.008466311866494,98.36111374402691,39.19867790911869
15.85564610899496,1581.2562434652448,7.214648242971269,0.8985969105689701,17.62155127763703,96.29815522654648,32.363249195248194
75.21574857146491,618.6947391422873,1.9138500220145025,0.8962567164715789,20.14864000616971,55.09728783588908,-8.688060560883544
71.4723874519828,629.7675066199863,2.383212337819629,0.6857127688246809,0.8268562280335401,39.84053900641576,37.388801573373556
65.243299308153,654.7835274806612,3.1407445592452286,0.8589805471222202,40.739600081794805,52.796671259466585,26.053255365144366
8.07363234460478,2072.682819148909,7.425662969722866,0.08877326695623267,17.959670119459076,32.13382822179716,-5.880937398936084
30.76591025535293,1056.8252402511562,6.444482994471535,0.8649949762077763,29.02090828900735,31.453752069727383,23.531887316322276
27.364568442421643,1143.5341573578698,6.660748512625797,0.32061990655022676,3.6981593635477985,57.68654953759935,22.346334898284276
35.61159463507912,955.8087070433608,6.097372075062277,0.17833151242821632,8.749841437529199,95.87138758880639,0.939437290379173
12.449633474926276,1771.625412533962,7.323644202399818,0.23936983634204634,44.484686266378,90.99501388625454,27.92233500037878
84.64141495764034,602.4056644422317,0.7004150201955727,0.4179685080138871,30.43437639414004,65.80099837423361,-5.646764834351644
52.073190460551984,741.7319702300529,4.60990767681214,0.2511920046044672,47.51420250852428,69.56584668195815,14.47225906156239
30.969566405932003,1052.0841624267991,6.4308056302490835,0.32056758601649904,49.937501719565844,30.415344772223953,-9.503839641845603
38.743428951314094,901.8678498549266,5.8496719717151535,0.1349784860716421,18.59300576665472,45.08508090836359,38.43687444473732
43.012215942911034,839.8372312988604,5.484062079008782,0.2961767655589985,14.940153204163732,31.734188885406862,27.578181588845467
56.05051833565247,709.707139009719,4.1884628581177,0.5722838145420012,42.91780275795484,82.81776728867712,-2.0573961920171993
48.83275135420231,772.3717903730112,4.936944434231865,0.44185370809106395,49.93057135187271,40.19520572185484,7.083701997564148
83.14831772322547,603.9408120391035,0.8947470046207836,0.34671876123591117,31.482061711622865,90.83329717337719,-1.9718811095911857
47.24189604699557,789.1077853347351,5.09178451353638,0.746452128857114,39.757036125576114,75.03270195730518,28.330873206465732
89.33343125998158,600.0371107049496,0.08725167580978394,0.8935099713933179,39.087292940763724,46.059307356099936,-7.055183728614241
77.37112140833314,613.5530804034079,1.6397632618830853,0.756789222902397,17.766985410977348,41.04042219582748,32.02033277818571
22.723393720373544,1288.8937414057723,6.917853360846899,0.3320007021176792,28.71351901285436,73.93372906461371,37.10981694178649
84.10059324473288,602.9176780428279,0.7708667816647568,0.7444421678375537,41.65284706321068,93.05858861976265,23.831397140314998
14.891143820265468,1631.6666055787446,7.24811859497319,0.1519801824740512,34.40569381305277,80.28521532400671,0.6482725000717089
74.48322522175128,620.6435242443404,2.006403687257711,0.13031798809129091,1.058190699101913,54.39826561223643,8.00450479067754
37.352979945509304,924.8452283045203,5.961845991358551,0.34562703703615894,16.835283444876676,71.11685166880531,13.861993740446565
79.62781723783091,609.090546705309,1.350311982714089,0.807702369044057,7.223784829730268,51.7533186760695,20.231238610112687
78.78481865913328,610.6493488726728,1.458706969321425,0.24634824724230187,11.648610603901954,99.94046967450612,23.43315449058437
73.5036590099978,623.4130245783217,2.129655841482609,0.06325340889867959,45.27447387456628,82.41874319232957,17.71073576594414
72.15258708610021,627.5462080893885,2.2986232363990036,0.1317095352063551,1.8446644455384076,73.00671478297275,7.565696041092789
30.897726823333468,1053.7511544876843,6.4356395962369275,0.8587449685295802,10.990035598096187,59.628139993608045,34.545864028245155
11.878139059356435,1807.1184354674922,7.339406925993266,0.6337832847472876,15.478467611911572,73.270660318169,-5.9303970991020885
39.253315195038724,893.8057947739517,5.807670253345366,0.25320116336997667,30.84420359831974,53.91312437271343,13.31280271217475
19.74958377385324,1402.4328956390623,7.058838525248814,0.5552958253281813,26.705084504293275,32.02053876206215,28.778241923374033
64.07084255670924,660.5040200923777,3.2794463309471786,0.5275796224253504,10.913474142669305,57.6561965649643,-6.956366735429955
34.418476755711765,978.5420811597087,6.186984485200525,0.6554359784406613,8.212053361157723,95.13365737059068,25.266760840565055
87.92686707309277,600.3591237330402,0.2713132555352128,0.23318755442161632,11.839901729805941,73.8410766341706,30.98558113766625
59.48262657435322,686.3594328370245,3.8084970436231993,0.8644029871943977,25.12648133508278,35.87689921496311,23.041564926352613
74.91084790892069,619.4932933077562,1.9524128203010707,0.30936856208001284,13.558889285560172,91.94955293765182,-9.353155386232201
16.264597183057116,1560.6624696391696,7.199838986234212,0.6941316539762369,47.38012508038611,48.82123945390604,-0.9931486433896879
78.27123099317292,611.662010129724,1.5245921336167294,0.01612464637221489,23.19326107144238,47.063864515790925,7.105653944597538
83.43436119363852,603.6171360731696,0.8575604126537432,0.37265712989414723,2.939800827231853,50.79636781462246,1.684501781902295
46.40026309960955,798.4527308788029,5.172121637731496,0.3517098179588083,36.46332029183167,70.40415652881703,38.13260701137137
56.53149970883308,706.2094423173494,4.1360884011439,0.5434844285830145,16.442264410449482,68.12816654037837,22.57969570568968
70.00883307675461,634.8743378592826,2.5640645276490797,0.0727362617771965,32.674446602912376,64.39896282360172,4.848547867578516
19.86128331713507,1397.835392624614,7.053884386601955,0.7901313737261083,13.9797185261616,80.22758044588389,36.48487493327228
47.71811649939261,783.9731771074812,5.045839605140189,0.21778080176756853,28.537187086665995,52.157641193447134,27.029709973809346
38.88635736064661,899.5887745281593,5.837944875774368,0.6770378148820102,38.60762524037323,84.74451651007018,4.230360591352099
17.441789333791174,1503.8593102140208,7.155164744190008,0.8032121232440932,46.4004370887277,42.27251748650194,8.944078470097768
36.240425894780174,944.3341075051403,6.049075504865596,0.5618769562415131,13.056357221653853,84.78345523539065,-0.02855708480216279
10.794646297766953,1877.4424689558828,7.367285664751137,0.7408832067219855,16.742847549949058,76.4667073675198,38.55369991329109
7.194012090706394,2141.8469869800233,7.440958457353922,0.6618603122150055,23.213321014296984,77.82458166833106,15.864824794503662
16.489134578159934,1549.5473248373303,7.19155183165985,0.3555297971520076,46.35874188679944,63.708737798908196,34.802834374899234
86.86478448507978,600.8218334225921,0.4101939750993504,0.8088585390335653,45.069342840532855,76.69010728766054,7.324988550842384
51.710010551076444,744.9503866288333,4.647314313773883,0.294701369885528,4.493914005031901,35.58579325916202,33.04208015487379
87.0948836980237,600.7055225699041,0.38011591374910103,0.5712129177515172,6.596491287690542,89.60857819345571,-7.305657578641802
41.762319658061216,856.7688569661041,5.594356356567883,0.7453977391415395,24.775458866531913,33.88830634413522,39.1045158762144
31.504371312247063,1039.8574335998997,6.394502238571181,0.3789559098125076,5.330963640271174,40.411905691004826,35.601718351665134
48.022058341420745,780.7524723632941,5.01633339706298,0.30276760761742505,17.279043667434873,70.37527959480654,8.160147238832746
42.35849353379736,848.5733741438007,5.5420772098740825,0.4593460101728227,7.419268910873883,81.75880188196841,28.736108265728866
13.981498162248233,1681.6756995092255,7.277803474625628,0.8179634943491536,31.802017756594292,35.33760950423774,27.612896323691302
59.47023674866753,686.4372178805115,3.8098941160957382,0.9299217631456648,47.474771586958084,94.45353698856239,35.06273985514658
23.363245513315967,1266.7121240706442,6.885069014763995,0.5450834128598901,49.83668851471907,98.1525354160489,5.362749056440556
57.66497616631551,698.2643194941957,4.0115170665246955,0.6614662053236519,18.76205662484574,72.41651211053977,13.276000265707474
60.26709285384304,681.5255882250476,3.7196810611220212,0.9032736222389142,29.950631855730613,63.68704187637856,33.24998063030265
17.92211251593509,1481.6990977192077,7.136067847245441,0.0985468514129424,42.813382676204064,81.89764805958248,28.928972706760803
10.214718304406794,1916.7686684623495,7.381125640950572,0.23207857786616504,5.873103639819199,52.985014662904376,9.67333593701396
71.36473481581739,630.1278205432391,2.396569456593232,0.7089000062515824,34.47822055259825,64.52851038735744,32.2862616456061
44.083036020392214,826.0718009085813,5.3874923269860275,0.8237444619122997,20.44218308625341,94.1305718770081,-7.652298038379925
9.943922617965441,1935.5456154114602,7.387329276310923,0.8570290283305779,10.307308014008203,96.89587976690736,29.102315148149508
89.56363695943021,600.0159035232218,0.057119236254509265,0.4151071768549326,20.1376809373721,94.89483812358296,0.33829297168503203
9.911347684691165,1937.8223174252282,7.388064416318153,0.08933990229186684,3.798014348245843,48.37136468746881,4.306045391189359
64.07799445297702,660.4680840409956,3.2786043646792007,0.4377814772996199,34.770357429465285,46.27283281517344,14.660742179779682
88.61270864739015,600.1607733277478,0.18157827018675,0.23073459020705378,12.637133437422655,50.836515415052,12.486725053498695
25.33030885835368,1202.9811828173179,6.778922665571021,0.29119645499662417,15.5702822522439,60.89177786719222,16.028505343494047
17.091196338411677,1520.400646390407,7.168786377438609,0.7722675568375058,6.054064912073137,51.99171889543745,17.238779783601192
15.317719850906457,1609.0471282595563,7.23356823285241,0.07552708602588687,43.232955694494585,56.194895701734055,6.576384551574847
30.77838754324562,1056.5334027734757,6.4436473706492965,0.8275812174807021,24.67221396413693,73.44458664845317,-1.2386243491485
13.588893935904968,1704.0285334509979,7.290049212382117,0.42766908582416907,28.607343889320013,83.37679739657831,28.424061464365302
63.83371404400121,661.7028598752895,3.3073335799284993,0.5960639311005951,28.47163415474273,81.4890738787542,9.998807454357102
10.29480284105533,1911.2664194210881,7.379259394455992,0.089652231235679,20.52465572706709,87.00964969554065,15.29204312295295
48.300880892732124,777.8359691353853,4.9891415655227584,0.33735907835727963,9.626495771906974,32.25290822507815,22.234835917555905
89.71923257750302,600.0065839365043,0.03675222257230348,0.08970091901484578,37.256637424919994,33.34136527751293,35.4818961153328
74.1874729080116,621.4598495910504,2.04367964183806,0.9615437228811096,6.352813267883716,85.25680724820405,25.377641557010996
57.293652249635926,700.8218234489404,4.052501605658255,0.8072616493262504,5.193689513940525,67.31551756272424,-7.727038720480774
31.03155776686199,1050.6504165010283,6.426626208414578,0.4596327543564602,35.50725187982517,70.46984716334842,31.92801816990088
58.03114608478927,695.7847400663877,3.9709363916138622,0.2236025483236711,10.441851022599192,33.681080215006396,39.467750756375956
49.79852443249039,762.7740338909316,4.84108018454711,0.9334551052498522,15.338637567641616,47.87196608198896,13.624251268569108
41.217087630681576,864.4606411171826,5.641638231835884,0.34459659572697177,23.761373350087013,74.68480134198344,38.479516822730034
16.110382022916955,1568.374974463158,7.20546666626883,0.16098443168737475,22.46756583647731,90.14273230774734,17.36643711715747
80.36135829543967,607.8376890852351,1.2557526681692095,0.5631643884539549,35.42895625324996,94.18883780269817,12.980799793597491
43.23169514981242,836.9614999574978,5.464423761778255,0.9437741203448161,31.17158967216805,65.02936470845572,6.570238236372752
21.542913504765032,1331.8318595731175,6.9760710317518955,0.003830290500322575,32.21980811409328,68.18319629167382,22.877743791666944
36.259544824569616,943.9905334631635,6.047595657167199,0.23812484325399874,35.70271653277287,88.31347417482937,1.4910210262522288
40.201028964958795,879.3143929483977,5.728383276366741,0.9384476404104076,14.630636371173267,67.63372205231482,-4.753289074279784
75.34072112318431,618.3725900150966,1.898028196991874,0.17108596685716204,16.116665590023683,66.18009678761221,-8.638144870789295
67.35722234771917,645.3102579113656,2.887383707089722,0.11324345163981986,21.899887394777707,93.35588264326677,4.6190056357631875
70.39091595951389,633.497415140796,2.517006940246443,0.5701872157998045,15.373108651676304,85.2952904739116,9.788541608351913
5.937657476435013,2246.0349952323113,7.4597628164844005,0.8618438232948299,49.24689344854317,93.63507684529063,17.603834814062388
40.37308984527973,876.7503078694563,5.713819698939073,0.47710981769392613,40.70259632107148,45.27729383468076,4.6374912593503215
45.914252889002505,804.0108774443415,5.218006005588354,0.9945642566845248,8.232734412801479,66.70628406587497,39.20297861927056
6.6313435299598185,2187.7120503258,7.449823056371679,0.6791716995379928,0.27970779409347557,88.97304900153506,4.587258412058379
27.08412274332791,1151.3672903874822,6.677542549976266,0.07407490721044774,2.139163412363393,37.78034792269763,12.048769422320436
69.62463496538147,636.290487503702,2.6112676512912594,0.9928321316819754,12.203172552146263,85.62635080057733,-4.836191723404983
16.65432498696492,1541.4556495693346,7.185384512637461,0.40789423678019043,5.714564291842827,42.80813683904086,3.031325666853782
50.50136117347029,756.0437103257545,4.770449164836529,0.28740253384548253,26.666905744628604,86.56831284897248,-7.583393010550445
23.29215912146519,1269.1398555883557,6.888753771054215,0.5578791835778856,42.89976113636793,72.84006562898077,17.975431671866403
6.030265844730929,2238.134040790935,7.458499054827586,0.3043075918208643,36.83751104566137,43.526519403940696,27.553234156621585
25.502123895961027,1197.7170086246924,6.769269938426866,0.08645750712015232,10.780453154109521,63.13479255329608,-0.21450928319660356
87.94926916735457,600.3514008457614,0.2683827269609117,0.0014283430791767193,19.964962801289293,77.73336165225402,8.395546890803537
73.13065451005411,624.5174734888051,2.176426766800316,0.4495833529202623,25.39471047656388,74.36970306184797,-9.169188663641972
86.56401476728784,600.9872888081145,0.44949987851693113,0.8368634222265923,40.51029247516678,59.907303736219305,31.9761027861106
46.467593733740806,797.6921747579227,5.165735508337342,0.5723151856300766,41.95608015530824,92.95565702446488,28.998176246583476
14.327576887587798,1662.3598874678557,7.266725525235376,0.9992072989434408,45.485915595388796,66.34843901414911,-6.837298456285382
51.5765565627639,746.1461678983633,4.661012912544139,0.28684664564719997,25.462262525143757,65.41071089700819,8.243380466020565
43.622073437596676,831.9162913205937,5.4292959667698995,0.28045506476005533,34.71373732179315,34.3575412959018,37.76433069247477
76.77035203286735,614.8985169926327,1.7164096683018413,0.1597494602339442,5.590018561696858,94.54842728583459,9.601352803948853
13.33701936666079,1718.6195036039724,7.297725241942749,0.16406358826533518,28.264447997699104,42.39815980748611,16.310433836200804
46.50049664685115,797.3213380406123,5.162612160253426,0.2851865960100478,12.434590473556757,66.9841285405588,7.762143050517761
17.75413649898866,1489.3836787248,7.142803404919299,0.7928400452735271,21.585844251330556,86.24973209802171,19.806569406413093
32.5974537856551,1015.8393796125783,6.3185725429050335,0.9057567906364479,31.70252541533597,45.081729386895034,38.90784378184111
67.67535157796297,643.9750600756652,2.8489060952625374,0.9750871697076813,12.849296892689054,66.91613029795889,39.87512517405985
45.46154099634516,809.2977921972561,5.260408994354881,0.23228965409645264,2.609252889838054,46.84794364563386,28.735748900559557
36.95050423739039,931.778539696254,5.993663237509189,0.8812975456140917,0.5116928204378757,83.17864984599382,10.215554901021964
38.530483678453,905.2914311560753,5.867076323014615,0.32825508927733704,1.1079767772260773,69.50388175112055,14.721610041449416
44.05297531450886,826.4492589705687,5.390229121743217,0.11284054451688441,0.4174868756884831,89.91831022766004,7.836566405615272
71.72640622614983,628.9268209079974,2.3516614170702246,0.8700249255201656,5.517752827893774,92.6190602014168,39.27873149521731
80.82719855991992,607.0916427922994,1.195594288085499,0.6361056346436186,11.974435728506494,75.41134377117787,25.388015291270186
86.2034483528339,601.205709035984,0.49660385616118746,0.16473089608106173,11.06107570911496,80.77738723112611,12.446572271675564
71.88678783170009,628.4028886696924,2.3317170475544002,0.42983125751300255,49.339829708994834,68.44540699208045,-9.394236494519884
31.809586138581082,1033.0217679687448,6.37353387214512,0.28725769487706765,15.30030526044716,56.910011314716805,16.02417071952742
63.49145001735608,663.458518704705,3.347485162747199,0.736794568710197,6.371039167969955,75.36825461145841,39.19641008508089
42.19626554470831,850.781616573624,5.556362823606519,0.45341623062426806,27.278127208387897,93.58020364411303,16.153045448652595
26.64700287391435,1163.8015229087337,6.703399609803568,0.989279945106385,42.89787276987542,59.16762663020066,-0.878665725544316
76.47408425120342,615.5867935850129,1.7541386820142664,0.05474498225959512,33.90301883938376,52.00870184616568,-8.895312644761258
8.266239661797625,2057.9442382188845,7.422080071164375,0.3550152661362467,14.804104456772516,57.19058569868019,7.735187906210452
81.649769331511,605.867598166722,1.0891773999270964,0.4819001671099774,28.080807989572747,60.47783411481197,35.911402784830344
44.2255844931024,824.2888054639216,5.3744942138631595,0.5031335547483198,35.74279871002046,35.14927202844014,39.827705408794046
59.16212552870384,688.3861681540484,3.8445791613571596,0.3159358223856368,36.405224618387116,64.89092883044961,37.268398740600134
61.04508338749153,676.905695542504,3.630909544605185,0.729240249097568,33.32692276488444,64.60199736350418,26.470999662712842
81.08500796005559,606.6952204064446,1.1622666827390873,0.8747470734889747,43.5405212387809,71.19106793483662,17.907136422032764
59.11692298421262,688.6744648427348,3.849658425538647,0.938719301977863,43.50527291720522,55.39740213299321,19.534307319112603
57.18435470460525,701.5829529618495,4.064532876093247,0.8050933767995262,28.946827970350164,72.91753171689129,16.949600454598045
10.665423447658647,1886.1018017183872,7.370434970353246,0.8505801973065994,21.492818455560613,91.47514171919421,25.352465246149414
49.064681865342344,770.029180534837,4.914049580853165,0.5505453006199955,32.07851477825499,96.8829693346615,10.943661334767622
17.76436506944854,1488.913749200537,7.142395011125017,0.8258882264268146,40.91060006852316,70.85285512987348,23.460200247788272
67.68187034132627,643.947942524972,2.8481167309195525,0.3035039091479522,0.2826052420592362,32.98136677792192,-3.9193942521399485
48.53886326907733,775.3750843301505,4.965839138618925,0.3984787621092144,49.59985045074256,97.84651980869762,3.2847653280741884
62.81936123271003,666.9941124895267,3.4259801386855093,0.3169130138185443,9.144688616459963,79.41034426273794,31.800151940431476
8.542196551202663,2037.0781424129668,7.4168005360875755,0.46738733544792543,23.51244928299881,53.51745539875565,35.187446537169556
12.207321363893275,1786.5423087781317,7.330416621159251,0.28557961623863637,43.60148674214334,40.301039067460636,16.950411878014986
65.887487985328,651.784119795534,3.0639734368862372,0.9616114422544468,11.252019952209968,40.039302856539244,-8.41821913935338
11.127168559887236,1855.429390873044,7.359009475879097,0.31284462800566815,23.83976119501916,41.74210842977219,36.348678539588406
11.05682186004698,1860.0541701224274,7.36078102517769,0.09804453811093983,6.629109009058959,33.19007651296742,25.103212901364323
6.029220394965433,2238.2230358551346,7.45851343009828,0.5268171660504134,19.75381626940963,93.1507932057038,10.70139618776804
86.3026188554558,601.1434508254688,0.48365021855563095,0.057099078445176366,8.856772739650125,67.85377629791354,19.918947159974817
67.6882105540156,643.9215770221854,2.847348952110639,0.11054316630858052,18.18138743855785,78.9971588899686,11.488741722068305
35.026369722675454,966.7984648793072,6.141659816946665,0.2193893891962463,18.673210839636102,87.96759564878153,13.266961336602549
30.205524409450693,1070.1193017287374,6.481697228914795,0.4643502498821417,49.658539479916634,85.40787044332401,34.34049328297009
34.72477452839721,972.5823602548799,6.164233570285632,0.4332509323090279,49.74065146518861,91.78239366101892,-1.9457876541444232
70.84555015040046,631.89947308932,2.460868226876947,0.7996918620027912,5.739313933030621,97.70782357674663,-4.816543225888161
61.216501940985225,675.9106164907762,3.6112594967265967,0.7394746538841134,36.298438966417365,60.73494303193577,-9.863562774349212
20.741623268734774,1362.5455289180186,7.013902481905393,0.4263182939907013,2.5872739834550575,96.52348266678733,5.700018780606333
19.79929350339717,1400.3834714552431,7.056637093167129,0.3337042075756299,1.5096007668594313,80.63029638399715,-2.629311675778631
13.363630225638772,1717.0686025028813,7.296920920264463,0.3164687840614986,5.266694712248215,34.946773321565495,0.9992747569055584
61.12573117461374,676.436520134359,3.621668766854095,0.773995087294009,48.2742828503967,77.72481848486419,-9.438050866731153
69.97167628884756,635.0099083359128,2.5686347329567756,0.05207240622126974,47.04317739473487,78.07016617233941,1.35977073438516
27.52894640762534,1138.9944637194271,6.650830799376605,0.012821649510605826,9.696391014034022,93.4102394654769,6.635579096618695
6.780321687627589,2175.443529730801,7.447545866572837,0.795544391926648,8.083616777685576,56.10524927290645,-8.421625179505934
11.984591735496323,1800.424887331486,7.336526085026759,0.4771463759890493,12.02675432579735,70.94380501902725,20.395206214857385
87.2681029618276,600.623830729448,0.3574690027731222,0.13088113855357597,25.777349703757107,30.853128570821976,18.440017444187898
30.112806085580722,1072.354579387153,6.487794803397543,0.23556593459450126,28.485231601770494,53.24526695269352,-5.148211074503747
70.38396756624135,633.5221771614024,2.5178637146912712,0.9325039530973825,11.079671521972367,34.357060831114666,19.750488875920052
58.09640335261242,695.3472195252571,3.9636871985149655,0.859502975624898,37.83113940449726,66.5311080935428,39.932695930443884
37.46486937049615,922.9407828000876,5.95294837693554,0.7097850502239725,15.477658470132539,87.22133553548673,37.223447640577035
22.483417286622185,1297.40721777597,6.929926883864696,0.48222523033732656,46.10656627647052,44.450988449034824,-9.866450331616836
15.317845543549547,1609.040539818044,7.233563886389905,0.5203236261913857,32.836135322836526,66.9208731890445,29.768915566517983
57.276102283303665,700.9437815706478,4.054434468291788,0.9752445352839586,21.817559715180586,44.2806045557537,7.680263811824297
70.84387135421198,631.9052934035026,2.461075813606638,0.9657704438842871,39.49560008514227,38.44819274923683,-6.817431483268629
59.73186155099611,684.8042677583862,3.780355658166173,0.21526904578583428,40.89573130233324,65.76977543540397,4.799160685810403
50.075681326178454,760.0948677499036,4.8133139255224995,0.8111045663053181,14.524080280447183,35.54040346648093,6.086825815648115
8.565853991689082,2035.3029737490904,7.41633991933479,0.1972426661670168,16.985727191804216,71.11482417965925,16.16221196545284
87.32154609552262,600.59964320159,0.35048110907090557,0.2135374778839514,46.79775768643017,32.19362224737084,23.054188363442734
72.89070629063885,625.2426441208918,2.2064651742063783,0.6760930341645768,8.237051918163596,37.47004803078629,27.452780610420398
29.889873119582003,1077.7713212038943,6.502386313570645,0.4050010985875484,2.1075208481467103,68.49982398411504,2.295152128163334
88.2974779955023,600.2421640825505,0.2228268147362296,0.9315444071065202,22.702766130477457,71.39851890292397,6.088528512424848
56.15993511908738,708.9047238040439,4.176574177819669,0.08900973489600883,40.06049501218145,32.029085106563066,5.41908534298676
54.50592594761595,721.4690526610566,4.3546406312810175,0.511525640809493,38.58340531553729,70.13637516010908,8.136843406043823
68.58622025151023,640.2790442780451,2.7382552091352608,0.9185215304431212,45.976531445641626,88.69517677265459,39.98281544781694
74.0004319876617,621.9849461988624,2.067225812052972,0.9041136604795051,26.66003321845201,80.56213241057677,28.89716514137129
60.800681623177724,678.3386192879589,3.65886955745055,0.15652921341574122,5.0032335783266655,39.1829572744559,38.74952326343485
15.888138441127001,1579.6033174002407,7.213485036517654,0.36663770009645646,29.434448716800805,71.47322532945304,24.655552977352862
33.752738009532365,991.8003471664765,6.2358229662162845,0.6191214000466962,38.91978071766058,77.05767500519494,10.313535082364215
83.88710942771422,603.1335338195859,0.7986583328091422,0.15939488477140218,4.66640601349132,32.60618412266042,9.487209181348746
24.092327006727412,1242.3266882917242,6.846666391895151,0.9680221720457387,8.632870054879488,89.87433680785358,14.429057248752255
36.63419702618863,937.3198310954217,6.018461062374767,0.9147493287276603,0.6145330577835451,93.43871781028811,10.843489168221868
41.72653505025666,857.2678630163336,5.597475135649586,0.16695017903446918,29.68262897234052,89.5316591353581,31.416312304637287
42.34942412402844,848.6963993187283,5.54287702544599,0.12115546126098542,44.33671959729522,87.72420275923793,13.250100651334645
57.09986451203467,702.1739459280834,4.0738232655566895,0.0854084828082653,33.533165800104975,82.14756389226253,4.780718010542298
85.16144620830015,601.9602752960727,0.6326126626503471,0.9094436640366311,49.1020043795491,74.34024218973721,28.74301343483259
25.45888050576292,1199.0375385572097,6.77170512768789,0.1936238097954608,3.1516826249880783,77.50389034917762,32.72102046906973
15.327616985578036,1608.5284862194349,7.23322588253028,0.4162849285443547,45.15005425757481,86.44767053344881,11.021447807022568
21.78499163809467,1322.806944138208,6.964373048220434,0.448851365652003,40.703414369334034,76.37489208529132,23.390428595276603
80.38861651778791,607.7929771165482,1.2522348027863053,0.5990110442135675,15.712076024975246,52.94088696774497,-7.059773305584763
59.89391907569251,683.8027992619964,3.7620191603680544,0.07173534374742496,48.67632759186259,56.317277151294775,16.473242598573332
29.302077085328612,1092.344338149307,6.540386480829708,0.22675861740051595,14.396887408570752,92.79402278606045,-7.750943112724597
74.35548981233246,620.994000762751,2.022509786883657,0.931490386918926,44.46523619141092,31.198546005801333,-8.540457975276595
78.21644969089206,611.772858016273,1.5316125701257424,0.9084101072685695,44.03742885370947,78.91744068709974,20.64624252613695
76.95371878867363,614.4807459062877,1.693035281745483,0.7812906474056922,37.88288083014862,96.83442866976507,5.1667691197493575
83.10875535936214,603.9866874477275,0.8998885075050268,0.019401245618215435,28.173523690642593,79.43597189705815,27.12685812277327
26.440486714735734,1169.7731658388952,6.7154800923915285,0.3270067684961021,6.000137480844403,99.57383917622474,34.80412803162961
69.17856394343366,637.9748561275883,2.6659251274393148,0.6279587353429078,26.598586724824912,78.12814338698315,-3.0304413134824646
44.1458572683019,825.2846269719075,5.381768151210993,0.2751902117734757,17.839812782746726,32.40541204518028,26.22614192894619
76.56987699565524,615.3624535563786,1.7419447806453578,0.9095866950537773,39.61085165776759,87.89069171528465,15.725999914417162
66.92170755873713,647.1759022700944,2.939914478849318,0.6338894618324419,37.90646032484224,49.92409383575233,-4.394037491865057
70.99803295247659,631.3732921432475,2.442004614708724,0.0719067173164456,45.53062536863026,61.224005796510866,22.579630324036238
60.77375620289108,678.4975070172422,3.661945813193683,0.909005588835703,0.7415081215853936,51.84643411349575,20.47334015532364
20.081445404925084,1388.8536553546373,7.044041198889661,0.9577666581762225,40.455160841152306,48.798787434677564,15.782093370039128
51.327288106239756,748.3987940829493,4.686531689657612,0.07771241839172549,46.92310265623344,60.198399256884976,36.3235602279829
88.6969278595832,600.1418420339542,0.1705570402835828,0.5323602348613149,39.46502245540751,56.512601390847166,16.053984805200827
84.6779856522551,602.3728404685908,0.6956487060083896,0.30336428221417044,6.509722993518335,74.33370072898126,39.52575577251063
8.669767542745992,2027.531097618094,7.414301721477328,0.39283907648140237,4.063955242044387,86.92058406912574,15.461440692405553
19.009259337002156,1433.609807800231,7.09099462134387,0.1796512179553419,1.0422619903850405,50.79620572310685,-4.20739808493162
16.196945743637762,1564.0378975775377,7.202314173329441,0.5780721020124125,31.43726129140355,44.96048069754122,13.523562553751521
66.70829234875012,648.1062046459256,2.9655942959160235,0.9579793532488906,31.483632592994365,76.68266896092396,-0.8835618722464371
74.51175303784034,620.5656846006696,2.0028052627957385,0.503072600271609,49.345685710910615,76.92240460815472,19.856674260871362
23.148466136407112,1274.0749432981415,6.896169696004833,0.08291458139448116,19.902158705204787,93.07918675003202,24.656608759680054
47.99747890090546,781.0113128447947,5.018724788874283,0.6200013334774084,16.595314244874835,31.11619805173176,13.421763935354683
76.459757380952,615.6204941367996,1.7559619948969796,0.34022299445125703,31.221246359219624,89.7128463481557,-5.114851615842588
67.2881313051313,645.6033038948972,2.89572851836542,0.8559251895912978,41.2804336253797,66.47015210638499,13.432069929177647
51.0901624668071,750.5650038797157,4.710725030058619,0.4346781483164702,46.838697476150095,73.49114624204691,-5.92728926327998
55.179553688995696,716.2383772693865,4.2825492218042145,0.1928396089422456,40.15620830895193,36.396000839299035,24.106297775326702
48.2106464878838,778.7758745058372,4.9979545288176075,0.19110562269114495,21.33369903079024,60.283045301043195,29.518411243254377
30.291618362099747,1068.0528897818658,6.476020104679114,0.7687641807211604,31.745711765603208,45.91116850669667,38.11901636135195
53.02686939301637,733.5247346599399,4.510803220340733,0.2655875983073599,42.81496633580585,47.795752105775634,-2.559894643577179
63.55525067425771,663.12897248844,3.3400096128867993,0.767233394159223,24.530484415586972,65.28665802732192,16.621016776665208
79.23244784816865,609.8057048246146,1.4011874542277007,0.20588731076659939,10.834332185269634,86.87191652821787,18.37686837677093
59.08476508823609,688.8799349584478,3.8532704461524556,0.3216863687013094,8.486171987393648,82.06466511013993,36.12382668904898
69.69533064866843,636.0275112866957,2.602590631500177,0.4654869724396994,0.00788722890283644,71.36999713601676,21.363832029825712
18.606088971138703,1451.1165887924255,7.108008810182619,0.9431958496934507,35.91189974906421,67.7592734927427,-2.7245177177339457
44.23238532568214,824.2040254458652,5.373873255952005,0.9317314247538246,5.554860442299525,59.9114230264143,11.817566198159462
5.7931876853029305,2258.4316298086255,7.461695378397585,0.2068718754222878,12.191954984797022,98.08969814929705,22.738126425312522
25.967703484337957,1183.684130302006,6.742807535844271,0.3582190412430728,14.893816576139669,69.21347879639633,25.01422160346487
66.74924578460542,647.9268589955445,2.960669631724972,0.14939938845377232,28.018993006838418,47.77764788185554,33.15369992952868
89.30384586469589,600.040478277303,0.09112412111743991,0.5099850793134971,19.897863864788462,46.106355442802766,-0.9746440077801424
13.430138464913352,1713.2021339051942,7.294903804941317,0.4605825506946666,33.733699601158094,72.79471215425993,37.57710733777492
39.1270168482095,895.7851295858591,5.818117022821645,0.9007601624507324,2.7819329664351358,66.59792691176501,-7.043029399220387
73.00603233942856,624.892665176435,2.1920326450200145,0.9300053777910726,6.196959713221972,30.538846206829895,39.1881067284451
22.343028943456403,1302.4378082351936,6.936933653757124,0.3835673910072921,24.960575176663337,88.10457605370456,32.888354643320426
52.18222069069433,740.7758924705122,4.598641613669529,0.49173794301898943,16.84823939234149,79.28856479627042,23.013639138108566
67.31106016252235,645.5059305517316,2.8929596388035006,0.8962362491461331,14.790668137567986,76.32805027746724,26.749775013221083
57.35876327211522,700.3702110345357,4.0453272933936235,0.8067078077450615,3.3514039518761365,34.81464603883613,-6.365399704060178
20.98210244231037,1353.1901197464244,7.002692436102813,0.0036563113446492768,44.78595873740007,55.343909512074404,-7.926006855277381
35.20768833828785,963.3608831223928,6.128006560205743,0.3200595641835825,34.59092930625254,95.47675825129504,-4.911710172431723
71.62230168125876,629.2697457725089,2.3645975599906333,0.4217742419361259,6.080907840982469,90.38124689389545,-5.632009266793111
52.10925370122141,741.4152199328573,4.6061831178531865,0.22971628368323171,3.252297886857031,49.988005650867336,17.369061673471755
5.444517151147583,2288.708753336493,7.466164085182038,0.19957161589593875,48.743626671562154,40.99412188693971,0.7721993555894571
69.68421460238798,636.0687894423672,2.6039552514131947,0.03778450659567967,34.05862752197525,61.436157001800396,33.01028186033633
8.001465169920321,2078.2423962424537,7.42698382108345,0.6433697250697605,20.872803554687074,54.90812650673626,12.28743115340361
68.38737153215473,641.0700021428056,2.762471056772052,0.26251029048316565,35.08655203778924,77.75584636941937,24.775523822913748
22.21084761404518,1307.2084823048622,6.943492746842657,0.05234717843131309,37.81658932400796,97.65043670590238,22.64365464850799
86.43624581014731,601.0621822570529,0.46619359941697774,0.23097931052806364,38.99811011943897,55.4101014987793,5.992651946485504
36.27496386067718,943.7136728685759,6.0464016989376,0.8019139528361265,23.893865282652882,34.35569208565694,2.1583786762864516
32.78918738873672,1011.7564203082802,6.305016130152381,0.8514891816465466,21.4941379062424,92.83298058396696,7.12281426483176
17.655484278257795,1493.9293689365952,7.146730582045375,0.48306624519330266,0.551404213445017,32.65648111679096,29.832918692491873
30.976358316668264,1051.9268648798693,6.430348090664496,0.41607067040868617,46.3278557570919,96.69361280073332,19.313842420980922
79.51531475539704,609.2911909829181,1.36479526442942,0.9778536935017818,30.165393919447155,76.5205599606328,2.676933125958767
89.68841869831603,600.0081084124731,0.04078569598768711,0.2005646595880699,10.157696859498405,95.91824459093644,30.89232215302151
36.306310093082104,943.1514459586701,6.043973083684831,0.21535928285460848,45.98017097107183,43.97617806542848,-7.262030694484664
43.13190363113612,838.2654939712465,5.473362754618648,0.29186717703639975,45.746595088514816,32.848985667766534,24.959168749514767
66.37602974723265,649.5758223015137,3.005492751517372,0.1727573182810873,49.459208218304795,64.17469847935442,11.955040287465543
80.32664133953134,607.8948264514702,1.2602327239750972,0.3793655982041866,43.70282815694894,61.54363901990877,26.56451930329441
55.40876840587665,714.4944871963689,4.257883257214687,0.9108342269897538,49.88921939100324,53.2044591278418,36.37306401217134
38.27968434511549,909.3671127406687,5.887470595410479,0.6153478406285743,12.234309406163629,97.03595320720882,27.501704897345192
40.07285647213302,881.2376133525513,5.739198485483104,0.41194654861226365,42.1124792599617,87.58086125130026,12.098267765569119
64.12754245222858,660.219475828585,3.2727698600037227,0.9344107945712148,41.151415439788224,76.31074149629154,-2.451215924305963
5.273552406363688,2303.7407681137447,7.468254226070713,0.04846423247582232,11.547017961036687,41.40008041464794,30.317548790271687
57.66509368408646,698.2635169759724,4.011504068846598,0.21027617790186137,4.921877450049539,81.40263857529672,13.035276346068578
35.21690588751538,963.1869183582594,6.12731084015362,0.565888605101759,48.97102568387998,80.89087182898068,-6.23438382714351
72.50677315855216,626.4270659951599,2.2544479108987145,0.6155526231931792,14.801227576030518,59.75477215312053,25.9527698888433
12.904204384966233,1744.1578397952437,7.310586070446106,0.03955750656261314,43.5445895233903,94.73501367998095,4.592598295829484
54.99719269061319,717.6387526105946,4.302124286136062,0.4030387579071322,0.20635773373019473,41.68845175603073,-7.555588524740738
45.88269564032052,804.375958257996,5.220972389664647,0.6491539648308727,1.0512403609801102,48.7136293688165,35.13755074870389
59.59766970194433,685.639330383704,3.7955163248874,0.6980705464034016,23.29356543481842,34.425703747544354,14.155054604695504
10.51255553105231,1896.4219660749916,7.374112122820376,0.6381399025162693,11.935734196753177,85.68156707243112,4.048052658651077
54.29862193139116,723.1109442157822,4.376705574644645,0.32056322436092455,34.49206417179821,73.52315702667781,25.819327894245575
52.72618997655952,736.0747243510214,4.542185437429305,0.09352012359790951,28.278216278397718,52.04582139768747,34.295118884128186
52.65610802537453,736.6740106118814,4.549482017924326,0.4271124464193341,3.8742898725245722,41.46695645160207,-9.984646248312226
56.29645166069866,707.9091503682594,4.161719621042097,0.12875443736805547,8.131414815785853,32.81034390201182,24.39260925210769
62.49977466424079,668.7168594866434,3.463140762846261,0.9476236585206671,19.402463502920714,41.67218980381556,28.35058470092107
73.42406497286542,623.6463740426598,2.1396437570071067,0.47517086602262826,9.280203197771659,61.729925243636075,0.4963713639746494
27.93476121089822,1127.9473283004418,6.626111816775702,0.31725917435686757,39.61111736219643,47.30238783074243,14.48119157050872
75.12919986530528,618.9195974904897,1.9248019640950589,0.7663040711189001,20.803511777664003,48.128752420237674,-5.535705054103209
47.35173299239356,787.9138541152834,5.081218732618563,0.49794859258226387,4.671593342124964,91.29034566674,27.33749412576738
11.549953726418149,1827.9943512781865,7.348128839072993,0.31003402401245006,24.217145113606243,66.05963714227704,32.37280092816763
9.976828985738232,1933.2496773210275,7.386584232174765,0.8119677423908017,4.541909053070708,81.04763811898903,-4.590667133766971
33.41025708916517,998.787584421847,6.260619771273798,0.867152151001122,6.446865270990859,32.499766431970016,30.823012671641735
71.71624305447475,628.9602003120808,2.3529246463898867,0.673008166288677,11.980491601410264,55.56143489746201,28.578508524226677
65.15287945297784,655.2125967002903,3.151488784502088,0.046964422407667294,42.97638526237449,63.54185431768093,7.345666018544865
72.03227199715455,627.9321951914262,2.313609452423557,0.5663228801665321,46.23062661664859,43.049179864712926,24.514476496679166
48.96786979753679,771.0040951002775,4.923616126553888,0.7632949119972816,41.31288646660345,38.41340790118771,-9.997593805284414
42.4169148262167,847.7821067165241,5.536921809719826,0.13650301208358218,16.703860870892363,90.92126449498898,36.58988272329993
17.533464770034136,1499.5853297345998,7.15155866040585,0.22867075138460335,13.622322055441582,95.76021389698576,17.519161765418644
32.89638405679148,1009.4901327638268,6.297406069980706,0.8824951050681364,27.45778453951196,35.51646886317852,21.016943203099974
41.8916461247794,854.9721764790993,5.583066825457166,0.020121721853074037,36.09265802665561,54.43130987797102,23.232970676954935
12.531036522767465,1766.6573711334381,7.321339656157857,0.752727137825976,49.668639408008744,97.07999397011316,18.068450860918336
23.752015980452956,1253.5934855993978,6.8647298078294465,0.4737732925144229,6.578535593946311,35.82132131927254,32.838194376973156
55.8491499954178,711.1943472600278,4.210302579166294,0.44677215883960686,2.4645999511902215,75.05489610151083,20.485091607577196
67.53136471033113,644.5765073698976,2.866332204456311,0.0070965324948871755,34.71779444976355,98.05549596769039,35.38799956202363
89.85953846840071,600.0016477990021,0.018386353074210895,0.8193982309664928,41.611289175195274,98.47565680069621,19.116581111700444
84.3146331642024,602.7090761924883,0.7429920930297957,0.35982490063656647,42.31743899332116,62.98563316326203,-1.4438789009716704
59.61804196049128,685.5122166804013,3.793216055368926,0.5407656313005429,33.92317745385803,41.39243754476664,35.678127791965146
40.80608452999612,870.3862647308133,5.6769424599666385,0.6773006863356594,47.70079020595935,44.14590204842072,24.08137491798884
59.07507600019978,688.9419030365589,3.8543585003947554,0.7026295764379158,25.550238177229346,92.27209765870762,24.961949721777806
71.78038753681972,628.7498843271896,2.344950581961657,0.9559800588260723,45.69073991681062,93.81781030308152,39.27408752858008
15.058576228487922,1622.7262252171286,7.242455387987461,0.5313399532366091,48.39060684957615,72.55157507114883,-6.240172289521042
39.8419156241845,884.7315093167385,5.7586127683404005,0.3997195509744276,42.35787285015539,83.63234796289379,11.429630354758565
76.38319427902746,615.8012441264382,1.7657039541288269,0.9537036264917079,15.48792816293103,81.79518760292856,1.9547696493307605
37.62580091430874,920.2189630466669,5.94011106010128,0.6421102350255211,9.810782558514763,76.32751185923749,21.521323235682857
53.609143054310856,728.6830511312655,4.449678277447118,0.2981503562765556,27.406003249090922,87.90938684103574,30.340584187403593
54.96039567328685,717.9227219664472,4.306068887916511,0.12646424540357115,22.65073751900942,77.97846361282248,38.315535444620636
20.680481516359343,1364.943299521046,7.016732939447383,0.8425545014651813,43.887917109636646,67.38016140232494,12.729805347736004
35.79001254044451,952.5183571716543,6.083743297573616,0.36218160279415157,5.001583553357686,46.58694538117098,29.310911532130213
33.43345954306423,998.3105691939941,6.258946887215308,0.6604697213644312,12.88700306557593,82.07217008830332,35.85257960201898
7.226720225225508,2139.220099106587,7.4404210765225285,0.47081641936589813,37.589947225935425,63.140650748679214,24.166271626794234
7.056299930765196,2152.954190318543,7.443194410027596,0.19892977979503834,4.749332248865606,50.63541788052565,2.136627622488561
75.69424871244074,617.4774571051175,1.8532221016156432,0.6016866086204651,16.03822070108501,86.13623930192428,20.39270755538957
28.211018847689054,1120.5554829190255,6.609094178147942,0.06068306895068232,19.35776970269916,78.76995202471198,38.49760239085933
49.036695130299314,770.310581172128,4.91681655064723,0.4133424598711922,31.1296898281345,95.613769418729,39.37769144307827
30.39167375504571,1065.6624045925987,6.46940397842286,0.546614939663671,7.906632285968229,41.58091480132144,22.117991185838903
84.95773583480394,602.1292740552826,0.6591792062318977,0.43604697411857907,43.03022451748548,75.44324992455452,34.34938789359946
27.040224503590768,1152.6035481899794,6.680156854459398,0.7486721752509908,22.37711177331371,47.09676276617232,0.017468192430140306
41.520829082809485,860.1521515678605,5.615360887591574,0.8279249545453125,45.85108559402782,93.25080897111492,2.3039302476108396
79.18207129119115,609.8988447158945,1.407665083659993,0.771243074033178,23.39349568169658,36.964958997963095,37.644380644242986
76.56435317730373,615.3753432094527,1.7426480656439192,0.03881294781180211,13.752012947036668,75.9313264511414,-3.2382312252596046
20.81862051693357,1359.537046453409,7.010326657930512,0.1941287704459722,7.091441434383744,85.3760005069621,-0.4446780953260525
73.22468133263538,624.2364496383825,2.1646453884321626,0.5366075092637743,0.18725473556424066,54.844248825529505,11.027429956002585
43.94588537272087,827.7980852314577,5.399966769309077,0.9348220404438012,26.60787424924178,96.78966555686665,19.47921438766752
46.05235412725519,802.4192401302134,5.205005868322423,0.8349567750521169,5.357834846346171,89.55114792102262,20.190860948413583
16.34579765535522,1556.6272778486998,7.1968548217840125,0.8425345083518017,19.58638818155891,50.62328097794324,4.598800433278219
11.851128669355596,1808.8228424874274,7.340133856545043,0.3032081937596749,29.463588061854335,30.52787649011991,36.03069489751741
66.87484109277004,647.379288398357,2.945557332682383,0.42944789707870257,13.784294845135015,50.766002328264264,35.75499538039314
47.19919795020048,789.5734924868502,5.095886814346856,0.4707059473159374,8.761214618305763,49.69173293295198,9.603402652618623
42.13230972229026,851.6566479903395,5.561982465412076,0.15737158334991042,38.736081130467085,92.29752252506363,11.714588471514855
67.00819943545372,646.8018955479329,2.9294954525004995,0.031068130244456316,47.33955861408103,97.69848247783233,25.12485584119559
70.06859641424433,634.6569066538123,2.556711503941462,0.9469028994605169,5.022020893098301,34.930799017918226,23.149794819945036
18.50719425189505,1455.4691341279154,7.112128544134194,0.24071258566350673,7.779516219250393,62.99063799733217,9.114850748048116
56.869137705599506,703.7995256854292,4.099148383698163,0.2399489037236313,48.00063286263593,68.3832398970857,10.71221257605017
16.50509699360327,1548.7622678584528,7.190958489466974,0.08337905376875954,1.8892110906123138,36.50381629307923,7.401947171076948
68.86688231246887,639.177622138126,2.7040200519997675,0.9285077519437785,48.88161682752361,56.42483963962658,1.7692503476653947
60.84118828270686,678.099972142606,3.654240109809745,0.579737114939772,0.23222415424943854,52.195769217506545,12.906918146206984
86.31224279209393,601.1374972543372,0.4823930635065078,0.6670368571253539,43.68343278256657,67.52394480289611,24.32170659512702
10.8614313902958,1872.9902085694755,7.365643347455604,0.9115768872630525,15.366259049387477,76.28336298123565,27.098335265714653
9.849651297856617,1942.1449747677182,7.389450214409375,0.3456201689007895,46.92944290886483,79.24395773475966,28.943682412798132
28.985901348922013,1100.3615631605712,6.560542325516089,0.6215073111380841,15.847264431779273,39.57285165293713,8.736600672656074
27.244983117552007,1146.8606587071758,6.667929225218018,0.03879945472888746,32.7153160767028,86.9063391361235,28.23179971424868
25.993197921119986,1182.9253636191384,6.741345621043268,0.18677252823112933,4.0016284882968325,77.49794208535312,-9.674184215406235
82.03163934428812,605.339589850656,1.0396968233567976,0.8312458050899425,12.11649057268695,92.23524417227037,13.852496885844111
26.211426987208018,1176.4708525636815,6.728777239073241,0.7667683563383357,38.683967323962534,61.453524160480384,29.695220006634543
28.115726720933633,1123.0935992515724,6.614981610047299,0.3506426914571469,26.434292683940985,92.57228339055341,21.502236032067664
69.54885230552692,636.573589408551,2.620564619234474,0.3768106277742125,46.39845308935224,90.60418856492528,13.703156207725385
43.2278866082959,837.011159312081,5.46476522269564,0.5335544335535795,21.437570417067715,60.68865326514887,22.232100330317458
71.0203973411904,631.2965284709253,2.439236463748314,0.0002410046851345493,43.490618290696155,56.6800320705085,35.347300157433196
10.556123392972745,1893.472225112155,7.373069469430461,0.24124433603802786,22.447771873911876,95.29684104791798,18.31909003051037
46.443551462237664,797.9634904755239,5.168016672374478,0.20823180860821444,48.96241393509926,80.06153141769065,29.989309573005308
7.857156015579024,2089.420773130927,7.429589722634584,0.25048294674976346,47.99171906994384,94.9771742506653,39.03713626125988
10.325522293705134,1909.1619461832515,7.378539699176489,0.8059058425334413,16.456835277804018,85.78823452270692,25.278410103778334
82.04718353427494,605.3186351776612,1.0376817011903903,0.27967385654644317,44.29618352084016,72.650820750399,18.666288194453177
16.83585654499559,1532.646386567295,7.178538222843674,0.19152132205014816,42.38056871078246,38.10969439026351,-8.125702643732987
50.25575799339345,758.3717369303868,4.795212999500837,0.5042634607930315,10.534019866378141,50.4036470805369,8.723894912729378
39.943126221060055,883.1957427652487,5.750115891748765,0.8656450363727319,31.214520039163485,97.81896849688741,18.272136675755917
34.52418273200163,976.475486645727,6.179152898313792,0.24134970383749987,3.634115779490743,52.35954690999431,29.860328585301623
81.48583438341817,606.1020795137565,1.1104044568380507,0.0785362427927987,41.835536029173085,36.52784088497596,11.905239482378814
6.854988725916607,2169.3285346490875,7.446385608501593,0.3564047358496647,8.727294175174826,79.52873491435238,38.00291378823867
61.422123324925074,674.7277330739171,3.587646084072331,0.7476518245649778,3.5407350692882256,81.3802978180579,3.589687631183745
86.88852690815179,600.8094204046047,0.4070907157913082,0.5506905446947946,20.010954776940558,49.98204042010055,27.228359760515822
52.61429559425657,737.0324521776547,4.553832076878137,0.8167933695743474,28.846106929982174,50.83703855424126,10.951570854206373
84.62990927281281,602.4160384134029,0.7019145146604333,0.959592147609234,42.74584792798855,62.822508985614874,14.299424728295293
9.44191973931202,1971.0638550956214,7.398393016279823,0.792662476751617,48.71212627608683,31.525226483357887,30.125101693272015
40.59743212130372,873.4372735737015,5.694753546981491,0.6038030788437534,21.974625628493182,85.25261072528144,4.810763082585277
27.113412231774348,1150.543976294593,6.6757960710414315,0.4933415880523805,3.0223461492635106,52.19621510918879,-5.159397170242843
67.11978202336203,646.3219568376171,2.9160440786527357,0.04006908634826667,37.45577895129353,89.76341714013843,16.012779230671356
88.41025269226597,600.211136378537,0.20807073605647847,0.9843219788140413,28.25866281119687,86.18412951200236,16.439730590187438
26.805055307761062,1159.2735965541356,6.694095249424371,0.3834811225750425,22.394567242223157,76.29814231831482,29.858388611268687
60.60484112529633,679.498941829027,3.681226049194594,0.1522282139168668,15.463443939609483,52.74124069695021,38.41596031160509
21.838298784577912,1320.8350959595982,6.961780367961471,0.6667088553964567,25.119926392176783,66.14215931628189,-7.234965683582581
53.05307163858684,733.3041386111954,4.508062568326399,0.28428828909545933,16.933980222851545,61.138048031857124,19.584473687155445
44.43426136850858,821.6991571464632,5.355406287394902,0.5857782709310476,37.850593387368015,53.72173203740719,24.063926515739993
87.62045301868065,600.4731973377338,0.3113924375720948,0.5867679078445912,27.194684824632056,89.36954025122247,39.29006753742608
56.72481817919966,704.8250748086657,4.114955468039561,0.44572982090286917,43.842388707705595,63.84549522043657,37.129510713845576
34.7080416273796,972.9056952019005,6.165480996866498,0.8361186155450426,27.177195732472104,88.29061684580026,25.622538235598874
14.698141715474337,1642.0730829497772,7.254569868338207,0.26496706155544303,11.913120666996502,37.3652931899277,16.089470562223294
17.855980442469438,1484.7162126913397,7.138726956470202,0.44863259161773417,42.55459411160722,39.8717352020235,-1.9238038850369357
24.151939045854984,1240.3735821774276,6.843477357394581,0.5376921285909715,27.860952246502197,98.41242135790837,9.20882776022087
26.33216621392533,1172.930664534464,6.7217815960839395,0.6636247207672996,10.342051907178062,71.14379238242627,19.256116252857716
77.30236491649671,613.703667104568,1.6485445380903565,0.7839718505055895,31.175390497811108,65.68387714493343,26.260019829787687
52.70393700401462,736.2648112637844,4.5445030419207795,0.39480728287825606,17.885838247121377,66.62092442008782,21.76997787395561
49.48822746682115,765.8129548825127,4.872032061203426,0.646046944096596,42.22028061460329,45.06881418230019,25.706140091387063
14.755354108883484,1638.9769374854268,7.252666072103316,0.15061095306851913,22.664986932327142,80.30927646513811,11.457625227594885
78.11187393470198,611.9859846424961,1.5450104662219288,0.9326481005424786,36.32206790537084,35.9346436610828,26.38136452855045
66.43921577272111,649.2943454221777,2.9979130465202144,0.38305880642100354,4.776810381811858,70.13265991721163,-2.8129371990140397
10.751810761500135,1880.3063842869456,7.3683337678188465,0.7295214219764384,19.80121731511731,69.95381576101309,-1.8706844118443229
65.16598326453034,655.1502913132399,3.1499321973073533,0.020341081882177647,49.16207182361993,93.99318968934577,-1.8583927085268588
51.200748474124914,749.5519251947799,4.699452229168978,0.205187142904807,40.423014473857414,66.83279670734022,34.543247851788806
11.946654388476151,1802.8059665255475,7.337555657163262,0.487082544323578,7.997040118346432,39.59438871819257,-6.198296834568275
43.955554529935796,827.6760330105317,5.399088330763722,0.8782524677323466,13.888202473862755,70.09272814737139,30.075418636673795
46.199184406053995,800.7377201946174,5.191150859344297,0.5272551499506771,16.490790442818053,36.392935105573265,1.6785449023368564
19.09083591387844,1430.1134111507185,7.087509273289491,0.929870482293879,32.518278024772286,44.265568470994516,13.421497024762534
85.384342495024,601.7834223340433,0.6035348706998521,0.48379689658279634,37.84973797448278,32.17760089311913,35.7978297732839
77.24790657585626,613.8235599530053,1.6554980332270928,0.49044909673594994,37.476330440395486,65.93055077216488,19.296861484375334
61.86689867297421,672.2087797552731,3.5364107341572364,0.11974678850053189,25.49370281532014,35.91728307055006,0.5058843116179297
44.29512268505161,823.4231526629856,5.368141378909533,0.8026562441522198,40.54102689190756,62.85760649719303,4.204503015940356
40.000071034683224,882.3347921600234,5.745327346479853,0.2469654124670625,21.85390413787375,95.30615247269009,36.02233119478928
60.332744707831104,681.1291011329722,3.71221621546358,0.8996124893723151,6.194028264778096,80.38329891135325,11.357196255498916
51.361708899586965,748.0862458239535,4.6830131399559995,0.9108242203303961,28.222092082690665,35.418817195770515,19.349274150339472
10.293213999960276,1911.3753571342143,7.379296560129807,0.9433101118741497,47.61506923005533,45.69468685461902,12.996609831269438
48.5627251454782,775.1297702012344,4.963497932291939,0.52023048910309,39.64968256962557,77.1563693925404,8.92190440242248
73.54430746479136,623.294338817097,2.124553454024346,0.6770937847836443,28.935032384612118,92.62913027169286,1.1639563466200968
44.035389595741435,826.670310843584,5.391829477567919,0.7785158800616635,32.340283017454844,32.304301073476765,24.309575024230107
9.416309092112815,1972.9008542664503,7.398942235022336,0.1310146186504656,46.52810135177863,86.87157922044159,25.912101313606023
71.83364694764282,628.5759021189197,2.3383274518657142,0.6009571949974972,21.417139721748025,69.3269716236816,3.744254580369974
22.115921481557823,1310.6551405755708,6.948180367848274,0.03429790130331167,16.56970694713187,68.22639277074748,29.45054215274152
26.982770965483297,1154.225725439258,6.68357250285153,0.4975660833887259,48.86207825002245,97.04692279273506,32.726760015083975
19.00004004174515,1434.0059135654528,7.09138761054323,0.1548426816202274,43.17215667551667,82.33512288177411,36.03375481198152
33.06828051407729,1005.8804269115908,6.285156865850804,0.1829229259620847,16.15217923093012,89.50832076392783,-1.9393793040815037
69.32387798353398,637.4213831984271,2.6481372549510884,0.3650475666926015,23.18902986804614,54.77968986812667,5.1961841806633196
49.14779805783468,769.1955243592911,4.905825207634409,0.432437166716503,20.75390645038995,68.8054828579887,33.01766737518478
22.414908302810566,1299.8574756780708,6.933351361473993,0.6231724245321872,7.454783933571695,73.07839741994395,-0.07298985860530038
79.61555664292347,609.1123030094395,1.3518906340987267,0.07442841843851566,47.89096619066295,52.51087582537255,-9.826577037825231
79.76445767087998,608.8498993053927,1.3327142469476183,0.5036917612374446,20.21562156098794,69.91736874631798,33.54136551258173
78.99916612891059,610.2408568525962,1.4311746131861924,0.18262513025310112,43.7664541318954,46.56587656357996,6.3224720875684675
25.29767796743084,1203.9862294398495,6.780749013742704,0.5739751750317419,9.467811384033254,40.03629697477677,10.7248762569475
43.35534425538399,835.3538662145929,5.453324694133951,0.6374046122611835,27.39354053186099,56.17791814941329,12.316701286031897
88.72412077197438,600.1359827689639,0.1669983978285049,0.5567092565528539,1.198069256213491,81.7502740122506,32.413730033361425
70.62106048634918,632.6830411742403,2.4886080340881076,0.7382955104783077,38.21102419211543,94.13310036517213,6.894607229673021
7.309230804172584,2132.6124718997808,7.439054689514577,0.3356092442409013,29.04569491231392,62.03998360487628,34.61399429282409
10.542390257141825,1894.4012912624833,7.373398586981683,0.7651065916331309,31.279479173487633,74.99765817928022,20.8469569024024
44.43416702904828,821.7003224173723,5.355414932809159,0.43276708170819367,2.5860441277326727,37.212599168257036,16.364336201684214
82.28371749823262,605.0049534968721,1.007008506350075,0.4841844983225968,10.55191651043077,93.31246309866302,6.280725356373122
50.78965282598071,753.3432767053673,4.741269309977809,0.6481021272610714,3.716543617679008,69.80229494989541,2.1855848140592915
47.314063182914666,788.3226689260518,5.084844491274692,0.01835838399922396,14.445715790190588,84.623677333761,21.202922138867432
13.9652644963136,1682.5906274541908,7.278316596311821,0.6539942214202483,31.37195038410755,85.61088406449757,12.344708002828806
60.82630890156499,678.1875812496746,3.6559408651538003,0.6185851490721154,28.309299215868762,47.95363684576741,35.52580049660032
74.87876865101917,619.578352590378,1.9564669000287176,0.3098471167532799,30.60749108066951,67.04221172272946,14.581935805702486
37.3357006381428,925.1402227829576,5.963218041877387,0.08579428489948948,27.462563568894716,97.23358260926842,15.589745835059556
70.92700732865283,631.6177766283072,2.4507933381916396,0.09093544991304114,13.651439783792968,36.27441813745794,10.836164056800037
86.98051558156898,600.7622215160518,0.39506665810715635,0.9232237469852286,12.225374867221262,77.81349286206944,29.463149849564246
22.320149025853574,1303.261208340928,6.938071642717573,0.6892793212258371,6.852984176829064,97.35848546246204,11.24195990546352
49.48301865155301,765.8643262232154,4.872550419440519,0.1271026137707404,42.453543745174606,51.04039756378155,3.467099987487746
29.406726437188922,1089.718505445801,6.533671303231023,0.35672316930890635,30.823967927062224,90.30135449830436,33.101543714675486
72.39262561787635,626.7849583255665,2.268694280952415,0.5924829939015964,9.325550625202988,95.35602817857901,19.841411068262012
54.095436099898386,724.7351330665706,4.398276591074903,0.8355717050906487,8.860468991061976,82.29603465763776,19.575510988450088
58.93950549177582,689.8119091958888,3.8695710690112195,0.04366092871300853,43.651780076306835,46.192981861487084,20.541110358196327
72.822703567351,625.4502640478968,2.2149712190616433,0.23663313147000886,37.136543188165966,53.380050317861574,25.94198741028334
38.65749017630866,903.2454558867707,5.856705620791101,0.88974899029538,32.96995399526857,32.50665060924115,5.653399465628343
82.78265581459867,604.3751007091105,0.9422516548128065,0.009165550183816484,20.34320537696499,88.20172639717487,-8.307781458349858
50.307453715921895,757.8796091828171,4.790007896045465,0.2013991027938874,13.098778213925877,89.4727830557756,30.529658043850482
18.42615994100458,1459.0529084873967,7.115488459681164,0.959024175972966,48.97253815564119,74.2897216976335,-3.554747305918129
64.1514250443482,660.0998658347371,3.269956700552754,0.6134018465221711,39.86197875114001,54.6769495884696,26.09098686052721
72.42721478725163,626.67622995084,2.2643782715230136,0.26167136663750645,15.088961156813824,35.376771934794434,-5.884235085633563
31.92474255073977,1030.4690508044268,6.365575561551157,0.0669910943958476,42.378239813924736,82.71403269404365,8.765392101424606
77.860236844894,612.5070249484515,1.5772281896891014,0.028191340447222157,37.94659743073407,80.85683355269461,-6.848696508423088
82.02217665509015,605.3523668157686,1.0409235127146863,0.24474507963692727,14.854027493899919,93.88217652172307,16.11068398138623
28.53688142711376,1111.9675000038974,6.588823368033412,0.8814858195889105,21.327642712081985,81.13724147037536,22.656788639078755
88.59932518079387,600.163890972578,0.18332964339121674,0.4159136542975095,9.297672269551333,88.00864595708013,-1.428342941090584
16.960479884144466,1526.6485333453923,7.173796452290987,0.720333369165993,5.5526222189054675,82.21682325327997,8.581380921920104
22.171331814211648,1308.641156564131,6.945446423558751,0.9182850353799578,36.13810164198484,74.14810318186215,36.51197455215268
20.65911133523222,1365.7832086734606,7.017720352785842,0.4080404616028166,13.375592867693332,59.887647593370644,12.119455855372838
80.98912535066898,606.8412884114468,1.174664429426847,0.19127737103739706,41.00296828731268,93.14821160495944,30.127178448827834
60.614866947621756,679.4392774865992,3.6800825773794172,0.5171179308569195,49.780435575721306,75.56780003352289,36.359237253010456
17.928864073893195,1481.3916787794703,7.135795838481321,0.9080836870598544,3.8309906964824334,57.88487253761363,38.71729124886433
42.42749056130966,847.6390906276301,5.5359879360628845,0.8043744141377006,23.651756254185013,35.84285066273701,34.916100984568466
57.30033213093317,700.7754294395227,4.051765818128338,0.06582984336315378,40.10312796554015,50.34933991330675,5.870266457948457
12.09444722409758,1793.5570664215484,7.333526603900185,0.6925728000775818,39.44754482706168,68.06087143811153,38.12864430805965
80.0053913146238,608.4336959677012,1.3016663267977477,0.5718975224589538,37.99985791654842,49.294475901133616,30.619762087302348
73.30630051253048,623.993940297084,2.1544139359537002,0.9074631763464255,17.449746765095547,45.48647435425315,31.858779181974384
47.94257575401425,781.5905078127735,5.024063109331222,0.12248141685029723,22.692662784252615,66.91754598614929,-9.241350791408262
87.20576229702948,600.6526509114065,0.365619889208414,0.5340361132046566,29.748417867073513,41.88742421270142,37.71194316591468
40.509683238383474,874.7290854137755,5.70222146376328,0.8794626935118923,48.69702917866286,86.02870443275725,28.904511192437035
88.64937711810231,600.1523849745845,0.17677974865970988,0.410023786741743,16.377363546924645,63.905770593986055,28.398374825394995
61.7731998983083,672.7349473707545,3.547222071462743,0.48199491773286707,46.157194385842885,70.1703941773855,-5.923763453570688
58.94705822658502,689.7632957295145,3.8687241344560737,0.0704606776669583,13.467845909024707,40.3168287318144,1.628427053666563
19.106166100141724,1429.4580621204555,7.086852689283004,0.2781436404489108,49.45372327368523,52.72034349405572,38.11308325689495
79.96385945589473,608.5047022529016,1.3070199879949966,0.32450664916894734,33.513184341379585,58.706277828280705,15.033853740273816
41.33662347325229,862.7579524133153,5.631315801487022,0.9451224487448869,23.17557401792755,86.57489813615521,9.892900911862803
18.789839491510747,1443.0905745994037,7.100297955004927,0.28266736054115904,30.669521403180244,83.91116661603067,31.997040857345688
6.071639197939518,2234.615719970347,7.457928164277451,0.460868735269652,13.62655845201034,45.60842323513769,-5.632979294302784
52.57923310926252,737.3335453321506,4.557478019191032,0.6713044235642798,13.70869287557333,73.13253571249055,10.847100813552967
49.828967880427484,762.4781336811666,4.838035811355023,0.1621833724078774,5.677727192174692,47.041945044039835,8.78503872110418
66.14505790137848,650.612780118905,3.033168632112733,0.4864423871418745,5.702514885269938,99.17730089831717,7.492569351519638
80.67193450651318,607.3360375653201,1.215653988228042,0.7385390394759076,17.383587073445568,96.64867146916094,5.384612182653656
11.74955969465751,1815.254010326222,7.342852780479837,0.866855213027066,38.14277389481858,69.42853043644342,0.5037478395039017
67.1772016789308,646.0761070649878,2.9091177782172375,0.6262592746624267,30.398558379908124,78.92318003259001,-1.3544598504738907
20.930015248294488,1355.2063324755227,7.005130977159383,0.6690535153169479,5.129228016551041,86.10012675460516,22.020305845983707
77.94504951835894,612.3301153740213,1.5663727797998144,0.12628347258456896,42.611826248795545,80.46988940314327,35.96974206043392
74.62039867824078,620.2706880807518,1.989096446002498,0.9457764972463472,30.06838134950332,78.98800837576945,15.442582262494074
50.96746917377127,751.6948448660551,4.723211473306498,0.13257407748448236,48.042778839238984,97.09878055646696,4.898727617332213
65.37063788298147,654.1826518346425,3.1256001736641563,0.7746729371817983,33.50927337056038,71.75192744150982,-2.0419901138886836
31.719759620618614,1035.0229702047664,6.379723793946901,0.2648163217783188,8.75874318520905,74.5411870273339,31.50716825262971
45.04927140928925,814.2063435358577,5.298738333876572,0.9335931437012516,23.689168115391112,89.44881253067268,38.57460282366069
74.83913630539008,619.6837136666991,1.9614746691253784,0.7199595393694795,32.424879877360205,76.89236075008847,7.457770073392592
44.03754175972318,826.6432488420942,5.391633651137912,0.753813712978369,1.4132350524988846,81.30528354122657,4.547521277606446
35.41285255266256,959.5067031809654,6.112483734291015,0.21905917305988332,0.7455132077403948,46.391808033764974,20.074647648747067
47.00805801627549,791.6691340655661,5.114216223951732,0.4430399766351608,6.470150029928395,55.98868468805496,28.766449047671287
75.40118645716356,618.2177990565497,1.8903698945264664,0.6178131945892864,12.583221752273538,40.31109419983251,12.770140177483217
33.49268402652418,997.095395515978,6.2546721817675035,0.7699736182066009,21.477456176033776,65.40358096343638,21.50365749304746
19.769735416538225,1401.6014299543122,7.057946735168067,0.10395937591238957,24.37202368798942,61.90091804761724,25.827453401164597
65.52119172811636,653.477317011374,3.1076748831167573,0.9623653164545284,6.901380446894839,99.80139699956197,38.02961439280896
75.20814808018696,618.714428016614,1.9148119694967063,0.890220670554556,33.66957895579154,72.78460569708798,-1.7481334739958303
13.554185674500333,1706.0274497045368,7.291115340093659,0.27034859049558435,29.806903084826743,85.05113762360963,39.869124691268475
25.3892995842553,1201.1685294454105,6.775615379674602,0.822760243032332,14.723204942058011,53.3810269530358,9.607832762061438
17.06761912968448,1521.5243155216301,7.169692798980421,0.5183239230398234,0.6829941717646004,88.20817319399575,26.160007136327685
34.575019984484165,975.4853027767654,6.17537895606498,0.46180648156201864,3.882395767664537,73.05594765413784,18.620718898649862
43.27983320696008,836.3345645237841,5.460105786113422,0.3144341058114054,19.58473877554197,78.78946321189069,14.333430850442006
68.65023864188106,640.0262737799549,2.7304520008100304,0.5809685866315925,7.698717558284196,50.61015445646181,24.903768436579327
60.3475447149423,681.0398905536949,3.7105327292692625,0.7298891177035978,18.840980307398542,68.4046874186904,9.787692511179756
57.77892823566665,697.4881860180358,3.998905844231385,0.41093290496275825,31.409130225517757,74.3825881389526,-3.69450093315968
34.951870461820626,968.2194828275378,6.147251777059568,0.6292191930082921,27.361871393964176,71.23662730716067,14.444669156061988
76.5230420122046,615.4719228413496,1.7479072327051994,0.6993129211553037,11.558794156869713,94.06355979971966,16.09579353411593
45.05940922884399,814.0845523966946,5.297799087147042,0.7111218170152859,17.19112456293762,92.87908651447874,0.09510766999696152
88.22391973128813,600.2635490326675,0.2324511321453415,0.05196609813118025,30.70155992243253,97.96888405138094,36.780967816432856
58.90208175513763,690.0530410479196,3.873766630211531,0.8597478056850669,43.042751402172435,76.71996042048926,1.3737823323145637
15.732503032982732,1587.5470920359774,7.21903562979991,0.45825331476504794,37.660671936943864,98.03398910879793,10.461379704204884
62.47509277641189,668.8510339297954,3.4660062358957435,0.26241608169621444,27.670001341670748,88.27346000223362,-2.2535156577638347
32.63384131169441,1015.0615904565393,6.316005219413596,0.2417645074796816,18.11464991582431,48.958249823797146,16.789832309347204
63.33781171831828,664.2564039916542,3.3654699765892446,0.48301411284395046,18.25256387709027,59.920496868590796,5.381880405004484
10.919497593804488,1869.1319251101922,7.36420730392415,0.8868315394689592,43.970865513219806,46.68747095323069,14.4636259988042
19.86492215995655,1397.6860811692131,7.0537225443130085,0.3783475816826469,1.96217880202732,30.293801258139563,1.230845822910096
77.73766700699184,612.7650249005828,1.5929101315446703,0.7497257467835433,49.39913222101305,43.1634127202836,-7.311243602564213
24.310262346998766,1235.2156667280033,6.834971662214783,0.0968187309872186,33.21877054257811,30.284241040081298,28.961332554112765
76.1484956456499,616.3621934270004,1.795547502448087,0.4760567021510618,34.05688495361952,80.38869229453431,22.05431419798292
28.738467518624887,1106.724730042817,6.57617663442317,0.9916861403927356,1.8998918652371077,59.78740084048397,7.036967785550644
59.64496235499015,685.3444319651107,3.790175688174288,0.770437802792337,30.276463744563607,51.88023089545008,-7.625288765883889
64.00279874833564,660.8465665093945,3.287454319032915,0.210528488440613,24.23890300452235,83.32046237666316,33.278753134856046
48.5756540173295,774.9969623904126,4.962229057318978,0.5014414736979107,5.288945344703349,88.27407422337515,-1.5102497532160335
30.95140751922216,1052.504971953424,6.432028466590431,0.23362476364856655,13.896100538467953,98.2709677054916,36.5371109140714
23.07477199154317,1276.6204090483998,6.899956191132328,0.40956092726250926,44.51572281068256,74.94095092726688,13.929768929797923
7.821095137806228,2092.226865719298,7.430233542111787,0.7800840237349648,27.499420793297645,62.30702709780362,7.019335495424187
30.835444105461523,1055.2011605079638,6.4398223088360345,0.7712248152904037,20.670828758695436,51.36850111252051,27.087973844548195
60.51883719515906,680.0119267063283,3.6910303928673094,0.22810037790238513,3.634107792040547,45.56227464499584,33.84197030375929
84.75590956812103,602.3036587994038,0.6854918208114691,0.9222233181548601,35.706076370115284,44.90481653378208,8.535678182285537
79.05238099235942,610.1407288251248,1.4243361884332604,0.5925681827648268,35.142541169801625,58.643256230385916,10.367187608509361
70.11550600550072,634.4867764281598,2.5509380008229177,0.3799242909620145,30.70218034862818,99.42504487015509,11.657910967359868
72.01802417653039,627.9781003033431,2.3153834592388294,0.5019355807808606,25.51313231103246,30.059758820618228,36.116153073933454
61.5237167954596,674.1475951740022,3.5759620890177763,0.6050712534377437,21.689220110368634,43.804412806170056,24.628199575716636
27.124382893110255,1150.235911481097,6.675141461338281,0.5598905318457854,29.663554649399615,43.18750876825017,2.3823058522827765
82.11157760999554,605.2322750972553,1.0293329516008465,0.4864050355361782,11.669772586420335,80.19836398726046,-0.7500151249010294
62.01224651199589,671.3972859939395,3.5196212183815927,0.5049328040894001,47.062953208882384,54.67393093186433,1.518383171240803
52.637453633337394,736.8338447253973,4.5514230728924465,0.17641191042788618,29.439726459011478,62.008256321427446,3.178194459275872
14.434104883145892,1656.4863623428148,7.263262190667246,0.8127329043046794,15.559622217718827,40.40368913289335,1.509174566700075
42.99972122354616,840.0018013427989,5.485177649394195,0.5417603199410154,22.483992544257863,58.349792721386336,22.925322359619805
44.13045305216374,825.4774422302125,5.383172358747891,0.1310798617047031,40.28423944384462,37.223986833408524,-4.203324467124682
78.48790680942695,611.2289351183063,1.4968106906646053,0.7661571015827779,8.080803036514872,67.31303015220081,9.367924485398035
51.46509871596202,747.1503178821195,4.6724343064708975,0.9324439783773508,14.64178112301302,36.855685576799914,21.252678648518323
37.33404666248482,925.1684721370034,5.963349346141335,0.9473068992369621,33.97540113682777,85.33558668212095,4.542998697146542
88.02802792340604,600.3249167953154,0.25807958246522295,0.36901773241117275,15.774460324111194,69.66212022783427,-6.736280764917098
14.411250432736832,1657.743623739463,7.264007328248339,0.13551687356075404,39.6250840930733,80.67775116414617,-5.908803857701585
40.916616406515296,868.7817486862841,5.6674766650785395,0.5183996266330652,6.522674358868041,59.296147065687876,-3.7016611847656833
8.57209738956945,2034.8348501724722,7.416218147817474,0.11260922934922069,38.13430852273043,56.70439052695591,31.79215124340776
67.89185026518908,643.0796134888997,2.8226703636953285,0.9339874185126172,3.4175857425283116,36.87462223342045,22.893175280248485
83.03650693692781,604.0711604140979,0.9092767635076799,0.183579627355146,0.6296306333747392,66.66989249299758,-6.77387944511776
28.803173011791603,1105.0531006719016,6.572099995658134,0.2527658599511641,44.91117594160811,66.01515153999644,9.553443957570991
77.95904252792528,612.3010543166465,1.5645814451157602,0.40663652688497043,29.066960846614933,62.76714311147237,3.9292586423532825
29.83854958926131,1079.026865881894,6.505731632438212,0.3831644685591258,17.591344854340573,81.83628552777145,18.90200558144001
82.4154637397328,604.8344491874859,0.9899164735210858,0.794662892397889,11.62973184819252,88.27530800226481,16.140297483615672
69.08676180572664,638.3268970030949,2.6771537835857853,0.45631682055096234,30.844289163040806,82.55527724639558,14.056201168485746
73.41707603152229,623.6669239590865,2.140520572463028,0.1707682600033369,25.45010917683691,40.07060199647907,5.725618518630657
6.530557226038632,2196.0632015919737,7.451335052717598,0.2672098954860741,49.57988877649926,73.54416564974755,-3.110011397800463
86.8388803512922,600.8354847220626,0.4135797009777735,0.509113385187522,49.16079933268729,35.62261739826734,27.118819143631896
66.76703432597748,647.8490805807123,2.958530082402381,0.1474539174261349,31.75122830708048,78.62356012083336,33.99283844213272
30.90384310782133,1053.6090005015253,6.435228435547621,0.6116556756460141,22.143525305294524,56.72873675927887,37.20754546164086
75.49854651300198,617.9700272196396,1.878034230545287,0.5657473065511459,24.557048456733106,39.274926938640064,-7.069051469320977
28.929301865269046,1101.8101665097852,6.5641294135135215,0.7147023163822577,34.123953311843096,90.34355998832895,26.99543557944415
79.18407636312088,609.8951288618055,1.4074072838449079,0.9377046153793677,5.078727211769069,72.98058373272562,26.325172970348127
14.569333185014646,1649.0788564062204,7.258829615112046,0.9122545611011557,16.41760369053591,54.83074775632693,37.35548070727946
64.81330808416763,656.8418812883838,3.191768370041384,0.9460756180688313,3.7636120501801926,32.15090257553497,2.6457297248882714
50.95937051481738,751.7696398241997,4.724034908942302,0.24471559702370094,3.6680379758459782,67.61171813025274,27.108951914757817
13.205429966612469,1726.3212990325135,7.301679431305809,0.13156530663935462,9.791962094711687,94.62581149403628,-7.268685561675772
25.560975402001315,1195.92457109004,6.765949606049358,0.3022767004964485,24.262662729661344,71.7465882891656,21.562286038080956
6.054343083571757,2236.0856910984594,7.458167297909438,0.8950851727663146,39.23871605813947,98.01554232336451,7.542391202608986
44.84527706448299,816.6688175400614,5.317602669274793,0.9720534746234882,24.274794558293628,39.5515782789321,28.445471977373757
30.60754716460003,1060.5449034981948,6.455062253548738,0.859324951070476,16.773830528043487,69.78135732163858,33.165214321769675
55.8603861653095,711.1110039416735,4.209085310106193,0.1100177211275436,4.117649516837907,85.86875336045006,8.24105211087581
30.26521365523246,1068.6857155403682,6.477762813509565,0.9474279980597932,27.51477615915648,66.78785117880014,16.27930463496503
30.493124478093698,1063.2506183385613,6.46267544319311,0.423358027350786,13.563429324158838,36.374644919123085,-4.129796881820004
68.17142189218629,641.9390020629398,2.7887317606768662,0.009310290762353679,30.74670889585737,70.80202010830524,10.845348261173829
9.092141058160042,1996.3645508869165,7.40576618340238,0.4423937407481936,48.85938695662092,72.82165340897302,8.04001966295846
81.74607459131892,605.7320394821791,1.0767031797249809,0.04606916967546759,5.565716073877508,81.00964739327468,-0.8438270107741133
77.44242932325042,613.3978293533792,1.630653634896111,0.5438779211611176,10.606269936096997,83.28480606158317,34.72393123833879
61.763398074244556,672.7901276489229,3.5483524973043257,0.3385540274370513,23.654726904968737,83.95408817474251,-2.595608097991988
55.423833459127664,714.3805022562628,4.256259704840824,0.47343493359404876,48.430690767296475,76.44110755472762,21.786967876509358
80.84571234187044,607.0627847955129,1.1932017682569331,0.613170360743117,38.59048881349978,45.106783049306074,34.507132173994385
20.753065259940726,1362.0976798853312,7.013371906309674,0.8688010958178203,44.9114596581415,58.29650290876356,35.598428993161285
11.712378786220432,1817.6169409277886,7.343842315919541,0.6619015764719286,16.685742423789645,84.3290980830079,29.661984992028422
25.358364442310737,1202.1184095237218,6.777350639006426,0.4340488684781807,49.60192368892973,96.73988883805693,-1.192943306291168
72.53915368951617,626.3260228637246,2.2504049742595496,0.8194278536703651,5.14164080320787,35.52628753856354,30.871570460693484
7.946972671751082,2082.453861046807,7.42797337143309,0.9055821375731322,2.6486453023050416,67.48756744580363,3.82824062078123
54.53858098209662,721.2118108145442,4.351159703022461,0.11975996643219722,42.7801313527014,51.87655899270145,36.119901371625446
89.61218887626134,600.0125613431255,0.05076396977205125,0.5319329775527915,46.363243510349314,45.77757260217808,25.454334071192477
77.73416797619085,612.7724306224336,1.5933577010503361,0.28451195974244414,4.529267877305088,65.40674784638006,29.263378050444324
49.3228835687051,767.4494540037031,4.88846668359576,0.0470611978769474,5.671371337292075,72.42625383895756,-5.748377324903139
10.409477289364599,1903.4277786925204,7.376561982777302,0.6685466951139853,1.6587078877886907,30.684056199363688,19.13825567217722
75.66674872278534,617.5462321623827,1.8567100036636879,0.8627707774592256,5.225378132136205,84.61446005408337,31.057106344933977
55.913173195062896,710.7200287672404,4.203364468019902,0.16290265447739405,10.470990840014045,87.39174918816133,33.079517638624964
14.769304750063181,1638.2234234499738,7.252200754658505,0.8124136576239005,48.50383094550005,97.5857577197553,-8.568414763317925
12.977869209985277,1739.769251858719,7.3084266045158035,0.8533957335369416,33.39301111198402,42.64506132572865,36.957961627755964
82.31827965211035,604.9599322594577,1.0025251140766196,0.9143404426664835,38.927651275927104,71.61867936526636,-7.833063334876014
61.882022349736665,672.1240758405229,3.5346648169520782,0.2652850890860524,38.80697018457611,59.863776143347614,20.725933983742493
75.48937794192422,617.9932830829557,1.8791961339909284,0.9039530651898893,26.753687488960733,53.43794960887455,24.669376380765605
79.71320652399272,608.9397701863618,1.3393157062336476,0.32066275473643224,39.87444888565086,69.59434160062533,-4.63273544160451
53.60064992410739,728.7527693941165,4.450573173008899,0.5523380134555028,29.79037661949848,84.76681652564852,-7.599406719540366
48.98293989917851,770.8520608505696,4.922127888022647,0.05050747083228213,15.72730488016788,31.61369484116471,29.245607722536455
41.586329877284165,859.230812242753,5.609673558540999,0.043881088368743604,28.055505438420035,97.85800787963308,9.233531239871699
31.94045996224514,1030.1217473223883,6.364487356540915,0.7203732127322029,26.675429306725672,86.69171099939976,-4.644374234243816
41.9406566729905,854.2940415239163,5.5787810227872034,0.44447997797779104,41.172652687966036,82.58075925519049,28.1333908193821
70.77977073706329,632.1279713594186,2.4690004094688063,0.25629237536921756,49.08636086908295,83.22711675263525,32.45815350718103
56.16349163628618,708.8787087372257,4.17618748862761,0.1904134960249102,20.552128271046527,57.23424967330568,19.369309537940367
80.86447964616191,607.0335932946882,1.190776358805703,0.6699534908592181,38.169533922067984,82.61343855913697,-1.9381595782677188
42.68730122223096,844.1470480110665,5.512986610083015,0.00040154402533987277,4.988150201906677,57.07391460220703,-9.23887642542546
56.60261419109409,705.698766714263,4.128319864061202,0.8058911691968542,38.84156847241443,92.90947807023551,25.040124065097196
58.66114201281904,691.6155820238109,3.900738646347157,0.07924960612992882,18.570845599661606,42.40556683145287,17.506983741265838
55.29425879603767,715.3634304743382,4.270214263499109,0.19148961490811944,1.9695081444843332,50.4643196950606,22.539857086003977
64.72387071226889,657.2757399567936,3.2023587386645214,0.3862363952990896,18.16230892810886,68.59362798893532,30.659233509979785
25.181844811858532,1207.5676458470784,6.787214420928665,0.4848587397161036,30.53213754608224,52.344772512109074,11.711388849648607
48.550921091392205,775.2510903145985,4.9646561938548395,0.35499511581394183,5.962508384073328,59.69660717066914,-3.774226558318979
13.859108238709553,1688.5933394473175,7.281657630771187,0.3207121649842939,46.20172462151273,64.46958825790162,36.999164269541325
37.68346284980907,919.2486868360124,5.93550002747537,0.9639160120731884,3.883620663641929,89.94473441694561,17.263106362342864
46.451700832807475,797.871492702071,5.167243550728963,0.6415796812433943,46.50033599165831,66.62345775260849,20.76470595442701
60.43906206136516,680.4896356969621,3.7001172269881373,0.02343295536738821,35.356875896784324,55.372189403019235,36.67057147758756
85.7951394698273,601.4795180921046,0.5499210097496536,0.4301759084443132,16.48560877071018,47.34153148245811,36.57918281551315
56.05534065661025,709.6716901180271,4.187939210298777,0.8750086997439702,19.537517385454663,58.607318515453805,18.60473033640868
68.20548287500759,641.8012424193375,2.784592373413098,0.30145618641066796,37.04046823663721,66.10152730900589,4.8805712360713045
48.03261505709224,780.6413887871886,5.015306025843937,0.09455634477438823,30.073555044060367,82.22804000422654,39.855681700636964
58.89884266698816,690.0739311932202,3.87412968549501,0.7583847715899178,33.58214607274726,38.473414332063705,24.040854497676797
11.029238371370742,1861.8722815080741,7.361472635188937,0.6060138319360813,19.458230825674,45.51264317674056,10.421833844602826
26.623284371556995,1164.4841726861096,6.704791489980571,0.5703125078265039,24.39067409037995,56.57578111080713,17.991840142679486
35.75751292243679,953.115645085074,6.0862302383601135,0.053576559607407925,49.49337420189467,55.22788835836602,10.791702513401482
45.16193517555365,812.8559514707313,5.2882909677682255,0.14049900979551733,10.696143524985885,57.42236613236482,34.41525761483237
8.880143367702617,2011.9230096896217,7.410100675713583,0.6225493962131138,20.89280932610657,85.54648852482272,14.124968743287305
16.902048292032003,1529.4556950101276,7.176023932541751,0.2078238414588358,14.591159378698364,52.69080820735212,31.17641879906236
28.52921616226099,1112.1679038137436,6.589302648527419,0.5040700797484243,38.25557552199249,65.13287262818653,32.008814891150195
87.5802787265893,600.4893205366434,0.3166466285446708,0.5448816860293935,38.200631283286036,73.67349230005276,31.216616886762417
33.16449560375931,1003.8730178717929,6.278275953948298,0.2835071902709394,14.622273049869793,46.252498512852355,26.109430623783723
45.97348993952701,803.3269602257324,5.212433444020767,0.9484251555414929,4.069515831649145,80.30867710032771,32.74388584037909
21.6683055827634,1327.1426701641121,6.970027221720045,0.8424641068355752,0.5716338336102023,68.29779238167967,9.361478981148462
56.9163060414403,703.4658061536793,4.093976468165254,0.7223735076327985,21.372526662124276,61.274681412196465,-4.266839692901982
28.858073318857816,1103.6390259789232,6.568634539728891,0.07799386640940908,20.516879716788544,86.68488187168197,32.12271021862573
22.594369167266276,1293.457682671978,6.924359849108286,0.10613001930901944,49.419493931993145,47.04466814296274,14.908420784367262
48.90867341790822,771.6022820494718,4.929458730466537,0.4927813458649557,23.49010378488398,91.82231794300262,-3.6311983736074493
5.46799292863577,2286.654240347491,7.465871889340584,0.16071334919098568,12.820918478771032,69.27341147566926,-4.234373890899603
5.651442775184153,2270.6788955188895,7.463545383425416,0.9782654635294741,44.56147205157337,72.64224155657607,-2.037880299505365
23.62084877365791,1257.9898026762698,6.871627424957631,0.15852023402740945,24.553397482678925,91.254127491826,27.548662983355293
8.121315812569797,2069.0205619879785,7.424783771719355,0.487467835463974,29.95878176052889,87.23078814945352,25.542833673314057
14.182189101108767,1670.430611627039,7.271411692651295,0.3641210568415054,4.783435521410634,72.10934481753301,0.19093400924416315
33.803155193793884,990.7814174119267,6.2321537522848764,0.639386421454098,19.145820366488703,82.72313926937218,32.346170905489764
73.21978276428409,624.2510466891026,2.165259313758324,0.12903640888942491,47.21118372368934,60.33236431630278,4.064739776412244
53.62413468639057,728.5600528056475,4.448098415708115,0.4303164280423909,29.47526920877127,68.31644274498224,29.649279165747373
48.57675670629539,774.9856388918306,4.962120824702164,0.27470503280714365,17.225092757123083,34.34490956959578,14.440295386747096
29.946549972690338,1076.388526801008,6.498685997720459,0.887751524671688,31.283359031579653,36.29005426000328,26.577434126928303
84.1990661517894,602.820735724049,0.7580438434319076,0.040585712134695084,45.52055447890581,88.05977829304325,9.069383153678292
38.74627850516129,901.8222649185695,5.849438524805321,0.9137274940064593,13.699530023629503,34.177015897774766,7.357029854738798
12.402885177640577,1774.4882566784568,7.324960979370837,0.8329941385530004,25.25583592353372,41.85793879428251,32.06797994796661
57.450653870013106,699.7351459949305,4.035193364446863,0.29757071644081545,47.93453269558777,85.70828612653091,-8.234887274296517
14.67626344551112,1643.2595913282603,7.255295976523198,0.7892906546771047,8.619807164922634,30.08021654397794,38.736847362875366
34.343967138143825,980.005052527526,6.192492131855487,0.03121356033874756,35.983196279835575,49.76830301921051,22.40897791326867
48.13001479101376,779.6189504976619,5.005819133203834,0.9668655502933936,30.72405041014912,70.88270604786352,11.624169409972104
79.30891459823994,609.6651999394771,1.391352969804646,0.5265949425897893,33.98375655703174,71.68149520285075,21.40272655752126
46.95145932891009,792.2931065451439,5.119632855726305,0.30328102606544527,17.560981533378484,84.40070357606315,-3.8629526770508598
64.69199511269147,657.430846920688,3.2061312755356743,0.3625832125946771,15.693968674188246,65.41483781445193,15.702622764677379
89.38943131492098,600.0311368749344,0.07992174131487022,0.06640535346049736,34.210483529418525,65.65813086716793,39.254776166989885
16.17657519132844,1565.0566931543337,7.2030575111364215,0.9893495140420392,10.777164255227268,80.77174028784903,1.7634718923353425
28.35217966915916,1116.8179596675177,6.600339247319672,0.03929194515069245,20.982737242950257,64.90371242863985,26.113904951817474
38.53896642579994,905.1544057750061,5.866384563046496,0.654907123147859,9.4087323026459,72.59437605945317,11.748568791585033
40.855395175800666,869.6694563077426,5.672722173568591,0.4427359277064583,0.41524205616648713,92.84418477785357,22.62290742439768
39.93679139757139,883.2916581920813,5.750648242285201,0.9489162181887151,48.50286800190347,58.101570532866035,0.2443614345887717
82.14693521730717,605.1851630006058,1.0247482525246747,0.24599974030679517,21.585148932820953,56.95875496434556,13.52324913088012
65.6927747796828,652.6801533096823,3.087219651192232,0.5320868239380113,48.46748072099126,30.248429430533992,39.00463569296375
56.671943197709815,705.2025043312933,4.120740249716526,0.48235620858275297,7.016175988391304,72.93983830648624,-0.2356424491995206
31.29668101833648,1044.567612399821,6.408666922235956,0.7028664440501013,29.3683389728743,32.08403351849924,21.822251392437856
75.02218265881005,619.1996257547371,1.938337930897687,0.06801023195242051,10.04870163956198,65.29039428098214,18.77988743833977
86.18014347622406,601.2205801841928,0.49964772153096854,0.19378913002335485,39.50370634816374,86.29636523225587,18.252579314520165
74.80185401676925,619.7831043708666,1.9661846387043607,0.21456482009284983,39.18514943804876,68.49447493637642,20.756164482580857
5.133033941275197,2316.1879429281307,7.469922358250526,0.7381507548416897,5.6303574519655895,48.87453156516732,15.111898684411404
59.0941164655896,688.8201533292176,3.852220211264,0.18913869632674007,45.60322264381946,85.03178950145599,-9.1534624871171
9.346507422578561,1977.9199848070486,7.400431621940995,0.5734917638909767,9.73148236016123,48.880190285777715,35.00484057315589
26.896613728366358,1156.6672474216798,6.688682007435625,0.2152438205009537,30.64886707946802,81.31222466621291,31.348941374201544
10.059599529560593,1927.4920445453333,7.384699425150363,0.8616249500839784,49.281681004385206,72.71809186331619,-1.2916159539439338
56.32261350069796,707.7190649046524,4.158870214151025,0.9421854544896385,44.11982673831819,41.89974077236008,10.66365886894345
63.36014264687158,664.14005476904,3.362857430471764,0.5184929749422404,47.82819642805845,93.35937123909301,28.527449034678398
14.731449235601936,1640.269427660974,7.253462408899546,0.3523088842091783,17.129938560905973,44.0450578070037,39.00311576936422
37.626305058823256,920.2104685231056,5.9400707714099665,0.23405777501749914,5.278782110973168,99.27109518984689,37.55685232208932
43.78010326122107,829.8989956601054,5.4150040552950145,0.049781001523043766,9.417343664472504,30.511734205845855,34.96795998380871
36.36950684967791,942.0204637478487,6.039071282752225,0.2685000761974954,25.024744753830692,48.443836400003214,-2.081305135043018
15.287125041241408,1610.6521500787844,7.234625168467483,0.6542357799453179,39.6614839136661,43.99022080919392,35.72375530045024
40.61056216593541,873.2444221091037,5.6936349580505015,0.5336169313092108,7.507682209193761,30.979538711932385,33.92224564755397
68.85013406371554,639.2428589887431,2.7060648318615796,0.9440412782809274,32.986576613037855,81.2657530103121,8.847495558319476
11.035651485326714,1861.4493372091783,7.361311989263277,0.3962772624917006,16.17888020197559,78.53980614697173,9.726129726813102
11.815301196961794,1811.087408152224,7.341095564282053,0.6938633423283945,17.060103619607673,85.46456750484514,12.995446097758037
35.15555980605866,964.3461488709381,6.131938120259981,0.4893227474751214,33.09588650789632,47.968898252519566,22.808781548320844
85.04668548760863,602.0546150177561,0.6475799928920504,0.5125762159242117,23.349970976661012,61.103461695807894,3.0417807991507875
61.8286749714477,672.4231377773212,3.5408222806488436,0.2677743146041175,40.60166465129969,76.13794651350833,-8.852578528002766
62.68694631716801,667.7046261209643,3.441389970124479,0.4549507768419997,7.795925483141353,60.78379527217005,-2.9385237701378877
35.76319922121852,953.0110743730629,6.085795251840456,0.47078499701270726,39.497413488351924,78.8128039222541,12.005795378838684
55.461167252725765,714.0983624778382,4.2522349948292115,0.7066425217489339,3.2117624028710434,74.37813859083096,4.100128471310091
5.861150642358187,2252.58907252955,7.460792151388724,0.9406399991861139,9.702694012280249,38.02534621155235,28.225828051806594
59.06816394481109,688.9861272947192,3.855134635206525,0.3293212774825043,32.80748572515827,84.67301847538776,-4.665496472536431
82.62939054398012,604.5639954084818,0.9621516770152735,0.042200468581298445,42.746282825553564,80.44734513647629,35.87326127774019
57.06874480930963,702.3921991801299,4.077242900789075,0.4962951255006397,12.633981386967452,75.90840713321838,34.76635899719555
79.26438044463933,609.7469019615564,1.3970808655190123,0.5444613321491686,16.359580291445646,40.85655243897016,35.43784084666441
66.53770971461798,648.8574586380564,2.986090586678147,0.16844055113191525,26.856037414336996,48.75975141567545,26.98049993016633
15.247465394313672,1612.736669795192,7.235992189897825,0.7604646062760667,10.578640324465116,57.52239221113203,-4.650001425820035
81.70853111929655,605.7846928379595,1.0815664713757056,0.9849291084414916,40.55781307937528,49.59507351595104,11.906878568478337
10.647726770240865,1887.292266066952,7.3708633398643375,0.9457747170084609,38.68183225028804,45.946720347329205,-3.429731409726813
50.38723516655992,757.1223291657134,4.781967264893022,0.19710603882365219,7.264585598289081,86.3750369113243,39.384959638054134
17.081655522443903,1520.8551810666554,7.16915331861982,0.8753632399007607,23.191486590831605,74.67625724521417,6.651921169933665
5.995061912126846,2241.13330418593,7.458981754150985,0.7044936364116847,38.74138833273107,69.58304920851752,19.266527094503104
40.87291211084931,869.4152076791188,5.67122196275001,0.4538465638069116,16.86647655517074,45.81668975972777,28.969652712211087
30.07846015060328,1073.185208708769,6.490049235173961,0.540610994324729,31.655341135886584,94.26535935880489,36.03080421128227
46.310041972796256,799.4754395643222,5.180667669570841,0.8496001749824581,2.5106560728786365,43.38281273681214,27.777386292068
54.06199037243682,725.0039088703898,4.401822028066153,0.48013493963837317,30.434438026465898,85.64656529772739,23.72518893831188
8.717821146260526,2023.951059311872,7.413350933845411,0.37320736910512686,7.632649000030351,97.66708666937052,13.299089101907565
15.455280085518378,1601.8633192366688,7.228790563692155,0.4932474930259858,41.529166255722565,80.89649104569652,20.2700066875262
52.48460369828616,738.148515435314,4.567309454163683,0.5791298040350491,17.772473179023923,99.50011426292409,-5.291809557358508
34.16922501967595,983.4565551200417,6.20536772877897,0.18907765377834884,14.077693136409785,75.57357818845627,34.19612709806312
66.97974644170307,646.9247396200162,2.932923708802481,0.9009077302669907,42.04444883557425,45.22222405227265,17.18886544199427
60.44479013031487,680.4552746057025,3.6994650067058226,0.6741869488296138,2.5072011535905103,44.26736456015579,-7.993247478252865
76.87637085414208,614.6562058960735,1.7028972155122306,0.6332689173374889,19.83043996671724,52.719499897883345,35.995106282994875
63.86189026688415,661.5596626596061,3.3040229013286138,0.09949622618063814,18.50017702875157,30.499101415470424,14.465098691843433
41.54414157816259,859.8239218936187,5.613337541751102,0.6041739381725918,14.240018712477543,77.71889290579841,33.429457078050085
62.202162903526755,670.3455524975334,3.49764935447515,0.12096066223849233,45.587716600073854,48.80674492394793,32.84439771026784
28.407399811710576,1115.3630998762897,6.596903536132605,0.07869767519539905,37.54641967583611,87.0628262604927,30.787579372855745
31.036647396148076,1050.5328966564225,6.426282734284268,0.5273108956423933,3.1961582095969385,55.14208553915102,-6.929849035232197
72.06373859326743,627.830960119366,2.309691016239955,0.402785534046495,35.734372471747704,63.59695454243189,2.3533322712104425
42.94565889413448,840.7149351675425,5.490001508416782,0.5888102701562232,26.3649566564397,97.59822415922585,33.777393623271536
72.86232894405997,625.329170236756,2.2100151015571003,0.0892221680572386,45.04339472007896,46.9520486133094,34.94955280260469
74.90590176180366,619.5063952338996,1.9530379393755017,0.4309830628472584,15.647280867417923,80.48778682008177,12.903443118440304
77.89279870120912,612.4389485772144,1.5730609145828938,0.17478671504515797,28.708099980479147,82.8582452513792,12.002073382710112
82.91399504650262,604.2164578863758,0.9251931481001556,0.9871000859241166,25.0377637370493,45.46987102665446,-1.2429683056925125
41.63374374363018,858.5655932577847,5.605552113827074,0.5611502124351744,24.478045311380285,65.06977856285368,38.42053943455756
32.1036795572968,1026.530806255873,6.353158447585095,0.6874368609408673,22.805269975860632,54.514134771907784,0.6569237679521596
54.48689346049968,721.6191565687723,4.356668784652603,0.3254182806826078,10.281473776614064,84.03343703800624,-0.45316078246172253
36.54965599219834,938.8148502899817,6.025057870089835,0.09473891477934415,37.78549612461964,73.57383233203262,23.036448507458715
56.091304178019804,709.4075669289214,4.184033055911959,0.9758708627835366,22.566801636964435,63.31881384023829,2.142215150022384
64.9747983247251,656.0635027644767,3.172626467470921,0.2862590353831832,47.92581375013029,84.55542855334028,36.938580550719486
63.514426571831635,663.3397184392861,3.344793467929759,0.4238081851735742,13.040421359638815,46.460889900589194,-9.45465023411026
36.836995396710314,933.7576268816401,6.002583147164054,0.649863921702575,34.13719198135205,82.75353164090514,-9.712336883834935
19.18311714439399,1426.1766214489776,7.0835492516284395,0.024697297686111286,47.03585398195542,90.5762018464977,15.243840071779978
41.59499376928764,859.1091504080732,5.608920737516805,0.8102591305172869,33.172916150804625,91.50351177653008,14.403122995673598
17.120502246962243,1519.0059445252555,7.167658024916909,0.5365781900286203,43.56364538086973,84.85715151137227,-1.831798904954475
80.6582479906237,607.357785063934,1.2174218234552487,0.27821718706882215,41.374047987850304,58.56099168987881,14.725978148514223
34.39958416271788,978.9125384638901,6.18838198975784,0.06160798529246925,18.005885774450192,98.72656159024788,10.583055258499321
18.12907851398252,1472.3259478061264,7.127684520159612,0.16249841547444144,30.006196996974825,56.57155506757079,34.516476267118435
7.163059591988825,2144.336827328396,7.4414647606714635,0.8950338588534369,7.81306699056778,74.7037779371698,-9.537303989151827
59.894902834351164,683.7967432223577,3.7619077579125295,0.686024223935891,26.776294134779977,41.275192464862805,38.813490251647615
59.136696983653174,688.5482736406311,3.847436779614977,0.24990172163688984,11.52109859071686,98.63142290454749,21.219638214792123
33.95135415940979,987.8005489040952,6.22134033967533,0.06560076494502953,37.18684074762228,79.27901453052642,-2.407827717736218
11.095510552050335,1857.508543766138,7.359808096225174,0.6906153123866363,26.40292109460623,82.73642816724578,-7.661999309441688
39.81845606609472,885.0885030503669,5.760579691237165,0.5724077259677651,20.561368131583023,34.60436923878012,16.905282927961593
31.453487080388456,1041.0070033312081,6.397980371726353,0.404519524458235,13.439854808348878,83.43924699544702,1.7445082985910059
62.5552543774758,668.4158542026989,3.456697434701749,0.36361144919006383,49.93492409206434,84.2306400454421,5.058276850062963
56.49123620347868,706.4993107126074,4.140483957117548,0.2168142759291083,3.585526044246634,77.02409084535608,2.256608241725681
35.9904668967909,948.854528993093,6.068360859453944,0.6696112565375176,2.178034028621001,50.43367296532405,22.50861567862554
23.520867111674157,1261.361180772059,6.87686091926579,0.9706680277938705,10.862870024693228,64.27830295126171,17.676448105806678
88.98305712322531,600.0863833533876,0.13311052212367142,0.17571524583682585,48.55362293139098,37.730405991610155,-6.101278823909425
43.59013780166976,832.3257031072771,5.432179150696578,0.5971166200155034,48.961908415999225,63.011094652140685,16.32632665875877
63.50331004132015,663.3971794864492,3.346095832540297,0.4241850557459762,32.746386738606795,47.06766968202834,29.55948827816499
16.947002244160664,1527.2952384975836,7.174310897683094,0.4466887217446649,44.005333360320236,54.436789054585745,-5.940270458983784
46.27512447104881,799.8723550653131,5.183971719636577,0.2541472801278144,10.69808654203977,41.382028588258905,34.486948811520996
7.340621188904566,2130.105813086611,7.438530809052411,0.8251348756614191,48.60210470883118,46.10380574228279,18.915332472386456
47.96368502238825,781.3676505185995,5.0220111671355925,0.4852556041472411,7.139242506978233,35.359804927408135,37.53122346351583
86.9414796050047,600.7820769730652,0.40016926936739733,0.5434058521982641,5.056259409082914,94.3930956505845,-2.5929391138812177
37.65757060379302,919.6840529042915,5.937571287937158,0.30476091279732576,5.610576962363645,67.12874815827823,39.678249967665764
8.314661068867485,2054.2616337103514,7.4211661368216095,0.18180846566694975,28.656396163628234,57.77193798839178,22.213643298483838
7.6312422281442,2107.0848888149485,7.433574571238032,0.08591038820282049,39.04872003590262,67.45204489381487,18.374709974053143
37.97887459548391,914.3184230724628,5.911782744496669,0.7141191409249159,18.333358893731656,73.98052599370868,15.76398120560427
18.602119599371495,1451.2908428494557,7.108174573381778,0.19623428168785562,48.89479938930633,94.53151553585444,-8.817281345084362
6.984928187895802,2158.7407304675644,7.444336315243802,0.6900753541887977,21.721006905916475,42.50850666004193,36.981959577478904
69.27815718576502,637.595026857748,2.6537357737606375,0.3903764460469539,7.522427538660814,50.68867490446523,22.199723642709912
43.97445575496071,827.4375989198179,5.397370719000378,0.41577480098965147,23.298337409306836,98.30525354408803,-5.418675775035439
29.585805617675636,1085.2567392265337,6.5221295350564406,0.4691774960927717,33.95185827112199,55.98350906539671,-8.952391485273756
81.50707055640086,606.0714397442025,1.1076552075530826,0.3677085081275432,41.61128902521894,31.579315553012933,-7.460818038162433
14.871811617044678,1632.7040998404595,7.248768499341386,0.10061997722259008,22.938414497829644,40.33504448460111,20.469788171612034
86.25310046120214,601.1743307379202,0.4901184880405435,0.3096318100028458,29.680341302458373,31.843709122398643,20.70077074472926
31.68717097707499,1035.7511698030476,6.381965593231989,0.6637343606939384,13.367235607942668,99.29461996945099,14.983364589072053
80.5143121462379,607.5885003410249,1.236009243109453,0.665784401468871,32.2958263202757,49.52095942938561,5.338291032647577
56.25014450075423,708.246161878672,4.1667610202991625,0.28622430723999437,49.29859719751718,94.64799298553582,16.587136580732068
75.27012557802644,618.5542002913207,1.9069668770240231,0.46010262655768797,2.452678629389693,99.7120393031801,15.815091043812892
88.64111887288946,600.1542545284719,0.17786044825986064,0.19344722801193748,44.32653353525839,71.988885480018,-9.029222006171718
29.514462214593387,1087.02949708719,6.526735304834891,0.21037208152983577,28.11412513837614,32.323742054589324,4.123461516374903
86.6965162596454,600.912523644959,0.43218546577877504,0.023047088406607408,12.604932978114997,35.711414127084886,-7.340732926642525
38.10596106670573,912.2181521024941,5.901531158559695,0.8967465499077446,47.74448550046289,63.71123385755144,35.00773757238277
37.768511902638394,917.8223132389007,5.928687967205296,0.2107066650749062,24.167715152944947,58.43204090380402,26.26115813925677
33.93290386163298,988.1705042584381,6.222688844855215,0.22753387693646332,16.58451258366928,72.43241140472374,39.805758509645614
51.01964662454474,751.2136067561569,4.71790404030011,0.2796014326451318,9.074881413542057,60.71934667979548,5.108563165264394
18.102328670171403,1473.5315321206135,7.1287732802438,0.127408071695429,12.222610512833104,95.3853794490039,33.92429238784551
52.06547625543095,741.7997916962377,4.610704151614334,0.6392628831813628,41.64245207957213,67.43178007894578,20.152713396624087
51.04490905485034,750.9810096781393,4.715332967585436,0.07514295317758657,30.72050046585829,78.56082430237095,12.656270345180246
69.76165407141394,635.781782255317,2.5944466500174315,0.13420242632635027,45.6622809744158,92.75396908497476,1.1286555644317549
75.86024676469478,617.065364104792,1.832159057961404,0.6447567265900929,11.598422607889292,40.281031308324515,26.919608264307143
42.43751477655604,847.5035958942681,5.535102589383117,0.33966062048144274,6.056928692445074,46.081425788297,35.207037445215
30.69832619487697,1058.4091179032062,6.449003894473255,0.707947826701189,0.30437654877950027,37.51230623318105,1.765419903768537
27.04346627195303,1152.5121594182515,6.679963929099262,0.557424744670142,25.39310188079969,39.77468794609386,-1.230483251319372
21.543026119914114,1331.8276341954434,6.9760656187669,0.25602117306151306,49.91534651909941,65.88087768539631,24.811095750243346
9.900044486917114,1938.6132168721444,7.38831894495975,0.6508279504893281,34.74826344093195,52.48254812772248,38.84865813627596
34.10807820095063,984.6711540295923,6.2098596091910245,0.11627368029288065,15.419729598257303,59.62209876687284,27.497755055203903
27.971053831116578,1126.9703579387906,6.6238849499876205,0.5364103830800304,43.84292915130858,98.77428822558433,4.229036952382446
87.14547779864462,600.6811410579994,0.373501525453423,0.43714810504503465,39.08611329939799,40.96930434571637,10.997771207389281
52.40525023125373,738.8345837637353,4.575544206087758,0.2678735828174408,0.7707583038269628,67.85684495586528,9.215881772918586
34.518548317593144,976.5853789491484,6.179570873967049,0.6040049977395001,40.84302402705112,36.920980853755566,32.60475090235227
54.33974608446416,722.7840142035457,4.372332964661374,0.8713335923402825,15.026337861924798,52.2947419284715,28.568538943611195
16.83171961438412,1532.8461811203304,7.178695045881464,0.9989046997630767,7.483673229180054,66.92681465722191,19.448771738076008
42.74371868218725,843.3941587896097,5.507976912970212,0.6077627687434245,11.316541986853728,96.26422221757365,3.7479555198451617
58.22991732079043,694.4561686847001,3.9488396049222394,0.40470587432917016,23.42899021875695,57.38597548984381,36.89942638610281
46.55631570235837,796.6934642079696,5.157309576590437,0.2252071002162016,21.243396353400552,34.54346873502689,22.66576123845733
39.15119805561756,895.4052720615837,5.81611906054638,0.25709608939511175,14.444364968711337,57.171301357222184,38.52383232208912
89.47711305647435,600.022835835759,0.0684447907638821,0.4794549781497657,8.610916110351635,40.20188231117844,19.005851652101537
79.8267547826588,608.7412907361977,1.3246885648902107,0.36727770128070925,38.11153948210846,46.09927293040117,31.059637918180705
57.98950644355241,696.064604768927,3.9755592967724964,0.9138145226249442,49.505489186745855,73.26634362154934,30.655268969726336
53.397075700494035,730.4318275890937,4.471993866846974,0.36829546765570953,38.88957902098452,34.71967063425772,6.866438841679603
57.75614078508964,697.6430670075897,4.0014290276190225,0.3734445911454355,14.79684838357706,62.53066293750262,38.20103614786141
22.111529164906827,1310.815039169298,6.948396806686952,0.38353451243397696,12.240448070606668,72.6623110207535,-8.9029266201218
38.58670817746708,904.3842155378297,5.862488870711695,0.8366202103676581,10.883293803296912,59.53008746572478,28.43554543837071
8.354060295726441,2051.2718947259655,7.420418581486903,0.6507883208469019,6.834753724451814,31.338844543661125,38.27785428820219
45.42141318638026,809.7715962458833,5.264151735296018,0.6141688503188927,27.56652748461506,98.98635498320058,6.945410164186143
51.15708963640137,749.9512885744016,4.7039047719394445,0.3341430223838622,30.27001859766721,55.69810371383747,22.405529389548597
24.358727568772814,1233.6452224802906,6.832357500577696,0.8179041768324394,35.27513303315686,84.50040308532868,18.11116249221053
86.94245200906867,600.7815792546198,0.40004216322879343,0.038363861355701134,34.0106685466834,52.79525445312173,28.075365483826182
82.30364192966557,604.978974294816,1.0044239596854834,0.8707971723381132,14.616665564169123,63.25117298953932,33.308896082252616
66.382175013752,649.548405392482,3.004755734471038,0.5127498997939296,16.51555026984233,57.19245498276976,20.152228464977398
50.33786344505582,757.5906454133583,4.786944200254169,0.3982502348634128,34.075726772116894,53.977746065672534,30.795229319072845
78.94737857005322,610.3387900738007,1.4378284355686564,0.4971672807176857,17.472382039181415,31.529596404544513,5.614278794462761
16.105449224994345,1568.6227324078643,7.205645814528061,0.6674155305338311,10.631159480965652,55.20146564981525,1.4293529352408445
72.19333251336522,627.4161618554299,2.2935457635334497,0.01276542651789736,18.71680768483698,92.26429932796711,11.53338447664201
15.609769187182106,1593.8588183747497,7.223375255721434,0.8715518564582477,13.604207878898883,78.32753370155785,23.886829979039163
72.50790631669946,626.4235263987011,2.25430644029863,0.4467395253113928,4.4156360609288905,40.17960013668079,-0.6376525530638197
28.440243301365342,1114.4997011121882,6.594857159100043,0.3429665197000782,41.50694511383268,71.38085032359174,24.017609607594572
79.55269938654605,609.2242652798323,1.3599830436769818,0.1382455656340571,42.65556945785182,92.45616019642101,9.704682428603366
85.24357797515881,601.8941296704734,0.6218993063447493,0.43946537435844213,10.987515008343973,79.00238286753988,29.7787636946316
17.647657399434827,1494.2910516412799,7.1470412497700675,0.49632277128437885,3.2386099762600873,40.40790746496877,-8.158209144834835
44.32742643055845,823.0219341569809,5.36518749925405,0.4036466944934778,36.94137186755898,90.74827477141477,23.39913189146972
88.38392714382823,600.2181889218928,0.21151539382100365,0.6786600938268971,10.576431293170685,51.10808093022058,22.491116832498385
46.08963205771746,801.9912846630623,5.201491530405072,0.420896528759226,19.671774471843012,61.78533010186392,37.04677380626572
78.40153941373633,611.4005349343861,1.5078870150302348,0.9614175778465733,3.206762611869163,66.82999317824024,25.66837767820352
55.042179381162185,717.2922218929216,4.297299349328537,0.5992775178235918,11.313479237921758,89.53546230647368,29.81509482116406
36.903042173166156,932.6047868082319,5.997395831135411,0.807477935651909,39.64511391648179,95.21252466033627,35.229550792658415
29.291602219698966,1092.6079258339287,6.541057434902174,0.10935590310947885,40.21982234576009,95.07570144533892,23.75259591459939
22.27396274231742,1304.9263867587342,6.940365460036468,0.3972912929459057,10.35424124438552,30.556792689497843,4.5076817479987294
69.75284626710426,635.8143605249288,2.5955283777790843,0.3368477014471527,16.795692255334476,94.53219399098201,33.4886899791761
37.85594307995737,916.3618598837907,5.921671492007199,0.5694823881365918,6.711920954687178,33.80708762011006,27.37890597379875
48.458414287063846,776.2040664896294,4.973726035489396,0.8611135200614256,3.708631514246119,48.60415597722047,11.221880200044673
46.847665800100465,793.4414726073201,5.129553163311666,0.07833821776200667,49.60858572242047,66.0491498309483,25.526458632498105
54.068717484816155,724.9498161702468,4.401109036427026,0.07257479804471079,32.779697562241964,63.59479823030758,33.3844438590571
78.57405737808693,611.0591173394641,1.4857587852894587,0.8503177081575989,27.104825459915936,72.32968557211744,38.782606569563576
88.3628442045915,600.2239206039494,0.21427403202184003,0.21285008603835742,38.27492502026498,63.56123601159041,37.61757519795277
39.64465772877444,887.7452717378155,5.775121387265603,0.6687532544498137,42.00385798438621,95.40629757482945,6.266391338207075
75.33910837903576,618.3767282155477,1.8982324319471562,0.5428781323608052,40.33573840223637,46.83841937502109,11.084685685909086
69.984862545651,634.9617629342201,2.5670129751800443,0.8328935948872295,0.8269724644938303,49.18172858269401,-4.523169751131436
53.74996087372373,727.5309671979958,4.434826493026702,0.12508890983640353,9.340394909524925,94.45165549851393,2.3772143509022996
86.26400720701432,601.1674937484713,0.48869384122328074,0.12978296572261128,32.745265105891555,35.371765962167935,34.12106042434751
22.04033381991424,1313.4120277508687,6.951899381700819,0.5568183602783076,18.787967390198148,72.66925753333669,8.042496313967948
14.28745787631782,1664.5806475301322,7.268023324560529,0.9463786533583709,49.12413255305535,77.72151664459275,21.027632929744055
77.58676719121088,613.0864521590192,1.6122066738107543,0.41499775837075425,33.2702396319127,65.38792064008176,23.29828091535166
42.327734413868605,848.9908217680704,5.544789240226284,0.32694210025469495,47.82744543646032,78.5962315176196,29.0914637571656
76.99235260760014,614.3935242655098,1.688108277248088,0.6066893231978858,10.072324082289692,42.09282522083769,-0.8599984877184514
80.91266744161027,606.9589241359145,1.1845481811776553,0.9304486005450311,43.19785140575115,89.68425629400778,5.240656730721774
10.308895457621073,1910.3005667659147,7.378929496002139,0.8369278328446237,16.067615290761267,39.80179826289199,12.41681707290903
80.09450485381515,608.2823766567044,1.290176848062897,0.9954836107332199,49.47824041189034,58.05687110210248,8.242053061913676
43.10711970640089,838.5902602521865,5.475580243503299,0.02256858320237709,7.884433603657365,35.268032091574405,39.14526164298449
48.38676156535974,776.944907298046,4.980742326540832,0.11285814471276223,25.81699094191633,68.164775517218,31.74704016068562
58.26036344292287,694.253745222979,3.945450799237572,0.609467763366622,39.642226691856095,76.88220651979475,13.9843377310243
83.74252157205737,603.2841568983495,0.8174746599676895,0.8205764393338497,21.632124030201794,95.88551445667034,33.9634313043234
6.624868026529942,2188.247364476061,7.449920894894008,0.28524434230676654,23.404203009382336,81.75353371272007,7.38264737916484
45.53169480701445,808.4714981244106,5.253859515712733,0.23921108803421876,49.31778977528705,67.87720415179058,29.291416194513232
63.45637360659766,663.6401434884965,3.351593312880079,0.7869757993812009,21.265407515057667,95.28319120192336,1.183779905322682
66.43009140434941,649.3349338333555,2.9990078181163424,0.05638185385323158,30.203605029953177,63.49057866286136,28.616102261318296
63.86525668065418,661.5425673885111,3.3036272975552388,0.3693826475825851,2.726983033757535,69.28439571692086,12.82267015978642
16.42698599969036,1552.6103475814152,7.1938566514006475,0.5058092225923297,42.110504010513,71.72689693690671,-4.625033950387882
30.448625011592906,1064.307015859301,6.465629285424393,0.5603486743503234,32.40840244897718,58.698580812059674,3.6631227277791147
35.49081966044614,958.0518211753119,6.106564142146429,0.7286151567927769,20.201005143140677,88.69378833960769,10.113731201178233
73.37716265275793,623.7844693105999,2.145527396451479,0.35484572343065823,0.8084769977259876,42.962315719154134,27.46464558322186
28.694589155237008,1107.861391209428,6.57893633015772,0.6126843446746072,29.583441029675196,68.83895332601256,-6.350864263452457
22.90992192871227,1282.3502635462728,6.9083850527492325,0.5853754227909563,0.6328914242081096,80.55632793310357,22.97734975463198
86.38308161823818,601.094155063678,0.47313911687229887,0.5476161006537471,0.06018069545089544,93.2783320313604,25.80068204664218
5.753379234644856,2261.8627631007334,7.462219556637756,0.6404832931422122,30.80492810746773,91.87428775039949,22.696068496287573
89.81477273296815,600.002865496991,0.024246150322865784,0.2594491710680763,9.450853366727713,65.61182026010994,28.03348190837778
62.529810402878624,668.5537990772,3.4596528613043946,0.08464875358462898,9.594377485904765,75.02130158143392,-1.0915691988580853
75.41989045317496,618.1700585924727,1.8880004928779657,0.11927167203974343,32.66357829163719,57.59664152905107,19.355167753151868
30.042648689426418,1074.0527871079312,6.492397379044336,0.22458238265390107,2.6848593969687142,62.77244340161402,37.05724736019399
6.2167986017000985,2222.3275490318974,7.455894426107963,0.5001979355227852,15.670278073727816,93.43860548011347,20.539213490226885
67.71890907773005,643.7940480515936,2.8436309693809476,0.8404427505460201,7.471595107100954,95.14927952347318,20.56681734764765
75.90229074505744,616.9618195733301,1.8268217632201431,0.7012933420883841,29.008818489826695,92.67898406469138,26.821982105663444
67.94047121604913,642.8799783483073,2.816772827290463,0.7890406042020471,33.08825773636979,39.68596032695468,6.66021160629295
17.142274420571283,1517.971209247895,7.16681852641036,0.3509756239260914,36.056792679952174,89.50588149314453,25.023795066077028
69.04137339184237,638.5016352253833,2.6827028697174473,0.40465374164855017,12.76156084592827,96.38546117150362,35.81169166566075
70.35843647914949,633.6132506353451,2.5210115176163486,0.3936818859906128,4.462487581829199,55.28747862015233,-9.45522634873285
60.975943831954666,677.3093644022474,3.6388259606628526,0.19187318440450152,3.9341828470948914,66.30524025951685,33.505652055443264
70.11985428762483,634.4710300875004,2.550402739595035,0.06121665814357202,21.307577422536188,84.53666790690971,0.9309165629429543
76.90332237260724,614.5949411495994,1.6994612231497443,0.5909160928272268,47.292220453135755,69.34546962959541,12.796163685018762
57.15634971018397,701.7785892857519,4.0676132351317,0.9892166834205861,10.886451712351231,99.54384651943747,32.6173900476319
12.531400687422721,1766.635194655871,7.3213293133327255,0.16682970495026284,12.837080067077466,61.89993556097799,31.19560637283145
46.448363821712924,797.9091599875646,5.167560141868167,0.046684819899273755,5.044440105292947,79.97598978451643,34.596373906302794
11.60019344708643,1824.7749420603457,7.34680928022503,0.779531681823933,30.278513694696514,85.4813798137581,37.0208396316263
39.64115763775662,887.7989940051075,5.775413694265027,0.2525860066847242,33.99364369735874,64.58702910309077,12.35784783858793
39.60405157567835,888.369059850213,5.778511248547262,0.8296438053529284,32.146560408038,89.98886639979631,22.818190540050345
10.610836751920534,1889.7774440924645,7.371754046713172,0.7039366670345154,43.056512152239065,68.23082138450374,9.523922026305335
34.649745387405744,974.0341862003361,6.16982283452894,0.9456735370508046,24.321291751303587,58.815555776114195,7.535835874608292
14.43483839726176,1656.4460361671431,7.263238256318074,0.408927235756672,6.722852038353222,37.547657169636295,11.579770529883476
73.69999285078389,622.8427954889903,2.105001215120671,0.6619698394506341,14.470256535220633,57.538950344529695,27.1538067391338
85.55348220698002,601.6548369774027,0.5814637392349228,0.4648547808132707,33.12149867106759,81.37555183132989,15.072037357077644
11.146900396924782,1854.135254358735,7.358510574367802,0.6305886973085435,30.656098687077993,94.49004881760752,30.702983722417102
86.18479261979462,601.2176061923374,0.49904050039427816,0.44959890600773733,26.550156487148126,47.61755827022172,27.26092385980779
49.41901094362334,766.496566326492,4.878916893934127,0.18863224642407483,34.148220934434356,54.86648621313518,-8.976076943780033
30.46308262607928,1063.9635439484487,6.464670027119814,0.5078974160033809,31.869542518664968,40.77726958730983,21.51190785530808
11.533276398473898,1829.064950510044,7.348565624312231,0.5285842014374423,44.066244473247586,78.35060259602781,11.828556165429553
47.55306278598552,785.740483470945,5.06180332844621,0.8106038482601611,29.30081887391483,97.21319010069477,12.831449457557078
72.53382128171364,626.3426479797618,2.251070812284063,0.7355207057935812,38.93006793502782,74.86665538937228,30.918652693494735
65.10235056766933,655.4532427845043,3.157489510506521,0.6637916239414441,12.435357798323393,73.19535710043584,17.380399304233837
9.269210974437769,1983.499247855001,7.402068112061402,0.11338709555257254,33.9091292294534,68.74429513503037,34.281091172947356
11.196656006271798,1850.8779647957206,7.357248674355042,0.720616290663715,45.10970591913379,36.19190184798756,25.64027961958452
39.24422902377415,893.9478081865991,5.808422758794877,0.5003051563545148,19.28661639499166,81.06526785005686,17.64200043820264
30.09969199407518,1072.671566568551,6.488655874029389,0.8940995361061592,38.95520936693233,72.14346804845457,27.726898807555187
24.752667459764066,1221.0257888352053,6.8109276130258305,0.9198709341305428,36.23946505977177,76.30337381994009,-8.082547453729635
28.885382407240655,1102.9370686892612,6.566908469882743,0.05515659060178546,2.9763098435911237,92.91677651191951,-8.645817258589613
73.2960331802352,624.0243738582212,2.1557012482988496,0.8206415603544788,29.075415481203613,84.87725509427125,-5.832533653957396
83.98438455870757,603.0342115156254,0.7859963042963972,0.03769739042267062,6.509467460040119,84.66406765081683,11.878266257357133
39.43372903484315,890.9982601627639,5.792698385587137,0.36716962569502265,48.36595861152956,94.90286382155433,1.7725072813471563
82.01943518126225,605.3560713929619,1.0412788965299453,0.5422999756210791,40.57037513503281,99.29544660240997,39.21306472078923
32.32713460606996,1021.660675612005,6.337565065985444,0.14810079862712744,5.486190062356005,70.68979123727416,17.114506950568344
45.49714383922229,808.8781268226458,5.257086139070338,0.7463138125690768,6.087599882383921,37.6217131221816,23.120787304057927
24.212464814359976,1238.3967317570796,6.840231862434741,0.008354704172138572,29.72369274563095,62.13909354428055,3.941006812334834
59.44046358494674,686.6243227343402,3.8132505992063592,0.16859904843403684,17.244458708659167,85.1320802523151,6.089845429380439
88.21339478985875,600.2666829165819,0.233828177955957,0.5807968298534757,1.745292953655464,31.940772733329442,6.773095707057795
56.29691316368719,707.9057952407311,4.161669364135362,0.7143875620372924,27.082075391652655,33.982120684930436,24.936785257515027
35.414197149651656,959.4815671895549,6.11238174269272,0.9166431026939161,19.392254984292347,34.701044766797494,13.685310384465424
60.064482909194915,682.7569908118903,3.7426876854124465,0.7054966519346239,5.053824618587132,81.17250308298176,15.884182626503723
15.448257669557943,1602.228759411137,7.22903547203931,0.671779270254866,40.09601961279913,65.08166399942205,19.600149107967265
80.53602182255888,607.5534671754895,1.2332062208315635,0.3943411463506643,45.7538382639403,55.82285604644155,28.44058281191085
47.76213581628609,783.5040289873523,5.0415750509079595,0.0012844255268014138,37.8296967007065,37.39319316832152,-5.481512574376093
43.194728073369575,837.4438718218125,5.467737084080683,0.12015925873562194,41.121115500813865,81.25681751441223,28.843695610941083
54.79850701854913,719.1776583446217,4.323402065099098,0.5345545447560391,10.824528363305868,52.47138673856298,18.16175344375899
58.10662833709921,695.2787850354689,3.962550875907973,0.6751298858444197,13.17864754593005,48.5726849045267,23.454772242762857
11.100943529253607,1857.151483237069,7.359671201000468,0.4174482838964625,10.426377014959387,75.66234410874856,6.377588242038101
63.022463803989204,665.9132578497392,3.4023084772181296,0.7306790115283902,38.2531715682782,69.13076248177893,10.469341840822459
25.564192826820015,1195.8267346778603,6.765767876918287,0.5218622953321788,47.395853946724856,55.368744926931114,1.558290982696013
65.68597376306013,652.7116151321543,3.088030960909612,0.07417619559431221,35.84186033669513,74.90412295639118,38.964999870870265
74.91545752265672,619.4810870819447,1.9518302209177028,0.19201625096794883,44.0733382439778,48.98550642688827,14.850148625515832
73.33647314196422,623.9046266949636,2.150630508424844,0.8399982232439429,31.934954744158627,85.63811831230288,39.80384578982989
51.96258222967057,742.7066450387993,4.621319736734523,0.7249127466244395,19.382995027939952,46.052326521535775,14.489298903063318
49.21444084641385,768.5293164193645,4.899223424733834,0.894761987012495,21.28808074651526,41.1186386767411,0.9875632192033663
17.144456713849998,1517.8675615198497,7.166734323776323,0.11755724912093657,3.7660716083702415,84.77075866492125,15.372619836842837
70.90442278426653,631.6957391041178,2.453587165263234,0.9902225346150739,1.572859762301304,79.55244214885532,-8.02022141004611
28.06979733797072,1124.321293183677,6.617812730374317,0.2094067139499336,34.77378020945387,42.78472829912589,35.238490071097566
47.21911093952546,789.3561918589921,5.093973988061677,0.01177987628664201,21.92144460055903,38.13720268829566,30.927512559722054
29.16329789883892,1095.8477580750696,6.54925805729443,0.9974229390535542,27.610753402731476,88.68793619406844,26.291026034714235
16.375410854973914,1555.1600732934019,7.19576292215991,0.28107388544511314,27.883062381120816,84.36189375376816,20.491335772123
58.51240423579761,692.5889459502105,3.9173547026131685,0.6680194525125599,13.86879066666507,52.908016158976494,18.991711683518158
9.618222959946825,1958.4840380849582,7.394572097199031,0.1766823141763052,23.794625541474534,76.07381857493567,39.836410703973144
68.63484490072699,640.086971294184,2.7323286571900187,0.5802285321991417,23.538011083385115,38.691213058346754,3.899871700996897
31.994877597194915,1028.9213484230759,6.360716017727348,0.9040349864545593,19.42136106139285,65.49333613333746,28.984218268278894
5.011448905381252,2327.025271975935,7.471329469857566,0.3201811674284386,41.033769170053525,31.311120444229392,19.070238510682874
48.44597683516454,776.332492225778,4.974944478821651,0.6702539760443592,22.558200184379796,57.41213166450888,38.79402718794426
8.982412224846266,2004.3963034525277,7.408022354260279,0.1879035887984165,30.18222622529939,35.23899750299836,31.390159164912617
28.474412414776456,1113.602965294091,6.5927258865694265,0.6247953987187252,44.776006019041304,63.260302610981775,39.926255649479636
65.09300143373588,655.4978370530253,3.1585995289536934,0.33645035181751015,43.31168114294612,59.5177152797026,19.416249723122316
10.328617837858598,1908.9500701769705,7.3784670591340396,0.21120825858795167,44.52111018895826,61.10695186466392,0.227197877246752
76.3437718502602,615.8947422288729,1.7707188715053643,0.31318205070363514,13.500249823250698,33.17319114335959,15.184351784736691
5.324693425979564,2299.231329390978,7.467635967659592,0.17884106850779935,1.7491244154031416,55.313143889728266,25.555556702528726
25.98002888216169,1183.3171772468904,6.742100933366987,0.9019161078378828,13.05333999476646,82.95386943699415,28.718019309079402
67.97684477292607,642.7309802963555,2.812359526623567,0.39718688631712884,13.935367281035433,55.824006134753404,-9.974500549202821
31.882962726991078,1031.3935435865492,6.368465885041071,0.24527930497436734,45.468016336248404,80.06203668267065,15.251354425114702
13.66085298561115,1699.8961393421275,7.2878303364465244,0.4484078410159329,32.46213664189853,55.86351065436133,1.7617289985323286
35.61988309803637,955.6552374672074,6.096740254211291,0.32053616680649555,4.085197980111438,59.62676090431305,33.74559166273942
27.98342934268467,1126.6376272632601,6.623124997414437,0.744419253813326,6.768929800555057,69.47244789804863,-2.3547277974885725
76.63051168364717,615.2213402314019,1.7342237922140769,0.9712199118854944,7.783806277098771,96.54773557649577,23.322812478741668
31.634572994737166,1036.9289304774284,6.385579495572001,0.4380336566976468,31.521087408446157,37.620231265265865,3.3031095162462414
72.05926010096061,627.8453560584821,2.31024875133885,0.8610333999722404,36.770701275350156,32.303963806282155,7.827107160713613
80.80913230891245,607.1198614705136,1.1979288535411827,0.5658630735596195,42.982195528269806,72.55700286670316,37.02796303784224
41.87448066400501,855.210043130769,5.584566919754125,0.15723566509423348,47.03182754031216,96.43679622498985,2.022406270403973
82.34516722762332,604.9250513972429,0.9990370134467753,0.6906227420813416,10.08522786932209,99.28061927883005,-5.249861908853467
37.07203458687139,929.6712149842256,5.984086895345025,0.5134344971258201,15.488624236202453,63.89149731744013,-6.535754927788709
86.94666540165919,600.7794244940478,0.39949141547222644,0.6506065232521034,12.016144037241533,62.76571347595689,15.230755504973107
12.589609584673699,1763.0960035746211,7.319672291283273,0.889687412571665,17.938078373306887,75.14746395216373,22.085574114214396
63.39663765277563,663.9501849961343,3.358586697311217,0.4404345706560461,45.73325537118747,68.89443300434789,6.36468217854436
46.97419343883894,792.04228529792,5.117457746248236,0.9011776232173556,28.755628346968077,74.38616403298826,24.51298708965404
37.95014846373,914.7948803232489,5.9140959447523205,0.7506690142816549,36.90959486622496,91.17995978765259,-6.9483140713381095
58.780509693631075,690.8392705525375,3.8873846150376643,0.48860492587798476,24.505961806339098,82.24143186413265,32.86673224614384
64.82785278891815,656.7715124005827,3.1900453811057954,0.6032221356579637,1.4428956668062265,64.78141741807569,30.82836048696189
5.370877920276272,2295.1683945359473,7.467072517617013,0.32558113251901144,3.209774299890716,62.33051213001187,39.274813569604284
19.19101254351189,1425.8407020260206,7.083209586552709,0.9835972997387742,26.896151563394287,74.77212239591813,36.82524904509227
65.60891430391709,653.0688750930531,3.0972205279541685,0.667351163050396,35.939451741001285,61.89943990942082,7.809858195946404
61.64276015414755,673.471414448717,3.562256925955908,0.043846852496629896,10.766526376436575,62.04455458859479,9.96376920077886
87.11403793593756,600.6962414944728,0.37761183094754114,0.32662190574800876,36.0954786996152,31.141413125055337,27.298242373912977
69.68821217131655,636.053941852445,2.6034645160744168,0.6233144337590575,40.53328867417562,42.18448961851159,-3.29586140225084
85.81568015716374,601.4650712831517,0.5472394422503055,0.0563332777992398,20.59487391810556,64.19595479970272,5.700735512241742
64.71594263045858,657.3142945283416,3.20329713463371,0.023884191319142767,37.32096164220525,87.58574213352584,-4.072953151217586
30.33443773435267,1067.028418373999,6.473191105545698,0.45002423952780257,20.201497516422997,49.51089047089869,12.74432245364157
13.9560183913228,1683.112094723175,7.278608590580308,0.33269017969267,33.917531472751,66.58504031918042,17.600213994265882
71.45502838431952,629.8254448144417,2.3853667533381224,0.4382986080331659,38.19985246597715,54.147345933146255,0.5580234981376204
59.752683825452856,684.6751641604178,3.7780013479777446,0.26269330988000517,49.59633091540554,37.33627926777123,-8.66841565429475
9.095811053430179,1996.0967054374773,7.405690253940982,0.1647177469429809,17.269833103179806,97.08089381499104,25.967791587526158
35.60428960158316,955.9440172657946,6.097928824328571,0.6891433569803377,20.552039028730572,89.82717091752113,-8.999741778691575
86.32798431616432,601.1277928566751,0.4803367512726065,0.5145711162678005,8.281002970508567,35.49446971268345,38.67013044641781
47.534097385367104,785.944387027429,5.063634942622538,0.20015421124936683,10.203652920090345,80.38510837277992,1.0803628371197718
41.781976561674895,856.4950917254146,5.592642246070218,0.3195894262599983,34.66975012991889,54.33059330502501,23.195004605814553
43.90446643853999,828.3215101637579,5.403727920033458,0.5918079076633259,45.8522795077238,99.63948649432548,11.737586311999458
22.755031540438917,1287.779350397515,6.916252562538823,0.07222934827247784,19.730247583062027,51.16789638802844,-7.01630698314464
36.34010952350759,942.5461463548195,6.041352374833661,0.14745300926617955,8.992222341777062,46.71169117538199,13.609180331723373
36.43412675891001,940.8674813499397,6.034051499166756,0.07324560410739012,14.254974969149703,69.75233838137837,15.838031714839982
9.450176715935154,1970.47211908771,7.3982156308082425,0.8123173327141189,22.75258524040693,88.45883143402429,32.734160404643426
70.24324842402305,634.0258714136899,2.5352071592402052,0.7524092332120093,14.532516468268419,43.47632102738586,26.617453482394893
40.40287671182971,876.3084639224298,5.711293242844359,0.7533129318792571,11.678954156093313,79.6581938803532,-6.034876262330682
74.88529037939598,619.5610439030979,1.955642753320381,0.716325343476028,36.79922443785398,34.298460819878514,0.45813417161325276
77.27958009519111,613.7537622243399,1.6514539919961613,0.6693854236698692,0.39224606203115964,94.32543201773481,5.594384210747386
23.019494649385937,1278.5362129418186,6.902788916552345,0.476991915378175,26.961526366824156,35.675244130310915,-4.179615676759027
60.875045984460925,677.9008511476641,3.6503691605152606,0.642278163507115,39.688340351487696,93.99619634409137,12.844953545724529
45.14395335385345,813.0710260861006,5.28995980325722,0.03836155478797465,13.31141431587341,64.3565074616892,39.21545954312678
79.81332272332624,608.764649540045,1.326419138020019,0.6214644226567846,30.164575530600867,61.36637789571439,15.73063956188808
23.3379577299986,1267.5747127249506,6.886381019372012,0.7778777055368772,33.44500528093089,98.13149556502636,27.09410841615847
62.61412202635376,668.0973604833216,3.4498570931218113,0.5003583603843902,32.751234820254496,99.32689243887533,24.146889884967308
56.65893039148142,705.2955314013634,4.122163376459661,0.35751332842723693,22.292481709935885,75.51246881727084,32.4955717546069
30.100625593605788,1072.6489932651975,6.488594585165971,0.2774267348009791,17.32889939378896,38.8983504299934,0.7861745232804722
16.611076810349672,1543.567143280329,7.1870049400172125,0.6428020501620825,41.79620365139067,65.43190599586418,27.691313084651412
60.38937964056851,680.7880586818465,3.705772709148277,0.6928011986299087,37.922297849993214,67.04141706689637,34.06776201528748
67.7807839412481,643.5376570690405,2.836134654559896,0.8709675998625426,16.062758670695626,66.01124996947168,-1.4245088509878627
31.82832421988475,1032.6054161214247,6.372240660590557,0.34233408246099073,5.150959722110304,69.86442869640068,7.340110989400188
59.810771341896675,684.3156739346769,3.7714309355371296,0.7697723073855856,3.5903772722734595,31.310729965607347,38.50508821657807
38.58612714697778,904.3935787466517,5.862536306851306,0.5613558241893379,4.713798894946803,79.78590970293517,29.039392298989625
65.62258507902251,653.0053906250178,3.0955906561485227,0.8828364906780791,29.14346805960214,79.86760113670917,4.129541626876618
21.933298365994514,1317.3347899646046,6.9571449701826795,0.5278121082956208,2.5831087914494844,38.082884262452154,18.19708848222435
80.66827522407482,607.3418488238558,1.2161266506275497,0.5176298283979672,16.84634374820192,69.91676097120606,10.21630614247394
29.429815699574277,1089.1409982107457,6.532186767234697,0.5778770814409091,37.65998509571147,69.78528277050422,14.498258816356493
36.261808959273,943.9498666110285,6.047420363506736,0.7493153551424344,14.717408325768904,77.77152941332801,7.758309569535424
9.937815926829732,1935.9721247169614,7.387467271907765,0.9646904788284609,38.16540385900649,35.977838449455675,3.96655092651703
14.478538047308493,1654.0464503326737,7.261810201739809,0.07356335421576565,37.273351910352766,73.85523150862674,23.738152069570937
48.84826173054789,772.2143738779478,4.935415858521112,0.05343460239101716,12.291356631660816,49.652636552243884,28.92709075430588
27.745377521877575,1133.0745488642992,6.637688993857756,0.9375503374073385,36.441109004637276,65.49020933473204,33.69785613736724
76.01581918808652,616.6838989652015,1.812404930426818,0.5298756255182061,37.38883191360504,84.13264868928536,-2.2335016340905973
6.248938035671077,2219.6186029175806,7.455437669058761,0.6149030145669361,19.872696283351342,79.39521554541093,31.142776182262033
37.222994137114576,927.0702107218976,5.9721541058457435,0.48242360159472886,10.521024187075911,38.32321123745954,2.7400412238531775
33.67437147537288,993.3890362513862,6.2415166649403355,0.09365745260747449,26.063540344593456,71.38293509812513,11.366819495502533
6.642848627996088,2186.7613734172182,7.449648990867539,0.7680893784186665,46.06987940000982,97.8381571658517,35.07218429246233
15.571313915043369,1595.8450502902608,7.224728139422466,0.7472246450885869,31.9808366216031,40.97386061345016,12.725180049130099
40.159627368083996,879.934387471365,5.731879884653573,0.311703321492812,8.64612488136306,89.70349614077904,-0.14682329778418968
46.893489678032964,792.9338252727066,5.125175513196567,0.3062392452284004,34.137846236676,79.17836563876438,-2.00656723814411
39.36462851666387,892.0708236399832,5.798439572775444,0.8378413809055185,21.360151364091728,84.18023190368318,13.649188332606691
50.12970266502798,759.5764958918453,4.8078887988178405,0.07235725774132662,29.57643986776865,49.73708289998518,28.133621198827704
55.58619236698293,713.1569829600176,4.238743725092449,0.8811051483565658,36.7032017511554,50.152225056588975,39.86025719871506
5.843524795866029,2254.1024648091043,7.461027406963841,0.2566616898959144,25.74736757572224,93.42136190435417,29.370431421545092
44.44808855354783,821.5284185307191,5.354138985740596,0.5929847477554939,40.69919872866543,55.188242246479106,33.850597947142674
86.89743547544501,600.8047872724674,0.40592630122551154,0.9359941790017777,36.107778965831386,34.41107734849673,27.391618046744398
49.11774381101164,769.4966135185668,4.90880027724283,0.6781225015366464,30.75366700092553,72.0417692505615,34.7717550378053
62.59109273401102,668.2218473160565,3.452533499964885,0.4144298124670366,7.5396407916175745,38.737236832928986,-6.185322834304338
31.508427922935073,1039.765910339564,6.394224736511044,0.6895342089054152,41.797455545578416,85.76173689855358,36.496579949082275
70.78926714298481,632.0949273579336,2.467826587776512,0.3439796363163702,46.7952792659908,74.92225097507401,9.820307686282806
70.69832595946978,632.4121501868394,2.4790647607083054,0.27725841634918613,6.848256190464741,91.23085536548457,36.08071116402223
49.31016405060181,767.5758446417585,4.889729275945204,0.9966832779346797,24.412056471671526,84.93860748478447,-6.213358127026222
87.96117497873315,600.3473306499745,0.2668252522570764,0.7507902311797877,12.944437098525224,37.84795538367373,25.762147856056792
15.671768254825537,1590.665215598372,7.221187232865264,0.6447199773818176,37.72616537127823,56.67494735040956,26.784437433510227
6.440551515614384,2203.5561648901707,7.452665829742341,0.3552896432193188,36.081481800235,84.21921749402111,39.84554446488863
70.46344799935316,633.2395451966922,2.508061140048333,0.04916082915504816,7.044256028519936,59.2139031286428,28.442763534490688
73.60822067601502,623.108386918544,2.1165286021351193,0.03105687603515561,43.85136356308186,98.06558393459848,9.128685290780332
15.21761447524898,1614.3085882940318,7.237018829222694,0.5541812554487988,9.048653198900114,81.50183149254144,17.862427580927267
27.574540801481515,1137.7419489612685,6.648070168990194,0.7620327210390511,39.862951282405376,31.08499416832247,8.327546908329513
6.491950886163457,2199.27311418732,7.451908117951301,0.5373791904438551,22.849017981400245,91.59899840925854,-0.19906773475709372
29.931231916348,1076.7618713892748,6.499686709527314,0.8407850719391146,16.41361467790756,37.05633494079903,2.425116375113676
70.71705928308708,632.3466615430843,2.4767502761336773,0.03342653309322163,7.9119631337106755,39.83666069260601,1.1005267137160466
49.02664485556921,770.4117199420853,4.917809906801156,0.3667520764259401,8.38071280733147,81.41446804277356,17.440766508160646
34.58812541930449,975.2304302365624,6.174405275797235,0.23707039117417805,33.09452773504501,90.54779916013362,35.30803172659466
36.59784006703808,937.9620388437406,6.021299633034706,0.44727296815712203,27.521519397356027,67.54447395296893,35.63633130441988
5.115058185814793,2317.786252787957,7.470132511981792,0.07237639319412248,6.1042710825616355,50.23348130620454,-7.261811123708725
30.48304484304505,1063.4897011100065,6.46334486360263,0.9541316415710726,5.63489302191626,54.59208816772229,-6.005029952405324
59.94899303922409,683.4641944706973,3.755780787813882,0.22325540106936093,3.615528738639573,54.00225307172392,2.2559528586171744
87.80652772439035,600.4020482345923,0.2870547189862129,0.9223077754835848,37.188367368677206,52.867467266665855,2.7529726234737453
77.00017029363146,614.3759084618014,1.6871111875140385,0.4258931550366818,35.59410426146446,47.00367702751549,-5.255541238037445
7.0055719948699755,2157.064900089406,7.444007213970527,0.985524133255218,2.9215495427287577,72.6206966240463,9.423167058672025
81.37765139736135,606.2593925986339,1.1244075233162105,0.5540583834602107,28.013503779848648,93.0283722995547,19.38626963456436
71.5718651303832,629.4366911581228,2.3708620555994306,0.9308328641758075,4.233807762134495,51.49576891583388,18.908110029973184
71.33197050353334,630.2379608504116,2.400633047378328,0.005348988694222845,45.187288530447084,43.06860082229885,17.171484062929636
43.92963951530358,828.0032734872939,5.401442351804648,0.7482388061809001,45.35587095900662,88.70043664599973,6.933596244374861
38.83044990113274,900.4784599035738,5.842536342352258,0.9030506531025154,34.9116494906565,81.92483316227923,25.322784265829036
30.747836950821373,1057.2482838668707,6.445692850457672,0.13972056697895407,46.3094460719725,95.15859220919373,31.324197049053566
10.584063011121092,1891.5841402335961,7.37239858298576,0.09612585173215149,40.57265152068453,41.586381492343676,7.313713323870424
24.400005896964423,1232.3107757075204,6.830127137166506,0.4245726071859556,41.42692879635247,40.09759198816141,-5.723232035026901
25.96130897313209,1183.8745998456325,6.743174003711898,0.9336789061329351,28.48539252849666,67.90005760134977,4.816512554592826
46.14655092536714,801.3392199757291,5.196121316561114,0.5423865601904387,15.302959910808795,73.01035583845666,-3.1315672712548617
68.53277456071899,640.4907679306971,2.744767092127191,0.5274564637217322,10.889955755821079,63.612140930171265,13.367936361359043
45.27383541382546,811.5214298727133,5.277894163865863,0.14112611829932187,16.36000110194646,71.92766454267128,-2.2032424341960866
9.91677820300865,1937.4425028929852,7.387942028096197,0.0007895110932187865,31.4247715044531,42.626583821255,13.142237882898865
86.41213308399733,601.076624592245,0.46934380292481476,0.8101400907454612,8.632826791619946,63.572962791485836,1.0501446162323873
85.13156712299954,601.9846224600678,0.6365098014700215,0.08757456298623822,12.932011831866081,76.06647926577675,26.93655527312015
71.74111116761472,628.8785624483653,2.349833538444924,0.633849818735324,23.40304313977322,60.28945144740926,-8.621587958207718
89.26287163295875,600.0453837320038,0.09648721585651643,0.9146164545151915,11.652504926230778,77.56131350716186,17.73731519159628
51.280998288022346,748.8198712313206,4.691260843420347,0.208651913158431,29.432183485803083,61.58338963876877,-1.5255862539971652
86.83530977152252,600.8373752393718,0.4140463768026529,0.6652728362369108,46.158801422816495,53.35197065895941,-9.950406776518646
11.426428452423815,1835.9465729929755,7.351349236672027,0.07869857670750946,37.40446828515632,51.252353296096466,33.460004403240355
36.08286360221656,947.1773630592052,6.061245513529032,0.603755143837613,33.321330707445654,58.76314412920116,23.576389390703383
24.157407780575095,1240.1947100838024,6.843184428290461,0.16393172095320274,29.13607379918894,31.61627358775406,-5.05285889747383
21.64581215141295,1327.9815477736502,6.971113847251032,0.735953560515178,24.397395462853243,76.79675969122796,23.20361838419278
16.96825065587747,1526.275877880214,7.17349965928695,0.3012312947939082,9.328192981732986,89.15739486861833,20.582366636879925
57.90515953310972,696.6331602272958,3.9849171999183954,0.46339100880464623,44.73552277134328,54.8238966110183,13.667834352160167
71.41235773852092,629.9681295454402,2.3906616309996074,0.5994305420276217,12.426800100641817,33.2223195299203,10.9629049212807
54.15536395073065,724.2545506869055,4.391920150936922,0.17127341066623958,4.565443878908038,99.07429181698903,34.35348814578675
17.49183031499782,1501.5237410635286,7.153198635465275,0.7416378186176209,37.50075896143476,48.458877881574686,2.2574009948725635
73.94552044434502,622.140408402237,2.0741343335460485,0.30264034063681455,8.78077671655832,38.863478518354114,9.915502850669164
59.056150108916924,689.0630273774059,3.8564835007589857,0.6623718599127535,18.594799977058802,55.882675558111956,6.455770644741364
37.99408502079462,914.0663973272954,5.910557308130574,0.15828305069937365,1.4142464145489864,81.69899284434896,28.560051451831676
62.30107512056535,669.8016256103474,3.4861907382614445,0.6881176592063503,6.8533971270224034,50.5741617823396,35.82326531162697
27.09192323564079,1151.1479023304428,6.67707759126797,0.12818807281046174,8.660181537995603,70.22922427436416,32.489084937011526
34.34133772200789,980.0567753906394,6.19268630336724,0.4253564962699836,2.7205063875088973,59.089199610599955,29.885196514988422
82.98629666621918,604.130396141355,0.9158004411458895,0.24720607373887682,32.83284783114226,38.24347945936329,39.33949727850415
29.69288298207073,1082.6078367185046,6.515197884985274,0.7483752494281826,41.85038979015586,53.12009087444771,24.85722752051926
44.94900279342461,815.4139051450757,5.308019062139461,0.26203500450687456,18.66577031829705,80.74093539998466,27.55268956067669
80.66199667866124,607.3518252107651,1.216937626575829,0.8817173063953962,43.728823835910035,72.8402728132012,39.14012698525095
65.15631477273983,655.1962585384344,3.151080722629327,0.8918202114066128,10.667328728006325,38.38448659184927,-9.650460730041296
10.287274223999734,1911.7826938650044,7.379435451250255,0.19644131522278585,16.269521178061975,41.4325686800016,21.702418821818252
17.52075876371248,1500.1764328001786,7.152059548534038,0.6138459450077243,7.53684965155842,74.85133515152118,26.948576597664477
5.66653521561293,2269.3708676720853,7.463350574886788,0.08771764171996432,31.02795977094993,86.93907900246082,35.89135268785975
58.62835216947889,691.8295868275954,3.904403985719342,0.3915370996016292,20.993479543515342,54.46321471707185,34.19221520921714
43.052241159885554,839.3106763516644,5.480486738028834,0.7133217295012723,30.664167342094935,71.67175262904152,32.09803406168972
16.41336232669342,1553.2831722200597,7.194360763038725,0.6594232468499163,38.083745269709176,41.94505121264737,37.28956359708519
86.42440028982548,601.0692649031689,0.4677411660034345,0.624700669406608,27.285150801647422,51.79634358337267,16.868959395685376
50.02107653537769,760.6201042619614,4.818793297291579,0.2825408636624436,31.381517745089393,31.41891439711368,-9.653995220758663
25.56092999959558,1195.9259518159065,6.765952170351258,0.378024949434402,46.762515719716646,83.77931634596658,-9.447280065149524
47.551303548150145,785.7593904062824,5.061973253019436,0.10294614470028618,14.953215480442156,58.07068738410767,17.231952780892904
62.767728282484164,667.2706155756423,3.4319911220637205,0.719022820433601,17.958196931697657,87.12879015577677,11.763611943197063
11.48033352775298,1832.4698992382323,7.349948091593004,0.5038887967912735,35.885168085466844,79.58610972159084,12.562252668272425
28.34982427907082,1116.8801059342131,6.600485659711679,0.7087656323456546,30.565275852769336,88.01209860099338,10.02023686050185
73.59206672513946,623.1553094920746,2.1185571183284124,0.24894352479687276,8.926645226985741,49.996106870801796,35.88629045456179
44.07151398422621,826.2164174558657,5.388541494574069,0.3244382286350662,18.807365500524508,42.95761112994917,7.958517558489497
51.45905707274507,747.2048909566038,4.673052905560682,0.33421533726011465,23.391900656235748,98.03339778561694,32.811347088154164
41.78936018780489,856.39232170173,5.591998213084968,0.0257424097472162,20.969491898419466,80.21294509286086,35.143239689582046
8.731495124655435,2022.9339472722295,7.4130794277098335,0.34104787283062354,8.913740416102039,88.38295875486693,14.975088499947738
19.088731284713255,1430.2034238987162,7.087599373866495,0.8033045735180335,46.22150458921311,30.919336159695362,12.346901868254417
42.871039293060726,841.7021006556952,5.496651616151115,0.8972984957497385,38.11593808469879,54.81231342071206,28.05103021077234
22.780764559673866,1286.8743130721564,6.914948977891526,0.5182183156359275,24.067791605392614,81.99716834041322,25.39857538199412
9.248217436072693,1985.0184213223854,7.402510252818862,0.45550169521922024,34.00305141534183,35.458798309298835,6.426755829810297
76.71022144440502,615.0368811150538,1.724070903755756,0.030824618699370254,44.86413360677609,69.7137950698255,-4.872593703767672
88.40136497894984,600.2135044073711,0.20923368470346634,0.8792043375853826,6.80870711807856,60.035093721850224,3.2426200091240176
72.41714428972286,626.7078607054136,2.265634945534349,0.013010213425872719,12.518652535348885,31.233155499877512,-3.448574709385052
77.5717183448967,613.1187372652957,1.6141304567769061,0.9447500802102118,27.13506236283225,46.5182903983616,4.736613788834568
25.568056076948857,1195.7092812319006,6.765549641583427,0.48921624868809066,39.950518567617934,49.93543923467,3.0910782790399534
86.65329291862199,600.9365881479862,0.4378338626872322,0.3419344935747266,1.812744772076369,37.83019624424257,21.885571194335675
21.738684878541413,1324.5243676928067,6.966620360337175,0.9242184348426601,49.20090750981802,74.20758368198622,37.724801422738985
85.87153388075575,601.4261482832217,0.5399474362861125,0.024390993110096737,22.74533014411986,46.96785133763223,24.28718661652418
89.55963998710584,600.0161962079592,0.05764242339529483,0.5814248948690871,17.96155703108615,49.433364973357186,36.332470403228484
65.49643848841414,653.5929065959435,3.1106235385637886,0.5489325244993376,14.636221891988594,92.87670187401031,29.206612930422168
88.39721720230486,600.2146140578998,0.20977641552373777,0.21932040121138208,8.717835382543582,62.69861648851976,26.393881103558662
53.41088126320381,730.3174763489487,4.470542985307993,0.42888743135021057,39.57869544650139,57.448970287849065,10.703097010667072
27.061051569967677,1152.0166743424138,6.678917013496774,0.6522640059437702,47.770708237304824,80.6709726820302,6.239725143168432
42.144650281577775,851.4876094162009,5.560898670005808,0.7271311968819275,20.68223774226991,93.67296578180384,32.31386862364596
55.452679507196805,714.1624644152344,4.253150161315683,0.0007168587065797816,47.621034737672815,31.75254353662107,35.26966164645027
11.211932772296274,1849.8795793048675,7.356860112236925,0.9368534300910153,41.18988077175171,61.376719258877756,12.5941246825466
57.89917749246592,696.6735673007997,3.9855805521905627,0.1645253723928124,24.052556373815914,72.7546949254563,-9.54684509066778
88.40011612479503,600.2138382092016,0.20939709565273631,0.2335804342223592,33.70130895630663,52.29941686881927,29.626552945323525
21.15915023161685,1346.3784826353922,6.994360418691301,0.26347344569384823,21.74920895852315,84.06854054862691,4.253442023614582
72.37058488451258,626.8543684582264,2.2714440751829947,0.03782013655203531,27.93617041062762,98.00339491891917,-9.505606749153962
82.17139747126764,605.1526955431509,1.0215760878670137,0.12305212359032491,2.9023168509251906,96.03991563751983,30.2494279488061
85.21463538971877,601.9173083713595,0.6256747553728687,0.986349922944162,34.813173765026654,48.61877775659593,15.870709440844909
86.61152637446301,600.9601402084099,0.4432916496859367,0.31521673737728606,2.6412322242068353,45.84367949062402,24.260537316923454
49.32406929132512,767.437675416083,4.88834897155241,0.11530109033904934,40.85424734598247,97.02433717148547,35.73449105722388
88.07117217927781,600.3108491460962,0.25243528454926095,0.10699126117462332,41.247346473027875,62.103994120202614,17.05869150690527
69.3713676064273,637.2415049967049,2.6423203579075136,0.7194599676699719,11.85386437781073,44.58084061592842,15.15970362894829
18.74207208014176,1445.1693813927527,7.10230948097903,0.8545686640326409,16.183139051790015,79.48978745412927,4.533106067413176
45.53650904977745,808.4148893371457,5.253409774656693,0.2569522995084699,24.065518927914663,49.90942267326541,5.259691721997632
66.05814990662034,651.0062381905864,3.0435695233247535,0.02090951233523497,29.833145346624075,48.70728825497366,29.82710330148229
26.023926844622082,1182.012126159414,6.739581773775701,0.2230900184453558,14.367683087099836,91.54743301544494,12.451462279296852
59.45229060165543,686.5499664149402,3.8119174015155286,0.056515690796757334,29.62432023159625,41.37354073638324,-1.8236895695939808
61.66104071896263,673.3679220535078,3.56015096691068,0.10339493663004151,14.889353661464943,34.507506252636546,-5.27356179997522
18.829478223728103,1441.3695695172914,7.0986249876828476,0.43150811984764237,2.774536053553034,48.843050812018106,13.646005843088968
53.03225155848428,733.4794012527527,4.510240343931972,0.22991837086163258,0.12637749159544742,72.48617889867427,13.247751180886521
70.58828743318165,632.7983240713384,2.492654559079174,0.5159458785254234,5.05755289592143,38.61614973822894,22.6729139102698
47.406131485555065,787.3246976719847,5.075978944976692,0.25349375325719037,39.61253500820091,63.01162705937556,13.553373887257035
6.028764925969131,2238.2618095707894,7.458519692166954,0.9405373011029476,48.071565619166854,73.91359772977239,-2.826214793289264
5.768269871739835,2260.5785502824815,7.462023905697915,0.9059439679262645,21.348309964060963,89.41158948152218,15.390144239925679
35.34749423745103,960.7304482714258,6.117437293096821,0.566806105010466,25.634197672497137,46.09087138415781,35.339470194301256
83.72649581670147,603.3010719805134,0.819559896193536,0.35442399198738617,7.342408453671307,87.21424263679526,-2.0279294189893795
24.437526266306744,1231.1002975327028,6.82809674925164,0.38114688203473557,27.55156763400785,46.4434382791867,24.48773204888745
58.92091355409341,689.9316498272328,3.8716556106937148,0.41185228314449696,7.232745100348842,77.37365788677484,19.692963248276328
23.876449008932248,1249.450622474701,6.858153062547436,0.727579322134944,30.560716559941504,60.147150003771856,27.429286335590135
32.34194912106163,1021.3396641655604,6.336527853640217,0.4516389955188379,46.66293337904269,38.02768696650691,-2.4699863286203625
77.08357761612614,614.1886720785278,1.6764712308147225,0.8567299465058974,9.78492696515198,79.9984423975294,37.080266845299725
66.95322259294548,647.0394241152717,2.936118874095627,0.9440947859303646,38.2281859028551,45.24338329843125,21.04832138835793
13.108938571622904,1732.003520131529,7.304554470912611,0.33594615337893385,1.1751211409162021,42.36363982172141,32.353556884556845
41.439671783846855,861.2975266556496,5.622397465300613,0.5606944813756801,18.77486206608105,55.08260500125682,2.3303381840117794
7.47942990984748,2119.068469552497,7.436187438325321,0.09505653683256443,5.537425391525453,75.73031713316385,26.970644469898076
45.875662461255764,804.4573940861392,5.221633293302477,0.200469047766359,17.62377207978497,46.37975351534395,29.051535216695946
61.30689099459079,675.389194108473,3.6008849934273424,0.4134657667101601,8.676845981944176,42.856307714732,9.871763619353782
15.072723005842882,1621.9745266181028,7.2419740554044285,0.20620271590177885,18.66524950614437,30.696753799935504,9.197672644171103
29.55521980727908,1086.0159719174808,6.524105325007081,0.8765604907887176,20.876140305376516,63.01501679712065,22.889813251287464
38.81611316768334,900.7069783044071,5.843712867642885,0.15828625605909807,15.02955613904592,60.00518985206279,-5.329615911989202
83.16013709576423,603.9271589097089,0.8932108826427038,0.45566082155309195,32.831097473656456,46.37074205461634,26.781207510875447
89.42667631095195,600.0274538766444,0.07504664301173541,0.6056992404598757,45.94260256294548,33.75565148067835,-7.855662008029453
8.817460414627348,2016.555919043195,7.411362857944633,0.6918639081608444,20.029768705263617,60.04791122170859,-0.47048494395870044
69.68567349710833,636.0633704807606,2.603776161237106,0.38306936972650674,9.617157823751072,85.17435777501419,23.20718786206836
36.596545644199175,937.9849236754471,6.021400650446522,0.8690990687247285,13.536137909799168,80.06974919290239,-5.083816645401809
38.3589458295058,908.0739317697448,5.881037455529711,0.5683191510779255,42.70004117481845,90.25564229021191,38.5921045738395
69.11252273449693,638.2279228575644,2.6740035623727034,0.4395077804475518,28.581986163507395,30.670788139920894,33.41981047309503
83.06624673235973,604.0362796958716,0.9054124268787014,0.06724063405203662,22.750551615347863,97.6493521763219,21.315116620336823
85.82893053271661,601.4557897647028,0.5455095807874993,0.464689468445165,7.481836075446335,53.898857683921385,30.95287278346749
54.05541981325727,725.0567584998926,4.402518368402752,0.8207358408157303,22.4863654161891,99.32784572643753,34.37900242947839
35.35529854054274,960.5841240844716,6.116846217126658,0.6145410182213155,13.924600167869333,47.683362242124225,2.9737824785909233
71.94167229799623,628.224807642925,2.3248876466327992,0.8321624537291183,47.15815639266746,63.007547130477136,32.470579397465976
26.335117577295524,1172.8444014277916,6.721610219926541,0.4940116705993056,44.20350547078657,54.77493736027125,-0.2603108181199101
52.94629245084901,734.204731233146,4.519225338451123,0.11846170509448184,4.1951270914099,54.90325004960118,10.667113207440767
35.479169229614214,958.2688794689757,6.107449410930588,0.01363984583588107,25.832674463062144,88.95974691237511,17.912981562429966
60.813641265169466,678.2622167138716,3.6573886175134005,0.3032195467185912,11.252917275733603,82.24932578161372,25.694548153701625
25.433907595948085,1199.8014816467212,6.773109684205638,0.6979904714977925,20.53885447621453,99.45060046610337,-8.492934113873599
21.28540038746019,1341.5601999338169,6.988378183942805,0.7902599039416938,43.84239991257282,72.94602779022588,4.525470638909448
83.05032236741215,604.0549378457699,0.9074816412127518,0.2957528346203294,26.375725994427242,62.42796230761519,20.425954910519515
13.653313050710636,1700.3283856292196,7.288063371497308,0.4956539208832471,16.71076466853799,36.30517040628238,7.868433957455938
48.00642215746919,780.9171007173973,5.017854785192675,0.4211189044340816,10.394417705249854,99.75929936596998,28.75125278147467
23.772486551855756,1252.9100891416538,6.863650086800704,0.41052278435142786,40.01624297032446,68.6071457052598,22.582608057535808
8.309046882681734,2054.688145143338,7.421272373956796,0.2313487132001505,31.225900768217357,79.03342287830992,1.7200726861867892
8.061599554771243,2073.6083813770524,7.425884020226328,0.13637110502945837,23.40327302131156,58.4719671033918,-2.7035510203833457
19.893850628995324,1396.5001021616558,7.0524349007457525,0.19668855823121312,10.874217693148902,68.3400995725465,21.45234967935252
78.67548013301003,610.8609227208772,1.47274337020583,0.0553323871633461,16.712318707856568,95.9804412325021,12.523366385237885
29.010693238047267,1099.7283318175414,6.558969081120627,0.19813074182357704,47.99217133692593,41.64936065521219,-1.5521479449340703
85.78902949890013,601.4838291521091,0.550718647110278,0.009200897625379456,26.00449688029172,50.46608090311782,6.318710265918867
54.43789490408145,722.0061863552182,4.361887991062503,0.6272584006359783,20.034964062162647,40.64418094446226,5.152337415929329
42.112206130345115,851.932225478321,5.563747487657008,0.3163754073876829,26.071102117416196,85.45511326633422,-4.593401383031245
54.30755094690364,723.0399086911893,4.375756370296787,0.9731447114269086,38.949425294980436,34.34316822952807,17.345450963261403
48.91936274423276,771.4941486315029,4.928404097293518,0.19371705077629786,17.005446825143437,35.714215489593684,28.182431695627706
69.49598156937265,636.7718374138949,2.6270480531782683,0.3458285703095939,8.935306046630442,50.894587895115805,18.77334444264935
29.01216560769244,1099.6907494286643,6.558875608811913,0.3578411586415332,29.24680591695239,65.99317266447079,31.314568246867616
35.009283286025706,967.1239315434532,6.142943253317912,0.00845149606246054,33.26020517405336,58.43923603917106,-3.621572639228434
80.99801571532632,606.827676762503,1.1735150314962808,0.8392079530394589,35.63590014792748,33.13714174695651,11.780592891111194
85.44880361778446,601.7338458396007,0.5951239141493934,0.03199446014432472,44.09937953830648,97.02440905096661,20.470755182904956
80.86744933635033,607.0289797951018,1.1903925565087483,0.9401798347292414,18.558706034455653,96.70086642506585,23.80007804709537
40.65307948637165,872.6207291188348,5.690010725156064,0.8920743510936207,3.76774481144459,49.55494262685319,24.78931532117135
71.33106775558494,630.2409986833454,2.4007449995020345,0.5355219160859636,47.917429181547114,81.2067930688007,26.448271354894054
45.488537330593395,808.9795141068953,5.257889580750322,0.5435955749112921,21.75059637187376,70.50027879682565,22.571490609800833
47.290887432418685,788.5745264041361,5.0870740895509226,0.6537779229561563,31.162875483656567,46.62336865039369,-5.288595552956617
22.397809269869136,1300.4704122502162,6.934204525014461,0.387050011934887,33.315266156414616,48.35200862191308,24.765283880114822
55.246075776973896,715.7304083642766,4.275397772709662,0.6472222833978555,27.325685435060176,64.38072220173153,26.239132838719378
20.821551309034575,1359.4227762876963,7.010190299053348,0.04476838868848687,10.262876486813505,59.346585904815214,39.67399671668136
33.18299942071147,1003.4880258795442,6.276950605778116,0.05404762734972657,37.75715250580707,50.386052976188495,24.668121835056297
77.67756713769448,612.8925395522874,1.6005968247040125,0.45723041961954436,40.18759871520408,86.52581174136043,24.341519787577447
22.601443782922694,1293.2066306740094,6.924003997890625,0.5496223011060349,27.64877930087199,63.70240423461694,15.7406645090986
11.048454239741789,1860.6054253022749,7.360991009584411,0.887817640335819,24.428058029242077,75.83936436723894,33.3961454292557
10.865645372089386,1872.709807121039,7.365539385439596,0.10466063390789626,5.696909156399266,43.24914501175128,39.84173809805792
84.96668424276417,602.1217025278947,0.6580123872750122,0.8226479271938894,4.197583074989192,67.34553637615407,28.9522435098716
48.08823722675594,780.0569617866458,5.0098901092747505,0.2100473372920696,16.978242278176438,52.2583234612635,20.62501889289042
39.80002610444656,885.3692290265872,5.762124239654976,0.39408364851003186,15.542307775869663,66.84895272764147,-6.052258653421591
73.92467938567307,622.1995675740891,2.0767558867762324,0.3166024348274129,47.682822548163564,84.65780833876497,26.336956586481378
76.04520387239386,616.6123619628743,1.808672245168889,0.400155272865399,39.18113712217149,83.82392470638831,25.428078429097518
33.236237814826396,1002.3822576205393,6.27313371943251,0.15049549807258555,32.996214762952995,54.795447462399316,28.778407390471585
63.957534885272594,661.0750838422791,3.292778797418722,0.503570074403555,25.88240445088025,78.59939819557474,-3.772230580025534
70.54543934741037,632.9493900545785,2.4979438290844693,0.8016425898313673,8.368376536332567,95.89029652759939,22.686625006307175
60.645308383606135,679.2582926751229,3.676609959961811,0.44153401037889695,48.922833609214194,73.79685309474345,4.786195247583734
17.885581358008444,1483.3644135122356,7.13753790669768,0.4906135758981991,18.7520349120105,40.3887086367846,28.013562170141682
79.45006209894984,609.4086061219305,1.3731933169473418,0.8487675852813142,5.3462801223622405,77.57960404953667,2.018697701573311
50.82303698256074,753.0327969272312,4.737882515467314,0.7060581146380308,24.689944785787304,37.34330704445179,24.198933841020533
29.010156241450314,1099.7420394004125,6.559003170878416,0.4904544085197847,43.69990058065416,91.0477286155119,4.749647349198986
41.144395762203985,865.5006143909104,5.647903480972081,0.25769564818917967,44.36455008886647,66.16623470613581,-9.550285359128443
8.193542683907127,2063.4901577943406,7.423442243296427,0.8849267468449666,0.5482958028223628,56.959851541810565,21.667895598654773
15.868678103905493,1580.59294084371,7.21418198384475,0.5770204016905583,44.31478723756999,33.99046162547847,-4.336545842053882
70.07147379384817,634.6464574891006,2.556357413293173,0.2211476101106934,13.574210874992925,56.65486142144768,22.964573639410702
5.000988954206122,2327.960528003747,7.471448951932784,0.26911975263801036,1.9486181984211537,93.22446675410526,36.28047241784687
40.40809542099483,876.2311140577985,5.7108504445509665,0.8031330889362459,42.389513518143715,31.468809740041223,38.46229671055451
49.41336539227502,766.5524169293794,4.879478132002305,0.04414556208745546,43.193337799410415,63.225371044726344,1.7961543663806285
9.643925700082645,1956.6596685245527,7.394009207866609,0.9920921870288201,29.811553992117503,95.18106637774356,30.462661382532744
87.7116438526483,600.437603730642,0.29946548892605734,0.13035167971479178,28.72168786481792,57.63886998355147,7.677663843622014
24.220653156222113,1238.1297678162882,6.839792203306438,0.7960685253969374,40.65601363107097,59.97229812235052,35.022853637399116
30.856891169083873,1054.7013489985288,6.438382849874989,0.39477531677168287,39.31547763551399,70.49920386393839,29.374478431468688
30.835113541677323,1055.2088682361646,6.439844488169474,0.49221618328746686,44.5052736721352,62.405613350402845,-6.3039141677118185
24.58541627997474,1226.3519939811868,6.820065278842974,0.8806505774645779,27.637372379835174,41.80211838662867,10.356849693863865
5.12527487733647,2316.877670761519,7.470013159302213,0.41291118958921325,48.382354636640436,31.29888773489023,6.865891300483703
66.9943074974797,646.8618496574245,2.931169360485412,0.5374937536732345,49.80734154666692,72.68681605850912,29.259051036163854
87.18186748293925,600.663870481384,0.3687439623315341,0.04929966240916994,5.82723049993163,94.45646109054685,10.514285532657954
24.06494607922883,1243.2258211208177,6.848128691542896,0.0023474738674531537,42.4771879777061,37.445489311901596,24.22941988265419
61.359011303290906,675.0895573997204,3.594898752210864,0.2447998730017259,24.991112887429452,44.76669034769274,20.121762779522022
68.06118779149078,642.3866342163828,2.8021216049850315,0.6805830929187673,19.378316914991604,55.91606400774815,38.78193595488169
77.1161572226946,614.1158871411935,1.6723142074855395,0.1212648933591367,30.65361549413575,86.61195603147837,36.88924784008074
40.923481746156774,868.6823557113557,5.666888030936854,0.11376195880454942,2.7982778631003513,48.84822215296843,11.384975736935935
30.749126979436486,1057.2180755587774,6.445606515127628,0.4109606080359033,25.323055938353995,91.7438082995138,26.17891058205747
32.65008639195764,1014.7147918653377,6.314858224488052,0.6478370386082265,43.54452850133333,33.84705122550465,31.473004699061086
65.57281331337359,653.2367382596294,3.1015237510918316,0.7120719922479305,10.67307580694844,95.86696348812544,34.94428769310726
74.42625465297907,620.7994455444514,2.013588317108806,0.17845067409837478,21.319494738471256,69.25229545116355,-6.593286811175815
20.437187259311226,1374.5622500692116,7.0279166613729265,0.07958814737204245,46.974044385743774,76.11443749413931,5.10393996367484
36.52998569341004,939.1635503230605,6.026590879411686,0.9403970339455442,21.428191890284864,55.73826657754472,6.011502048426092
81.66491672367775,605.8461694504904,1.087215592726727,0.26066638256210173,17.918381616619918,84.73959998577422,11.72229756099393
73.56894917405283,623.2225492527041,2.1214597886559106,0.8533464976087238,22.02683240616891,41.65963750590842,-1.5367624642290494
88.71296423481044,600.1383717127828,0.1684584198819323,0.8634914504628183,25.972638325877817,33.42382776949409,14.810293997500406
69.11110207297686,638.2333772787215,2.6741773045946866,0.7725225917625445,31.599567206573443,57.686186017528996,23.160716364922806
38.42159208737339,907.055189337751,5.875944902002406,0.16883360665257008,40.034640045836554,89.75869997867277,14.868196010835884
55.20421588954421,716.0498763283258,4.279898587751636,0.8218014592542003,22.605110288215712,82.84487856463863,23.28965475988079
61.18621161102222,676.0858569907787,3.6147340934529057,0.7692505592415867,40.87404675450701,66.20091793422705,-6.677918409104985
11.668744386955535,1820.3959695041665,7.344999660702587,0.5967229901062171,26.686033067604033,70.04964230157475,33.799366585370514
51.28224152382853,748.8085507492269,4.691133869458473,0.33720203516895275,16.92402551839888,39.092497840912884,36.953459605053425
65.29227042017182,654.551978598096,3.134922253227216,0.2625086042665441,32.897541405970706,88.84770560323075,20.89537120593243
19.22231084009013,1424.5104769594182,7.08186179065166,0.12188921208035897,35.88611273717457,85.08717780749379,34.06954993184485
71.35369598117235,630.1649036815934,2.3979386346401643,0.5097570669008714,27.902448781474376,75.952927572086,-3.4276991675893784
54.62068634369949,720.5666890674238,4.342401277013599,0.5852608755098465,2.8307486567361706,62.63337254302569,29.87244600381551
85.93885178429555,601.379936365689,0.5311580383066337,0.3593389905157872,8.494143758041245,97.51214877956588,-4.042590326370301
8.605895347585793,2032.3033100609573,7.415557422293753,0.47535906768086855,14.26488604451141,91.53223803135297,10.400511574876834
27.552721692214693,1138.3409766306436,6.649391788716802,0.3635144573692667,14.131280297574655,75.11013454602329,6.190926727913752
56.13207974048505,709.108624699451,4.179602250860475,0.6410060573207013,33.671040012343525,56.026069840210155,19.279591261022713
30.20759253750411,1070.0695596325122,6.481561025916928,0.9012592077965633,0.9174330836816291,73.26155950770587,5.075726761976677
65.72605394605559,652.5263629871097,3.0832490719992656,0.16392026204694488,37.784088852475996,70.28086485714658,21.865681483356635
69.51544901436414,636.6987701966118,2.624661058748637,0.3814088099031234,13.267123740346658,57.59693914844415,8.369364457597893
13.713856945650328,1696.8624932899843,7.286188593290642,0.14086860395086132,15.50109231080512,51.46717801816533,33.03951905152322
48.67762945757526,773.9521210712282,4.952212056978884,0.624943770407832,26.395491397196214,58.49075545661257,21.694192010980576
48.25569722523975,778.3061429853469,4.993556086809689,0.7288705094885958,10.796280046947876,70.17379842233785,0.7649148660723064
36.38886546832099,941.6746896611617,6.037568278229103,0.9319127325974559,44.223565678776374,59.96943912977661,6.806471101404352
84.29861331842213,602.7244183427965,0.7450787415590718,0.2788719262609649,4.268438966328264,48.45021417409687,32.37104438133279
75.3380371892238,618.3794770968061,1.898368084625249,0.9502112058654302,22.219118115053245,83.26743224325661,9.323987499372926
64.26279746231913,659.5439835383722,3.2568305140789544,0.0632626718206748,42.4711134727445,67.2027247170189,16.78995327828226
65.7177640374748,652.5646475265303,3.084238248752767,0.6030138633645882,30.79219472106179,34.737261425792,22.447096797616638
44.245872224115125,824.0359726133483,5.372641595093895,0.057132719343329974,14.616475792131672,55.78215539382879,7.390482479295837
83.28453429320895,603.7849197660753,0.8770411269062715,0.8937741877619448,21.038010388823036,91.94394200483956,4.698931537903414
64.04061131652927,660.656065615156,3.2830047782767173,0.5298090570700541,35.334719017125735,82.86655718399663,13.76274513040143
66.96339024074439,646.9954416533383,2.934894114293531,0.6693483507627961,48.66303716819497,52.62727487608049,0.7440486046394561
78.24372682192434,611.7175953229762,1.5281170745264105,0.8315739259104525,44.656935918971676,95.67282064311564,4.210529345953171
28.296085094086234,1118.3000006958569,6.603823087140263,0.15031062248396876,17.12164041911884,35.36220358507471,-6.896075798398195
73.60102682866976,623.1292765887047,2.117431983095055,0.038591561938133845,49.90989396439288,97.28642927245322,5.198513798550273
21.595451251301824,1329.8633530943284,6.973542814518942,0.8788811459128522,0.1752331765529136,47.199356473927295,6.035204668178466
34.35406594081547,979.8064608234245,6.191746255794855,0.3149332274589325,1.3814877904207545,30.63659262116935,38.09165831456598
33.52688861293663,996.3951581457591,6.252200318085742,0.12897890792716526,41.192025758559694,60.36656255628287,19.486441273294005
88.17466481307694,600.2783747294106,0.2388954017325499,0.46846123708708653,9.973134341652601,55.12793007809061,29.36912127079028
77.80566401857378,612.6215556304178,1.5842112916438917,0.5983060756960188,3.038463419812043,67.73623036447557,-7.731137360983878
64.59943823517207,657.8826596911094,3.217079926988823,0.030970603422510123,11.857403661825112,85.77410023988918,-4.673165319581404
66.79982473730817,647.7059019381704,2.9545854085675045,0.2748956582570877,21.30500769904301,88.9701561505313,30.726848043129614
52.77618752421854,735.6483291918084,4.536975790006582,0.03279987427689601,36.52831352167024,58.08609997281843,21.177477470881787
85.50270670422412,601.6929294995371,0.5880900027574183,0.42033538919549895,31.216776327560275,60.08920205944452,-0.45089847298985397
47.18199399500073,789.7613858788754,5.097538917311237,0.8951000290662443,11.881060878021021,40.372441123063155,10.239770293086913
37.34400533894104,924.998414211731,5.96255868098756,0.9826524114935692,25.16352240502922,33.32833262168145,16.93362499908114
18.858003639185235,1440.1333402942878,7.097418959687189,0.6370475535036275,46.310705269928434,74.88504931645173,32.18049145687209
71.82748044218992,628.5960163240597,2.3390943976761815,0.1616376937845918,40.750388849187885,34.51063378868846,-6.979400415275291
67.42773422642527,645.012317205521,2.8788629584291567,0.9058493899993058,16.159489241589668,81.36810835950192,19.83611446836812
37.67017827455147,919.471995230725,5.936562883767991,0.5162478232000605,49.11322806778482,67.73631015155732,25.8517960793342
7.141440186534496,2146.078189138908,7.4418171103900965,0.1537493121029181,35.431020021756545,43.90080847582584,38.89459289552297
76.31477285603091,615.963705719596,1.774407291377811,0.9217266694516614,3.122467783339089,67.76660604588548,30.35800391460922
5.970528593596259,2243.226500981439,7.459316478210377,0.757469050723103,1.758035664431934,42.80984016214692,3.8113656782636713
64.81448126846934,656.836203353756,3.1916294003814327,0.7317052727231516,8.420397450501499,60.711604525728845,25.478959693913254
87.47185432671485,600.534185483606,0.3308261190384638,0.7091807037944047,36.39279340250734,85.96922213695602,28.163894246348853
42.2012128925973,850.7140334356664,5.5559278236617535,0.20033982109644233,9.186946292121394,62.33435053874462,26.48677499591976
24.972739424655984,1214.0874441959272,6.798815704768503,0.21100669170752606,25.574338460441677,40.40895228082837,31.0072033975935
64.91403585368744,656.3556213873972,3.1798317835952927,0.688292998427255,4.663006009041587,80.66800772760615,35.18649881068188
74.45589207132474,620.7182527695468,2.00985095311829,0.21972275011039688,46.04430789150975,43.07378913890062,-5.078506550532987
51.44657686661702,747.3176688926405,4.674330579502464,0.43867169680304885,17.198030679178377,81.69849120590766,-4.761807115944058
87.19799839677242,600.6562858595644,0.3666349696902202,0.7820018255939414,45.40660282803154,63.55466024510833,29.8199994385323
9.391841340926693,1974.6581559193744,7.399465563606497,0.783952518097841,47.243782095527216,61.76192313660111,2.6186238260735433
47.907625855884895,781.959945150591,5.027458940899741,0.45326177252585964,0.30643236568403953,89.60045265002324,-7.072928902496103
66.06858552241675,650.9588980319459,3.0423209892255714,0.7921899382752451,23.2067593599366,79.60224670384682,10.06145904903029
78.32444004768021,611.554867705272,1.517771852417543,0.8386217961980568,1.2328027853446444,32.30375578684575,30.99384559130391
20.236727012162156,1382.582044864243,7.037036184781769,0.6547757512842602,45.43463831514529,50.73220202211216,-3.671748809300981
73.00029594991292,624.9100102599868,2.192750738381223,0.22842585230842016,25.920377236728793,90.9644462594929,23.592098590223372
51.980101436076346,742.5519461480999,4.619513330595933,0.2740117803855475,3.747200634924841,31.282831798163905,-9.819206911421615
38.707062969146875,902.4501318913885,5.852649948408401,0.31484115540873536,5.5138364138283436,68.16774123833792,-4.513127639377503
16.195777429222954,1564.0962983617414,7.202356830671056,0.116804107733952,19.17545122463695,80.94779684217607,7.542517288424342
78.55013950725755,611.1061284019515,1.4888274493685485,0.2731596203699451,47.01170964364447,73.52992598392031,-5.819885948779299
18.368222695275804,1461.6248026179978,7.117881978921629,0.20951922431253212,34.64545757840404,83.23725414731055,32.29508337185565
31.331968032773435,1043.7639602386125,6.406266245978689,0.45532874980860216,43.38094330945662,80.79842942403221,33.20352515727344
29.653870216807135,1083.5713097200664,6.517726011484848,0.9084375478722649,18.322832316998984,78.44214866071793,27.77853515497621
79.07019290622262,610.1073283991273,1.4220469773865791,0.10448031675395808,2.160684977499916,87.50779026479564,2.1239815697808737
62.17975450775633,670.4691426560667,3.5002438375956118,0.7202679239473956,48.715881860220705,75.19834679146769,16.16235376199899
72.71791876126665,625.7720067346772,2.2280719974604297,0.6872830044131277,0.8586495331184774,58.169294597988745,-0.7905737238314305
26.28977139736241,1174.1712285396206,6.724241358031647,0.09575419866335766,47.38258265405445,63.03363769402113,4.06392250365554
58.11429846659491,695.2274710733473,3.9616983965123094,0.9225724049058001,18.433871192457236,80.17073478770155,15.800264608689556
53.59840856721864,728.7711726313864,4.4508093217284665,0.5684722021568196,0.504520251094076,91.34142207667557,26.75069042303989
75.79058202700304,617.237670487275,1.8410005109416745,0.36372552113568424,34.45786158622541,49.0553160587843,-5.267280980318042
82.01740014090714,605.3588222063336,1.0415427021413928,0.7565385834953067,49.02701520156771,53.945375717974954,4.834834881404307
6.033325575577878,2237.8736038273873,7.458456968274917,0.25736545840163405,48.281286141879626,95.15175774536888,36.331067428596114
62.291693119997376,669.8531055822286,3.487278055030246,0.6935098370463204,8.046850560120921,70.49582546866118,11.456165889094407
9.406042925176965,1973.637910602217,7.399161977276964,0.03971120757224722,9.06239030330775,42.52732719945007,36.94348369546572
51.65298653157525,745.4604667862959,4.6531707250353636,0.839408037609272,28.276945730983005,76.45865972386679,39.57002707760678
29.448781968712648,1088.6671118075578,6.530966527622565,0.4481708470213185,31.86524132141622,99.35335088775658,16.332991305570797
31.076010959382003,1049.6249813696008,6.4236245678713955,0.6366929143579417,36.97089568329328,87.64174951292802,4.402200489242528
35.001472793450304,967.2727957452889,6.143529751362233,0.22123781980668367,9.052518023607375,82.2018795585982,29.53884042862895
57.80985816921686,697.2782223539771,3.9954800572037743,0.677073712658448,47.95035433822172,44.563265798638845,-2.0344632237492526
33.39424708184538,999.1170421764327,6.261773485310314,0.7722402758932766,31.936962814461893,91.3297849278805,2.602342983603526
67.27941930017383,645.6403334317183,2.896780455014657,0.47321318688439873,42.352345943527745,66.80521904748825,29.24399547496411
39.38482777377892,891.7569422782008,5.796762198061007,0.6177269240617943,27.00328576420859,92.25030154503689,11.682296236601495
10.810022026346482,1876.4160486590602,7.366908445930493,0.45632592382239856,20.713842379494128,53.08794805974155,0.0768968493833384
71.61958661114912,629.2787192805554,2.3649348332620703,0.8940913692578455,48.8591453297498,34.34357368448029,22.556287247616225
29.28945759038001,1092.661909899295,6.541194779418187,0.49786918051431917,29.106068540991803,63.31831780618223,26.638093069084142
41.78518476593732,856.4504336598839,5.592362423516106,0.8418087090288189,43.343679139958944,48.88863233725144,-3.7464380274715463
63.26273007386163,664.6485432310892,3.3742501976045287,0.8013520582702486,47.6646198183145,80.06605028434088,3.8490129987467068
33.25877335764052,1001.9150458431927,6.271516419029143,0.41050482134835653,33.76773135043296,96.99745869992226,1.0638377686116627
9.809780772470827,1944.9458466199228,7.390341211701297,0.23008449185747504,27.44693392593375,78.36819058060948,8.992731438122608
36.783288996089155,934.6976995822188,6.00679536999703,0.406082132559771,0.175542545532531,92.08537507964425,28.17224477880322
85.27812952901579,601.8666449426455,0.6173919812263069,0.8262173757752201,2.0009820369502993,61.71168095208445,25.685405113716214
59.54742377037745,685.9533624338155,3.8011876344333166,0.22763253581939236,10.042560802555817,84.01485160367112,23.126195519185195
62.075727636712585,671.0446548133523,3.512281231819814,0.5244363458577493,9.300421592799763,89.01304056701923,-9.68572270657044
58.74398305919939,691.0763653902559,3.8914727567675005,0.8060967479607475,12.737939759992267,79.76129393084797,-2.892834330980528
21.914331811552128,1318.0322172722645,6.958071950373943,0.3534774751283788,15.246731884883042,65.54441002486952,1.1648774551033387
40.55837844869381,874.0115701723034,5.698078881721977,0.6422096370026974,18.003274677536414,73.81062767307577,3.59779230194248
68.82988286088205,639.321823156658,2.7085369756559174,0.24563157404881453,21.026884503443828,79.03548969752163,-2.6786729175549997
13.616696292018528,1702.4300307296185,7.28919328245651,0.10927944536815992,4.943316922800733,47.71590822549988,10.515777573694482
28.61748596762554,1109.8648048802488,6.583776327538795,0.7943842250928563,2.118096597639102,86.67054826404893,-6.240970749298704
28.487124219597558,1113.269748814228,6.5919323989434675,0.09896862340870682,33.69722245365117,96.52271772770914,27.50110951938904
41.72160884553301,857.3366210050208,5.597904304160882,0.2713813950795846,26.866741242153886,62.56675206259552,29.38603936480525
88.33134298008574,600.2326232261585,0.21839581685252857,0.8551094219974401,22.20721011100598,79.07470281769142,18.713334480044907
10.737716468124866,1881.2501207123264,7.368677727573074,0.3464692870786672,31.721997058417617,81.59181340532479,-5.5147561479016085
49.08958452235058,769.7790836196955,4.9115865393848255,0.9730453495141611,41.383970360177024,76.35732832650362,34.5041584773379
20.245997971037887,1382.2092466332424,7.036616320646427,0.9797343347738597,21.38464545581023,68.29805758300449,38.28179143540572
87.50750635982826,600.5192154701781,0.32616375743011145,0.2682760204535567,32.05597325259897,91.71535682023674,0.11817801608946787
14.630797901834457,1645.7297754886365,7.256801528686554,0.04097822224989045,47.67861119175794,61.42486964882261,25.231990972035987
39.306085200735254,892.9821932398254,5.803297020103923,0.7050632842053791,41.981224793078034,34.27720695406225,32.09693153212429
67.72022371094153,643.7885915449942,2.8434717322978376,0.4509865026483437,21.300040525120473,89.11894629985122,16.992176127135114
64.88712638233285,656.4852807585885,3.183021611896876,0.10075284395957629,32.23584189073715,77.17868906215855,6.166154976337445
40.93193413598424,868.5600289294862,5.666163211382512,0.7075228189780428,8.853546095796988,89.44810385497526,13.927935754017632
34.45455427598105,977.8355789784255,6.184313925187231,0.031174909111921223,28.026109244754494,39.6983209711286,15.613437539222598
38.797052176994,901.0110327853195,5.845276516316999,0.8701966904922421,49.06641455692214,32.152705835680145,10.031852209401396
27.46348236848434,1140.7978799135544,6.654787123635848,0.13865252911330372,25.915755760126114,95.40621782677509,36.49212468168531
22.453299790077985,1298.4832952682227,6.931433552274968,0.127311878746725,46.38191495950736,40.3409814095402,27.1941555471251
46.05837429250565,802.3500796588542,5.20443847267958,0.17567229796858452,20.366746025163035,86.67566324493163,2.0650821127481986
27.825369265746623,1130.9029313881829,6.632807873488614,0.9602663584920665,49.94224135923156,87.62469595264452,19.277859365993425
29.43424151626626,1089.0303758161513,6.531902085910825,0.693169360253846,28.96100176137789,79.60936403843021,24.43445754655837
60.82426539533735,678.1996181758641,3.6561744244409553,0.8013715354636367,2.1134497117967275,39.188354776500965,-2.9921789148934863
87.32567319449083,600.5977952785361,0.34994146236820234,0.397634985732753,29.337739834569405,76.71790371925653,7.921287119007438
56.309162047546884,707.8167715771742,4.1603353824117155,0.33631272750495556,13.728634783979832,92.2360608328806,35.2774140801958
11.543254700522134,1828.4242805985111,7.34830436379333,0.23448400678316994,1.6240661017947355,59.787215136061825,18.358655009260076
11.424607177595693,1836.0642120516104,7.351396463114018,0.48064802831240894,41.042665234733164,58.94617980650192,0.8498873030158425
85.87097377187311,601.4265359929177,0.5400205640912912,0.5518287335341685,13.786481849037797,61.00008167055934,-3.860760094042462
30.269717176123358,1068.5777238943865,6.477465678744159,0.6317748436527554,39.827427702324925,35.759032347334454,15.911344673743887
12.82569381701041,1748.8542273301987,7.312874285038516,0.2571185039986945,14.410879147793349,92.44178983209814,17.384286151457204
55.91878990778243,710.6784828173231,4.202755541602148,0.9486540809029906,9.716317693688714,90.84280047863572,6.720722567730618
58.01014615467262,695.9258157239956,3.9732681025584884,0.16975849820713584,48.69677870522137,99.85365252532004,21.520801420955923
60.12290971008849,682.4006794179768,3.7360580352008976,0.9656531747664123,18.082266387750977,70.96281990488893,-6.565765689030564
27.72917236789101,1133.5155574076866,6.63867626155723,0.014856122507503788,30.06881057215802,82.583414551597,-2.7430153366929684
6.284408158230378,2216.6338589037787,7.454930854027244,0.4811256918168456,30.499074640723578,44.18703344151133,17.31369105056296
87.0263064036301,600.7392565694599,0.389080849585193,0.3333678381165628,28.02367410867509,76.72701727569188,-6.909215307777302
26.32590888374371,1173.113598272444,6.722144880084544,0.4491234139302508,45.734787176060735,75.48129941301735,34.04543824955503
62.462234484466535,668.9209977161036,3.4674987797674244,0.570664578980789,33.722053568343426,93.08461150891287,-2.8926814771741602
65.06353893969032,655.6385099281433,3.162097047307963,0.43558915801270903,20.186650205246508,88.15549059873518,23.695993704226822
56.85063045175628,703.9306625258469,4.101176909120564,0.41484685030159496,43.1190192262137,95.69265238324341,9.560172085721263
31.597128508160097,1037.7692247016703,6.388148952511907,0.7327234154133065,9.05314495579822,90.81834308911252,9.989387377112422
28.043181569945588,1125.0340356663382,6.619451399452634,0.6858762750864646,27.21183788052087,90.80857264291964,28.244476430557192
55.801804029729766,711.545998734563,4.215430019255097,0.8332712820358479,47.527518597187814,34.46063286821028,14.973106708645698
78.61812885699378,610.9727659999025,1.4801037345673755,0.24995898123949556,31.269881494020634,89.21733668871691,26.282773182193317
85.47236695848862,601.7158990565958,0.5920491555712091,0.6095285097540636,40.84842252374381,72.52348761521827,15.25956143763846
14.0019933743194,1680.5217330367304,7.277154817480369,0.5851947853928539,32.67803627725964,56.63111162361729,19.64526707026317
18.160432070806188,1470.9150885967124,7.126406404135799,0.36973781087268875,41.96854317689452,33.95602370716436,28.03573139348321
85.30258199656177,601.847315987653,0.6142019680464442,0.4860575419026809,47.22439399226218,77.43716423376327,20.36543714606377
67.60549440845736,644.2662689607487,2.8573628608306625,0.31378214330572873,13.64608637663684,52.97412253763322,20.78075546943943
80.05447511053072,608.3501743281777,1.2953383021222231,0.1418443976169852,8.483054062835944,62.74433854902243,29.460979571379724
22.223773901504167,1306.740478681102,6.942852949154881,0.21380121066273283,24.199537516626997,77.7209905938594,37.454340790968665
54.94479904429916,718.04322631986,4.307740294390948,0.10551364640120109,35.09312134121079,93.82421829169,8.835807696766839
64.59686552548526,657.8952487022843,3.2173841357649757,0.6830695751901241,11.359562659110805,87.7805840923499,18.85585786129756
62.809510262992674,667.0468119118286,3.4271271797127034,0.6607273931091515,0.20507252150835376,61.54179903725199,-5.68634211332272
39.69289372366934,887.0057851939455,5.771090806292634,0.9506063715798728,17.146755791835268,57.14482102124653,7.940194028443347
6.30856579376122,2214.6040024580134,7.454584041935908,0.7296784136472413,48.44296677338942,46.78458171908332,10.6024612944693
54.548714828362364,721.1320577025181,4.350079178133731,0.052045838756131446,34.748373030292335,56.06987258231778,31.76186584120255
26.513630830266745,1167.650914126582,6.71121138403481,0.8842451739289542,20.066272197061195,37.773247110432884,15.66962010628384
43.271610922145676,836.4415528057943,5.460843596705881,0.8626751629457258,9.628804867342017,97.97738558553282,26.55331866492289
86.39438628212447,601.0873166145311,0.47166227813289713,0.4433203207726987,17.80448368773735,70.17422107717053,-9.049629998716432
38.91800199960695,899.0862132611478,5.835343558405294,0.5858630505279215,8.491971665062398,38.9464089956649,13.224633481415779
76.38313656647627,615.8013807895859,1.765711296339687,0.9760783324725189,5.31529106564757,54.696420648613405,35.06588325817921
21.025951488686346,1351.497117903988,7.000635089593434,0.5323043638481663,45.33711862862769,68.29274005344593,1.2156954652892544
62.15914233212745,670.582945086514,3.5026298784858536,0.9053218283760898,49.882516918773675,67.30199456486088,-8.423890734644354
88.04559112731019,600.3191525068623,0.2557819138865959,0.08303875781018644,8.205721979789516,32.48523581030427,11.67043668567382
13.660913574199627,1699.8926666544216,7.287828463337653,0.19105186870868285,2.726127943913986,96.5588723960378,25.22159103237977
5.7071950893113215,2265.8516994888932,7.462823173049615,0.4407549434413178,16.486555357310618,49.27629770324612,12.723175342073475
41.85453737377222,855.4866356004568,5.5863091398277716,0.5847568083373047,23.082959038070765,31.13292682523238,12.998915675563293
12.873166059366213,1746.0121458330866,7.3114923328546535,0.8162278518628002,10.241062353792724,35.351080626519774,23.490252061915974
68.61266972247967,640.1745005943822,2.735031694208421,0.9882621151431868,15.071245589927923,70.61364322735838,2.7194404141524497
82.73663642712751,604.4313916456313,0.94822754471438,0.38885149647411643,10.043536784582885,39.644986447256784,27.594489582098873
41.8917826802445,854.9702849336109,5.583054889828555,0.04741563614008493,38.71302842162257,32.92073549974523,-2.3443234547133285
26.990489583212483,1154.0075175633106,6.683114016957685,0.8011715032953248,35.62889716236304,56.5738526488898,9.787530264299384
41.92428211556183,854.5204406467374,5.5802133753464815,0.6043807190828081,31.747575788049087,73.59328346381321,22.800405423545897
66.49306451725008,649.0552069526093,2.9914505503719484,0.19854285886820167,19.360892853960237,37.82878633891286,31.418450361509883
5.769603734331533,2260.463559085758,7.4620063552250615,0.49482845662142017,45.452047065711795,51.93294825059209,29.576553558252762
55.10358910619926,716.8203193529298,4.290708724488942,0.7423102455337244,48.476627076751,59.243247013717955,26.084279965384894
57.12979321542722,701.9643386912212,4.070533371384531,0.7704117870686438,8.6819656312706,41.162206845073705,7.9548191768195515
59.203500986154516,688.1228132432561,3.839927836922926,0.499618411998762,11.150632070593902,65.4251728926697,-3.8847841853138076
25.571876798374564,1195.593143754064,6.765333778446355,0.30521453012885913,26.281551400018483,35.96498608312396,0.8417108846495296
65.69448148714078,652.672259750324,3.0870160471048527,0.9737425820384935,4.5625284641122645,33.25629474415481,33.24169072882425
12.768276338200995,1752.3013853308257,7.314539042392543,0.6633626109564928,21.82241994115564,66.38847570085943,32.86656850663297
21.93797859967807,1317.1627986727872,6.956916108991551,0.4082375193462987,29.089563238885507,47.3527880925613,37.57804262695079
79.58495396563096,609.1667245678454,1.355830707629774,0.2804632242046524,26.103678556866655,36.67616655286193,-6.20056740522292
67.79146781175814,643.4934744433494,2.8348399383030323,0.7311029830035621,16.545429153901303,59.673881124134255,16.840454263872804
6.168372090964347,2226.4173285302213,7.45657822012975,0.2421834455937677,27.122290303860343,94.05985176621763,22.434152245211678
26.111982131433017,1179.4031561167185,6.734516645110902,0.17170998897368817,47.94004771294239,80.69347126579085,25.532868853342833
23.22455105441899,1271.457201360431,6.892248390432089,0.5298338889620703,10.300870214568803,87.09311407429193,22.19316175052151
28.01853788314267,1125.6948213933479,6.62096737864159,0.28998739264414186,32.74156791970018,91.03397921310454,28.5005694951141
26.042580473790345,1181.4584580044602,6.738510105572311,0.628905144923615,2.1698347078025924,98.08394189774933,7.9735788144670785
10.314735138141888,1909.9005470989264,7.378792662282352,0.11793867487423348,3.3208202240717464,83.42726014599211,-1.028361393225893
44.00994391072973,826.9904714123486,5.3941442158409645,0.6549411045673216,27.59141121117925,72.58855453576358,0.22916860752192747
67.28234535682404,645.627894559816,2.8964271538884043,0.2832965279977022,5.246959016397473,55.579811621157305,-9.401065526491783
56.572196600982096,705.9169938881905,4.131643456836493,0.00024293443451273156,1.1173394213428667,42.715026559040126,7.5160936053111165
62.19409183083678,670.3900517624752,3.4985838990052778,0.12693605767417637,8.575649882401109,78.06619117883059,-5.412797456001136
11.897680175580328,1805.8868808790216,7.3388799990989115,0.9336153778350941,28.24245854997872,99.64649902853593,6.074434639509544
85.87671036502691,601.4225676068845,0.5392715921558664,0.8673546391153578,35.167047725946624,62.71510792332433,21.41050385831239
76.27180587665711,616.0661779827415,1.7798714815272447,0.23360903203623684,10.123928207069,80.65755576649653,34.723902779340996
73.43267707213133,623.6210648327133,2.1385632603514546,0.7783719045454912,33.412971860408724,64.65647149952093,31.98027254952582
74.95362342855023,619.3801815608176,1.9470060273781429,0.6085715931739742,9.123816554961467,60.23533963544337,2.633710597878844
84.28039319128472,602.7419209038235,0.7474519146670846,0.9709047114498695,30.672871331562856,58.721392949194055,-3.295842890097652
51.261587119664306,748.9967039731127,4.693243055276255,0.3736056595340591,20.597983994789942,65.32372780521882,-0.34638631016343524
22.0239715187482,1314.0102565126272,6.952702835951394,0.6814606125171713,32.689975466680835,55.68269633057625,38.549332595180346
57.426606667466,699.9010798972913,4.03784635486723,0.06353572242391858,49.752637623962364,82.41413252752655,17.47372398427454
68.14492696177481,642.0463412617091,2.7919509739588264,0.39624734681640594,46.8908482616281,91.19904186140616,-0.8748888499712582
67.72297843509216,643.7771590840493,2.843138057005801,0.9638176611881805,0.2140878918051814,91.8019714651629,32.03730773434076
49.32316705418481,767.4466378935786,4.888438540901413,0.5389808744501206,44.27193821811529,45.938909939807814,9.759562215627746
10.818991143354134,1875.8176915384124,7.366688158039212,0.2878795033348446,3.324539758738326,92.71363971120437,34.96110759873637
36.544599766560864,938.9044524518622,6.025451996029322,0.12027096312860686,47.65232930799225,53.90858622985735,3.0338563417243254
83.26516171938538,603.8068958808472,0.8795595424526693,0.7035283401815304,14.091283954984235,51.65153658397084,9.661087940211807
54.678157329381214,720.1165421926862,4.336265367584791,0.6448560434297268,19.101741520563547,80.87292401787651,15.247388139504228
50.75821517673564,753.6360752106584,4.744457161379766,0.3739387136037746,4.581910258786392,51.328743806040265,34.63076670445158
27.85254872248645,1130.167058736096,6.6311464316867,0.9509413518658343,5.61363791644548,33.70764839267971,33.43787158025279
36.31815819290921,942.9391538659261,6.043054656093519,0.022202812987850318,36.33702826146598,56.153244061721566,18.717753515193895
81.1044175780194,606.6658484585869,1.1597565965105447,0.3037238516318258,47.21661178741458,80.50259202508443,1.088775489044533
61.64935903978104,673.4340454175699,3.561496762434318,0.9210694862995814,30.537424747715473,52.88708941891235,10.167848586893754
71.92789727394829,628.2694446758305,2.3266019054617115,0.3209354383194404,35.79250077634055,74.06913391966026,38.78165326827527
43.61936096075068,831.951042162179,5.429540917689011,0.2522528338551704,38.098487229857675,76.20836109841912,20.388661193870103
58.57101365377342,692.2045939788613,3.910810369684955,0.5342204099312473,13.140713727647086,81.36152082084493,29.05488775620983
26.11260674317264,1179.3846916817242,6.734480659276443,0.8238017499205379,2.2614815460107462,92.79913264176554,12.493234768070984
64.96417057409633,656.1145305955006,3.173886981732193,0.10314676087836105,0.09363719595842923,60.2795149487902,16.60036377334032
41.34611336478367,862.6231730879708,5.630495258045853,0.9430207096457361,17.53246414770093,41.650245366372,11.447705611627203
42.616368759253376,845.0963661161177,5.519277609282868,0.795072881181164,12.073211409960805,52.32480008023226,25.1460499030984
60.19239758903494,681.9781915125332,3.7281682345198877,0.18125025555155194,3.1158862524592825,60.25170786217902,32.57355069434387
84.58385282485877,602.4577902884866,0.7079166016162103,0.7120079611981627,8.976414624683338,79.97240285296792,15.368177161228179
10.44053946173278,1901.3126133747273,7.375826241224964,0.38495872263755715,6.22494491339739,30.918548789314347,14.043372931811284
75.10317517449565,618.9874926141492,1.928094291418549,0.4022946780763187,45.74391903086852,52.10497684079152,7.014323354919846
29.852564385036416,1078.6836997208484,6.504818652071559,0.7832900924388664,7.013360672958447,84.58898067135218,-1.1451652852958087
42.733153633042114,843.5350030976742,5.50891546341868,0.9627848079807322,26.882423199383958,76.96003923314868,36.96238614375544
6.862632945875761,2168.7037725045047,7.446266110608531,0.12665587284719393,29.655297755608228,81.22179815099236,5.803985933975252
30.588916615916606,1060.984413516498,6.4563036049251865,0.4206302368788194,27.17447288543169,86.82675386074362,30.034573178714275
47.72365562356109,783.9140918302573,5.045303143226897,0.48094160808430353,4.952821710799399,84.82650032145736,25.767351064373706
9.774966574532316,1947.3962806654363,7.391116287212155,0.3763118169549976,15.93991808752756,77.75282163069446,29.545880013906455
46.74313699756904,794.6033505999985,5.139526733506792,0.363189123716225,2.563516623157663,60.77630726594134,36.83840666860512
83.80440345296633,603.2192538699192,0.8094221262047943,0.05226866756159654,19.783495704815802,98.85188302147077,21.16853801104486
13.958423539163444,1682.9764227938613,7.27853265366025,0.6855386205626233,9.4299465635796,69.83512369130517,34.89751716910223
69.97746188641787,634.9887794760498,2.5679231878098916,0.4362144171200454,28.08162666421899,44.19384465581874,-1.6151338543853164
39.82203953695937,885.0339470314889,5.760279304289554,0.19479380264392676,34.640419692455026,50.49689985733491,21.335628797839384
60.68976573456873,678.99444889198,3.671536607808056,0.8160335023020684,26.605993010235323,78.54937191793289,28.613780645730635
27.120110828744494,1150.3558539906708,6.6753964007533355,0.8025607481516279,21.71183483056979,94.73176956396244,3.582056537208704
18.556842316015455,1453.2811342911316,7.110062964009123,0.4863916280888938,19.36667104283462,42.510409044412825,27.03769006459825
18.639322213054246,1449.6591192462486,7.1066196328701565,0.29845066114776053,42.08458840485019,35.764254702205044,28.92384145581184
10.991815379667294,1864.3431849186732,7.362408226686315,0.6380927257964524,10.968403253263503,91.70717336294044,31.55939780082224
20.77996991660566,1361.0456839474696,7.012123210750752,0.28815213577740306,36.71091697644344,94.0694585238984,5.6441456297966415
61.4586477240623,674.5188380076152,3.5834468067271605,0.23600793032371203,37.87411623700595,49.34655417211296,24.08032950841546
79.94370200669819,608.5392758695725,1.3096181351322056,0.7305146540263266,20.960000363536725,56.41000070598679,5.212664170488106
74.20068327524875,621.4230221852222,2.0420157913805306,0.0403252397209507,14.865029961281968,76.2131598248501,26.95201937492277
63.23641633933115,664.7863214244062,3.3773260160976757,0.09476847103459396,23.52707430229876,53.09510145897323,13.148683257285612
14.386708389943728,1659.0954487942943,7.264806200490719,0.006788174023589777,4.660696294634925,91.40110957890371,19.877218726361
29.580932935155737,1085.3776166324365,6.522444426316508,0.15294318647542615,2.2965016114544987,37.53050918997039,10.791999071528444
31.333584402409862,1043.7271811382875,6.406156221532457,0.06899000871045946,5.58015997259459,32.658755467213666,-1.9008536535087845
26.246340443797806,1175.4449069178804,6.726757419442769,0.9958023677799186,9.357251573111308,44.594034471995265,-1.0985235197318168
48.77548107532647,772.953973247003,4.942585388970294,0.2888099699540896,25.20884101690215,50.02614447434783,-6.121554636893275
50.52207426477217,755.8485343291386,4.768356677661191,0.14926801266924727,42.45683180805611,37.90486139022126,20.90363398608309
35.33530788954437,960.9590403892157,6.118360025830933,0.24099625799591795,11.782116599984349,34.598330053845274,32.43191989765297
35.07207849259706,965.9290903324445,6.1382237483320194,0.9361255715401346,46.758100537338905,82.89253994512588,-8.958158686895953
75.42722582201692,618.1513539112866,1.887071201478647,0.5201602230243957,47.74539544675017,41.49935961315801,-6.688024895582325
72.08989210717327,627.7469726345143,2.3064336712814217,0.3648180963078569,47.94523024226026,93.97455393464128,12.873349615145518
31.16264569286338,1047.6329339864205,6.417763567404046,0.8733914579092193,41.87813673381619,55.75997630136672,26.886036808409465
82.67201772922704,604.5110510513523,0.9566176317840732,0.39499027054903246,18.19125203988603,76.94240668049417,-2.1146177644024347
85.98927644521301,601.3458223955049,0.5245738345815734,0.3350085699576958,3.634195550131153,45.77814803381602,3.5825659774596925
32.77311607255347,1012.097204706115,6.306155156384015,0.20728252254973556,28.440936588324746,46.82259379443068,1.6003100640903583
35.126120647409664,964.9036473373453,6.134156193910303,0.3777968239094115,27.93407219686169,70.22964420073026,9.952560933557706
47.9789030408665,781.2071187124748,5.020531465412333,0.316684356016926,42.498788355479775,69.24500476021903,1.2499338508785574
84.99526906536225,602.0976070973556,0.6542849897350045,0.677303959298141,49.79955254730526,83.81104596084569,7.629933927237651
79.48715181709647,609.3417735098747,1.3684200677374823,0.2895827046707271,25.40786532800738,83.04693139859862,26.427129933097206
13.718276819605133,1696.6099153079076,7.286051410559311,0.5771997464225614,17.260201551989212,76.94814352645628,20.550462422709458
38.38211317807038,907.6968438917911,5.879154986192105,0.0658921650319727,9.29508557781335,61.439139612544366,-5.940914730415355
52.03655112873061,742.0543023272312,4.613689863305038,0.19128915669651436,0.23999124086853674,92.3448270396432,21.887283312285884
47.766260166880905,783.4601196054491,5.041175334797234,0.40740527161134876,25.455684624443958,73.58049431549091,13.853858577960672
21.478360774635878,1334.258067759687,6.979169401801918,0.9369492539086954,27.77593333512979,99.31389433236501,36.72827873535694
77.99942554929315,612.2173869670132,1.5594112332761292,0.3772519857156954,41.246923990869874,87.3558872554051,4.465215855202661
62.53996655473117,668.4987167503332,3.458473262559493,0.6640741211998341,25.22884839464003,33.10168678668283,26.308320984958
76.2222118624033,616.1848874661837,1.786177199319119,0.25508722242139814,45.82341743330283,52.441573495622244,26.543041152228497
77.99496374470513,612.2266164523044,1.559982513315782,0.12703357597323173,31.404173828571775,70.03130015296662,1.0750390504593668
68.61024756158787,640.1840679096258,2.735326918007096,0.05853660008005013,42.016811911054155,80.5028676510041,35.161181248546804
42.332901106225975,848.9206613617143,5.54433380481948,0.30541349854275135,7.4150867403873555,68.5235548433359,14.559160021480153
56.89647417631109,703.6060304453649,4.096151331536964,0.15766102679690797,42.76680651511573,85.02912957235273,23.94416834446512
18.63105952017817,1450.0212428014863,7.106965243687579,0.1740104480161242,33.75719272219242,49.785895693014126,-2.707222055824773
62.259860485367156,670.027949972422,3.4909665666397194,0.76075930838695,8.511651621916528,42.87384358629775,2.890195849598463
20.236526737838865,1382.5901002118217,7.037045252792836,0.015838070944874216,9.488177907300543,33.77416786528391,19.30535589686114
63.985715193363326,660.9327528144222,3.2894641328678027,0.5578101257354344,46.325030952211065,70.13196212000653,5.951363418667475
24.515843664087335,1228.581219748764,6.823849225577446,0.3794613805934648,1.6107680225186438,78.20196644728466,14.98464592854867
14.991860512768698,1626.2789589044671,7.244719384470693,0.5065499999085472,23.126747164785304,52.83048019835531,8.700259968664461
19.049181662151383,1431.8968116533815,7.089290741044515,0.5628302372146029,15.673764496705079,72.95089293991137,22.027689832202398
5.169331493620973,2312.964714385327,7.46949576393205,0.3133676944572782,33.2538719999214,33.65100615973304,14.357268139040443
66.09286751755008,650.8488455783618,3.0394154611550643,0.2951088601842853,41.981469378449596,36.95053424077626,-9.769503201341593
67.25408916996221,645.7480960679613,2.8998385773648367,0.7334018493349057,18.01890607782848,79.1228340580949,22.4840418972692
48.76933474262705,773.016542052651,4.943190491414075,0.8712769881211572,21.34510436614186,55.764879365210916,11.106077852509088
18.715838089707614,1446.3133401608682,7.103412116483035,0.19258163245852788,49.09588922507071,76.99338217721039,7.084917024511142
12.102118688408629,1793.0789712738979,7.333316135972446,0.09761876053514895,39.19582548396014,88.22047841959426,-5.292662385838822
6.625962147169396,2188.156904176678,7.449904370482316,0.8977958063920259,44.86020654658957,89.68357062332818,1.0184845283245743
19.08859504204376,1430.209251203054,7.08760520617639,0.34989546364739865,21.938111032581485,42.051735182511564,1.188614579042671
80.72272047356748,607.2556292043519,1.2090935524751276,0.5513173906628142,11.70381019920576,64.03999006459426,36.768474970236454
25.53063154464295,1196.8480739807874,6.767662462247094,0.35954314452000347,20.593173269322584,81.37487065427405,11.625648737327342
35.11306281346333,965.1511770818943,6.135139509227572,0.1258023363460513,35.80459589157567,84.17864173868372,-7.896707639241498
13.95436618091332,1683.2053044042243,7.278660747829692,0.589331644947728,5.471520241798967,84.92731865102144,-3.059165887833956
23.900710903594476,1248.6459785738084,6.856866962443045,0.5251408517696297,13.523455280825441,45.971713406640916,-6.048366213354397
49.13408851631743,769.3328192930494,4.907182482500042,0.20299355919119721,2.3317950230795192,43.47743724066413,19.443469510360565
56.65897806313047,705.2951905013724,4.122158163306677,0.45186904465227784,21.61738691690658,71.30087277915871,-0.6689254216586633
25.85494670412794,1187.0519378323725,6.749257278347394,0.7969475040156458,41.37228679898066,81.87600584167538,14.927882014088798
9.907233534134964,1938.11013588776,7.388157093219868,0.5904261031078913,1.23318441490054,52.33976608739353,8.503103143498777
38.237793875828885,910.0524930027109,5.890866022583887,0.09691732706699485,33.7661763403583,37.32936098036951,30.19381885720997
24.907286528738403,1216.142764015271,6.802428466371749,0.5480214972291351,46.62479372568698,80.17224680370543,6.0244818632681145
23.662083474533166,1256.6044948943459,6.869462918097078,0.7027382992895869,11.846393075559114,50.97884819660031,12.913274119840416
86.5883382306437,600.9733426796893,0.4463216276934691,0.7927034057807514,34.68174203638241,41.64539070182053,26.06427742989129
57.385541303686544,700.1848687776155,4.042375217069325,0.6291175786342668,48.75509505501002,40.34064698779922,11.667560346531967
52.33466766962815,739.4468657374728,4.582861399676615,0.15265816454078374,48.11390300762316,52.04366832687014,29.660776800659455
40.34088379948236,877.228714460337,5.71654960691891,0.7101732665901607,11.746459651457164,71.48746461396217,23.08421781183324
41.46026834156226,861.0064467487937,5.620612750457491,0.6773418460815164,5.016552660603435,55.08815670856716,10.526455697335798
50.97692532623687,751.6075468975978,4.7222498943481845,0.02442688294063322,7.414126894795797,31.44632961154021,15.199096284318134
64.19653359806912,659.8743434296139,3.26464175981757,0.41174766759024317,35.10178342410711,36.783590427446775,38.36017279210967
64.6824181754555,657.4774976416857,3.207264530177746,0.3329502469623733,36.28794377266378,50.33522730390334,23.080574825419617
19.593982154963214,1408.8833823256273,7.0656951035643125,0.6694120642536434,33.71182808140995,76.17931375029643,35.24976129861624
47.509583926513294,786.2081946437565,5.066001547452654,0.21613581231092072,16.803919387111904,36.896055142797366,-1.062074826446782
40.01643807789867,882.0877537930246,5.743949975556585,0.5908719229742585,8.488846987906108,69.24597974504772,14.161807812257596
78.99479213289766,610.2491096056201,1.4317366427212599,0.9132059618141724,29.038054597612657,38.3920109576803,35.43308349225253
58.67060830356199,691.5538603449031,3.8996802404831286,0.7978023722086077,24.184022287893324,44.813072914456704,6.130603072070883
50.26284564535845,758.3041977163348,4.794499593678777,0.9214577362165304,36.441707356115174,42.05319692890339,38.38320990732104
14.808544585207976,1636.1070072245695,7.250889622013145,0.97850596693269,22.068003934281073,34.70600448995673,-5.1461254763171285
56.47922059248997,706.5859175850364,4.141795302071802,0.010670127006162766,16.931984734323418,76.99308721706132,35.133558513751844
14.96233198281984,1627.855497029251,7.24571829882286,0.6227412763774776,14.67392886795072,62.43824831702241,12.260606103292936
33.66255892308892,993.6290257149876,6.242373890237736,0.41283939775890643,10.573516002487327,88.17374086281367,-6.312791742941966
17.141567009218207,1518.0048102760707,7.166845819272557,0.8598544903351217,13.28731880933307,36.92235879876219,33.97607962930437
63.82625999707136,661.7407766634933,3.3082092893899078,0.2518147020091317,4.741521942205068,40.131305333665054,2.5970106204556735
22.53142967607297,1295.695295364273,6.927521040107073,0.9810294891150761,17.342850546444478,51.452041194531546,-8.88749372523874
38.30804672098221,908.9038240116638,5.8851698994490045,0.6137079695437473,1.82849061814791,83.61061908571656,-3.2096447215403856
81.13235609759619,606.623686244302,1.1561433040015985,0.793537402228831,9.32069235831634,51.40311762089891,22.95573709498808
22.366892588912474,1301.5800638681685,6.935745558118047,0.08559955282276832,37.338522230971456,58.58930952490848,38.89057445690974
48.16343043649623,779.2691936061156,5.002561060758659,0.18345788475886504,16.273449433831132,51.11224964080152,-4.42689302082416
40.63809119911187,872.8404563871845,5.6912887043686755,0.7584036730342032,33.41185084886719,35.615700426072095,13.0974024062381
6.540543488887027,2195.233888727011,7.451186267781875,0.02198652203932361,35.84420877986387,95.76035360273312,-0.9681724526233744
72.38443965368909,626.8107258368464,2.2697155982092654,0.8168779858937828,29.059267136605676,68.39772944498321,27.25182670507961
10.868902036740977,1872.4931489615042,7.365459013844748,0.013949018691911452,47.93488706826992,85.14832317298477,-4.097055011909292
45.31167678304106,811.0716426469962,5.274373713544469,0.6571188390612733,1.0719933311556629,76.08499645297073,1.9920874240444792
52.657655069810744,736.6607612400021,4.549321020862134,0.36509392023180587,36.93263252940711,65.99779953433826,-0.17970161754643144
58.4162488122399,693.2217866449073,3.9280825437726206,0.6114948527191991,47.9393321970204,36.27747796615661,17.625989018348896
63.53368849116942,663.24022937679,3.3425365267418448,0.6960314069891137,43.11358646764696,74.9913481689213,33.659204600031615
26.528152599430783,1167.2305128718017,6.710362588541152,0.3424752191863042,8.394634590250666,40.87592491557825,15.554510057820927
5.848196015968197,2253.7012582229595,7.460965128053392,0.10796244811083555,16.341015312586606,59.00682185493936,-7.087827361426438
66.49271130016751,649.0567733385142,2.9914929492800257,0.06964586774826564,8.62259199382327,74.03792004363012,18.16944652984156
50.53081094454418,755.7662639245673,4.767473890010819,0.5889360225625478,30.065418190735205,84.75603003304863,29.87604996590047
76.07000477261614,616.552111250905,1.805521459778877,0.5206553537341115,35.60939909897461,77.95316229960338,-3.3921901347838643
74.81801084655902,619.7399989397945,1.9641436059995905,0.7422010091211325,15.85368846815291,77.00734703382402,-6.364439282770414
76.68272426197007,615.1003790031036,1.727573686270429,0.5097355100039371,26.975328699214774,40.43295464226453,-0.6096111221215477
46.233046098260914,800.3514916546292,5.187950805133761,0.4224457900308791,34.546028503559754,54.22899780501115,27.304316141081372
33.358413646133585,999.855352148475,6.264353944451847,0.39808717823623085,21.066990830552417,33.00385908621359,19.58402097660008
72.28244722026645,627.1329169262581,2.282436735884482,0.026446902597667465,42.70077652277296,80.36338252235252,17.029732698087443
43.35999960748667,835.2935139928977,5.452906321096588,0.33555720169665715,38.57749676439086,96.68101869221934,2.4739947315884177
20.59258669429193,1368.4039486157385,7.020787886218469,0.9760201575244942,3.233277192528533,48.487727312535306,6.611829762342971
77.67279166272532,612.9027002425391,1.6012075261701808,0.8735555762270888,31.05626495454145,36.13876964136165,38.29425064716711
80.01758952564951,608.4128992732176,1.3000937872375804,0.3293780670342177,11.76627754798748,63.289905372755754,2.031261336469285
44.63632927191446,819.2145113325596,5.336855189448541,0.5877954050663722,27.875913233363764,89.96887561892981,35.082271162754424
11.434476821331934,1835.4268520016299,7.351140450054006,0.847296745535494,47.844422131648315,68.63819366902459,19.02657522288683
37.96521764293915,914.5448606728232,5.912882669488395,0.44127433675006866,43.95310022761251,33.27440051330793,-3.83517668143761
73.30070105432128,624.0105351345683,2.15511600145214,0.01795786375015096,20.225820155756587,98.19905683695622,13.365618907753401
81.65079242642943,605.8661495523684,1.089044896677207,0.07451046181864007,14.575692917217669,88.00549369738205,37.427435868043794
22.295183112295646,1304.1608136697837,6.939312121531536,0.5103927213487066,11.720287220412951,39.21158539360571,10.928279906867932
10.69275702214808,1884.2652368672518,7.369771946375336,0.9694393756758783,26.625743487826004,94.52584295524562,33.169328239468115
79.57478851629129,609.1848391612193,1.357139416674312,0.6932095422188678,5.712422662902816,61.5481802023632,2.8214347325853844
38.0994198132044,912.3259526775173,5.902059525983045,0.07091619143856953,27.46375040641243,56.032859340245885,18.54610759001865
51.04968196274288,750.9370937517442,4.714847104016017,0.18936087579186278,0.06668197453960079,62.273733136903175,32.192602910098685
87.2855940243145,600.6158617775345,0.35518201353788204,0.77132314321685,16.19248153729224,88.4200369809663,36.03442205848477
10.658001872708944,1886.6009197510703,7.370614704171452,0.8414397599562448,10.996715691529063,76.163577480075,14.291168357565034
60.107030633428124,682.4974194725137,3.737860208200568,0.6176945861885909,48.560939498039104,34.147391667980926,21.984405107271453
11.298960918863703,1844.2073906054486,7.354636589583871,0.6444231696298166,36.36211597849895,97.03230597813196,-9.850993460883453
36.91485891965253,932.3989023823783,5.996466902808097,0.028337450383384644,17.482669023111885,40.344889343482244,2.66116537566948
73.32423634144297,623.940826824989,2.152164985856256,0.8285302595815085,4.642254326531026,82.18975662147457,3.9356051873472886
41.84513978422893,855.6170570354943,5.587129866518037,0.7882752081708296,25.8400297345312,74.52955712996916,-5.32534941727846
89.76050008175078,600.0047907326698,0.03135037469051476,0.25903514410334716,10.672394066302115,43.12696335625926,3.9847506678488323
52.520039220461186,737.8429334155426,4.563629371135346,0.708676719965507,26.82147729491789,41.951245327913476,6.056101652906957
32.298782974056046,1022.275663534449,6.3395488745107365,0.2148546064249981,41.76811770894462,90.92293155932845,38.43830197840966
23.709462701904016,1255.0164388352478,6.866971477834053,0.04033016105151299,30.78962760506927,59.3786446449718,23.43011902804188
34.794245414323754,971.2427046167418,6.159048940848219,0.20113654259037728,31.68942097725011,75.82035599218969,11.300253970817213
36.66532826956182,936.7708000011853,6.01602856368157,0.1786288767542995,27.051514453140573,65.28497026996712,39.40272303477546
10.840662606536682,1874.3730897711187,7.366155146459728,0.33774799673484723,46.36328163157046,80.91474619531716,-2.33838398826944
36.41380695127572,941.2296607259932,6.0356308037026,0.4184494971754581,46.595134221030165,63.54696625275314,13.802559696524227
44.460274177834116,821.3780376911927,5.35302187939956,0.5085388914977079,25.63616005367761,50.116594067889785,22.353110352452468
66.4327089402984,649.3232881005788,2.9986937653602466,0.47675387550832815,15.287974357175221,55.43683596975475,-7.2209682757961495
60.82200620133668,678.21292693954,3.656432630005229,0.27067460596528936,22.979350293972196,90.135438611524,25.849942904155938
65.2450806944781,654.7750943390465,3.1405328056644866,0.029170668574074465,9.327895609780784,62.76242850459089,-5.006632353900505
5.710912959532854,2265.530256913071,7.462774760774638,0.6051016222371507,31.817215765904468,44.941453257122646,-2.985884570016153
23.501728964345563,1262.0085312288898,6.877860309507331,0.3957448298473544,25.00461678911166,95.42237716540772,-2.0155243768957964
61.2431645139878,675.7565743624809,3.6082002039070282,0.2986721573875497,5.165023890663995,85.7620319548864,36.44449133277589
46.139096295278506,801.4245263180173,5.196824942197721,0.8669410428305123,9.882389055980767,33.89663022393394,24.161777256908387
5.451645431809405,2288.0846682286865,7.4660754941577165,0.7467433077981598,23.98159780997634,99.92600733863624,22.771375055155204
73.3820446067049,623.7700748904563,2.144915049008098,0.8577655483724422,44.37944953594292,78.64486875080716,17.774674823249608
70.68881372967869,632.4454317558311,2.4802398863505934,0.494982794712461,28.319536031554872,41.21866193284109,4.6402999347551415
51.61562885445282,745.795334347813,4.657004889106461,0.13093125212677748,34.07675001042354,46.60173769090175,21.044485229967574
10.649382690983131,1887.180824410204,7.37082328611648,0.6962214361212724,16.951427487195485,78.47118368690829,10.507485994431988
70.15377921026969,634.3483174635176,2.546226173465829,0.20607377993717524,28.570569652211713,84.58327386953854,-2.729192495369256
54.61565495716594,720.6061533523762,4.342938246817573,0.4412296690917168,22.36899113190337,46.73251602048643,24.479864516386655
71.46659805842653,629.786822542972,2.3839308776505637,0.0650007889488885,32.956495631158035,47.98781977294895,-3.5208916035038644
68.89849435364644,639.0546575144117,2.7001599345178238,0.8253084024229824,2.5287783039505185,51.49844864104426,-0.46657094894133877
73.25517611641615,624.145687141553,2.160823197743463,0.12594064104750058,24.66501081194796,71.86128553856457,30.884965592380297
49.03068564439311,770.3710509082748,4.917410538647622,0.9030975070493097,14.799631257198348,42.02713248108938,23.0058548062577
16.927584046448775,1528.2278206132432,7.175051397864853,0.8642306022615571,16.30925306389546,37.297023921934425,21.54955771068212
62.048385237273536,671.1964058049662,3.5154432179161628,0.46458276443924607,48.04587157790307,77.52048623598594,10.910139217136205
57.7402717294175,697.7510213149835,4.003185784859263,0.7443682043039906,9.134740635569138,84.53685578552191,9.814025911968557
68.0915209119224,642.2631861952823,2.798438153450582,0.6194450738181533,15.562262628929846,65.06505830915538,24.51313045927006
19.4398855143125,1415.3246858961202,7.072434006863136,0.8030756423377449,25.49462878654359,55.46828971878698,27.000276930452287
21.572891991524585,1330.7079414430068,6.97462912784752,0.43180510078591205,43.15134740748118,60.24298994685334,15.51066011821553
80.68480896364292,607.3156106082015,1.2139909802267639,0.78580848424435,20.833504160318522,57.18854837103663,38.46346221742631
68.74811286842602,639.6415863068241,2.7185155148462967,0.46245681706514796,37.19326404440855,97.19894357663726,37.784977945943595
82.19942153952745,605.1156284673925,1.0179418129279119,0.9409657878427938,42.81870491074012,83.7662933653398,10.62147450063793
69.49080229893326,636.7912906605297,2.6276830566719216,0.4863721008251476,15.500817791092448,44.56610503950772,31.03111271415768
55.75820100917566,711.8705187235901,4.220149562453448,0.46261927193372954,19.637509176935495,56.893240643778604,17.16339207992077
60.60128264736926,679.5201254101803,3.6816318760055897,0.7850718615635127,17.827811184417815,68.08086039541769,15.587794377858724
80.57587353490085,607.4893750077354,1.228060347930604,0.821577691760838,41.642790430896056,72.90901034445818,-7.251796931067408
54.198574133514946,723.9088348456962,4.387333942446599,0.5544891143211708,2.217343097680058,62.772872722013695,18.698735523415507
58.75326256791293,691.0160938165154,3.8904343234178893,0.1797978134950754,15.421054441434002,86.70886445083714,35.02889652815823
18.30052086030605,1464.6403349720001,7.12066967387165,0.4677582309575795,33.97042787975649,83.73242136207622,29.006692459754603
45.28330370986873,811.4088171369649,5.277013527230061,0.9680725029096784,28.272174978267135,65.36105430397167,29.315857234963104
65.8937545164384,651.7554335641162,3.0632247057117814,0.7529861930391851,21.814467964684713,89.81005707472113,-2.0035480711830385
28.03012935689106,1125.3839100577543,6.6202544709647375,0.8111626038791322,26.99741136106922,82.57626713096701,7.922472356678181
22.19160534458547,1307.9057514983147,6.944444504846482,0.03282549881924013,9.879229291415914,84.50072941044503,1.660245832511789
31.67527869907532,1036.0171939161778,6.382783158559287,0.4678594626341599,21.53583108040052,96.94805456033916,5.795764122781797
25.52755337939084,1196.941837339355,6.767836113105408,0.6466211336575554,25.08514920881745,48.652685884644185,18.97696717468627
23.267574148093647,1269.9815844291302,6.890025663233333,0.8300326836280747,45.059456097730084,48.73537136567944,8.239190668512396
41.11232164378739,865.9605813464323,5.6506650314406475,0.04927365358277147,13.041758140198818,92.2266578983448,18.034890873213303
82.1662736801004,605.1594874709626,1.0222405355051876,0.8524388856418731,43.39142510824663,84.05584613699756,11.925062413728853
48.100069972791054,779.932820369916,5.008737348569337,0.5484009367419117,32.21207004129909,94.85818790049392,4.330777922486382
20.97323236930246,1353.5330716664553,7.003108110949383,0.19731397057605993,1.0170415533800492,34.41911122271171,-5.229828289742069
11.542591897374297,1828.4668262172427,7.348321724788049,0.3172552164497,36.231566844969684,73.94299540831176,34.591922867239134
64.17327233672364,659.9905751691549,3.2673827839297562,0.28192955175156076,1.7775938774527544,40.12398366864132,-9.431331699767567
37.53789497709297,921.7031778118758,5.9471290258971345,0.5308590342884758,49.869056340690655,65.27280388048078,-9.917375592901442
74.85563045975553,619.6398277121116,1.9593906541141906,0.05168567991113182,43.631834384559895,40.902285229741096,31.339886988177298
61.058415334465465,676.8280108177196,3.6293824404301835,0.15853615849992353,14.867187377002283,38.96549562894155,39.8405470162895
72.68052329601632,625.8873659754563,2.232745584168335,0.8126930433757824,12.870561509835271,30.85178417674232,26.355141385682813
28.115413350568144,1123.1019660255142,6.615000940827145,0.13260399074681106,19.072054105280444,74.1167168668033,-9.236308096855764
63.85050840918994,661.6174832033439,3.3053603547014374,0.23339626945812697,17.808348265722152,55.13158316830602,1.3345113334256666
27.445268698966096,1141.3006984078575,6.655886323601883,0.4533706056041573,18.616890919269053,37.36317994152802,38.59113501309806
84.82082075327479,602.2468182216253,0.6770300932160168,0.5171208881133305,15.91382730597402,52.59864444119169,30.43021260869174
59.091813930336826,688.8348705908429,3.852478814015589,0.7636104796141586,31.05667034241657,41.82608640161095,18.339992190235552
32.58350301490408,1016.137943524865,6.319556164367443,0.4473324266661878,8.213183186031198,95.91863820511617,1.8430354720179487
27.908508294843173,1128.655153693288,6.627721003620492,0.7898646210355388,42.299064622300655,52.40034200329437,-9.281489703662551
21.2287597310897,1343.7178704105936,6.991066241961867,0.6183463070454575,40.620124201565766,53.37674663025729,-8.95692636812955
64.04448150596687,660.6365879077375,3.282549278482709,0.11309973942382245,23.82416039276352,88.79006023797099,20.59904317651133
23.59082710482382,1259.0002811668191,6.873201094398846,0.15633143839283858,42.63649826392738,75.3429032900203,-8.908406182378844
55.60077760383657,713.0475096729397,4.237168538558078,0.4370337254497708,12.357253501514665,79.71201251821009,39.68150709626863
27.493977288655373,1139.9570555903251,6.652945241331426,0.3968893930890396,0.8782727851983474,74.52012627922724,-0.8308083253130949
61.26736030747883,675.616954389111,3.605423275785715,0.7435442696372946,30.96039625149115,96.23373987639958,25.535368093463866
74.26987692594584,621.2306842704247,2.0332990551114563,0.5807371397973519,22.89547034823577,44.490058209063164,-2.247013929379329
71.13214566729552,630.9145321079459,2.4253992614868607,0.3881330810022493,28.35822731479353,99.2327469229057,17.004671054885726
69.67236312911645,636.1128279752575,2.6054100453178766,0.17076028345038563,44.96697045092015,88.16693242895593,-5.969435576689122
20.956404483841425,1354.1841487813172,7.003896248458258,0.22683710232549514,48.49627867829717,71.22808122134396,28.33892122666216
12.512720493684089,1767.7733167883978,7.321859477454171,0.575501018469059,31.72265698778015,76.36601370773744,19.246054736241483
64.41065042142777,658.8108363426527,3.2393857820278,0.42343880489979246,38.20277949262192,75.41781135504299,-5.691665329929249
36.30951317251986,943.0940420983102,6.043724816487616,0.5149275088606721,4.1904216743582134,34.087735684140775,32.429309460000276
41.74942924428452,856.9485167011726,5.595480061868646,0.17067743530223367,8.03577924457528,45.2611548972357,17.3509307388351
7.64767288743824,2105.7933850448353,7.433288650312468,0.6629062523445658,36.66024024764883,97.30296191673244,36.0796155006659
27.06399818837918,1151.933693474115,6.678741529231462,0.852538740855967,21.568272819400097,67.40551002015656,35.83116868390563
7.862494329329442,2089.0058044991474,7.4294941639836685,0.2579395067869006,22.298263520220285,56.484752228333846,36.02538947432912
79.73079067110605,608.908882798657,1.3370508816839606,0.4915142258318266,15.43038408177183,83.34269243723526,-6.110739989976601
25.68871807357509,1192.0525571441476,6.758717956944986,0.9755273290209018,30.367819173887188,66.71632598590668,-3.9521119122738284
52.37365941370568,739.1083860386188,4.578820040213313,0.33324174055072764,9.25825227081013,30.92139400023283,39.3852904858099
8.313242256196085,2054.369409815567,7.421192991714133,0.5950463449237612,31.34581396569478,81.53663177005825,14.380041069935299
61.682028260980935,673.2492171046697,3.5577327115969646,0.09019570020024437,8.689942856761984,81.2552292037003,1.910702641457382
32.45732438909798,1018.8475184187937,6.3284355649175215,0.6060150024794432,3.1913017354856796,41.56040984769821,28.4832244249329
81.32313089140159,606.3394499916194,1.131463071399053,0.08963177330461791,16.51788443495305,96.96620618969493,3.2142610606241
80.49004605939305,607.6277575407148,1.2391421236274998,0.959235435323822,11.557017100492384,45.673569207878,26.36078440093212
32.649702560748565,1014.7229827131132,6.314885331007154,0.7156626520723114,44.44958192781662,62.04245571675395,31.864288892488055
81.58167613368977,605.9644234793041,1.0979955153800947,0.7881597881357064,2.74767269343133,38.03151728826403,29.21316886476403
89.6734022473962,600.0089088139857,0.042751314328139764,0.7041043607716369,8.830684628706143,72.22976236154119,3.70239040989677
75.16033145053558,618.8385501740531,1.9208630530207282,0.5897290360764658,27.43598027915247,56.281578404004875,10.080928703961852
76.81406455919446,614.7983557789057,1.7108390702237908,0.44991278108550536,24.05335954237368,54.722142354679384,10.662550161663816
26.16574256927264,1177.8160812839174,6.731416408627668,0.8583733797610624,2.292600918735077,87.8883814054663,14.563645905223591
54.019703902909285,725.3443086518837,4.406302486720003,0.956835667543063,0.3626214007572237,30.669319899533477,-1.6313574229931973
10.716752687226268,1882.6551266011543,7.369188506726629,0.4990361729040813,49.403397098057496,85.85627396246957,12.623502520717121
13.068024629841926,1734.421772296403,7.305767281050896,0.931535049155262,32.94173501794191,70.00139960236551,15.539149525773986
89.9058720228297,600.0007399908991,0.012321317856574605,0.5833329099885175,18.27030654507784,99.02689594361394,16.58544982905262
32.764336201202426,1012.283489573831,6.3067772047418345,0.5383841868964332,23.521612383162065,71.26102544229744,30.995021499222908
68.59563252415194,640.241823668769,2.7371081603564154,0.4544827329553567,13.327506022714347,33.87653939035705,15.866724923974761
73.5665295072794,623.2295932238121,2.1217635852624523,0.20928776153011985,17.24368918466049,33.54517285106084,1.539196125683759
77.93197803561448,612.3572950045827,1.5680460595410284,0.0037196608180591895,32.452223363410695,91.82070904602824,23.156436912209358
89.7984052791833,600.0033942882856,0.02638863279900455,0.24150622685606127,44.14058994336854,88.88499018577372,29.865707204331258
25.527201246833766,1196.9525645243993,6.76785597697986,0.5097231716035652,9.206501154059243,54.212305290741625,5.968583321913087
8.429820283074475,2045.5398467249556,7.418971262217868,0.37995995225975254,42.018075269265935,73.2622738926796,22.265296450880257
39.951279029539805,883.0723422609767,5.749430662354431,0.4484852280026338,6.077831475913453,64.27139499389202,-2.6531002026993677
16.05685693546049,1571.0668929182007,7.207407723846625,0.9806482195640496,10.74961117941956,97.70148385952365,7.096315228903201
6.906200578774685,2165.147506808746,7.445582511340919,0.3502723706693276,1.8587644024822991,96.49726306138241,35.46119647748171
35.63628030702632,955.351803079297,6.095489936285267,0.4521829393601079,7.040593104649973,98.86873059785422,35.56540815812854
71.61775134139509,629.2847858462874,2.3651628123719743,0.13351555135281956,45.86515727320253,90.6514146443985,18.766228937153183
53.12535875413102,732.6968934980632,4.500496733209982,0.04795773243698764,22.97193733091893,93.66861135425708,25.117573043255334
31.586129082880095,1038.016355975229,6.38890321945085,0.7754095145924946,3.8832930889176778,45.209514513699546,32.70077076029707
60.619070466881176,679.4142705226659,3.67960312125239,0.5706831750719786,47.986341901948066,88.17047522928422,37.927659265631334
24.72154532624891,1222.0133952090641,6.812632348994276,0.760704806043895,43.9496153879325,79.61999792429923,14.494322014488475
6.222422916127227,2221.853183591054,7.455814664200825,0.14986279888655163,37.73412604340706,97.39505561796491,18.078786831301716
69.97003784709632,635.0158931917249,2.5688362329283256,0.5718287711826909,46.67363959737789,69.98832799098335,10.782078332391514
58.018162213440775,695.8719484179701,3.972378108661661,0.25364247434137555,11.006471041788208,35.96170166973894,-6.400903147178562
69.7957230825816,635.6559256695955,2.590261897946515,0.22806181690001992,41.81846465050432,71.81792238310071,11.140173622440923
8.309731418451577,2054.636134218551,7.42125942431412,0.011526014052985256,34.49955981771531,78.06066496149015,29.531366969153858
76.15516836560543,616.3461016605961,1.7946994338706084,0.1303407235690719,43.48796247838442,45.42247200986998,30.244274899576432
57.659727003085784,698.3001699804909,4.012097616262742,0.30926811149969535,39.84557828713149,57.58793684589099,34.618855729664986
52.888604810574414,734.693069201483,4.52524951617757,0.11687876059093905,17.32475315884125,71.89523898361759,-7.426664741201546
58.09219408973519,695.3754009674012,3.9641549454876235,0.9858584404109375,38.71992685086278,56.187401612155384,16.357729479031693
78.47682598381095,611.250875272739,1.4982319595296758,0.30863264852395067,13.122815149244516,56.24634020670648,-4.628775603146186
54.8896030575071,718.470368882301,4.313652785566103,0.13032394670232816,16.429608151402743,39.31606474209582,0.037109158287165656
54.38078229049524,722.4583852763062,4.367967460561908,0.19908231282795774,5.395285861148808,95.85227061543662,35.01082511903032
89.20772835059009,600.0524283436262,0.10370481147794881,0.5877032283414765,46.75383079902344,82.53460691465676,14.839562921484792
69.32206420082828,637.4282630904909,2.6483593850701572,0.06404352386478851,14.550168170014077,30.08704072062714,27.92724604483068
42.5949734633465,845.3833058275932,5.521173497661854,0.8624341301411569,26.031123258572592,83.59292988155156,-6.780794703565959
65.12874500279887,655.3274600705518,3.1543552575392932,0.9614996792371473,19.566641823309634,81.78564948605012,10.8413251962426
38.08459009380202,912.5704693275866,5.903257106383204,0.24674742066738087,47.99640602917508,30.68116721088661,23.71201403321689
24.454414311097416,1230.5562268804356,6.82718190916477,0.45009526859085935,16.75245854692412,55.87230083296352,-3.329675936089335
55.73240953545955,712.0627765492491,4.2229400530884,0.02213445102949707,38.92729107113445,72.47233832278715,6.290893955284158
83.89547833968588,603.1249251412946,0.7975690652103686,0.6407102247272215,42.770807731559,61.69254563006251,-6.772609748805838
83.97685920131433,603.0418374885394,0.7869759400940846,0.41392605805258886,21.780324874048297,84.45902831043551,22.566997043475524
34.061948638966676,985.5898104778385,6.213243633102366,0.2700584661015557,18.90859072264656,59.782083284410376,38.54456295290593
49.85258462884407,762.248862221727,4.835673173651351,0.20683711061660848,37.3872910466314,40.77040786176859,31.352274557141484
22.9890513784382,1279.5936933542707,6.9043462594479585,0.6540230776587604,45.644799015311705,98.349093699168,38.73115584037828
89.6286443074051,600.0115179487402,0.04861000614974037,0.41621703103231444,37.746586653611914,46.94279949432326,32.280239754919826
88.39502216877453,600.2152024577681,0.21006363217161028,0.17965928902991202,11.35631827959328,80.23846173789326,32.75979030984893
60.208259025133025,681.8819480343609,3.726366524403388,0.689109081486824,44.41538737188527,40.020941816485035,18.85885976856713
73.37519507258524,623.7902720531165,2.145774187224669,0.5650722830366937,19.379083371841656,53.03088296487529,15.912615570660495
65.7835137091145,652.2614562589479,3.0763910277215607,0.8586720549294962,28.811470588896714,60.94193259012967,10.312713321391378
55.418448618354795,714.4212360251149,4.256840059920643,0.1174758988764929,41.57178096463555,43.45624031689447,30.904744752294
9.534579744056304,1964.4378988148385,7.396393580031728,0.7856666019444561,9.41973837002461,61.497170345802665,-0.8966193860987701
43.65496911697619,831.4951863178076,5.4263243455192125,0.673516786817259,39.225506783877655,41.0013976094225,-7.18875420879034
62.35683568422989,669.4961473750245,3.4797265005577973,0.11501093682809782,29.808139895533873,69.1304577290123,37.39469113423375
62.5901871801132,668.2267452369006,3.452638729782756,0.6948207298717207,44.66708209138041,76.45992767641357,-9.811090739826147
36.71542256590261,935.889017210272,6.012110622877002,0.4415472888798304,8.598520092177148,34.37039988196075,38.84146609379259
85.0438188659326,602.0570001460228,0.6479538306040789,0.9449847855558431,21.034111852046422,90.97924847575177,26.442668493688288
19.225347740126384,1424.3815229490601,7.0817309004041205,0.1416113506178993,41.642154643341875,42.95986195294249,6.42494598489138
47.53055292832265,785.9825137871358,5.063977192755448,0.642833390815738,0.9615851728380087,45.775369772422664,24.890992154315512
63.72513800681994,662.2565581593963,3.3200836713888404,0.38198004546294595,5.610068338282143,76.29448880581441,30.893757859256368
64.25654350080379,659.5751155763655,3.25756792318716,0.9568146705908778,49.52826063783674,62.812574230408984,2.2681027993217953
60.13431132534932,682.3312621413024,3.73476384824947,0.32997489529027646,14.019708929517527,64.95769194197459,28.544784163979095
28.399498143408113,1115.5710339366506,6.597395541367906,0.9621859094918002,48.77715968619767,38.97084891941929,30.21848125041201
18.277558338362866,1465.665615271353,7.121612922407364,0.9014858511007491,9.126577550433696,86.40150753134859,2.4677315062672704
59.054927780270425,689.0708538703357,3.8566207294395305,0.27038323531065633,18.054722150366782,73.19379722729471,-7.903682281100823
55.940679871852204,710.5166671709931,4.200381992766596,0.8035417768264277,37.643472225178535,39.476743031661925,0.20611422790488376
20.245260874585483,1382.238879560051,7.036649709087752,0.995604201803506,32.88892036190892,56.17995569179172,0.03232044446972182
64.93682737349789,656.2459434163829,3.177129545500433,0.25266300217128235,29.05611999645278,86.72869529145211,-6.737977291225841
43.68961929736079,831.0522947747413,5.423192297621094,0.43677716932331967,26.49495879025038,69.78485321906345,26.30036923275979
61.759650286268,672.811233080457,3.5487846951649087,0.5201807365667597,42.17202218323701,37.60541453930513,8.99874622292041
76.1762017804628,616.2954329890144,1.7920260351805388,0.2949311358038643,11.747428141669635,56.09439320525007,34.219308372692915
19.42691642903847,1415.8692297471525,7.072998833342966,0.01526483964602976,22.12354634967592,46.988607891901424,2.6085552832592978
6.627313779731118,2188.045159905727,7.449883953138794,0.22012924419752666,7.772614607822864,66.22258875576085,12.661608254996366
71.22371984364187,630.6034445651103,2.4140532367137206,0.28193688434175845,29.797079786535217,89.03527902103926,21.95087144633814
56.824281137972356,704.117557267502,4.104064241222937,0.44359970131818716,12.527221213566008,60.538699436309386,33.8732474835889
64.46936341788034,658.5212200035876,3.232452419420447,0.17110247841340187,16.69210321716929,60.33394212578261,16.23105508096874
76.24317287403461,616.1346581087246,1.783512237793048,0.8732543566916726,23.562535831176408,93.37456316289258,8.67623139061914
73.23892946008255,624.1940194319795,2.162859616310396,0.7049111327313361,1.3385292851563924,70.33297887550907,33.35075392360044
86.6782124889501,600.9226758621144,0.43457742033777635,0.08520047755966198,4.596896796041882,69.63337611781847,5.5123212343805275
50.554481702430046,755.5435247615605,4.765081548839558,0.6500924511399314,34.29646103541098,48.33369243127726,-6.028815018371177
46.522128776091954,797.0778263125021,5.160557777025074,0.6536564764056204,21.44849903587536,72.54059234859884,12.252105375511999
39.160411990712056,895.2606436307829,5.815357490369941,0.9562211736436277,43.23951109999477,70.31373271921774,29.254665324899598
18.063738641757386,1475.2738029488528,7.130341216378131,0.0030208713561612477,34.733600182209976,57.779602923930476,-8.460958412323846
53.67161479497191,728.1710487066375,4.443092814922866,0.2479324498058072,0.4050470823661223,99.34868961294264,19.294112249479603
28.546064567708196,1111.7275137720785,6.588249025148764,0.9277914793753155,30.835616538356742,91.73236754636608,19.723202426361805
83.31113853810291,603.7548452638475,0.8735824378971963,0.932133915398283,4.686243302985821,82.47104030537709,36.42708817136908
54.57121836355329,720.9550854657191,4.347679244285165,0.7205864193706374,39.046658989524715,67.61419118891004,4.32324085725109
55.391415343189365,714.6258799152156,4.259753022257272,0.76576332104754,49.5753844139251,62.34418613262412,3.9418306605348103
35.168596174545854,964.099523829665,6.130955386639282,0.09148295792964711,26.559939712075575,42.942817665623956,12.024182566983907
9.419094918105136,1972.7009144035262,7.398882564811084,0.5138758347782336,34.13897500970652,51.40162318102366,7.84574507357576
7.698220056704033,2101.8269079418988,7.432405212256471,0.2315829912889994,11.865708044737577,84.1772559876247,26.81729313446634
40.983487253021785,867.8149485357799,5.661739697041492,0.18121804361361726,21.87988718768968,61.7624267756286,22.08760385657748
12.188057138265219,1787.7365297269166,7.330949415527588,0.8103032991233325,42.80476661181918,91.7588661598651,27.946051895313317
56.581991220911824,705.8466905794812,4.13057336999376,0.13503813668054743,8.371147387312561,40.35377954418701,31.002089559934454
79.88270547937088,608.6443370116567,1.3174791507589252,0.46865163699638523,13.276780280688104,65.58429672095455,36.149056636707385
80.04775940409138,608.3615765358654,1.2962041666244832,0.938578239586033,22.271683764301507,75.2875978814916,11.546836589232381
61.018859861239754,677.0586436154936,3.6339127374437004,0.18583205556534255,35.612444592200696,66.17939194155483,39.234869473577476
22.954705675199136,1280.7887603563536,6.906100893444863,0.9779934237382346,18.79419773978369,92.2458824109491,0.7830406701826362
78.35473066550412,611.4941046614849,1.513888647501879,0.994287985761059,46.38661398915019,99.26942972803978,25.71825809736643
80.3179420016227,607.9091773667205,1.2613552591651114,0.5556171546824029,4.722852563435959,38.10842608389588,16.70046586535946
21.71555472100149,1325.3837964586182,6.967741185307752,0.17014274017715791,18.540209877242376,39.096843285384466,30.84502973424417
67.68121729050756,643.9506587292371,2.848195811235095,0.31610488794089564,35.447706171421096,39.122687949208476,13.838526030321301
29.35416165880545,1091.0357338287236,6.537047024909654,0.42449283267653515,11.299338283074622,77.68239672493692,29.196931768121566
73.22442654999902,624.2372087370222,2.1646773200931966,0.30932422435822293,32.82065671148365,56.08732668470866,36.5084357323839
89.76522149180623,600.0046037080119,0.030732348853136734,0.2806355798765158,8.210847911367297,81.33202628861342,26.614713307004365
7.55221045299839,2113.311991187956,7.434941313820097,0.9722297092163575,2.799014243084319,58.38300310208851,28.804714310916218
81.27609859222922,606.4089304614081,1.137548740989493,0.15336482741574564,6.050785837432443,73.93247049324445,-6.641228436707194
57.923595355885936,696.5087012932754,3.982872566675824,0.7333279087168623,46.499239156706736,83.89006039752255,0.24788311161403165
87.7375226290098,600.4277566338378,0.2960806360385886,0.00041028943917487126,27.587544146977567,68.37511374584444,38.71518702517969
44.525808989746345,820.5706905079642,5.34700988197491,0.5961826694023769,39.817288773982455,67.76525133150042,24.659350189369718
77.02797409856677,614.313349527958,1.683564757414049,0.9159430039540524,16.63272504525256,36.17640276999441,18.07245086555023
10.303495830853564,1910.6705516563866,7.3790559503027575,0.287934094093219,29.63293239427233,58.75472200366043,8.348818669822503
33.498719256655136,996.971758374963,6.254236195576239,0.1855259752577192,24.74760668524958,68.20440072574563,-7.7805499396541045
10.696405708852847,1884.0202786077755,7.36968331416113,0.651679794878427,47.2868979701147,62.3386577966487,8.45679539820675
87.904166345721,600.3670353219686,0.27428280746964745,0.7126014072983932,37.378731802705516,93.05474001318979,14.945643664478794
74.44278211810612,620.7541468552035,2.011504222443207,0.6880305189519813,36.52713157482895,93.45714424836426,0.5729754693443372
77.4665308059075,613.3455682564099,1.627574084861376,0.31931688002137404,2.317663471713977,87.53421664121332,-1.3431604363083736
84.727044671881,602.3291649387147,0.6892543246969671,0.2522024021593309,27.483483450184554,56.2708652761184,15.420827567875843
12.233796320181755,1784.9030846214282,7.329683046246735,0.9559187999620442,23.349572695090743,80.21094061812741,19.295211781377194
37.775795363633335,917.7004231562933,5.928103986093974,0.9232995082699295,46.392113330309726,57.67019227487269,1.9958959427262428
11.03796556874018,1861.2967588028682,7.3612539997612485,0.4573166098928203,12.867099409476612,46.28155192830313,19.369473722810653
22.91741363175243,1282.0887896471868,6.908003238334123,0.8461938661543734,13.491672664554716,54.00318504856172,35.01699819371475
24.49609104820215,1229.2155963614596,6.824921706175669,0.45232347763429603,20.56731244407502,34.967524329987484,13.65866290106769
44.87411293904419,816.3193654252418,5.314940162912595,0.4243890180725104,12.168485670318802,53.2244256303253,32.86950847935907
27.82778423355962,1130.8375062143182,6.63266031032916,0.15676294759929466,6.459195890437474,62.25195520828201,36.36357222666592
13.583139079509692,1704.3597088702625,7.290226168336815,0.42640605649197283,42.87074233254004,96.8836626346581,-5.380298553145715
19.236742572999155,1423.8978584659908,7.081239606276442,0.537416938599807,27.91382622019579,51.938741035373745,-5.2094210171601505
17.518422901927728,1500.2851447922903,7.152151593123502,0.022504327428686466,43.06813594782834,93.17174774438644,13.802209144380072
87.71152782254535,600.4376481338513,0.2994806651181876,0.4441130051754064,41.556738270184795,46.02007930764479,19.405122215885132
69.53986308807026,636.607253191095,2.6216671068104467,0.7813562183952003,14.102117739483555,43.36782284314746,11.294173223251462
87.25972454791277,600.6276661360916,0.3585644843235516,0.6800460563742698,27.386872216213696,66.32968195025154,6.322538520875153
42.377941353172226,848.3097375165735,5.540361672183116,0.635156988863935,4.160885137003523,77.07579585081842,22.04970580630779
28.661320941325812,1108.724866841298,6.581026137095554,0.9095554284372025,45.76259420153792,33.1032575561597,-9.895924382503987
72.85492176278086,625.3517823228176,2.2109416302049105,0.01803200982523001,20.213135753257657,45.47461055330517,38.40366404318712
32.73158303349747,1012.9791212379337,6.309096439226482,0.5570475861922342,19.68380919445107,61.89785665509215,1.6039544094011067
30.447586764954604,1064.3316910928743,6.4656981569288785,0.7873488484097071,15.137768530897661,53.170303518822706,35.85493842915035
24.76300933766565,1220.6979599606316,6.810360684787905,0.5413353827012672,23.03318723553519,79.88347555438253,-4.5492627732747
16.022713149060003,1572.78814574544,7.208642643459646,0.32389555258037916,12.587969327272402,65.78124172289218,1.9043591022286286
26.79936018642511,1159.4361188623307,6.69443139959931,0.13625056509197786,18.74261363984023,41.22513739227301,1.7436850543750193
35.20217862028045,963.4649055273062,6.1284223456955775,0.8875630718161913,39.997352429244096,92.61257655205634,39.807645210032305
62.28950769238708,669.8651006228238,3.4875313193640904,0.470762392387603,41.71277517925859,50.50339728383517,-9.76997271370578
10.318011588653384,1909.6761630149444,7.378715855865297,0.8781151969857014,15.209123881425807,81.17917762750965,21.98191046517479
22.89308987155415,1282.9381081369038,6.90924246722136,0.5858521224331683,23.450721527639395,84.59410453737868,33.48432905304264
73.76700942479249,622.6498994949279,2.0965799344206664,0.6741921166150008,43.690988814002615,97.42103901792716,23.613682701236833
17.488363504620516,1501.685344770108,7.153335022277326,0.80426115437845,2.6336665914848565,64.89552265668709,8.136690910847207
34.12483745441433,984.3379005037318,6.208629168187531,0.6591555446001344,44.45724809978927,73.10848608251025,37.915468135146746
78.4960083579419,611.2129080937866,1.4957715197868184,0.3980548406789377,10.959217282616585,53.441340543567364,34.67603772945205
18.168651447192627,1470.5456239175003,7.126070991267341,0.513633383928651,33.92696221071879,77.47255053884466,11.69774601247589
12.032631027546142,1797.4166730097018,7.335217743579507,0.8030455246758799,29.127584819230012,62.43684401064238,18.666424630558176
46.18572958180092,800.8913487326772,5.192421886326949,0.3736502963729842,27.647037409462605,60.63566553070956,38.37595939026203
30.705658458675593,1058.2370262573909,6.448513851234697,0.3881214567684971,42.968011237641065,89.88272703812738,39.12801809632351
52.8897109811276,734.6836933927207,4.525134044638921,0.09569011605800115,5.078607182233064,33.51181904490821,12.491163785897612
73.32341569109539,623.943255622351,2.1522678907342883,0.9145844352217477,17.3514012662818,91.73736994823079,32.36750140715443
16.657621492983168,1541.2949073867117,7.185260830861623,0.09103631494544173,26.912637317238282,89.64488864799898,5.099011347696816
54.35942218711423,722.6278061766889,4.370240065845848,0.6482091774485559,40.56444269730199,65.44563774932524,8.590643646533234
47.96824463313843,781.3195407094154,5.021567857234667,0.4131944788027977,10.822154170583575,64.31419979439397,-1.758905850488686
17.246696811121964,1513.0253402994845,7.162777792073504,0.40561939025544236,40.14649206871381,55.32651576248431,0.4592296388365149
58.039871269963506,695.7261652547904,3.9699674405694867,0.6795518365726839,19.981924124696786,99.5921654177214,22.843665112967948
28.25943551816559,1119.2705589096222,6.6060958467881985,0.06709373262987872,9.44569282168477,37.781853292768886,15.539080900354044
46.46591707624106,797.7110863172193,5.165894621433097,0.5937057829514346,37.94932202217413,71.3150664940025,1.5565930312801441
11.99314756355026,1799.8885586943886,7.336293446046485,0.7720317859723548,4.544945073727391,77.7177113078692,10.145480818082628
44.06464486315796,826.3026694669434,5.389166875754538,0.8282127578865942,25.738368703772146,95.40310057518612,8.659172993184086
31.049394783639727,1050.238687650959,6.425422253048038,0.1705303893937753,3.1937891930944207,84.6142447799733,39.368010226766714
74.90240295075512,619.5156661413066,1.9534801280125977,0.8974190500781737,17.82089275788938,75.06930419680828,32.67829186056897
9.843191794776303,1942.598354416985,7.389594809562304,0.6561460918474422,30.053839950319635,38.17686217684859,9.398316669191214
40.581618368058045,873.6696963901259,5.69610037230775,0.8818548008206828,27.805777074360655,56.16134617820272,35.695828944801654
43.96667105117223,827.535776438217,5.398078209844539,0.48528071711019827,20.232770895233326,39.71891497835897,7.131769581408555
66.6255164854251,648.4699007209583,2.975543492136978,0.542033345097202,21.452399698605785,91.68489127258596,23.395075636742973
53.81444388266794,727.0058299999655,4.428016646697712,0.9190382770286711,11.338477667538328,82.473480889455,38.332499834105626
61.71304866150539,673.0739867429447,3.5541575624041366,0.8999095433546718,22.794129421205145,83.02757507580606,9.513943199427615
71.04918928039928,631.197857162073,2.435672195941324,0.448160873369002,47.66274278604171,75.6579562441481,23.99424825524669
78.28725276094605,611.6296941733663,1.522538618190246,0.27441263163568175,42.52264588918952,65.49304758556968,4.796190553131661
31.67941722140999,1035.9245997749695,6.38249867635977,0.39317043456426415,7.26164345381719,40.497974162444805,3.3156157798987316
50.731929955931754,753.8812002798759,4.74712144808335,0.38776432852974974,1.4890393660460466,53.07864206935362,18.707833321577596
76.409186667332,615.7397578688733,1.7623970114561347,0.28686687498279395,46.67621563583153,39.58410547338234,38.96322990166091
89.1033461320298,600.0671546074473,0.11736692601547619,0.26857960433296657,26.337487494037383,80.74391999966403,12.656692436008498
80.60914143871986,607.4360864559349,1.2237641576023224,0.8610629364797194,26.891891157465388,41.21601432154035,36.881848515829034
36.57471732307202,938.37104833267,6.023103680711444,0.06986192068466168,39.035899785326116,79.14794851201799,35.71817601223808
21.589153963585286,1330.0990134860544,6.973846161417647,0.6776111820995941,15.734448693566328,78.45787727171333,2.688130617249737
46.59836567956004,796.2215004591562,5.153311766542201,0.1728200514564523,24.095378441800108,62.15131352939022,10.09097035421637
68.03952340606358,642.4749297779454,2.804751902530172,0.34450589339406323,48.43314565733688,39.46600578826366,22.165123924709157
46.868371014030295,793.2119672545095,5.127575557438183,0.06154303413483686,33.60743434662036,52.03605782938257,15.902294220569583
46.070373381661824,802.2122878949294,5.20330739697373,0.26997363685546205,7.687251599789296,52.4065176352886,-5.202073506841284
76.24958579195305,616.1193072279593,1.7826968582817058,0.7684210711172421,6.661337399217665,79.02695932003054,39.68490150635792
35.71932122071084,953.8187165834574,6.089150246899374,0.8850153245472586,10.21323791665027,37.9620113589607,27.632700060563998
78.08254735898987,612.046111424932,1.5487667668602862,0.22152715190236705,38.335583721035874,88.03480523512636,11.884701911235588
39.5784080808965,888.7635929528201,5.780650510043641,0.46354783925892185,14.768850192030802,83.27051031301397,20.908427483314565
32.89981398265885,1009.4178131350968,6.297162210062568,0.4703240479372064,1.0694423337539893,43.04148427219917,-5.621359136688494
43.58914245197442,832.3384728487117,5.432268984834355,0.8735753057597342,47.208718175283096,80.34150672452226,14.7650826844805
69.80799148736382,635.6106655003414,2.5887547254706704,0.7627990528758054,8.485670819745533,76.79592270274753,36.54162079087439
15.710172368439514,1588.692359185401,7.219827663700161,0.5130772183680499,0.4779093074034291,82.36845600776485,34.830047902748916
21.69563334912148,1326.1248432111465,6.968705611023149,0.6707472004717734,11.85658011916615,43.22499888140861,6.86904227415728
85.87281018136282,601.4252650205581,0.5397808023101256,0.8473550539093668,11.751439355906685,41.0313225509528,16.568393191066942
19.916788327415375,1395.5610301104334,7.051412636207116,0.009538954025544943,21.100262542286153,46.553879014592795,24.86917620438234
53.25682202413964,731.5975606463307,4.486718952119532,0.4028900310500486,46.019491575001844,55.6110192204283,7.000463345395268
54.24172966626472,723.5642254286904,4.382751043761778,0.9072431672770787,43.9592458889549,85.55654867250608,-6.756039095303076
46.618079274270805,796.0005417711973,5.151436583633109,0.7403130308439514,22.844727749121397,81.6546756235195,15.272082835890235
59.80334612902958,684.3615721097285,3.7722710346505064,0.5428413743340746,20.544995249590325,94.78161145949731,20.08178679116682
24.535271692797565,1227.957901981003,6.82279357749958,0.5296445270351334,27.750454323742563,34.10406913690308,-9.707919993924488
51.9762927610236,742.5855674094664,4.619906079993847,0.3477700976044378,12.172700598588287,30.80893967099299,-5.221231323073469
36.63472669598626,937.3104831244709,6.018419690477354,0.5205205336415145,2.609249598318142,78.93971807905594,0.36453217970761465
61.241717068481066,675.7649318747917,3.608366305452867,0.6553831994634532,46.961206808560334,49.5501247055916,7.40261434954671
17.004001186717705,1524.5634366952988,7.172132521350172,0.4183630384287931,9.334949243858636,53.38552268736723,17.05256114152902
53.52458043135548,729.3783915905688,4.458584023702201,0.714153146392174,9.92003646228582,68.27614181401586,4.692145937983264
20.747980207582515,1362.296679363023,7.013607739368853,0.8612322272603858,23.62301644269738,37.16891861887589,3.809190720325187
28.684660364778093,1108.118941901589,6.579560258489597,0.15468484818486117,24.580667242016535,74.98860915836349,33.46746719065409
23.590333027504574,1259.0169242419274,6.873226977056216,0.4515470228174244,0.9217104850370972,52.760321236180516,-2.747467959928686
20.541211288849453,1370.434253119532,7.023150392801158,0.4080200912850811,7.397736938698535,74.29005870106941,14.773006658618012
75.18543088265669,618.7733424424059,1.917686944678664,0.6874648040497281,18.907740928037086,88.380483915137,37.6412358468068
29.28514325117568,1092.770526849626,6.541471046875649,0.24986746525792936,34.18653467552695,41.97779333362008,21.250662455802292
83.8055214584782,603.2180873131056,0.8092766342435563,0.6402509149522763,11.420922841596791,95.16111650401642,25.860273994721922
87.44375465434122,600.5461345546919,0.3345007374915101,0.877489241731488,21.15072231208813,67.14816987437106,11.561849569530356
53.55713994465327,729.1103497407594,4.4551561543723786,0.4181315997936227,27.86725323582334,94.60494356217778,-9.003391644014021
17.155095426586744,1517.3624520771195,7.166323685777096,0.91101569997922,44.4296247311646,44.54110575412447,22.30651841836027
36.83660068726441,933.7645272213877,6.002614123687811,0.9931637389334784,16.303525116356166,72.31938652229664,21.5962140714062
72.8072423845982,625.4975986156678,2.2169047289600576,0.10609204994795207,6.677913293174176,58.27209821265233,-4.478618176833345
36.22821193925099,944.5537585258253,6.050020539615178,0.23305318798485863,24.463611294880412,84.19555338092093,13.107985681231575
12.396463555737043,1774.8820728563717,7.325141478717335,0.9503797514820932,37.336080084203104,72.41362602493075,35.76644723328252
52.326717428895975,739.5159525095023,4.58368515420496,0.9583276864813868,5.492987852636672,64.61608198708228,0.2542415985987567
76.83527237716295,614.7498894968821,1.7081360482011938,0.0977072753867585,21.23417458484802,93.90897845017061,13.054937731705515
72.65374290719771,625.9701528526048,2.236091942253934,0.014998500377136681,0.8892570631241714,56.398194492017616,13.05515926002602
19.885466911080023,1396.8436201761529,7.052808255899154,0.16110002325642225,1.6779590823625568,45.398614342872705,30.538073407381923
62.18499222505967,670.4402427375135,3.4996374534882166,0.9960127833822483,24.14766816083328,72.56708307964641,31.22879351647223
23.742862392030005,1253.8993085488319,6.865212330668728,0.17999961661068686,14.909864907546472,73.68199060209696,27.963470983169593
23.54764043693464,1260.4566562339191,6.875461534104191,0.5025476067220231,42.25536495027061,60.73662351003128,8.272707959413687
79.29610073094074,609.6886716258459,1.3930011506361808,0.848417726430511,30.107715306322714,64.06270305825677,-6.398153749073995
26.221860982919562,1176.1640532751157,6.72817387139074,0.02040161068820634,22.69664808714952,97.168739000993,7.474148861200707
27.37602445403095,1143.216544018655,6.660059092663541,0.6044889822584595,20.396768552714818,81.2879983977761,23.989560063566984
5.055538214710462,2323.0882025013457,7.470823109120214,0.2770254488696243,24.862274009478163,37.74212260378039,25.137328724453823
79.00686790066901,610.2263337243185,1.430184966224022,0.8623349164397316,2.021941560633067,44.84910496094277,38.25001047383595
72.37055912277646,626.854449644221,2.271447289011647,0.28346114926407917,44.639667821032994,98.29036441048913,12.682061572185425
58.32295948270763,693.8384652973155,3.9384800481243816,0.6867557202819089,49.91515778669792,80.85258876554718,21.621779147014518
68.7725899348016,639.5457130226587,2.7155291141604967,0.6742196324473969,9.074356242934932,94.05315883012572,16.959543536126585
17.924128231081802,1481.607304375053,7.135986647892719,0.22149354885964,6.0191482387309865,51.27030247921054,-2.4690719943381314
43.95750553994391,827.6514121508844,5.3989110637459445,0.03479919986835012,7.178873172429761,81.93068020606145,13.060123606606801
34.853647924646374,970.1007122576648,6.154608535130216,0.4092495737853973,33.051352911718354,79.9801895966458,17.241757734449713
12.971004731846403,1740.1774717981407,7.308628345459909,0.2891931519658697,33.07204192253874,50.628298980756256,37.537480302112925
46.32109124326855,799.3499685419647,5.179621737396596,0.8089777496137086,42.396208113920544,68.55714278154937,8.326952720447803
83.262870279124,603.8094995438141,0.879857420788638,0.8003641884553453,37.59131942131266,73.91905778892067,39.00495515539889
8.40502511930903,2047.4134245560795,7.419446377230774,0.4570239521926255,22.484483668466986,63.67922675792255,17.11500370120422
29.77417764697248,1080.6061478235242,6.509920079866676,0.6065122253232189,30.64276807826594,87.90250946606089,2.1234621651528762
22.640979577484796,1291.8053714427488,6.9220134151038035,0.6042595159869252,34.414233518400394,88.30083292585925,-0.4167806492096098
25.242465561584186,1205.6906567166488,6.7838342380992644,0.8271581484276234,25.63682351426126,89.54203838110897,-2.9152541369884126
82.21693690974689,605.0925303943404,1.0156702248896117,0.4250024141231975,23.782549222581835,86.2396498368714,12.646643528672648
44.78586960991466,817.3901800112735,5.323083698515071,0.2754466797905091,32.254872282132666,64.16584340380012,-8.903678510553839
44.6354500998846,819.2252730511655,5.336936046886075,0.26503491814054747,27.873727448782688,56.7006808704305,12.25226416574327
69.64892960869899,636.1999933943116,2.608286232312808,0.5361922792822041,32.19711526679552,88.19633986000593,39.42023460779731
18.13183734041869,1472.2017094828918,7.127572143267004,0.44914820273221256,30.64273869816819,64.31410209893868,23.505339786113332
46.417555098504316,798.2571853401805,5.170482219456495,0.4401207709849362,35.95982802568273,47.24599790395873,27.989306060020233
41.548743200290076,859.7591741516744,5.61293804640446,0.09113733908970723,32.1401754391438,65.51404726255514,-4.049730464086872
55.73740869646577,712.0254936571346,4.222399239164161,0.7186037406901956,25.987124321863362,39.92948753434695,13.65504307450454
89.96240477628729,600.0001180467207,0.004921202922946343,0.2137366879819107,34.08984056421932,78.41406434191592,4.311155051285695
70.40315599697401,633.4538202425674,2.515497587441911,0.19695363020872136,22.4740982592714,53.51448971367344,34.704876399451464
38.81858475648131,900.6675719577629,5.843510066038144,0.41275832027739345,12.083561298630052,48.24611589132181,-0.9353763993043742
75.34200944329399,618.3692846242975,1.89786504542022,0.22777834161780142,0.070911006695773,96.95561223643215,12.936666356837097
19.510210881560816,1412.3784578747182,7.069364904252674,0.5838582673080154,27.99820735729216,84.38166970308154,19.402385917281887
7.589413336261611,2110.37760261985,7.434299704703355,0.3714633393344715,29.53276133043205,85.09486519067522,15.702054578926631
22.378111659463208,1301.1771834359188,6.93518658018455,0.4489117225927901,48.60244823878572,73.66053784954283,31.512176398520367
33.93498226971207,988.1288127959047,6.222536969307382,0.5371693216040289,18.073916704713778,88.74209673572079,1.5726585659820191
48.399364384062594,776.8144316372218,4.979508812831015,0.20353552248180484,19.70666214141559,83.14137368143669,8.869555521184562
57.28597694600199,700.8751485481862,4.053346970743277,0.1557516228655298,10.08997906710951,71.91415928935317,29.60421482869763
82.40148596322585,604.8523963066682,0.9917301231474245,0.8804219028736048,3.5267147618660957,97.27870812962021,16.403570586840242
48.3375908117889,777.4546662363591,4.985552659305469,0.43372370283142103,38.64022464308703,43.41164647790961,10.105869282397865
47.608429793187,785.1461967732603,5.0564529981730315,0.41209360963253916,12.48405321696625,96.03658032963257,-8.527874262758425
9.27065583495348,1983.3947528505585,7.402037645588609,0.03561215027284148,30.445243051501897,58.100671339920545,27.66927120078047
7.967481975779024,2080.8674300945786,7.42760172351643,0.4979763025873932,34.38865177727408,66.98792883810407,38.60910389833801
51.848596762891624,743.7161190876814,4.633062224929239,0.5541697216110001,23.561834364582385,38.59175236810162,21.014350474425502
42.245182126109285,850.1140573000785,5.5520599701759314,0.5588408709546665,43.81760565135958,67.80752072452536,32.82706103443973
76.33033357332538,615.9266805758452,1.7724281599169613,0.7070311693228843,22.18974204898644,72.78447263007354,15.843787159746306
18.65776470050684,1448.8514326418479,7.105847689878499,0.17748183499101178,14.245431152088257,99.83910792659668,1.5840482711682284
7.122591279949216,2147.5979302074315,7.442123442369801,0.2522231342306188,44.80077614808112,98.26346877500686,-9.277894788242726
43.168295274060696,837.7892782228573,5.470104834069425,0.8107304652304127,43.07821421249783,97.64781043120011,22.669913379499462
25.185677323941885,1207.4488063894964,6.787000946910343,0.947170616843394,8.20199735382065,54.38716420714401,14.655442412412231
9.217221733801182,1987.264408033138,7.403161230305533,0.13593274736732064,1.2980509176960475,99.38865491215304,29.104907354380074
66.59085438204846,648.6226745278582,2.979707839644328,0.4976495545052182,4.499277817481034,61.883470611657756,24.734120871765228
14.485404996366036,1653.6698940694819,7.2615854136197,0.21417625273958685,14.327369927690853,89.62853811333304,39.397618410328235
56.70715750066059,704.9510380918555,4.116888022701148,0.06007316835498244,48.612990087085535,45.14239783132804,15.51562917060199
28.889228764185578,1102.83827838544,6.5666652411772315,0.3255033381261354,27.92580765804125,65.40832257596216,11.358739483650467
19.74716428017687,1402.5327853351555,7.058945538725121,0.14368762518421274,18.66308660146344,97.62084672893238,4.3369844719647475
37.278879448141986,926.1119603746074,5.967726061268277,0.7099330734342463,44.435804730637315,96.29219778463992,13.843064589563724
73.12289097895106,624.5407558228544,2.1773992606526646,0.5337254136714444,22.65681657392498,77.86144144749987,33.6435739061461
38.32795403688868,908.5790090612109,5.883554198708055,0.14383447099031088,15.761931420051056,85.84700257871418,-7.878013710412937
68.81542018293973,639.3782720221043,2.7103022844060702,0.009241588405514367,47.06097643728287,42.3498687621681,38.895002364309434
15.666335227927808,1590.9446460879337,7.22137930907159,0.8081570490242127,42.4758833096339,80.51609846389101,39.6653597153899
70.68557067153172,632.4567829970756,2.4806405129380122,0.17619440616424753,42.18341877097205,73.26355658347606,19.891068929395086
25.139332617065136,1208.8874534202346,6.789580347584011,0.606216642220766,25.614237152510654,36.40862150258722,6.57721018477007
62.57841604055419,668.2904322410359,3.4540065156295863,0.33692191307674557,39.47191994077275,37.921130461277336,1.1524484161011905
53.09143216148469,732.9816481009793,4.504048507879666,0.5854859383150356,8.967667963227594,37.59105324258833,3.824519784243938
83.97730096299343,603.0413895528818,0.7869184328275353,0.315653626982324,28.661147877812184,80.7049854380885,-7.494728674751407
37.922414027901695,915.2554928877212,5.916327877201272,0.08693956069225417,49.19229614237729,39.92006457733007,13.755547924167942
10.624041050927438,1888.8873526804173,7.371435580994577,0.2229500085577536,14.547921525898083,62.74125897801293,-7.133786456779708
6.6282162718564965,2187.970551818841,7.4498703180635015,0.1880585664790756,39.71761646238376,54.98872641144304,25.92371073879626
75.28297768268402,618.5210665435543,1.9053397819663664,0.42801935243964384,24.523920360403363,68.53528985391524,8.596472776642702
49.602529201221735,764.6886543911396,4.860647129481605,0.6582837834261573,1.9902841611043665,79.45335410535819,-0.03176341264184046
70.89574440597069,631.7257256110215,2.4546606249929424,0.26380607494635755,38.15096989078337,77.93057760549324,17.242677891801918
24.92617600097875,1215.5488911597195,6.801386747338207,0.012069935300617951,8.42845721960564,66.08639411400637,38.687965362150685
34.33211836862487,980.2381792846377,6.193367011466213,0.5189373642647569,31.573678356637508,62.503441152726985,24.756552450920914
7.5588291379621095,2112.7895388881648,7.434827395743847,0.6057594893589721,4.283209702348644,57.847091658558114,14.58734250520801
86.72684758879953,600.8958243977422,0.42822164119480305,0.9628704940018097,47.34336987479824,90.33369638130657,28.845714962725317
61.76877206956914,672.7598710053362,3.5477327374394663,0.5894708030932468,14.586194359018045,53.15962634108515,26.873823594949435
84.32243245954103,602.7016226775786,0.7419761828072725,0.47117255937814184,11.323234583869745,48.155607481724644,34.58677305288968
27.567194631471146,1137.9435587779603,6.648515246387582,0.5734016258977038,6.456820203316715,82.03208455586899,0.23344737969737395
56.97440695418117,703.0557256898792,4.0876020036149265,0.927900629862027,47.30010966695239,55.18344231877085,32.943878812936596
62.67249730487421,667.7824367392514,3.443070368114894,0.8283781456016462,35.595187122065255,89.28990198300879,5.0513043520849426
31.991724521895016,1028.9908152824933,6.360934693872873,0.322978733363808,37.083044435904434,52.95221030460013,37.049946391254856
77.08928497632856,614.175907222263,1.6757430343329647,0.23725436365713726,24.97022806901223,79.13613772022117,4.053257447336758
85.50872434652106,601.6883921883882,0.5873047173013413,0.26263361236607363,23.73638926352417,33.15763043997352,36.34242715813381
80.21268500416036,608.083879579207,1.2749349789578546,0.504421039715213,5.501062149573832,56.9894016077224,38.189535723204
67.82069295484666,643.3727477913562,2.831297809376401,0.7440494512285778,27.992054779199588,54.026112247728605,-2.725432127149288
28.58449777662109,1110.7243249729027,6.5858434535664045,0.5032192071829621,12.345824755439521,87.16751174931463,38.72499416313915
28.937363578978697,1101.6035849270338,6.563618879901048,0.06779639582811259,48.85726664002029,97.6938782259817,-5.713851578535886
86.88562723791323,600.8109313311761,0.4074697216684548,0.7235807004399809,39.82904700075737,62.2616893685073,0.9283893306260982
5.874182154533822,2251.470989798163,7.460617763296623,0.8059701286709539,20.64960300964438,87.73853940076307,12.208439043640226
65.86424772558229,651.8905886509547,3.066749885423746,0.28949786511971964,7.567062934576652,78.97862906701556,39.679868285585506
65.03092381719728,655.7944839734173,3.1659678417844956,0.6641257392833504,39.2665845569392,97.71701913645853,14.428152558268966
57.928610980732785,696.4748594708017,3.9823162351768335,0.4265919010543934,6.1026883540657995,86.77759600399773,17.520472158924292
89.15925191738359,600.0590409564902,0.11004971722499562,0.8891193557274428,9.466687674853524,35.423464617461136,24.721247476182427
31.509752039916645,1039.73604019412,6.394134150214622,0.8452255581607399,10.57602588721137,79.92972056675654,38.414677913647566
33.897608422426096,988.8791414870816,6.225266738675824,0.5254319983096423,27.84453191365472,67.48498007956616,29.167570006212223
11.709849250457221,1817.777868415931,7.343909524820305,0.6915055458135945,39.352832699518316,31.150524055262903,1.207700221184929
42.637841606217684,844.8086651058193,5.517374075114853,0.883349701022104,15.715743936234611,47.59190711078106,5.149546533217734
27.18912472996209,1148.421403265986,6.671273390193874,0.4957170100782755,4.23349071376447,94.52286715188251,-5.11858801957378
34.187869685099756,983.0869103658524,6.203996674657354,0.31325074048882195,23.22692317622096,94.82429609507271,22.222618208236995
75.93860217172835,616.8726626980906,1.8222113987046813,0.7536661379095813,37.40551205799677,85.91953221404441,-0.9629846730389211
84.51618364983713,602.5197899624309,0.7167344332979434,0.22006625478469177,11.083192154369414,98.72457222945926,2.870244423968286
20.787311120440776,1360.7588980045934,7.0117822232019575,0.38853114800604205,10.996227401968712,86.45816572369435,34.40568275901885
36.6632591820446,936.8072655950136,6.016190290862169,0.8657272371067937,47.361351367335544,30.714293109967162,6.3377837666007615
83.9335977798085,603.0858651876761,0.7926073605335284,0.7244223402693151,47.70768635595889,50.14840382110582,18.332335917708352
10.253719158583923,1914.0862099721235,7.380218587346684,0.40381100524749924,49.52328660307882,32.143692756643404,9.878300439458851
12.850644889467173,1747.3595482549492,7.31214856663645,0.2147445024083574,40.382980078739,36.58755781162916,-6.298435629704321
18.8372340825295,1441.0332599639896,7.0982972513474225,0.3559683908322365,9.409208458397277,45.318857186554325,8.143191494835254
55.593090900784354,713.1051952106791,4.237998726678043,0.284104149227433,10.599076039963068,65.24909824278657,10.403410151796542
17.790143035509786,1487.7305851035119,7.141364770482243,0.17608928794385392,17.0112620761196,89.32724024234125,34.78505509557591
87.28649242331235,600.6154538521769,0.3550645452878582,0.7433329135656567,15.906626566674543,90.33767293099757,6.222532682316977
42.97073481697423,840.3839435078453,5.487764648224499,0.2520698868501715,47.82638745390045,73.13413009901075,8.962055988103394
47.62902662976414,784.9254919883651,5.054461440122422,0.4541674701677638,39.45369914408468,94.97231573463645,29.144838433616727
25.96598234345955,1183.7353907644565,6.742906182266345,0.38585944683610907,36.200439608077694,65.00436286131458,27.947832560579897
45.031621456952344,814.4185138698986,5.300373167385104,0.9820773786356308,9.298161202906591,92.2325230893241,29.91426383242454
61.26265877414598,675.6440715408098,3.6059629166236484,0.3910922441482205,45.47627796811648,61.784567943240845,37.6885370038002
68.85005664109363,639.2431607049875,2.7060742837887863,0.0799824827967548,41.39351897530869,49.40575051953176,29.77787491973921
69.07878703034261,638.357565840437,2.678128883575458,0.08982575257208403,8.182092066396185,94.14890426702993,10.380410160894545
54.12074457899751,724.5320177473131,4.395592752420849,0.5907537213530648,43.55851659804863,57.15545529752085,31.075425844904593
81.87058087447787,605.5591840246889,1.0605716361465736,0.5993635517382656,13.612376818523565,65.23828761911231,15.433731604496916
74.4796670210193,620.6532440906758,2.006852474565041,0.41875899048265497,4.043487291605302,53.020244277147405,3.885701625928265
69.34908974938317,637.3258263721864,2.64504934877011,0.4318436923120297,32.841115325710504,76.39863202035109,5.14585340655062
9.726469342839152,1950.8172260249116,7.392191442425757,0.05393258284087121,32.69023296921653,99.65218575042249,1.1921194281699172
5.5846267886701915,2276.4811203747067,7.464401601997337,0.5165465103892622,4.746600478280905,31.785948420533874,-2.7503521090123293
23.058018561615203,1277.200462995947,6.900815410567473,0.5047394753803517,15.942590446829119,92.98936042049709,-0.7754794073174835
61.39950548264344,674.8572760759116,3.5902457681645776,0.14954931855694453,49.64072311277693,30.274823989248578,-6.841097502309031
39.9517865550164,883.0646619056715,5.749388001870414,0.10383938611092758,33.921333350436846,55.495951680234775,34.42254324661932
39.2045320404415,894.5689545284536,5.811708700325513,0.12357249059949049,36.503758330166455,41.802476440266005,36.55039048245616
80.18988549951716,608.1219806958497,1.2778758891407485,0.10102824649125852,10.645864280215283,83.0139246470786,19.338519624694776
81.1228420912063,606.6380284959805,1.1573737826427342,0.6097081955367598,3.939103550195716,33.54275885300214,32.02447783043425
82.27989744455479,605.0099422855365,1.007504020113038,0.19648265240291862,13.845084487046883,68.74394675090295,-0.8214448673426435
31.67963650377732,1035.9196941348778,6.382483601951656,0.25143015218746345,12.444919259659597,50.64482936917189,35.08369126134926
63.73974408283725,662.1818972706678,3.318369171935968,0.17357214415143973,11.727205037402655,39.35691742052915,15.318077981525416
28.088820408321418,1123.8124610173809,6.616640650389244,0.9578353044485031,9.637716094351978,84.02727484718486,-6.641750369722246
21.20183581132823,1344.7457890488486,6.99234160456054,0.8546174631518354,28.737784532770217,45.21917839786797,-2.93436277529199
20.69375887452638,1364.4219428722745,7.01611896490901,0.23049483735152088,16.405173792091087,45.657264843845724,5.4488230393408585
34.079147773405495,985.2470576558444,6.211982390552008,0.327566293922126,41.01725075237652,49.25537495965461,-7.822120982262428
41.546397681284844,859.7921754004246,5.613141679975429,0.20989284230499716,9.1973708923692,71.07367346796192,5.46466890087218
75.63067953968081,617.6366562934782,1.8612841123949895,0.49187595946082374,23.231353543427225,76.17661521835238,-7.00347834405541
15.190742945180528,1615.7257842245035,7.237941320671608,0.019610532474253595,0.6828918213039992,31.232176659094147,1.8013802596412596
67.468697028566,644.839757196255,2.8739109562063883,0.6713680088967957,24.084116122759603,46.93087452796532,3.283487792822079
50.17366770609095,759.1555385784004,4.803470427221979,0.5231581498176416,2.7919110438237196,60.1679589753698,39.718448818339695
29.47535412745936,1088.0039391923488,6.529255741543072,0.8986389283011033,48.88617559363218,53.23838665128632,1.777333688183223
46.88966468529009,792.9761597992256,5.125541048127727,0.16439268432841414,39.529606432520644,91.89194609576202,1.9593224469290167
30.495075931046927,1063.2043448131822,6.462545817926349,0.8041092460611317,24.50557383182277,85.1396111620493,24.33944841791925
55.66696619525601,712.5516215751695,4.230016808349349,0.7919610144667157,4.329367908967513,73.81231508771793,32.967873925822595
41.87673344269576,855.1788151814435,5.584370077382413,0.12718118921688693,29.622272039520713,53.662969119792784,9.352770630104327
18.974469971704693,1435.1055548778663,7.092476620370513,0.3985592241441276,37.938187535093874,79.0470641392312,33.78090099703462
14.909561337234221,1630.679205980523,7.247498672730406,0.1701526411445169,9.535862650237265,89.0546608992056,7.007101037387855
51.469132976131064,747.1138853083903,4.672021212821855,0.2547205004575489,28.41041703937454,71.63812641512907,-0.14920601924903387
81.70510782931879,605.7895061189292,1.082009893108295,0.26324617483054435,40.7105449191434,84.91230268253653,6.481941216386176
34.236403357403276,982.1262374594899,6.200424622044975,0.5562363940257727,38.41238888231582,82.43734729798234,20.46781869639962
67.30500911392298,645.5316161406381,2.89369040600777,0.4114109317604655,40.14960089335764,70.02161178122256,8.357157965603687
60.98621516988019,677.2493111412832,3.6376502366732217,0.9477328040063053,43.96617124348599,51.852825177505764,23.644690199464442
84.18216771630588,602.8372538119738,0.7602444829468117,0.12637014194700513,46.88410510797351,82.20475106008902,1.8467939711241197
74.78338647042698,619.8324365016451,1.968517384210102,0.9736921348501988,20.276057760176798,44.475745645032454,25.04964469945744
53.16144700696435,732.3944693647227,4.496716922411189,0.23063864021426395,28.438455126143865,84.56418425300737,7.371918162423334
60.847592349899124,678.0622844264517,3.653508030950786,0.7728739363818531,39.532976302280545,86.31826844997731,12.793418580096724
81.36284965964296,606.281075810105,1.1263231305586743,0.3389699261728214,34.856990697289156,87.55014156992613,17.887257022144794
38.959096689889456,898.4346665214721,5.831962751974601,0.1430813954173139,49.77601141321894,63.104117968492034,24.311250159299682
32.77754999791108,1012.0031590101221,6.305840959289218,0.8578891852462399,0.683882555232207,43.47365374392952,1.9356845924366848
5.918942108991689,2247.636030901408,7.460015844920586,0.3088608992364632,17.756660765789533,36.98065200462481,31.79727687054052
75.25684130627445,618.5884814905221,1.9086485842163616,0.6588554042268422,14.051396313510123,82.03528753415469,26.09213748776199
73.08335953428602,624.6594951484512,2.182350521845552,0.5664436850866266,13.11579250827673,92.03829691708692,1.7048959511999726
13.878634038512867,1687.4866571275522,7.281044974884678,0.4717563093908743,11.126489124944289,75.55868511858347,38.748728130145516
54.032877396279524,725.2381946893775,4.404906947818752,0.4958194726485391,35.45619204076145,40.09120422718587,23.239849551522923
44.43844434418543,821.6474944330957,5.355022938431553,0.7322379140922876,4.237973663766093,95.44275139623018,12.62134432333528
15.090273118274474,1621.0427871585916,7.241376313529264,0.08777291412344057,37.08044169716692,99.23714101775236,-2.1236337223241826
88.3482993001615,600.2279181879194,0.2161771714492981,0.6681806619579052,34.67129210081367,60.33650269544454,16.66105011540657
23.24915043438521,1270.6130782332684,6.890977973986198,0.8958121013985787,12.540206625044819,71.63777024916399,-1.7612056586440907
10.714905307697698,1882.779013560234,7.369233470534479,0.05778819701986415,12.641689158258062,84.40599640011604,11.474583934892188
55.562027257662315,713.338519649842,4.241352920752722,0.14065333923366674,31.443029267225107,81.54728530350313,10.435626136975944
67.80366755630777,643.443054714835,2.8333614015329016,0.7166319367020314,38.10855527418389,97.74510343534145,25.99698221737301
7.757692914010892,2097.172949793649,7.431358368517425,0.43728164824461757,43.82428065436827,38.041816375515225,-0.3808409387875109
60.99099929179688,677.2213499569498,3.637102575125845,0.40354862081368836,42.60697819272379,70.65074062999639,31.093567743542295
50.24480945587363,758.4761088759851,4.796314877558692,0.13696663454423585,48.24414970819266,78.43519937711645,6.306616350808291
13.777525754379115,1693.2298707358277,7.284208273854522,0.5067700407177881,29.06924476682556,92.3068896931369,12.199431348438754
19.664529540440775,1405.9521700362702,7.062592890557764,0.12654531119637724,45.432778067017985,91.18767394027054,28.617048777692126
53.27781527186684,731.4226070998047,4.484516601993194,0.4766204563105404,40.425663663020536,98.4599855492903,21.26961998567574
30.19039714862951,1070.483293658841,6.482693224865078,0.7636152989616567,44.73338121570068,65.84549177563753,5.401267590096868
84.75683693536186,602.302841690811,0.6853709367373184,0.2582643578871635,0.5813300642683317,88.15326067692587,9.310146227294052
74.59291950614431,620.3450833309971,1.9925644228019652,0.4807861681797273,48.295149593290546,59.909719568912934,5.289340699480508
88.60321255366135,600.1629823318635,0.18282093909637562,0.9920159693968357,23.676508142323915,59.561971449922254,19.738508363857857
27.07202131078519,1151.7078142134915,6.67826362699055,0.6866504233540373,39.909149478742144,47.734385513100136,6.631226660341987
87.42650878782804,600.5535337563879,0.3367559545816276,0.8413567713051986,6.360205966889043,87.27661009134609,26.284884739157043
41.65487893228242,858.2695266868013,5.603713702943818,0.41484760656054576,19.797054790698702,99.00705740694609,18.989357929186305
34.53909760166914,976.1847330245487,6.178046185685951,0.7678609231258553,13.573033151049547,47.94392098430805,-2.7146694126245503
9.279709792395025,1982.740131620655,7.401846625775206,0.040509172941321836,14.58293852504685,33.92921116147506,5.513430933994121
9.485046918066223,1967.9759408790776,7.3974648161792675,0.12291118254224498,6.162780997544087,87.08797061933052,1.072372095507788
63.82095675546565,661.767761487733,3.308832285837009,0.20307059292006213,40.28819162715035,73.41610367743293,9.515660627574267
43.92396452689237,828.0749849650192,5.401957698628215,0.40195192461521956,0.46211572905390796,97.1789160385703,15.799204310468156
24.254338213068984,1237.0327320190158,6.837982071998758,0.8457448783257632,15.625272849260124,47.65674533538666,15.338142864205494
57.18747603764477,701.5611636033946,4.064189490515337,0.3462660507879305,8.720527160820751,34.971936060089675,27.72618382816445
26.49294005125945,1168.250445624827,6.712420012595503,0.6546211935154629,29.451947030417024,64.47095826065511,-0.541406819914533
54.09869911927592,724.7089324672716,4.397930612235363,0.7093142948034834,12.712620130727192,35.982621607560326,37.32364146487234
35.53274349352868,957.2717308353417,6.103376432095861,0.5861823540883414,12.949922726404983,48.325300077189524,7.142255344108431
75.00193926200461,619.2528439735288,1.9408976380424872,0.3572419681701362,24.416907199765937,38.81845025734178,5.012442345806926
74.75917366517623,619.8972158679444,1.9715755376269586,0.5770533417135443,32.63445196704629,45.68925257620551,24.25892890901099
45.57478384040411,807.9652640345903,5.249832868117816,0.3422655927897462,6.065235228258182,37.43012569749743,30.275831434153126
34.81962429347632,970.7544096382544,6.157152650283371,0.08387373855201208,8.775572623274808,96.77341995990997,8.923588240682669
35.81758270752304,952.0123822988394,6.081632034374918,0.9928039781860144,12.35873722972588,49.49938994148148,27.342348744698853
73.48573468179852,623.4654643796257,2.13190544805361,0.1271824536325109,48.687410705898024,61.07283101947958,34.18679780680274
32.89525603779702,1009.5139195472934,6.297486264630978,0.07234838383605735,19.85762499714602,92.90282653439556,28.34018326034787
22.77004676508191,1287.251112004802,6.915492090003728,0.8785307492071559,29.949504531551323,77.41251115730321,-8.29017572145835
12.19850905940108,1787.0884456467193,7.330660447586224,0.3018346608928951,12.077140635798894,73.2626236393242,31.36844556830941
44.66891527517471,818.8159333328404,5.333857369001589,0.6502969740735076,24.522976257874397,79.3894233252586,28.72404792271837
45.98122840818656,803.2377497132002,5.211705057404897,0.32900572966223285,3.705958719297903,88.01755799737673,23.4645119076593
76.47724038424711,615.5793747125217,1.753737001172417,0.39145427079447115,1.737107296116347,91.43684874962327,28.001120954395176
23.80528919791544,1251.8165165381965,6.861918083278012,0.2621129720167965,23.43667634107301,74.98477694655185,38.971269791596946
37.38425826181399,924.3118455779618,5.959360980924283,0.3430440057930102,19.932964375920605,92.30050922858405,11.555644390917482
73.71448780596373,622.800998980445,2.1031800274930257,0.4107004005865431,6.844015984591384,67.47782691978338,-6.6388382522701095
75.00800691366275,619.2368843313479,1.9401304299984288,0.7204160690923429,34.38007144603669,49.41035993878964,13.044498481385833
37.691941458195295,919.1062370008244,5.934821514373926,0.5115361942347918,49.645174544963226,91.6053696218691,-7.678317230447603
44.02554197936787,826.7941713046221,5.392725419844086,0.9435652171569769,19.782341059835623,67.9030979189161,4.712520404423056
30.77930072218905,1056.5120510190227,6.443586201601314,0.04188039383877551,31.227931795869722,93.4296311297064,19.34398958983795
84.26716466564153,602.7546639349348,0.7491748839089472,0.5030683226320282,48.14879711822429,32.81174697654068,5.481144646307815
15.084720088034326,1621.3375033139096,7.241565518487249,0.5842247888317181,41.576748622343764,57.82610260788648,24.26976229547693
84.36870095512495,602.657618794894,0.735949120673316,0.9201969860742739,23.177611165134287,96.34635128537278,31.099316384286055
63.128648406004174,665.3524692402843,3.389915594804187,0.049158523621427586,36.87447422299597,47.47550649308119,11.021958963976843
50.18363297837215,759.0602371746836,4.8024685501482445,0.573499584935216,6.406752012526201,95.90753722269449,35.00689756465018
7.77602016668215,2095.741591185706,7.431034157514191,0.853629928527957,25.605192773189962,96.7731722790475,-6.00805343247999
45.425676304870706,809.7212196652881,5.263754234654191,0.24192772811923657,13.953013858996826,91.74996199581027,32.00565821002249
39.658588925232245,887.5315299017793,5.773957722149359,0.8762923485239374,8.058184394808055,69.45676315653091,31.428657271964944
18.703599017885416,1446.8475889418005,7.103926024985224,0.019043409274291823,21.314045312726744,75.2857614356447,6.099694816338246
60.79481629755584,678.3732133841086,3.6595397455309824,0.7324546291337297,6.550727721680722,90.87318989149084,4.935759356230749
87.5478271263043,600.502541964348,0.32089069445913654,0.933113221168653,34.94925540872428,84.3127957672429,5.254749057675632
52.78604894048463,735.5643402333662,4.535947841541318,0.6571976616400622,22.812002202666775,74.10656946187882,30.56968561722055
65.75402849773539,652.3972927182058,3.079910588310918,0.43902924398044796,26.55723162823319,98.75815855094919,31.582674380509758
10.818288468111426,1875.8645589279924,7.3667054227602256,0.04488101647271803,7.31879693340785,77.99736454335859,6.486122941383378
40.501694644444555,874.8469484343786,5.702900673458911,0.9201138133226288,6.988583054674724,98.28373947134328,19.62951737222309
14.89047123898215,1631.7026825768519,7.2481412194697095,0.4702962226915748,29.170771763006204,34.01719322249635,-3.0533385279772753
57.08764602060339,702.2596013695356,4.0751660561746395,0.02899674433594801,49.25048739147231,39.72722595195487,13.438936914051105
84.77098344820314,602.2903952455163,0.6835268897860685,0.6898210713287619,4.812529161886281,61.60211922003434,39.939642542776916
61.25110726008927,675.7107234832583,3.607288693439895,0.4818372535762582,14.286571428289063,56.941562261902064,-2.0580426146876576
11.52825910672583,1829.3872205301986,7.348696907167553,0.12434531744241073,43.47295582689438,84.79143889499194,37.37813199800295
35.14662742373204,964.5152218555772,6.132611295713562,0.21427180931025958,3.613600612761847,41.24298185284427,31.21273609825039
51.80638725247238,744.0912360785205,4.637405889750123,0.06449068045584627,43.79428606834757,98.3266625378042,38.610732547313496
39.27265927132644,893.5036520513772,5.806067714462381,0.5742935397085736,26.214299168737558,52.05461126826398,-1.0210619694733492
75.85974089038965,617.0666119967964,1.8322232704347754,0.6220294792520092,20.413338696321293,60.02465954181116,0.6759245221682129
74.24703540034908,621.294073438703,2.0361768666338858,0.5057422983554444,15.484028217572792,49.232152270801606,-9.156640913257066
57.00563670877382,702.8357536370804,4.084173935258604,0.8171021330026149,14.855857906392094,70.55545321285831,26.235090645780275
36.74392533627994,935.388222036001,6.009879332149474,0.8610088213080136,15.290129122473939,34.10400902958088,22.204734671809284
26.70359176987575,1162.176153317606,6.7000741467643925,0.6156243966831266,44.24015404800979,40.47742538993141,-1.096728083763395
13.999317048115993,1680.6723491409377,7.277239573933206,0.012756479707430546,36.189761508739274,82.20583923931069,29.557248277103596
35.1663030963571,964.142893757732,6.131128271054493,0.6952296557477357,33.48615039155753,43.055040838336275,4.95977530658627
40.11966396265616,880.5339608148333,5.735252190520642,0.4179992169203516,39.93745744760004,46.4860116089664,-3.250221533468242
62.44494863384626,669.0151218011679,3.469504983379418,0.565557483226387,12.85573315020725,85.50875650073864,11.128133250967409
60.943585065293746,677.4987486731034,3.6425291903640065,0.6490806020188844,30.902140604087787,36.53108248500775,-5.451507578657196
10.95919186950684,1866.5011849887428,7.363221266529114,0.35023661432707676,23.003311947897547,60.62316759395887,3.162182813662332
38.59704181164841,904.2177327889895,5.861645117698097,0.9170985051717943,39.12208176000967,31.61443708980589,8.566667921367308
20.451203713475763,1374.0046975805285,7.027275792669553,0.1339748667497812,15.462805523664274,54.27651795225327,32.59320872570749
18.329079951928485,1463.366933867461,7.11949493510822,0.6715118072810374,32.15893084349479,78.92869818275281,29.627437064661066
75.3206827276659,618.4240426426768,1.900565715788452,0.004359579956580428,44.11062059086567,36.307229580205984,12.137714287530912
8.56279342088189,2035.5325068663356,7.4163995806825325,0.9246511054051808,20.107523809746436,92.18342387451321,26.22875288761938
40.630544451680315,872.9511481232448,5.691932031834803,0.1125041332380915,3.3311043683730723,93.66493300585012,18.43248180895025
19.297310740154046,1421.331941533484,7.078623477841229,0.09488423014757463,25.80254111708964,37.349326258759454,7.042092753903404
79.74306833267029,608.8873492694875,1.3354694536937324,0.33300763305224423,17.298624390351296,99.35127054630436,26.29371717476424
52.348443628377986,739.3272120708307,4.581433811553612,0.3735662860390806,33.611269027358745,50.82706873768423,24.174957723318897
24.66735409203208,1223.7368667467977,6.815595913123721,0.21430007232287862,47.551646237430305,35.88711697921242,20.954722109680098
47.706319409142,784.0990639916909,5.046981991329804,0.5851216609271247,24.28041589984235,30.35469801480836,20.897776052162527
67.17634057476485,646.0797883653386,2.9092216713211285,0.4429140980419636,23.30951150777669,58.59660270347038,24.149099616348835
86.44003075815188,601.0599241515438,0.465699107938234,0.03417558904108742,32.72924000957301,74.08669899942824,9.227275632126911
23.73791036086061,1254.064817709013,6.86547329931499,0.31965206225530063,5.174875179678384,53.25254749323193,33.45379075338512
80.32545063099434,607.8967899179988,1.2603863709746514,0.8104329135731705,12.675309446250733,88.57021558322359,-1.8846077251769593
84.41584970423668,602.6131532098616,0.7298069005996873,0.6897015348618686,45.94896627501993,80.1624392895535,34.1942731619577
82.89574628522563,604.2383221967029,0.9275636133069779,0.7248708535798805,33.49713066818831,54.51130723776229,7.114092151599721
59.01022033326234,689.357419692341,3.861638748964698,0.6981169240835235,0.6722021991708127,81.40167666260233,-3.7484192195688735
58.53475562695015,692.4422454947962,3.914859427410734,0.3109730213830333,10.231273627950992,95.83414158784748,20.001370133956495
39.27290382062493,893.4998340624306,5.806047450806119,0.09966392207677588,34.14186330144495,36.516719898011196,8.799333453520262
68.95381999582197,638.839982412188,2.693402193476843,0.272467184033096,38.21996012812871,51.427277211033186,30.77498635517596
50.159991559829216,759.2863970940243,4.804845147319485,0.8317853001851593,41.992978633702094,62.43281573816853,11.539273426438367
62.58223605440503,668.2697602732851,3.453562652671455,0.9804707977830711,14.608840169102244,64.85930894283379,23.428126278105488
41.418921827147614,861.5910501693907,5.624194737650239,0.49384701474156134,46.55142981387813,67.95369514202515,5.412899475241277
67.17719944366682,646.0761166207276,2.9091180479049883,0.00970035492304222,27.64734467889462,51.0438834577054,0.4726187512670048
75.08007899638667,619.0478567317759,1.931015805793335,0.14004481213422904,34.82695111939464,76.70817521876444,9.402451547441192
17.44708181123937,1503.6119954852732,7.154957060972236,0.32208057531626577,29.836943138995398,75.15591524708807,20.340391730121674
75.79902582380939,617.2167368125129,1.8399290168806521,0.5785853485929497,6.137002733731023,70.44750543901297,22.84733696056759
50.925205202176116,752.0854694181535,4.727507646891116,0.07509364580531397,48.15573296924399,37.96332051976136,18.910333264900917
76.79660227266906,614.8383254035898,1.7130645331999248,0.9433572987098816,6.143778994707633,63.387752376716115,39.40278593120544
41.66064503898624,858.1888030592472,5.603212014891172,0.3650836732844007,12.74409782055918,54.935882124256295,24.554509324758264
37.21844125755798,927.1483879486345,5.972514600734014,0.912584217924823,40.68139401114901,64.37269288866858,36.575981379845885
82.7801622639639,604.3781414459518,0.9425754727354995,0.7805218027570218,30.929848075055073,94.53065048605183,-4.1033402552412745
26.34938774161411,1172.4274936005131,6.720781345898528,0.7554372725155811,41.90745826881785,63.63719402108858,-6.9313535093260565
76.75804764932217,614.9267751447369,1.717977523348384,0.606719579782232,25.786809418702244,30.97865542876583,5.549735100597683
46.14174866329935,801.3941709491046,5.1965746012736584,0.6267838170518446,18.849661768331742,60.718571665889165,-3.170553081178803
48.698112616857074,773.7428207576049,4.950198112742229,0.6380032352162481,46.092274977389245,87.44537260345675,16.293426411413385
31.21980392660614,1046.3232885402049,6.413888672132714,0.6287213870255821,1.8126158757397426,84.60426462527178,15.949062676163937
53.70858705261633,727.8687080645768,4.439192893442682,0.5537282313983612,42.80651101765229,65.93730514697268,18.75235832219751
32.64295168347796,1014.8670693982053,6.315362037948924,0.9864140184828889,11.54088925938908,47.48383090015207,27.261394041553636
8.337900210540447,2052.4974469634444,7.420725625108744,0.7322905674256961,42.43681638769839,62.556206404018155,38.56648501061599
28.119881454270264,1122.9826832084373,6.61472529960667,0.7769463883925212,6.95983067084428,69.45915535927341,33.91293457195732
5.542218689560208,2280.173477893669,7.464939777827975,0.8724628150836742,29.010948184527024,99.99100067918937,-4.08163802122092
88.16015689983281,600.2828190270911,0.2407935118120831,0.21563976272584917,44.4053959505736,75.09246631185641,6.925684438532862
87.08851283467854,600.7086231907624,0.3809487837039526,0.08380415909506078,23.676982344944523,78.59854510438294,2.791151252402095
38.58820028514593,904.3601716259509,5.8623670501974265,0.48289443659859865,37.32833369016964,64.40179004976363,-1.1591321110103596
66.91152261886991,647.2200583018457,2.941140941568376,0.5140806956192732,40.23358089277792,54.81426855477709,17.236243832789224
34.39351836488612,979.031551152515,6.188830540382437,0.8291817799499177,36.82471043583896,86.90670885530443,17.663220101636526
62.042918352307964,671.2267713313477,3.516075334677535,0.4437835792823357,46.266486843729915,64.64526270374654,1.3622413944030658
73.46155365890823,623.5363099811857,2.1349399752530682,0.5708530255443127,22.341711525996434,99.62830909751676,25.594862515334277
85.47428079884047,601.7144455260195,0.5917994159064567,0.5270709385134583,8.656271958257788,61.998440198763085,26.64571495847526
39.01804344722212,897.5022338600124,5.827108041605479,0.03820278375739106,2.390553185123989,34.76001985533041,-8.951000258303335
71.58032855126406,629.4086404295122,2.3698109805589076,0.615214896596914,12.322993481875255,77.78046959630579,9.78788518611583
27.603918303730097,1136.9364558213833,6.6462892019507995,0.8280432857742522,7.1598751940121055,33.26490156480678,34.50703206008105
89.17824582246011,600.0564032301063,0.10756368253420313,0.15750054807580383,27.897437071724024,47.53511178192923,16.015930412191913
7.190415894969847,2142.1360700234995,7.441017393369931,0.5943317339265958,9.2472668605866,54.76167769459323,7.381390071949713
56.29994855259528,707.8837297134187,4.161338808611363,0.5936105444464144,1.9466853644685589,81.76385099349294,2.6838075797565057
61.058008440362805,676.8303810405159,3.6294290509101144,0.16418496405635874,1.799491443433393,64.5965148485329,2.1677259959141146
63.48387235130095,663.4977288298278,3.348372765484806,0.12346357373073602,41.57847491824308,32.005215191717966,-5.011598307459683
15.232944197072566,1613.5010244766338,7.236491851435553,0.9800519429764848,29.57249657215124,73.17948958931456,30.86132095465461
84.77503159521609,602.286839848829,0.6829991921275781,0.39371916965303755,17.904265094668908,58.800536619866364,-5.667129730291439
20.400578719257037,1376.0204482032868,7.029588515043217,0.22742172872352928,44.71140213701234,94.5284156976975,4.61473829309079
57.93403927538649,696.4382420697375,3.9817140960889277,0.17132454445437495,3.50983057038568,64.96936177981648,-7.71621307168234
23.92746672546222,1247.7598038099864,6.855447236049838,0.6676017135832351,49.01610363639129,79.62826021575373,29.06932848618502
31.113395446808028,1048.7643367857004,6.42109723852519,0.6094452973272788,30.81458951272305,45.32079446306828,-8.035815888660476
51.44897604689057,747.2959837290327,4.674084978171006,0.6435521229874175,9.173212698442423,83.26814951721573,5.415055193410421
40.461440577989,875.4415085862584,5.706321485078204,0.08800602751145226,33.953454948848425,80.46687173385706,18.664868504333203
18.619176083003033,1450.5423324786009,7.107462043368708,0.893534583498437,38.16906298917813,93.28571959789157,10.47806801467219
19.529594205772106,1411.5683581980888,7.068517114969965,0.3892663968090483,21.467139168538722,32.36751492034394,4.113553362455022
40.54230699383797,874.2482037267646,5.699446562134116,0.31336940643035793,43.08163031227737,61.32504883322158,3.759453621377082
69.36905315341757,637.2502601289452,2.6426038921592263,0.4623614472477392,7.5366203648235155,77.54087819177411,29.889515300312468
81.32699498206203,606.3337588421209,1.1309630495823288,0.39006606574762825,13.941879178880418,36.66147300561505,38.69890475436225
12.150851292047541,1790.0464588219033,7.331976078744246,0.8635770031391459,4.6746180791994885,58.742284700423866,7.402053522439669
38.41383214254909,907.1812198487764,5.876576094075423,0.9292609751978921,10.543892030367608,95.95026221463368,-8.042724319549174
13.520872916444514,1707.9495077714125,7.292136086015183,0.3034532164496062,11.93644059555725,60.515414362378976,-8.17171110454458
6.41036085377082,2206.076963374166,7.453108094046735,0.8639358074599548,45.88165954608551,98.9783348436442,27.960670760535905
61.24608802473631,675.7396958578693,3.6078647095364373,0.7815231295330671,3.90548443755781,33.97873427558737,17.618491080456348
56.20820256715996,708.5520175813772,4.171324834231672,0.9308076723447618,21.370756009385474,80.2480843298624,29.17963287086652
18.856624674265326,1440.1930580513385,7.097477301508085,0.24575031218588783,26.61993436134565,70.67113653737886,24.874850514428744
24.87409081291045,1217.1878240280048,6.804257356520338,0.5769591501209791,44.93465269010804,65.03777739924878,35.37531746326982
7.015159059784063,2156.2872225533383,7.443854049445811,0.27454458474044463,49.88481093306068,97.95931810395065,34.291214552331176
75.97051248402431,616.7945182856229,1.8181592276276426,0.8240944904843742,37.66940574599179,39.075528034379005,29.41636978105887
87.84870066412688,600.3867291984488,0.2815382617284407,0.005324190571064258,48.539549528451474,92.71992661766393,13.759458002107188
16.514060627548716,1548.3217187877274,7.1906250556939755,0.5648191628863961,39.35505662679369,78.38682877956272,5.406320380192623
24.67539317005034,1223.480889796227,6.8151566639451495,0.339203431271918,48.16013204857083,48.12972513097429,15.351339372231998
78.81480953548939,610.5916939049303,1.454855941489849,0.32268370707782024,35.36353629722276,93.11684019426053,15.103580365991178
83.7494228262757,603.2768862218954,0.8165766641574176,0.644906323864917,3.9881712725535534,60.05064425027093,20.513777444466882
40.66832753857888,872.3973479599672,5.68871019747603,0.8514844493139939,20.096009349633825,86.99591296511497,-0.6951216108547946
9.302910142871301,1981.064094191464,7.401356302659786,0.6091953913933262,32.32986419012352,57.218556193317994,22.780994022249438
8.34830586388965,2051.708184842145,7.420527984080907,0.8531729786467225,17.53592547271255,89.56515792032687,12.830046210290789
53.78573861586589,727.2394126585286,4.431048812157383,0.26459711188102997,13.66919590568893,74.56403829115341,21.01024159704296
38.396084255920215,907.4696364509587,5.878019297749302,0.5195018547649811,28.869963356654548,39.8732643508609,1.980241145977283
7.435456344100634,2122.556707642226,7.43693452451788,0.450536539067076,46.67509383512174,75.47642144286692,11.71974469386775
54.57645334656733,720.9139422193384,4.347120853036735,0.011644899503096218,1.749093675807678,43.394133389131085,0.5100607226260134
5.96071561006691,2244.0644489234437,7.459449980228592,0.5568121431407401,38.46156017707189,58.83458395259139,33.76525783784008
71.9266164426882,628.2735971019365,2.3267612940898155,0.6615243241461749,36.13636390223135,41.92069089764236,14.39805225207688
31.046789929786584,1050.2987925582288,6.425598113197854,0.5919144044190701,48.19767126941436,31.5411280966983,1.2490707786906068
8.421930255784728,2046.1357774523235,7.41912259848812,0.7362798987834215,46.53556111662718,44.832057761497026,-7.939565212922686
55.00993878356803,717.5404985338473,4.30075750443802,0.5713395284530771,38.11162810220964,67.5460416606888,23.786933232677093
38.80317522680965,900.913330777234,5.8447742887726415,0.06675025485075692,26.020438234129934,63.70926774441422,0.7322356994877861
87.7730351353577,600.4144265080222,0.2914356269912595,0.11644552408471143,10.213377661675993,65.10479668752446,39.47910961593892
51.256886312814686,749.0395505748984,4.693723006937786,0.5964745775439524,27.26178591627872,47.33808149126209,16.68501867075858
28.395330388145705,1115.6807425707666,6.597655000248965,0.2749791919736402,38.26759969598269,77.96128404299303,4.448849812401605
65.30230349388785,654.5046116605072,3.133729111552805,0.07964512903476584,44.783460631894656,79.2984300774242,22.88387168963152
28.076820216130464,1124.133387275141,6.617380110456754,0.42960274344854676,39.48560046052745,55.05774778917659,3.760996171904278
81.86067976964303,605.5728310627046,1.061854648107644,0.5543225980836554,9.763346759552698,91.6819061931922,31.013714695487323
36.851367493127,933.5064597003716,6.001455040979468,0.32874598834960655,29.98431571140297,75.08162516448834,5.4118025464970945
51.738827835977446,744.6931081796911,4.644353004823625,0.720433702225778,16.608672976567853,79.91274926810422,39.41238661979546
9.298713825059453,1981.3670950844073,7.401445078790354,0.6437706081012446,0.46028336953214954,49.41379425572576,20.25723927226468
41.22030522593962,864.4146877572721,5.641360700141906,0.33281836109167195,10.011046789433303,30.042814460891094,32.22055744713317
75.75090087118457,617.3362285468729,1.8460354021338392,0.7548725289085606,5.661032496672464,90.57629284714767,-6.359226521078889
73.48014845588406,623.4818205996453,2.1326065089902446,0.6486950425330354,42.13595617697343,87.5697069205866,7.4149708693094105
24.067077502549733,1243.1557835565645,6.84801491735784,0.6374453787179021,12.925312607390598,38.623432162998114,26.87435430830748
24.216721035897827,1238.2579522633223,6.840003349273528,0.553427700787068,14.234898444377775,56.18735944694146,22.752950867029135
74.47095153812512,620.6770623646507,2.007951704777179,0.011389668088552796,47.996828589944215,76.29375158720077,-0.28784392831211214
84.08386571439267,602.9343101375498,0.7730447808498048,0.6965071834768891,18.954336152442607,75.64776000531097,7.810146525485493
13.105678308205302,1732.1960260917892,7.304651251340124,0.3760417911091565,0.4792820072197279,90.22452343659896,3.172170374377046
43.25498435122915,836.6580186956717,5.462335205771408,0.9426097101586556,14.192307417306827,39.818771314479996,20.66850848809215
33.68361371195947,993.2013614764273,6.240845779934735,0.8179847710772054,5.964979030090623,60.095782344958316,7.228411472938749
79.00851871388234,610.2232222012135,1.429972839944529,0.5876944695313122,5.1404280867926975,36.80570925484973,5.452712100017491
12.099617747801595,1793.2348115003222,7.333384764146602,0.25218198181926943,3.8743645067874755,57.27166739070397,0.3688990218170858
22.945705117433178,1281.102293594266,6.9065602985375625,0.20371739327766658,29.662973508768864,31.05752119113931,10.451356045732417
68.95980869485203,638.8167854904523,2.6926705541190965,0.3403848376775491,9.467386181492932,92.87911455770889,-0.22487049017232152
9.359977163403325,1976.9500208727254,7.400145067730272,0.4765679435800185,18.062139702050523,66.89307977800767,38.128479368881614
46.86550736071459,793.2436965915931,5.127849111912317,0.2960655100389471,43.10088580650084,89.48615825616476,-2.2749094252348296
42.5790979477762,845.5963972206027,5.52257976754013,0.5149294953924828,21.216906989813783,34.193329070235464,35.665235747938816
33.424100214043634,998.5029219130524,6.259621813173413,0.16537042551318593,45.78456750258188,45.92206773310444,11.4236549078291
38.538646802108524,905.1595678156441,5.866410630385511,0.9777128128254999,24.896902669780314,48.156599665482645,8.893299578086104
50.0449498890698,760.3903127324593,4.816398240164622,0.10792455496499387,19.941830741987786,57.068404624715164,1.565990045242442
18.716225463012563,1446.2964366330216,7.103395845706466,0.9319441396543721,37.51944635453508,86.20064606782822,21.787816718375954
53.61964965410539,728.5968414362987,4.448571093368888,0.9135780114026949,3.6587549384001052,57.059051161204486,24.276400750541818
73.46174799049884,623.5357401652627,2.1349155896898324,0.525360481819498,4.47391914912087,44.32574707524289,13.378548112620873
69.61367903216352,636.3313386519376,2.6126120009865366,0.7249102718360844,32.59868569614803,34.54931822371379,-7.2146552153287935
18.08149189897076,1474.4718253094966,7.1296202925232866,0.4360482979725878,24.347035661962412,35.56442238468812,35.925507534427496
17.686204928025283,1492.5112317940977,7.145509916293083,0.6300345775424382,39.52076251596051,83.20330441726841,39.01645664381905
27.794821258317633,1131.7312132527409,6.634673448511018,0.3405759374211187,45.813541867176575,61.13620937256431,11.55217076059175
35.69135173898816,954.3344123723273,6.091286982886614,0.30115901978544535,19.41834388357738,80.83267854000107,20.683040370466358
39.71872441972102,886.6104582514868,5.768930721521464,0.5782297861695137,29.820501329232314,77.76009852345882,12.514931312187336
62.774263430834345,667.2355799610823,3.4312304698301412,0.49812967418398035,25.034831389765493,39.475372323218046,6.09398254430603
9.817836734096009,1944.379452453577,7.390161471450037,0.5795363691499811,49.080532782121644,40.00215539345871,-6.134060357109618
7.947179859215643,2082.4378264879488,7.427969621759727,0.286660581287023,41.55422036782976,82.87394108038937,12.803386519864944
38.312397850232266,908.8328038225118,5.8848168174412265,0.36695783181699526,45.58688541386768,80.4887805439792,30.919227817972576
64.25891383172834,659.563314980699,3.257288440326925,0.08389796062890931,12.717004378880208,56.46215368120173,-9.148426945599821
21.442004151301017,1335.6281886715778,6.980910529489698,0.05227637227220572,38.62632115812972,35.4195584332988,19.105384159011116
59.5278809067814,686.0757035044071,3.8033926680010657,0.25345712967301626,13.273661249882446,30.846861518891654,34.03860543633444
27.085391724925454,1151.3315944818273,6.677466919071573,0.07424685933054576,10.437126671419495,50.17098646232214,0.8774715007179008
80.3173192491489,607.910205209022,1.2614356160697608,0.1037747086347407,47.21330798277754,30.645559151105886,-0.83720676554689
81.1336452626624,606.6217440668061,1.1559765694679627,0.8129284053939371,0.9652208358933323,46.10508347725924,28.613831285097156
30.269412363912753,1068.585032343763,6.47748579100594,0.0388736970166893,48.26943518317148,59.3650518147937,2.7543215559646654
24.549469086875444,1227.5027983364844,6.822021646891415,0.6589427939347428,7.46309484944031,38.49910357183679,-0.4007866219675762
39.96083762562966,882.9277225587416,5.748627130703133,0.2725577488154005,40.97190408966341,37.29944304820824,8.899462528461754
25.44518474031264,1199.456382197854,6.772475580763352,0.8715456807081264,13.796127653405154,92.75062050031156,9.625100613510899
62.15262667979481,670.6189425718658,3.503384028355056,0.48499228457749954,17.53511637153637,70.98290203160225,33.7050531508283
75.21549818660426,618.6953875810941,1.913881712224452,0.30557645932782573,10.837885566099247,95.4118980733947,20.922173596683844
62.21283112745345,670.2867608514844,3.4964139809085677,0.5176389356894345,29.275702124053982,54.20783146499754,10.298072816979467
75.0697880161947,619.0747862709986,1.932317445967188,0.3819580190452688,17.404777375393703,77.40014561304142,16.719398214288343
38.7443337876353,901.8533743399248,5.849597845452923,0.5643010646698302,32.86965197473316,44.32841722352533,37.69826166626371
18.286942510253173,1465.246457351067,7.121227580025752,0.11453286832634824,0.7823658971032987,73.28382220959588,-4.3392661695052315
67.72583052879534,643.7653243472068,2.842792580572234,0.9969905028125511,3.218744175751981,39.07100110069891,0.3857760862345714
35.640332937032085,955.2768444082467,6.095180838704308,0.42555587769671754,4.983057636562433,30.145644742340004,38.12643532932776
62.05802014447627,671.1429088362911,3.5143290894373496,0.34823063970736867,20.949684265511554,95.20722609867053,37.86624242636021
28.00473506845008,1126.0652834319058,6.621815936428886,0.7102098483162649,40.7398086329988,68.84260633226465,-1.1417289367613677
11.904518958567177,1805.4561776708256,7.33869538941534,0.3638994064953325,44.40889551891913,94.88584639474276,-2.7445591437350894
89.36945261645988,600.0332079897644,0.08253679342678359,0.8332743050287577,12.240537003045038,53.368206659145045,11.05425671693099
18.277128174100937,1465.684834270483,7.121630581669256,0.45427072436042526,28.7184862119507,52.945024841322976,-7.514085375601544
89.01578448689588,600.0809122516521,0.1288271735255408,0.7195584132654349,38.41824963463002,58.04585012411222,22.745176614257005
88.06879426814803,600.3116163735258,0.252746375808825,0.10745321644188655,14.441471495980435,79.42286887707178,-6.125198916912891
72.47453883218337,626.5278639746439,2.2584718776886525,0.8461191855551118,20.45038683681366,69.6066043930322,-7.098518645285964
61.0509517769698,676.8714945657093,3.630237375773968,0.7357179867781098,26.198710134285697,94.77484349693826,14.259346810442462
54.1135992713422,724.5893396282554,4.39635056375977,0.21171677846196568,6.743742320402385,31.780863079270755,37.88933180550507
78.61863135711594,610.9717834605144,1.480039250992936,0.14528600974578665,1.2991146862890157,79.57371565807756,11.339796803157977
29.602359337656473,1084.8463073028224,6.521059418445024,0.3162923487256244,7.640290465914163,53.1229382556588,7.824057933027554
44.752903061214546,817.7913091724913,5.3261227778258995,0.9760705860319043,31.342681062676668,42.61635562729228,39.897835775114295
57.648147396152666,698.3792864521729,4.013378184682056,0.25683157456705863,3.6809130766840834,65.72769357640692,16.598448038959173
39.95119044890674,883.0736827651749,5.749438108028368,0.4561272089466333,9.484818242506416,65.35446489259971,8.762070344512427
41.336348597672774,862.7618571757966,5.631339566301097,0.030020225717336313,16.892694284765184,39.59077200818999,9.293040667080092
33.07419673767717,1005.7567230517302,6.284734272810799,0.39722752956623253,3.893503215318317,44.13272392930229,-0.25202519832447656
52.95970441818557,734.0913763832705,4.517824103249997,0.5713200154331027,9.584963558081721,58.571526543108845,15.611152872376948
77.29883488128486,613.7114220101766,1.6489953146717113,0.9531246125079651,45.563489449175556,58.61679886746207,11.94275140840029
22.129912130536592,1310.1460699794998,6.947490682765778,0.5167360449400644,0.964956611349238,52.22906977337793,3.5397648173706706
84.42680829404252,602.6028725257565,0.7283792187208019,0.8191073261776878,32.67159620871811,40.39816060569866,-1.9729956699120113
63.57245056859952,663.0403098801889,3.337993584892149,0.5471276425689006,19.220446545759245,30.306157537068568,5.561943433377683
74.97822307780257,619.3152923269654,1.9438961588612347,0.0407850134355181,33.63243697161856,97.91645436996144,15.434166384386465
52.27620887355099,739.9554393505314,4.588916474740509,0.31500827518977403,29.43458601817023,96.0449460792749,-7.0833363857599165
71.2589196210454,630.4843326494038,2.4096903479898333,0.5755495078311033,11.174937717732213,63.855526542329464,-2.312798570802201
6.377033773854713,2208.863980171129,7.453593900865686,0.9505939659311243,42.36047437866943,99.6536227292504,37.38286334845477
74.56233610626049,620.4280552079872,1.996423626092513,0.8591303597512333,24.597019130467835,77.15580315475702,17.142767551566948
8.411803022256155,2046.901035487254,7.419316639761525,0.22835561417884764,41.12680094567359,34.82002763252791,-6.8275348169981065
80.64263699084331,607.3826309166807,1.2194381521386686,0.2201098300191635,20.30062680941096,38.24027393578392,24.65438793847865
89.31683351528469,600.0389819421216,0.08942416479155582,0.20117296711390076,49.23427769576195,94.12775907087465,-6.909856496048263
29.995734285026113,1075.1916809002669,6.495469700774052,0.9224988963025031,38.52446792506481,74.103654150474,26.94371135231865
22.87707728429246,1283.4978162758084,6.910057584956586,0.8526661531017207,48.29751025562867,89.02285386601457,27.498136086001345
70.05588592793346,634.7030858502385,2.5582755806093824,0.7748834322529488,25.71632394549294,92.8788754743691,22.55394878746263
26.507238978221523,1167.8360553820808,6.711584850306445,0.3927351142242276,23.684556614535023,61.355940789767025,26.61022723096748
78.57280256963729,611.0615811085336,1.4859197837191824,0.5043807042987668,37.772690466262894,33.39681661036851,-5.601710949347113
13.74162033338552,1695.2769234758784,7.285326162340996,0.4643317447951528,44.014563150671506,43.179624422812545,26.339027617763378
15.706191692245453,1588.896660264906,7.2199687369167185,0.25339810755937264,48.2072897932779,34.66003631117046,-3.1655840138058524
88.22788218355232,600.2623739857172,0.23193269698405664,0.505028046148767,16.227595301624987,43.21178919889552,6.975295363592192
62.27630635295039,669.9375852927769,3.4890610852521537,0.030496547852754463,39.93522869213194,58.737304851911375,37.13726267503164
76.98541407646098,614.4091685723834,1.6889932107622847,0.13181037349745917,10.532279881776835,38.27377673604898,15.143773882957003
32.56799707487903,1016.4700270258036,6.320648995894328,0.8865895961689464,27.278717337272262,41.67132734637403,38.371321604150694
62.50111870925137,668.709557705658,3.462984705890612,0.7516797670314233,8.992407420459958,61.207524745017544,-5.553877055663122
55.51055532123076,713.7258572795272,4.246908019328215,0.42286840905908707,17.36986808751694,53.81196652719427,13.877829978159003
56.2677602104505,708.1178756418949,4.164843541861483,0.5171503622838772,46.56791836032296,62.73606869316287,-6.879883986156468
63.015259060706335,665.9514146204801,3.4031489252051346,0.36999888595997743,7.3045349886543045,60.04204194313434,21.51051311996424
53.90552971597338,726.2666274074181,4.418387805685454,0.7407798671606725,31.620044756759825,75.11346181859184,-6.064649931574181
41.470301390726604,860.864753810888,5.6197431123953345,0.7841871792320796,29.647713646370168,95.60326842130982,-1.2316098729811351
28.45342902234648,1114.1534719784017,6.594034987627715,0.7632851902031591,6.036917635449324,37.55050369109697,2.9415155034640232
70.32941312762217,633.7169501126527,2.5245892841118525,0.7226117248344496,16.29895218844061,36.94821045164365,27.43719258322416
24.233156550270827,1237.722339950839,6.839120585251715,0.20450433869279583,28.149075225763287,89.69642777636314,-1.801894059096261
63.8501160231252,661.6194771370983,3.3054064606720335,0.3379699792404788,9.358930449424513,65.44776932567214,32.33160266465339
24.833289925192766,1218.4747715948988,6.80650211831237,0.4698454349836749,40.03118282064077,83.64835164979095,-3.4048030584599562
58.15306444612858,694.9684007033502,3.9573887524897917,0.3307929914276556,48.607825476737496,45.0795332525097,-8.237777546492183
68.50165270596746,640.6143495003544,2.7485579139567182,0.754940200158329,10.737969998123603,88.02038012172862,9.752270948483392
23.590680557055833,1259.0052176074414,6.873208771480674,0.3293535242499547,9.345598239528796,94.66926369348872,38.972082098564755
10.095180573211204,1925.0246248553015,7.383884455801266,0.13823208678533716,22.74675358987223,74.48381108825419,-4.4828886105611385
16.132768154504795,1567.2514233603383,7.204652980568711,0.3990404520483041,37.38826385700161,37.41153150316616,-4.914077798018548
56.50974221803717,706.3660146171242,4.1384639143100275,0.9799144327823803,14.08003051176257,92.67063699094372,27.558325539781194
77.20294452918752,613.9229604090278,1.6612378703650057,0.2258814129335759,0.9939954348640201,85.474140915905,5.608084699678265
8.82472980501107,2016.017871282487,7.411216936382148,0.6121586589432291,27.061031401644698,82.56144435601429,25.86408086128585
67.40285701853993,645.1173029143101,2.881869651575113,0.4329730498397063,47.83002838836538,32.570973223414086,0.0005294721681678993
34.012084905754435,986.5851164749238,6.216897062756119,0.07102456764932663,19.56384277034728,85.927376767988,13.003599709908144
45.67491144315942,806.7926647631875,5.240464533836745,0.4878766059980595,21.006727709155022,39.65657073278499,3.2644938874458944
83.95306173687308,603.066016862369,0.7900737564335258,0.7021643286483125,48.4450858557019,45.56703233378219,12.576410743954344
33.217577902546864,1002.7695033204004,6.2744721443683416,0.5132199758278188,34.73038058133642,70.39943844084803,28.454854629265192
44.55363938485632,820.2285545324312,5.344454675539791,0.8721060637465811,35.95859614210626,48.548654104181814,28.100497023883086
6.163005254657894,2226.8711709978206,7.456653673285639,0.28893701665758265,28.13510026855338,76.29437444183438,15.78861438368618
11.93589120041126,1803.4823781675661,7.3378471708396935,0.08624917130396492,48.73046054316208,72.56493133893571,36.41859218605255
26.980285246456642,1154.2960157864545,6.683720128741518,0.9365656116580061,34.443324221277805,37.570471860928386,3.1892051224137
7.367440469791324,2127.967295104378,7.438081447958431,0.378196349528219,44.751637580258475,75.92102057140545,2.0155675559616544
58.66690271410133,691.5780181277842,3.900094567251652,0.5764055514536334,34.96894328666106,94.6768436877451,20.690320058771686
41.24386032813791,864.0784811088197,5.639328427531317,0.792003126130196,36.7557912420198,41.27769336300832,21.064851710839452
51.59234223188187,746.0043534968772,4.659393884408001,0.3243136638755806,14.520546107112326,71.79434146600212,-7.672998021751301
19.84501080118801,1398.5034532439263,7.054607779897172,0.7161645381776112,15.17393490069095,53.930576035568585,20.38888561934488
30.15422250211237,1071.3548334362185,6.485073171957778,0.13541884981782804,39.14923247880146,62.17281702415228,8.721807867450718
61.42508036248164,674.7108071443345,3.58730616224153,0.29129374720550527,14.835314458494981,50.09001253552789,27.372126266027955
87.05073150858398,600.7271509902266,0.3858878807801665,0.1447106361365199,28.13850354007658,54.78914454433867,30.405283227263645
9.28542575618778,1982.327012662805,7.4017259355603136,0.8112305584013578,12.467615545335098,32.02382762865901,17.60769097735183
80.68266727269761,607.3190066421921,1.2142676290897405,0.22264923522678537,40.84916904045347,98.70862165420544,-9.914748424886746
54.034902111452716,725.2218909448075,4.404692438219692,0.7174035554052103,5.5250675613845,73.73599454509238,21.818290508332105
52.933163174228014,734.315762680093,4.5205967992644105,0.9432983972456526,41.47233198808322,65.04939133457196,27.444063983296715
47.52367549265963,786.0565096398323,5.064641217538022,0.527772209068877,30.13649002538009,56.86007446502287,2.4491633115757114
10.898497301855588,1870.5259518876321,7.36472753827972,0.5400291922606877,9.345476741353863,67.75621911768194,13.232300057039438
12.639532397573657,1760.0693867658524,7.318245129393658,0.46103356809781204,27.10176927530591,56.60741991010627,38.28633117058941
56.07752048102232,709.5087461249414,4.185530358066359,0.32589014339364275,14.124941842367022,55.193554924557134,4.905777669705172
33.98147857202245,987.1972131147327,6.219137204086562,0.4756550309249171,16.17336673652483,62.47625792054092,1.1576625520870394
82.96778565910286,604.1523442178341,0.9182053464694806,0.6028075322667594,17.576402079844016,49.31881235698336,0.542739523900508
39.56019567555514,889.0440789569893,5.7821691433356035,0.9859915721706594,3.165962348616047,42.60349299767498,17.940041717699813
17.178923989724492,1516.2321609750406,7.165403043347921,0.9377645593182242,49.29808422007087,68.96241287262055,37.489355065400325
65.75110084767306,652.4107916223857,3.0802600085536143,0.8621529582931218,1.5767314065612048,88.99358053052109,20.434506460017737
29.93504082248584,1076.6690110151435,6.499437921264524,0.8891305357048583,33.12484365921392,40.697972440812464,5.166156011882997
49.66497612525092,764.0768179830302,4.854418980069812,0.46784918329204295,18.56138238787153,32.2914038422953,21.928488903372703
64.31578676793944,659.2805988127839,3.250580950543477,0.6574443271774648,32.30051454733495,47.27682216078253,21.24211487988937
81.52244945217598,606.0493001789237,1.1056641503083737,0.8950667229362141,17.81241265437919,98.58044504176675,19.846256786482712
72.33625155814246,626.9626868690902,2.2757268192819806,0.39295076499135306,33.687532312942935,88.01306516203375,-2.0286896555849
62.49069076918155,668.7662220679449,3.4641954431852833,0.9617624783454688,36.46177547341804,71.71062374700176,21.72833996724971
62.76882050358721,667.2647592808462,3.4318639971584055,0.415786062069183,34.52763201998224,95.04742406701952,11.508222625724983
85.40359474272735,601.7685419080372,0.6010228962613305,0.6010826653932156,5.698099067907614,61.16953817860713,-9.070397068848331
30.145048287205565,1071.5761119684498,6.4856763369936115,0.7098047132723719,32.84466173273423,98.82964218026217,16.988224357374758
5.0945280066759295,2319.61335854075,7.470371629919142,0.9505920130759383,13.999377472704866,50.741143158349885,39.46333726092088
28.116137548846886,1123.0826306280828,6.614956267134391,0.24461627405226605,1.4400685284666759,46.821402466115735,7.486979542199176
23.52076726827324,1261.3645563071577,6.876866135059356,0.7461309782386423,20.7415335944477,74.66337408029077,38.27796091593291
61.255939734689846,675.682835733136,3.6067340841720723,0.5208155861440822,21.677155140190052,56.47077775652522,-5.189712916870272
58.86548598006997,690.2892449220171,3.877867770745251,0.26855714062064107,23.358706667622325,73.84558793833804,26.622505793365313
55.44421752990152,714.2263962486531,4.254062456505698,0.7766068397963906,35.24120826953581,51.349686281188006,-4.283500266858233
6.380692672803565,2208.5577777096496,7.453540688549416,0.5522222801738466,15.442190457122956,73.25427797865937,3.678578677763708
66.94613462830503,647.0700989285697,2.936972611188265,0.6609738206496758,15.764025655196129,49.30223824095255,18.54204176610622
32.50008506126678,1017.9274122577185,6.325429861030522,0.322901068577901,3.0276128120630297,33.568044817322296,19.638984698837444
61.529759065563645,674.1131808021264,3.5752668290069414,0.481273951827605,34.341060799614795,93.84951313462284,28.760565861708564
52.309166422683035,739.6685557153787,4.585503367888194,0.6173542509880671,28.391304569979198,91.82436413114235,20.765570361371964
34.13212866137211,984.1930001054429,6.208093692118198,0.404910814269844,17.471255634689403,97.95587044908703,19.680735219028037
16.43898270384916,1552.0182830031233,7.193412405105998,0.1983725398477013,35.25944894586773,80.15690233549833,35.61765434945691
13.025606301140881,1736.9345528132203,7.307020752352816,0.961640492315304,26.86788746134386,77.7904824414712,12.60803761045786
75.679058314539,617.5154291599065,1.8551487958967834,0.5114675400426174,23.462247293526982,69.13021490523815,1.2632889347527527
83.06379107693243,604.0391540718038,0.905731519672796,0.7339203702877005,25.566227183056323,38.815969144676586,-1.910570748818488
60.231983974965466,681.7381253076937,3.723671060007933,0.4110471935560581,31.817406263352826,43.246471766448906,9.999729840474988
13.791899763141087,1692.4114826161774,7.283759947977257,0.35513176402571633,33.00013022872997,50.262878207077534,25.637637759684786
39.17231343550046,895.073921016281,5.814373563720772,0.407164298467125,14.447890957035858,92.31094538013761,-7.872825753504955
66.95983200893836,647.0108308568488,2.9353227371449817,0.4091966437856498,7.037168169557662,42.10786672221526,-3.547330674529694
71.28477514085579,630.3970051203605,2.406485067689063,0.5441801159419536,7.831709059525938,94.60112221415234,-4.694326994818029
15.04858289474253,1623.2575739425545,7.2427951369252,0.5434698699813632,31.969544295150083,66.5950013135992,19.26250765257294
5.0026111018575055,2327.8154565020704,7.471430438756159,0.49715381588287166,43.6436642883563,80.08987448311505,2.143232526563313
65.53164889985143,653.428530008824,3.1064290295827566,0.1347857849174381,20.47481391727759,37.717114067639656,-1.6870285849301752
35.31067495882748,961.421509423883,6.120224350684607,0.49607547850053113,8.476008016473118,48.83234841431376,19.638535987151116
26.63091318755212,1164.2645151358588,6.704343931158306,0.1691039004206515,37.83012491469273,97.09630257269984,28.06549577261896
6.096284932109662,2232.523252885229,7.457586241673024,0.12613578629576516,41.624473720972425,48.63049628508119,6.60774582263322
50.92544957472747,752.0832086949395,4.727482813576385,0.9326457173411677,44.02912215604833,50.756520427380224,18.910230283829808
77.34781251120845,613.6040322589279,1.6427404367297382,0.6049500131477042,30.34157144568666,43.83181693887556,-5.09377934002699
86.39868993316998,601.0847188954458,0.47110004530266486,0.6594900581245843,43.03642796940424,39.03515657147807,36.7595515228785
53.08832080212959,733.0077841713892,4.504374157026388,0.4017936703333638,0.7707479224203839,46.32803490177986,6.844809265738643
48.72921285789101,773.4253972703955,4.947139066828902,0.9089808919148642,5.361790088476176,74.96288243655589,39.875284658675064
12.229792766585494,1785.1508201349957,7.329794078180676,0.6379304895796655,4.628803352604938,61.875741345249445,38.9293877924891
51.65418813112098,745.44970510654,4.653047367342967,0.7691698695235875,35.63023421273665,68.76290854365291,28.941172466790576
37.29822171205854,925.7808858460089,5.9661921639104145,0.36856246902771383,3.479089177178951,38.5655380136217,-8.996645229651664
56.60649887510404,705.6709183269822,4.127895318367156,0.9600118808191255,24.818218623315353,86.148151301403,17.173746019218164
38.04173956950647,913.2779476814503,5.906715296425526,0.820461290158315,23.635344931814455,84.88662904058936,-5.658178977999425
25.425425493281175,1200.0611803765723,6.773586452131884,0.8539484630145436,15.535176177912046,31.511293779987277,34.75690129807581
13.072048394412002,1734.1837089661026,7.305648169939499,0.17219426742575428,43.52025849710499,56.84605661572135,29.481812632370143
31.768067790056136,1033.9456448318674,6.37639683857751,0.2709632078712195,8.5216600939998,34.81394213798035,38.61701882978415
13.214810914458944,1725.7704383142968,7.301398813674429,0.28562659968357706,17.623139219961992,85.44740455904707,20.41914765748977
20.036240820038635,1390.6892071136122,7.0460707326213905,0.27090922324687117,38.70857500114646,81.6088778187993,16.1086402242169
88.9235734792614,600.0967857794885,0.1408956133472009,0.8554081621042879,1.5211157196642122,93.13916660052092,15.94869279721938
42.748802337062585,843.3264117396811,5.5075252376769415,0.03188479520859211,33.64752001231843,46.54827712671802,9.322418722717245
50.20910015292641,758.8168772779882,4.799907500697797,0.0760999889807743,40.81988631807853,61.94071181894592,13.434503361457047
79.25757494266331,609.7594186975193,1.397956101609396,0.2739148706299037,46.61339194190836,42.914151401507844,21.770629156767516
89.62335654170846,600.0118482992048,0.04930215831452821,0.19987297464944365,43.814832024574244,55.98644541318836,36.64738037781386
54.53072819429793,721.2736370709135,4.351996915653195,0.23185961388284837,15.969205841684259,66.55702760968188,19.794216912801552
74.0602747887546,621.8161975705616,2.0596947180454332,0.7979431892533,29.31820706614763,33.73315528870123,32.85579711586836
32.78998706861739,1011.7394704089734,6.304959441292488,0.5631265938920469,3.8646746575232926,80.04092874741696,33.13899556512503
30.988236383019743,1051.65190049202,6.429547703130785,0.0057706612929679935,12.89350017740043,68.03053522597526,15.941633792412961
39.22981628453762,894.1731957767925,5.809616104374044,0.42932276570419525,4.711118937375369,88.02713120474714,7.373482074881082
62.163117327260174,670.5609897524691,3.5021697730567105,0.40788492685035893,15.759364507698193,49.02463508338381,21.97869366660405
62.986293586683395,666.104954548292,3.4065272635986585,0.11394526944454353,43.759360672936445,93.23247736884781,12.293867095742137
31.79535194520332,1033.3382999803448,6.374515791587992,0.6761417886014571,17.35834198371463,99.90859771213104,-5.927956633903355
16.32284355161344,1557.7661692978425,7.197699864205786,0.7020971883794911,28.09490515007132,94.35089068643721,8.890455021621683
58.75368179956823,691.0133714682797,3.8903874064415063,0.7208932190520977,21.669042405747042,84.45247330832079,39.70360690246625
15.907698286044983,1578.6096816181994,7.212783686907078,0.728470945558592,22.945826214936766,86.86581620116465,-7.57440649868564
54.17186319949305,724.122464369807,4.390169261273825,5.282693229680113e-05,48.478602591827915,70.16209697812104,24.83334559504633
63.94088088478626,661.1592933888787,3.2947373236935347,0.9539208038467222,14.807723413192896,43.310770403882735,32.059435253562356
64.55197719352839,658.1151655291196,3.222690889694511,0.814208767054663,31.366223476158567,77.39284796034022,22.43629517376894
69.04512940606573,638.4871579751607,2.682243731651175,0.9039816965892853,21.00313347897235,79.8927101441952,18.4874115581645
79.19305083308149,609.878505999036,1.4062533805836792,0.015643295307434135,3.0573090523843103,98.9769598187534,25.377720848937876
47.49651431700702,786.3489640708494,5.067262948837188,0.9338587957857394,24.4665415812118,67.89109213794254,11.467136864982784
67.07118111001355,646.5306442192359,2.92190432170565,0.8097885286881047,40.667166452255415,48.995831051753946,-5.431913134556162
57.629682506096124,698.5055331229441,4.015419845348689,0.8372191429586986,4.9376484340844184,77.85707652176546,38.118587715169085
20.86439488280302,1357.7543596854252,7.008194852857097,0.09328738472196851,3.4795923698154487,98.55630737665182,11.615038499209803
7.1836198138996945,2142.6825200871426,7.441128690451386,0.7387780289185977,7.681576019663333,42.40497357883658,23.26946185840088
29.18601778253937,1095.2725418143982,6.547808298484648,0.959916689642091,38.22000556946531,52.819854297492185,16.56552184446476
42.65786503869765,844.5406352441069,5.515598331019468,0.6785473414181606,36.1997692072369,67.93166676408768,-7.266346401122272
57.45400527643579,699.7120346906077,4.034823566485349,0.5705614046246065,28.250888445305527,41.91502444174034,37.637330049626925
77.24654309277246,613.8265687820585,1.6556721099465503,0.945629677748997,23.41132020463162,31.555444766395684,29.62686130571617
21.680885920024078,1326.6739305129095,6.969419015172061,0.442937121734436,44.416290735131106,53.58881857088754,-2.545105276530254
15.671732141370553,1590.6670727085075,7.221188509814597,0.5992935663104787,38.334891191674124,90.57595610507406,39.08244381441334
86.89579553531784,600.805639164194,0.4061406540704828,0.4763382934943662,40.59711256509026,33.042787952660035,26.845068608585393
14.183787546994605,1670.3415349012485,7.271360425724484,0.9328462213602992,40.663115067532715,60.02503413118423,13.616082521415443
45.67174095911108,806.8297141225958,5.240761422364717,0.07608472676550726,32.1358577372779,83.35405410482576,20.568502827978662
54.77291694743066,719.37686822039,4.326138800282297,0.5011197008253482,22.900731215797293,96.72278178376197,-4.663165899270124
51.016825777132254,751.2395951804174,4.718191073887177,0.6869524413854383,43.23388762928252,98.98327793031027,18.02057550078055
12.312733347800172,1780.0293461488257,7.327486550105235,0.7919065384222369,46.30037088016253,59.537856642611914,-6.31694639914703
9.847287690307645,1942.3108539540683,7.389503134358969,0.5830186474441363,1.1903021629171506,96.52690060653823,17.242762855965097
13.966091334188032,1682.54400761166,7.278290475335602,0.908917744121454,2.5777436633125648,32.47932812966046,17.63478443813927
54.77495312917206,719.3610088350897,4.325921072019997,0.9419914468838717,47.93716484542186,82.21418565989893,33.721939258037196
51.26931544891729,748.9262817879644,4.692453925377906,0.06431922319358352,13.858030692209738,74.9922224243529,26.252875013614698
24.86796732312326,1217.3807986528495,6.804594475555263,0.40237053954137436,43.66847198247093,47.46653003103066,2.477619610756003
59.21080205687528,688.0763947316045,3.8391068610701136,0.02345902172115444,19.439755948070133,65.51229504757542,34.42130710939284
74.7057376747302,620.0405811960509,1.9783234244529417,0.3294166573744429,5.95500288046778,39.068761643234694,18.66213324240029
8.53421158696047,2037.6777904872888,7.416955720081286,0.5368682179706021,4.022160010466713,91.01180056660927,20.318973928701688
47.341045201583604,788.0297746585584,5.082247666937337,0.9107949305099489,7.8253949540228245,55.05286598819536,-1.5509315388910832
63.59138502872867,662.9427937406808,3.3357738977435383,0.8465543224654029,12.494659743368237,73.82311293260017,32.8886797984557
26.4465138009234,1169.5979918647545,6.715128763835918,0.12749972667198572,24.425917696541312,41.11434004010836,36.5482557508272
31.160526949917674,1047.6815505954914,6.417907079385474,0.0930303747408957,35.07489502828918,44.431539124184496,28.749532474745408
57.15922175409762,701.758514309121,4.067297374529529,0.589267338756667,49.319928824265,99.43694595622064,37.03762263225031
81.32449994271764,606.3374333120328,1.131285913740959,0.5321179724587827,22.075337164458553,82.71604761089304,5.1149952061172925
73.84357572574645,622.4306012800707,2.0869551282759726,0.26637764143002385,25.90924711715549,97.33803088418496,33.05595841813856
54.5660686234646,720.995568223032,4.348228507654939,0.8994530845538352,26.09078506916278,50.70958156484309,14.444657143187126
67.06884600936618,646.540684680147,2.9221858325966985,0.9273664094615535,26.971717774396804,41.51940136338743,-1.8041398528207537
36.00990996766289,948.500995394158,6.06686488513111,0.40261143834016266,25.88703285522311,65.21479244351816,23.440029951670056
59.482069888394406,686.362926819369,3.8085598191615704,0.8903025571135202,0.43873775309589136,64.62677975591404,24.20601353529394
44.62543524584234,819.3478922261938,5.337857024162698,0.38394889426297263,0.08624110549203534,42.24625596305915,4.346225687834508
21.14457159889268,1346.9369539947534,6.995049025708524,0.7368168318297001,4.883315906306146,81.32536987069872,-8.625333418621498
64.64775327956687,657.6465460609215,3.2113657345828455,0.47594221754772414,5.077830171458942,55.32442741071138,-0.007637045721832436
52.29949417464987,739.7527054463271,4.586505190010999,0.12258315650718299,35.244845447739806,43.04556616513621,9.988877383694337
35.482834466055266,958.2005798219793,6.10717093176628,0.9279342012370215,10.245801625799988,53.23883761803019,-1.621854447006573
82.46383115668361,604.7726079477725,0.9836402325816178,0.4540965933775366,44.73570523778064,69.45610897445107,-0.29850258801979024
6.779400015272328,2175.5191531150203,7.447560109503302,0.7344870403224036,46.430316478850976,80.85296525263102,9.569533219113477
31.84071785620716,1032.3302441100468,6.371384937399212,0.36717381443129216,48.794666894794936,63.73236202402392,38.08933071542802
9.834918811099957,1943.1792417492998,7.389779862069201,0.01888087857623466,46.95406524435101,66.79164928798615,28.212175770382416
70.1548218788383,634.3445498424426,2.5460977942736776,0.10053035869183591,13.594416095926231,39.726215515992386,5.987420061328205
64.67913359967237,657.4935025547102,3.2076531787660088,0.4962194794899244,25.488842235175625,94.02836472957625,37.58020344592741
33.16493859258695,1003.8637969931165,6.278244232229556,0.6899643571263624,8.77274850984705,95.01069385944311,22.28233961293663
62.431346687601206,669.0892423898358,3.4710834093848377,0.33473532657927907,40.31048275862166,77.83986132926026,12.772482232007007
38.65466422665574,903.2908491145572,5.856936686639108,0.6954884591776503,44.421585257204804,31.23419862538173,13.415009947757355
69.28157227090692,637.5820408715217,2.6533176544048365,0.698635589431956,42.56444196487574,67.59519511323282,10.537223391769594
43.605611332620015,832.1272604766373,5.4307823941996825,0.7039359073278308,21.668347434841746,74.04532804620294,1.649602627296984
40.04377686569157,881.6755248507607,5.741648230583125,0.4925218540205084,37.93369423433905,99.6257956070677,9.331609610685284
84.45204281650558,602.579276849272,0.7250915712696963,0.914886150121504,4.878958478813472,99.72468686363578,16.39481920216963
26.32472349070952,1173.1482599684077,6.722213691828577,0.4891965179806156,2.0122385309625344,90.03278647278901,16.40136753651105
15.238023899708061,1613.2335751495434,7.236317116225158,0.4502651934966382,37.66182071543804,34.468169441827946,28.0868451106259
54.68616462705395,720.0539166948656,4.335410119294258,0.199380819010627,21.267763716434185,96.72934735451109,7.93989285786763
87.39235404415521,600.568334834129,0.3412222309081251,0.3076550873563365,49.777463236978456,72.88628730063994,25.83990146519762
37.11633316681087,928.9060555682317,5.98058956053211,0.042334492518303346,4.86271079277662,86.06207393354256,18.904591938434233
10.27312490844643,1912.7535338531802,7.37976598840318,0.6335352936161702,42.78138407676168,58.50349947800975,38.09227022634172
33.840947721313235,990.0192463408166,6.22940015911558,0.24853574392709288,23.999153276449587,52.37686298642129,9.264246301699135
48.004190617162465,780.9406052200511,5.018071881800274,0.3041552544854651,41.357509775193854,62.42709018386656,35.06082321303951
18.763455563738166,1444.2381262258414,7.101409614667545,0.7708145216643212,40.85636410850724,40.28121590781788,31.032127364914473
60.93868853480183,677.5274318229576,3.6430894621257743,0.3272211831614539,45.79960006810387,54.994629712731424,21.883214229472845
89.80869806586705,600.0030565320067,0.02504131809394573,0.24219589201314218,14.89250056430514,90.0332249837795,22.725723337105862
43.397855458422725,834.8032182480538,5.449502907558524,0.16905774913370575,47.48996767310015,32.656534038261704,-5.767503269679466
35.151927322068076,964.4148962280242,6.132211894890597,0.7748584021819559,7.583348017881014,40.56146327772231,37.511230279671615
39.05985418092966,896.8423977984639,5.823660872922671,0.12970625799002689,4.098438879674527,38.75813117546399,-4.653196825212804
14.787425163592097,1637.245534692861,7.251595714399167,0.4537537602503535,21.580775868617458,58.21528798901596,18.161665437175355
80.07825612122902,608.3098624699014,1.292272043413001,0.5069301160771944,41.41614843209213,99.78908306236032,6.503540022457724
40.26018071931492,878.430623737363,5.723382373921618,0.6873899126857146,23.67105653167228,42.135055114796785,11.49259891449259
37.91832497111151,915.3234540321387,5.916656827348851,0.6332834823329955,41.46433387652571,40.18378547194821,20.509150541840853
61.073673199090315,676.7391646320066,3.6276344914196983,0.8107206729451748,36.48434028971526,94.05390108433082,35.44256889411608
42.5728407791455,845.6804269785589,5.5231339176418,0.04475143392623815,10.471419306946677,91.7435361876176,12.878356178615071
60.09984484866691,682.541221264637,3.7386756541732287,0.2964407247793972,47.44408124497319,32.25682589975881,39.386477765322056
10.222934661116938,1916.203095871936,7.380934835219801,0.28013411877537975,3.0390584314701705,82.61941721255205,19.64060326757499
74.16648421638934,621.518431403706,2.046322951558206,0.14601690559210823,44.913985377189746,75.88259910335006,-1.9723028678912762
84.94283599474922,602.1419114441969,0.6611220207019385,0.28917825385644313,15.2221724495187,83.74185668968963,-0.4995352584373851
60.14505782354781,682.2658676910532,3.733543887645944,0.3097653141429034,25.007404158219966,64.61517183571455,25.805551779462554
86.13810395299892,601.2476377697358,0.5051383221104071,0.5218844619274783,21.117593635036723,99.39654529138069,-7.480110287830913
17.871746721446883,1483.9959380705627,7.138093872306493,0.6637044789262561,8.59172784584581,33.06929130976742,14.017078811111343
45.58037610583006,807.8996343799454,5.249310056114427,0.3811005136118141,17.907343320084657,46.4060110482664,-2.58904450982417
56.15357238536302,708.9512761617207,4.177265938166635,0.7194702313133812,9.646721814639763,57.758219088153055,11.66093175889225
54.44761503080087,721.9293411792423,4.360852880456882,0.33616533857958,10.194323773026193,61.48445590959922,27.495871103585976
39.124251222568674,895.828601205138,5.818345465464519,0.29028367731476035,9.352841801319018,94.49571818896631,12.940646412071708
33.73717479613222,992.115377595896,6.236954635818026,0.5411880558570243,24.450869017329712,69.20030548540811,-1.8274445509536523
15.780041916785597,1585.113574237353,7.217345847680595,0.023716360305790607,39.89656837556578,33.15776968642757,2.5962685178321205
38.29810829779365,909.0660950984447,5.88597624748186,0.07978912363400037,28.44850168806205,58.55040743979633,8.376979432609119
18.826169283966237,1441.5130944225457,7.098764772690028,0.41796954358652705,44.660329427542095,59.1543288658349,-6.521940825679264
67.42108250183855,645.0403746090724,2.879666948080759,0.9429127113917565,31.82722442883621,97.58436569064493,19.216881804056094
22.75062951704015,1287.9342934967954,6.916475420740214,0.7215117798434236,34.46700578163022,71.94379637147757,20.37668956390251
9.978050949185377,1933.1644946349231,7.386556518369768,0.08812656950055775,33.38036148635016,74.49557498112571,-6.892403643371628
51.95112171446492,742.807909565955,4.622501197198885,0.8463180127808737,22.472959659187058,79.92771218758895,10.1155660587081
55.594527281149134,713.0944142427943,4.237843598872912,0.732300770608181,34.46694111000414,83.90275209774862,10.700034144236245
79.11261020884297,610.028018927328,1.4165948958673233,0.6109465257026532,3.485387323448058,74.45357491417424,6.690978427630061
54.043437055502956,725.1531807511255,4.403788138264441,0.8202929606091773,42.992573595783156,46.603604579375485,17.886987016555594
34.36587256649288,979.5744064182327,6.190873999663322,0.4041098477429571,38.89060717219587,91.18321400388149,7.297874503005588
73.25600992973725,624.1432080452678,2.1607186796772577,0.22150105085385274,12.261497911583941,81.24838602874411,10.820463973890302
50.92370592093079,752.0993400076213,4.727660003049077,0.5120233891087593,38.40162271270412,81.9309339567869,29.876177372080278
11.738824193651299,1815.9357959693002,7.343138813427348,0.5488417555934738,0.6321300700009247,99.75897174643244,-1.8945322284899273
53.097297626625966,732.932386852819,4.503434565264357,0.5383263720099121,10.862328624044022,86.17685744043212,20.955734765171044
82.1815763608413,605.1392162770662,1.0202560763618547,0.5650737914801053,3.256861933544797,88.04059822086073,15.27972008454228
38.68657316734875,902.7786402530955,5.854326800971008,0.9487049182391808,39.01134583089473,96.59838609971109,5.253581873967454
30.187693161483004,1070.5483856730261,6.482871210830494,0.9022456230962314,37.79370755891936,40.57937998942257,26.376732824520538
17.194903846531705,1515.4749816324588,7.1647849499608345,0.8757170365589394,40.681801190091534,64.84091635346475,17.5594179770574
17.87286936450537,1483.944674017665,7.138048772727251,0.8014168109086272,0.22408466627644175,70.63969165135512,13.868076348034766
41.78557616905461,856.44498579021,5.5923282837727895,0.9434281072652854,25.0616363339204,53.04930104557204,23.383465738560005
55.63278505373001,712.8075227120535,4.233710813477983,0.09849464167940325,35.24180987586683,88.75823407261538,30.11451539906804
11.85230943941615,1808.7482824162223,7.340102112579156,0.2651232614457395,7.770056436950773,83.36937351520064,38.63343950167881
84.86333006713909,602.2099822841574,0.6714881693977985,0.4950559456545849,32.48953637563123,80.46181521556869,21.467518418818674
69.18635748284166,637.9450547509668,2.6649715554743914,0.8465344931234052,4.205504965484286,99.80046078307169,33.72199927001915
54.86303305411133,718.676364238826,4.316497487757699,0.5051657115227325,9.066292805215658,48.156696138587336,-9.945422948852153
75.41728702981422,618.1766996152983,1.8883303037459152,0.7480347393415887,23.78984074973005,81.48200761727949,16.51178463629456
11.81587432902963,1811.0511479030672,7.341080202434508,0.13895990524891622,32.6782576340551,68.59831324341305,0.7323774385099053
45.531304607315576,808.4760868626372,5.2538959660975895,0.2524138129765602,7.293456347694804,51.909242774571325,-5.2903771458431414
58.55791578324139,692.2903972189588,3.9122732344089988,0.7317760950376724,9.261166541546896,41.24108095061881,16.598550853219606
75.43549702005458,618.130275271762,1.8860233161561908,0.16473400888772405,10.22231835328315,92.7118685947283,27.341325307454703
71.59491260418775,629.3603385603992,2.367999660889952,0.35135593465492676,11.935040234948923,71.68188378954918,10.613626123718987
28.55088622563897,1111.6015519926705,6.587947395532324,0.2648662578135714,11.327692426314561,87.74536863485562,23.505372467221747
84.97481441253237,602.1148351254978,0.6569522477751236,0.3498616942224785,19.757455424881837,68.17414888010813,14.485962692047497
15.56939652162398,1595.9441925545211,7.224795509504141,0.7083240490779703,32.68948254183614,45.39839564578137,11.8542932979713
79.38635758279793,609.523972431517,1.3813904048533376,0.367847181142801,21.90158915672348,53.62841691702277,4.512832021793031
87.52992121639258,600.5099127899839,0.3232324105514787,0.5552633226079402,38.79869543749441,56.70771897314826,9.129675725050227
20.058049473923173,1389.803103577021,7.045092144949648,0.09993187705440965,35.96342529743074,98.10543687525916,7.489781539721395
66.37561545732174,649.5776709636866,3.0055424370894115,0.8050176932346278,6.326345702453784,30.394329486696776,22.309359200744076
8.42426909612987,2045.9591006986861,7.419077752557058,0.36988862564812486,2.4420811660371964,98.9966216117155,-4.199074436043023
39.46094013682817,890.576830080121,5.790435250051972,0.6485341590333424,43.89707819998031,98.63231445768814,-5.368181565609699
48.88408043180229,771.8512601994189,4.931884478712665,0.7253896016618326,3.991553328143671,99.73055533710956,23.00064971042302
54.354844202318894,722.6641383354927,4.3707270608849305,0.2096609221117004,7.416959035985654,63.361172524374425,17.314903493944037
84.55466610112755,602.484436050041,0.7117199856646123,0.88467498495335,1.106663777905903,97.46662787346997,11.510004837132879
62.141308420006546,670.6815004887312,3.504693945135915,0.6162242516069529,31.41681826493269,57.69194272948791,-2.3778557796048228
45.908625853635144,804.0759380635527,5.218535063382085,0.42872514175148146,29.118528157917428,31.84061084678707,10.551355593465576
73.8223780826006,622.4911989958418,2.0896201626849207,0.18233518357821954,49.34518332176278,45.70430304602352,29.48658816600058
85.79528978112477,601.4794121152809,0.5499013870067972,0.9423009379012067,44.3466198158586,96.17073714561693,34.48106178946285
6.875622637994722,2167.6426676881056,7.446062745906514,0.7550682041316251,20.542158874045484,30.963528533477998,25.128828498211007
88.5143081417633,600.1843950973671,0.19445481663653585,0.20802456273324887,18.57929204562675,68.21958947960826,-7.004391205955959
12.321231820412828,1779.505856372035,7.3272492428401215,0.3377107747242245,14.842601713999255,35.29211122262753,23.520488830055925
74.22287623784472,621.36123029181,2.039220335516748,0.8096742580880733,7.6203460018940685,50.047760489930496,2.0492794773147285
28.82845396687006,1104.4014526290593,6.570504942722348,0.695677663215339,6.904182830100453,36.16649954983207,5.762562151320253
16.235270909079098,1562.1241717220084,7.200913189679483,0.7657842927157243,6.614185400480271,90.16700347791394,-0.2063396020007744
42.38772937567597,848.1771377990344,5.53949800630789,0.4412011022129324,5.705737859338927,71.37494967533941,28.787789531010233
59.73630925304715,684.776680213311,3.77985281217109,0.7164762626421669,12.025602120276845,93.1474526002819,22.43010613186395
37.38090682699538,924.3689596841327,5.959627331836594,0.3864937228639137,15.333431515655821,78.18472396781598,20.591752729959044
9.638059704029411,1957.0758196910087,7.394137804073778,0.21126291693819643,48.07894855194579,97.97203918715698,23.398630483463805
55.95419687099091,710.4168266528777,4.198916025974544,0.63267703484136,28.923662550094285,65.69143583322847,1.8386130701951693
81.70427846940736,605.790672539636,1.0821173202388326,0.9760139255987942,49.37978872566405,74.70974072340121,12.232220716268081
37.573306105516394,921.1045607418487,5.944303663215901,0.3106009713953296,18.623347391283662,70.34161739223396,21.662686077449457
23.3882860986203,1265.8590925631574,6.883768513944883,0.46096959221253964,22.88133162947205,63.89823006126289,21.829701380915022
42.61907440428931,845.0600995289733,5.519037800778349,0.6740013710698536,16.228932958263957,89.21715557961087,29.592593137756523
9.110830439146374,1995.0010816058102,7.405379197451001,0.5415062821224879,9.144382544827634,75.11675949692521,4.355198334405529
74.74144468082336,619.9447202843212,1.973814540823397,0.8434277957090492,7.158235388878959,86.0918585398831,28.51680608484112
75.23896893076588,618.6346560891925,1.9109109552645438,0.7617427064695159,47.25395989039159,85.04547556216892,12.009224030846784
54.98003939151842,717.7710691287512,4.30396332275138,0.05829720386235704,49.34053408993779,43.37316124587067,23.508634602946742
35.01374555976311,967.0389075614089,6.142608125283213,0.998421233923774,2.2454748254365775,75.51144727623506,12.785969003264338
72.98158597789158,624.9666293517739,2.1950927394203488,0.7524024537194672,7.517293736588327,43.97536134269339,37.430508489547165
52.14839710701121,741.0719918105433,4.602138378686739,0.8639033162941132,21.17620461505113,70.83243347706396,-1.0348867629177771
75.20424622675138,618.7245399741487,1.91530579002434,0.6511977120953464,9.316673817220366,77.42042791124103,23.750254429117852
58.67399736955675,691.5317697089695,3.8993012903330095,0.8562851280467623,18.194019681344166,99.80645501113108,18.826750038407944
71.67446522308776,629.0976371341267,2.358116635202985,0.11238297492870941,6.454817492981668,32.137938470481686,-1.3634479526127699
55.877854423509596,710.9815189652836,4.207192567107555,0.3477378355593156,22.82558783608951,36.38696758796046,-6.6996832094166034
40.20199079833163,879.3000033273329,5.728302008325337,0.8764209436044927,13.584730808462965,35.3918687459862,29.95721944858318
86.4253980937217,601.0686673870814,0.46761080796052584,0.20165521126689223,17.595252787933042,57.885290038671805,-2.127433317686741
50.994675114701806,751.4437822690925,4.72044460331822,0.07824209858002273,4.71563257313738,87.51118530400696,-0.674665860711201
56.43260907594576,706.9223359830648,4.146880607963442,0.788118939945219,21.406402535507084,89.08394329509949,38.92171119945197
23.741449350253685,1253.946531543887,6.865286802230218,0.8354861556432962,49.16288054807849,81.58857170048063,25.863042573831535
58.1803171013185,694.7865507448078,3.954357969102416,0.1626522181899006,16.441652344059516,92.78147692809634,2.5243420800611247
53.58665020605023,728.8677479643284,4.452048067692424,0.8543459827827155,43.82146374212175,52.600196091861676,19.547448007580062
20.71126382549712,1363.73514640569,7.01530892127674,0.6867677955971696,42.15995708118426,36.17082509766094,16.705591920125666
10.064903275017215,1927.123957284009,7.384578125624307,0.5200826832165839,47.60292091486053,34.07071195928951,32.223663375692375
56.37054217575554,707.3714135233267,4.153647831738651,0.830250192781385,39.505475613354726,89.64929037335705,26.466037391631218
69.91384289477725,635.2215099517098,2.575745966577912,0.4192492493189658,32.979841352940745,81.13054060475838,31.586056274659292
49.4891165283707,765.8041878028926,4.871943581710639,0.1939939562233972,42.82922221137288,78.90307142077846,0.5753293988681225
24.275673152169883,1236.33890173168,6.836834375434038,0.28485267661061364,3.782234032867482,53.777343698196816,22.010960218350263
61.65436801890797,673.4056878604952,3.5609197178308443,0.5051640182933148,23.14153285994039,56.593363203275835,-7.987957079080984
11.80898676181619,1811.4869756619917,7.341264763538309,0.5313307926731757,49.46281193075294,97.06794702295234,-6.552969386038995
42.55586490816614,845.908521750609,5.524637010345623,0.8055808264412336,38.48000756473661,34.46633208685545,25.676351635229864
18.886174463865714,1438.9143362655495,7.096226196908731,0.7913527236523344,48.10376890186115,84.16122158564548,-8.778994867803432
20.679019340090086,1365.0007367512749,7.016800530694404,0.5813665572045749,38.981717806673956,51.67433265958752,18.98825044502546
22.19498567844731,1307.7832093158677,6.944277364031899,0.7807854833654764,43.74409837210721,32.733823288878924,32.0202549222265
37.87009984873812,916.1259428030908,5.920534093825906,0.19177345829367098,35.32648161515955,81.97990775197192,8.99709042090143
9.347767477733798,1977.829218797318,7.400404832967193,0.05006452709329434,38.025100220861994,53.16383199748622,-7.75797815800436
38.812442478973345,900.7655110796327,5.8440140390848825,0.8736338226347001,26.158900491975036,80.55032631199576,25.692372481436344
48.49513300474957,775.8253328383735,4.970127494531201,0.07555449376276957,46.21188504070665,79.53580681826841,36.48432262320754
46.08001422213764,802.1016305492303,5.20239845261568,0.2466884297439973,41.25194553116808,67.43508128031806,25.85856960291339
37.53664853425845,921.7242666454581,5.9472284349776965,0.6953189496243846,42.19424828328161,84.41611904473842,18.922362150138763
76.32746168601396,615.9335105105538,1.772793438430007,0.40944793762730913,33.650455048152615,70.67268269198703,1.5014414939530027
17.352768855742852,1508.029791585171,7.158648864370102,0.8763139699155088,15.22899735436245,50.06457969937824,-9.231218797775151
47.98422322141679,781.1510228164225,5.02001408189521,0.29797979466226954,1.7814897695069665,81.38807107450933,24.73360542395266
10.273520441307115,1912.7263850084203,7.379756754614571,0.011871346669359295,46.782756470477224,71.23978711144065,1.5513087922146482
11.048232704622329,1860.6200232526148,7.36099656684781,0.3006556405607441,29.306017440274847,30.890909718294438,32.908133859117875
53.77859722255319,727.2975708612084,4.431802991792379,0.5780750491848317,14.907148557407012,93.11509244392165,13.318205941630566
53.11156611546478,732.8126065425622,4.501940874848379,0.37593837540329333,7.45675539237689,68.19505328270193,16.53177911862281
79.63284859177884,609.0816264033592,1.3496641370452649,0.5348727557587553,41.47615827503773,90.80390858356722,27.696827213318336
52.41926243110622,738.7132614533675,4.574090754871544,0.8765981188350187,41.82600972237894,91.79157872875712,28.97153039016716
86.58223673441226,600.9768316841055,0.44711889367157737,0.9124850542303685,40.72539840652657,61.14766597145619,22.132541654028408
9.13906211399403,1992.9439547071838,7.404793132834576,0.2659740646541121,32.25413459833931,65.53619975158617,36.92159077063715
13.33065320636299,1718.9908570103303,7.297917427823067,0.4621404732699007,18.300769379593795,59.10280713729213,39.11492181602097
8.745598233482418,2021.8856627461523,7.412798958589848,0.5491440152414512,15.20351423901285,61.46057427156319,37.34427221873084
20.7485322783509,1362.2750719048126,7.0135821382667585,0.9491124568882471,0.42773850590850926,92.66030112802095,31.208959267197173
51.00795943004264,751.3213019360628,4.71909318909307,0.9986173191643847,41.680377934412014,85.17008097775377,25.281261012212575
59.87363542133138,683.927728450215,3.764315867669363,0.23540724884152664,4.371634874682123,38.85679734209046,23.166292894083377
8.874738425636847,2012.3219019071016,7.4102098589049366,0.7269798713458154,31.53774990203838,72.72154470780671,-4.812491153973305
85.40752563687595,601.7655113616584,0.6005099968556246,0.37803106223319516,25.20374734200442,99.71346482704396,3.5742173409556237
76.58405701528238,615.3293911146975,1.74013932582481,0.008108196886213226,26.33446794631756,71.68854908627401,-9.715588823531148
30.212060983352917,1069.962103076869,6.4812667136995765,0.009252522435902355,46.335642265388664,85.01101379151739,-3.1295064883004065
11.560940069249776,1827.2896019846855,7.347840762640669,0.46056600756225574,1.5807505635621055,83.83430313668197,11.961473858459417
19.44040122361987,1415.3030402020436,7.072411539324282,0.4883349130043346,38.669611231438616,54.522226811063,-2.6731724605463327
15.790275169172677,1584.5905505779792,7.216981454113294,0.022569696573442655,2.6026199183653564,56.029451189277125,35.083170733837896
15.479121240410482,1600.623680820247,7.22795828789031,0.6869274167743025,1.90768029676886,80.68534952532823,30.284959266764098
49.077743536587384,769.8979679165213,4.912757808815948,0.2940033885949531,21.490884907069095,64.99884721233846,-6.419404395524088
25.897032611939025,1185.7926389885965,6.746853000116696,0.5598931015359494,3.153758717148336,69.93994963912715,2.4456857733633015
35.44187590497728,958.9644939826089,6.110281480681845,0.30091907316541877,39.457197564645604,79.90340532553863,30.95359423057544
89.10795333766741,600.0664662109393,0.1167639176775024,0.1671343148693072,26.47815468241686,84.43025189273351,30.152306327993678
63.1667111586543,665.152165460694,3.38547042614557,0.4071737385988753,1.4519391329887221,49.006160441315,37.27252750588944
85.66335669899512,601.5739005455562,0.567123430972563,0.23227336479050076,2.0250343240959756,40.2755631605874,39.877388080868016
17.117307177814826,1519.1578944012397,7.1677811343417,0.5348009769191681,30.63342648697397,50.42562527066077,38.813503162056094
37.481855360768385,922.6525357973146,5.951595639939817,0.19882853028647995,40.30559088292024,65.52768275644529,10.506899286072073
52.15220327900011,741.0386494143022,4.601744967355216,0.5084059766446271,21.889976563738678,53.94989221079274,2.5164221901016113
11.524435260542731,1829.6328909577678,7.3487969243919125,0.15737851486886756,27.72903357678122,69.78539311933156,27.920509521353125
5.355932708376418,2296.482170842923,7.467255379945048,0.670974709485785,39.99147270249508,33.74260068879399,4.96364463720154
61.98691837273799,671.5382847674409,3.5225485717930285,0.7539376844414241,30.52530870209096,65.68252881296371,30.320018006566485
59.554658928122,685.9080977733047,3.8003711748610023,0.11039423424993378,11.238011882940974,55.758943485639556,16.69773651989622
39.917048849967,883.590758473355,5.752306867672629,0.4678024120373392,30.65260129347393,67.42667284250177,29.69636376174769
46.61974646272277,795.9818640844924,5.151277970516207,0.07087170065487358,31.41397295326068,59.57733484194837,3.7939939858505216
40.31265505032761,877.6486200540176,5.718940898628746,0.5981824455420024,36.705349044056334,49.89580954462797,15.401365777691044
7.040428811815553,2154.2391825504737,7.443449337100083,0.26440429792964537,31.043709377840063,93.2875533820345,18.201189680109103
33.506586528484306,996.8106440863758,6.253667758151671,0.5276244568387078,48.4621065229019,42.93354918949498,37.155403386006604
20.051991708769634,1390.0491319535918,7.045364068531084,0.5174610093842912,9.864415435853424,77.69559029063917,3.3298788415208644
13.366056073616344,1716.9273324742364,7.296847519950577,0.9243543461938004,47.55453397835382,94.72512988076899,36.83441196424473
86.32123688059474,601.1319474296197,0.4812181719202717,0.5490832225687229,26.91697451750081,67.70689717798032,30.24294577328579
55.94557662858408,710.4804912151285,4.199850949025487,0.5829984797183156,33.5978070247456,91.34859420056375,26.544702704334767
66.93578416011123,647.1149139713743,2.9382192322930885,0.4016531257643803,4.9730798726094925,38.739603490329905,29.343513459256258
31.805918177619986,1033.1033129985194,6.373786937257495,0.9490796031828168,19.02879706890535,64.56521391794857,20.27125229400285
38.41750600699129,907.1215463802196,5.87627727624792,0.7771859094396096,38.468957323158634,61.991769633665754,2.204000523124293
25.138539481221496,1208.912104186269,6.789624452374146,0.28540529030284156,35.345550754949514,30.56831649258964,-0.5252515580073638
13.242082032061104,1724.1706196213804,7.3005819256833275,0.8442095857762321,2.006969408270509,61.028013895153414,33.31707179251952
20.21768918253462,1383.3481615391984,7.037897794313546,0.43239636018509,27.32971317486223,55.83208294678185,26.25697012979166
72.7886938502013,625.5544486622812,2.2192241169377764,0.8286671435335939,4.413909648420472,76.88591094422307,0.6602141380474524
62.59139344062095,668.2202209151792,3.4524985561867174,0.822888068293502,49.792821458908115,95.6830845003563,20.754668293720076
51.488954458765534,746.934976591453,4.6699912282554,0.1888701867628544,44.864829426664734,36.00537617834256,12.37732407071119
45.38263919367529,810.2302231457224,5.267765752138497,0.7011411313835769,1.0540330214268478,52.92334707002362,-2.067241501845304
83.40691411077057,603.6475841054853,0.8611295654502229,0.2906429693065311,42.93247894513154,61.084531617597634,16.592855467858218
11.182470561186815,1851.8057520988245,7.357609010572712,0.2974926699926682,45.97148002792038,61.862976462406834,4.075954623320863
28.851069125222857,1103.819217638992,6.569076999077456,0.29634807688058074,17.677411128172754,84.23668045895776,-5.187793792121422
34.7447175535107,972.1973314631414,6.16274614439498,0.7255682475599482,35.975082752388296,61.03769660834085,13.34791492727054
71.50619403808696,629.6548519970756,2.379016010504814,0.22982604179253607,22.105187310388946,31.901291101755735,19.50542760467809
89.36374271376756,600.0338121671293,0.08328417226941726,0.0009058352460902253,32.761624228817205,79.70728662149818,-7.654679480942475
25.45699375435801,1199.095221594981,6.771811289564776,0.7152368534826331,17.015870214909572,91.93807866019702,10.10463747054984
79.31612340165185,609.6520082506213,1.3904257084760259,0.17118474383512527,16.127961831663416,65.9733298784771,2.8830959918342653
75.60293463670226,617.7063803954679,1.86480207680418,0.10448239530783465,21.221694442878952,70.67759651889537,-8.46747046463838
24.095878799550164,1242.2101487355012,6.846476591070765,0.23751612059406013,7.278387932625058,41.40555072783323,-3.71687251942471
38.94326931693392,898.6854595355207,5.833265204573769,0.379900522322704,41.55694822176913,45.44521612752699,-3.048292059081122
39.822193889864124,885.031597310187,5.760266365043342,0.4759063274732007,17.434894768081833,46.46191673872282,-0.8562875941014418
88.14875682475746,600.286336003498,0.24228500407439335,0.04457004071263082,20.00747769529226,60.15193824169067,30.16887857189606
20.37581161720636,1377.008592554006,7.030717961638552,0.9705733326273605,44.70273063510723,94.97016546269495,11.974593323906959
72.92842754390648,625.1278778470569,2.201745512277352,0.7160630534195581,24.83119070315857,66.52493367004203,-2.645700386480656
33.406380704714344,998.8673302905181,6.260899156358458,0.32319406532433614,27.212695467543146,43.446835164094686,-4.985151653605538
67.12397939097363,646.3039594227785,2.9155378663353844,0.31869725728539733,47.82490623885492,48.62614151082647,4.897022936451954
40.70093536513134,871.9201708068604,5.685927678442119,0.4485425493684594,44.33631915724946,56.8810520809029,29.90077593522262
54.160579864905905,724.2127836043255,4.391366680842002,0.626244822763033,8.473335444421975,73.62812829849597,8.222992396982175
75.77200073272114,617.2837845205113,1.8433582840750056,0.14637306658896776,23.660751495905252,60.80232071028038,-2.0051319853030956
73.35407302363015,623.8526132497673,2.1484233362327636,0.18892981376495233,48.564811371427275,57.471139092384746,10.205809077307997
78.64597060087452,610.9183960503242,1.4765307576868723,0.8594345828335509,18.618314911430133,69.53100202792963,17.765577864352874
10.067472654296017,1926.9456755156505,7.38451933977868,0.25625492388907256,18.578655425810002,46.92844964681258,-8.520790818099307
63.82429700837831,661.7507642291539,3.308439894102044,0.38019499797517753,9.751511589457717,35.52322908092076,21.382090072008655
16.89892702134984,1529.6058959508441,7.176142709045912,0.871271850950117,5.716155705956261,31.70900203755555,9.755037650739464
40.344578281564935,877.173798768983,5.716236540143296,0.6631478293998225,37.01523953779909,47.5881414426989,-9.51370624344028
51.63001527964852,745.6663110358286,4.655528588508985,0.34171187934168834,38.501523435075825,36.41144239011281,23.694469947319043
39.232856203480615,894.125644824855,5.809364435839718,0.6836995457246208,48.45064817514999,53.543844696453675,25.619381778132407
49.16699244325564,769.0034415928312,4.903924449225751,0.01968321538141371,38.67091054526815,84.10534782518289,21.441989427934143
89.70473624788262,600.0072813660299,0.038649763702558,0.7356426600113652,12.167624701679935,80.14060313407867,7.096510879921112
16.49347166559265,1549.3339529985933,7.191390672125248,0.4870160405162395,2.0058289144257726,72.76493359516202,16.480242703298057
62.41376385359617,669.185128908046,3.47312350414829,0.8131821472844613,49.27186921848301,89.67501707156352,9.357885306671768
38.66008214277729,903.2038263453628,5.856493674223129,0.9546376520064683,17.022534777180287,49.74473371809937,25.031086507984725
16.305832907122948,1558.6110815122568,7.198325356250282,0.9257885494945683,15.598577121621037,91.9537627120976,19.179009311684435
18.49262488681631,1456.1123186121308,7.112733681057079,0.9092650434553408,45.29776048746913,57.94674187684254,-5.910044308627512
85.68821403087743,601.5558731604051,0.5638788763205933,0.5121699559338871,29.254994927249307,58.06253227866386,22.15467791094987
79.76612722049977,608.8469795791789,1.3324991808439903,0.36014211413893804,10.743558692456729,58.37461295378651,24.361920716890076
82.09856663527685,605.2496662211752,1.0310199412785408,0.46503532473067277,44.45481213581198,36.8666056368687,8.535109030734969
89.28028594532786,600.04326460433,0.09420787192341029,0.6898960033133608,49.668042752737165,98.2843348831739,33.78928904798522
22.706808150724026,1289.4786827244716,6.918691708459877,0.8839977768711867,4.333928057541536,39.69547444776114,32.15071774224813
35.21234367594525,963.2730124396035,6.127655205526952,0.20698630300011955,43.11258141512436,53.862000712842914,-1.2416738050131073
61.88361754361367,672.1151451767009,3.534480649196008,0.918193158461703,19.5257848842197,52.351022422873,35.21331542429343
46.123215888155016,801.6063468275479,5.1983235645008135,0.8151802319698891,26.203622325335218,35.227560297169674,12.043618574753875
40.56311033715835,873.9419316976073,5.69767611269339,0.9788560151782346,45.74079878824904,40.65820910783137,26.187482631714666
35.41395619352541,959.4860715227442,6.112400020164349,0.8802517732816871,48.66895978875586,33.14008353297701,30.704850348361802
55.47135371519344,714.021463822226,4.251136545929912,0.27993732969190666,13.108195520439969,50.46831454923594,15.255621053484496
53.92544143440697,726.1054367446486,4.41628141529761,0.10595591134404769,10.64253854799569,90.66598468202346,9.955096968540786
18.723915895460408,1445.960927658092,7.1030727585408595,0.11224107199158861,4.025827929575593,53.760954401616914,35.772568430754916
45.09788618906732,813.6228101163679,5.294232772139847,0.2912233185782761,28.0898926331069,38.658428244716546,1.5426776467711605
52.045100977837244,741.9790385012993,4.612807452492735,0.6141837239845392,0.6802197725334136,75.19857078687426,2.848503885957225
53.47438979216819,729.792345795986,4.463865279199519,0.8043203260971725,20.59491488049683,99.76206384384373,8.081015700671855
22.859111397549903,1284.126361516452,6.9109714925515,0.8992503069815647,3.6692008326004277,46.26266526723493,32.97328889852828
68.09306834144438,642.2568941161016,2.7982502229097754,0.6237533843692328,20.261289146466698,49.56997037593986,36.9394132106538
7.141923059790919,2146.039275012169,7.441809252164761,0.0056313127480537295,1.9966094632804632,98.02929379965519,1.003385737743093
35.160707721168826,964.2487411914803,6.131550087743882,0.1863167765185335,41.76086303043844,42.5143401285341,33.19350738156227
71.31807512552885,630.28473890641,2.4023561833581484,0.09972620385336795,10.486949696928294,65.78498472214147,2.910147973428465
52.9308982897092,734.334922907231,4.520833361056562,0.36332447556901004,16.4154355178956,46.77564931112664,38.5320623374944
27.19880676342312,1148.1505592948452,6.670694194330106,0.5013509936337459,43.5023998303196,95.26463285308706,19.870394599079113
64.07101514415905,660.5031527418723,3.2794260134673117,0.04339717857856085,37.31330306661025,98.70647102034059,-9.64567662763088
53.22823025326624,731.8361032450939,4.48971747578939,0.3484779757956553,10.951918082102925,87.02884922840107,-8.293504796441105
72.68070680379292,625.8867991930101,2.2327226521705463,0.17917967462532258,3.5949709328748023,52.03486710689674,-2.6257734597645763
67.47714082613498,644.8042346625643,2.8728900009565366,0.6470701662588739,35.78368884276698,58.24412326963535,-0.621342109062164
56.85917337307995,703.870116171719,4.100240597910277,0.46427236932434,19.535127534405465,46.9613978566495,28.380956141329833
46.49510240141919,797.382097350478,5.163124332111089,0.4953176469339088,38.30399995591106,92.3530576906294,1.138293820847494
16.32048068173949,1557.8834857096772,7.197786786354019,0.4276917880334611,22.26473861876052,94.01907943817106,38.45708100249299
27.21330652025762,1147.7451939833622,6.669826437746344,0.956019710486567,17.30012064861382,59.320946357223306,21.805602860146916
40.62345519795225,873.0551643346917,5.692536269997118,0.21473512512156323,22.560270410619825,75.95731489321014,24.625875462675886
55.94043939554304,710.5184439540681,4.200408071164176,0.5166642598438743,37.427949283533835,41.58872258422857,0.890825964260376
48.66516769330091,774.0795506655022,4.953437012339262,0.7360173683653359,45.11101432701871,60.44551302543863,34.635315704754234
29.495684706560006,1087.4971326496611,6.527945856621963,0.5568444131345626,2.4883598294287768,74.20493746714483,23.39072864099657
5.549470412125396,2279.541556665879,7.4648480404098265,0.9290208857168011,26.205577061347757,56.97821829626137,33.220281217093195
47.18033386156918,789.7795246762644,5.097698316302234,0.37796835564128417,1.64177145419388,55.031966798052196,37.82405486156135
29.278209027790663,1092.9451504770163,6.541915000141534,0.463675805773178,23.420477251217935,30.069929458685987,-3.7179511445201783
67.44170556039549,644.9534182769657,2.8771741259964,0.08852231521472842,44.26414145484502,86.30054246439798,-5.170638486552717
7.035432547991096,2154.643911052475,7.443529470516313,0.6089991110519285,18.079513321015483,92.25363284150137,30.170391329481788
54.710363960992225,719.8647896323928,4.332824907633912,0.28821196844810604,46.62252105403216,97.86244706820825,33.306302954708514
85.02531018801555,602.0724335775612,0.6503675184027429,0.16030903951556885,31.53042358253047,80.34899695484509,19.18807104389928
19.82478770447746,1399.3345141402774,7.05550600289021,0.5445312929045081,46.70776718965032,68.41546186589193,8.300027387526029
45.090206713800605,813.7149040867098,5.294944750624339,0.5323102633799106,37.85833127062598,48.84991638660966,22.63148180376119
12.770869304456745,1752.1454834182846,7.314464020517183,0.07587164122404755,5.171758332438115,99.95096331744489,5.283203629622866
58.18296254221497,694.768910594039,3.9540637204578926,0.6982154534944728,11.557568378133853,71.28269981724739,1.9192846076734078
51.79519285067918,744.1908394075272,4.638557452744559,0.6237721906508529,19.70852272917531,77.68078506313124,14.407260476363273
39.62606955809075,888.0306771332112,5.776673515147564,0.1890172827464972,8.505344100603802,77.76843133687224,0.8076913803189854
49.317046825268,767.5074433824366,4.889046092976787,0.46943486215404384,24.745580238833025,89.1676257030027,14.185180415758644
81.20884596986586,606.508956441503,1.1462494544782798,0.72032291647856,23.56840778507453,30.677077719284345,37.830325273178595
21.685015696440697,1326.5201243510446,6.969219284546753,0.5294357405412765,47.81295990136906,45.41728583019603,31.98920178086952
6.917983494954515,2164.1870303175715,7.44539689151798,0.3954890761835702,21.686394144798886,76.58738001190098,37.08154597500111
78.24151519942359,611.7220709485528,1.5284005012892492,0.32233845808094364,39.28134021439989,92.66020157771975,30.316448742367925
54.05495200297205,725.0605218792225,4.4025679441932635,0.6103938666440536,47.09552724257399,77.97371473449493,7.737546797313836
80.7059687142566,607.282101576875,1.2112576184973594,0.9391086983102406,43.849441548699275,58.94439040455761,30.602261927577956
55.74034399011967,712.0036066720568,4.222081681366695,0.6717448404774834,10.433381225579591,55.308884710918306,36.1457871776607
73.8636926465747,622.3731749370181,2.084425701490703,0.0747459036363155,24.801494712677215,81.65636057983244,37.35178939185272
41.52223588518758,860.1323345512938,5.615238814285706,0.4606849734821338,17.386989114796286,81.88663879960353,24.159892534249856
68.73809415950285,639.6808664919872,2.7197377355517087,0.8908241315106276,19.992934756860777,72.49405947539833,0.5683321907556582
82.60852468563776,604.5900260689523,0.9648603788764352,0.09446242580108688,18.040341312287563,50.4026916868136,-8.013542331765457
53.630451916387536,728.5082480497722,4.4474325964551795,0.9888757121375433,41.317960508750204,94.76083728733805,-2.6399885919922115
20.36673779780226,1377.3709418617805,7.03113142344759,0.9490693936454213,22.60695275612237,68.63159594830474,38.27734589469727
27.847797277566844,1130.295629292351,6.631436988443331,0.07827448072987586,26.18471661223441,85.33446493738313,13.104841209638472
21.884789036279493,1319.1199419574614,6.959514318893124,0.9334133204495549,49.12236785235373,45.00157835132821,32.74930074160287
25.982847345637296,1183.2332982555454,6.741939309901668,0.3631325902594622,2.998963609575822,54.08285520303095,13.252207677914555
31.04531319483809,1050.3328704455535,6.425697805341153,0.8447091670758625,24.39788198953744,91.22056614711397,23.04087917299197
52.18637187402102,740.7395828241715,4.598212343720598,0.4183833377132715,38.7030853473058,33.50749209579779,-8.792961143883318
54.97928850442578,717.7768636347291,4.304043817920193,0.44085511270251587,7.558097909411327,65.86207178796634,2.493247135968339
41.252478515558195,863.9555620295178,5.63858463468585,0.6342430909775426,30.576579730738697,63.71938358908063,11.81346400212946
57.31076628477101,700.7029891846378,4.0506163880665635,0.7744774192759833,11.973238976723339,82.58611322356575,21.531552357708158
11.933868676966103,1803.609526766883,7.337901920620034,0.033789150948248636,43.370205661228376,49.73256394195327,-1.4239405973410744
12.462000149943597,1770.869278757267,7.32329505009171,0.5931559955271343,16.354983270003963,45.33467753017196,28.2275732135245
19.605504130400966,1408.403892369246,7.065189174142459,0.18673299409737099,16.45314084504548,94.82929871412637,8.220235306811865
49.0365873334293,770.3116657231103,4.916827205953097,0.34594951786320294,29.909693925894675,70.01967563709253,30.871763461694222
23.189547689356655,1272.660213520553,6.894053922704601,0.3479686661552165,9.178145405995435,37.328269779855816,-5.101545480246635
29.079174296869073,1097.9832704896558,6.554617028102269,0.4690603402211536,14.244431945153051,43.51253135500247,23.987829384118598
39.0265910747045,897.3672359920783,5.8264035678223145,0.3341364118761734,20.831592505970576,99.91782416599739,4.66641666032551
74.00862054088229,621.9618140467219,2.0661954323858747,0.10736111845066776,17.68189315700552,43.69262973765347,29.769158706130895
6.17828155259311,2225.5796546402853,7.456438729601793,0.14562873852545144,26.24386090027912,72.7332857947575,10.10852135212053
60.197199720112906,681.9490456856647,3.727622787697536,0.03343798556109767,29.982007203448312,59.40896552969327,23.267481613178326
61.85450513845825,672.2782390878465,3.5378412928427023,0.4702490853287543,28.33337268750823,91.99193663948847,36.71526343182367
72.8857413303141,625.257771225838,2.2070863160615914,0.9544476948529885,32.70841559959661,82.86180146067295,-8.968668399311783
84.28399982012662,602.7384518198023,0.746982156946496,0.11567522364811655,15.387475830391011,71.78659773832712,-9.444160883281318
6.711717160689635,2181.08197524581,7.4486007693833445,0.946264493003082,6.321311357751402,30.751728725858776,28.51396260883567
18.071614968623376,1474.9179066620256,7.130021459161581,0.7333615147320935,38.040377071553856,91.58566452454218,22.319652575403907
80.32455999475941,607.8982587327009,1.2605012968000948,0.6374988029341632,42.5390191315341,61.12672295871014,4.6489860252216335
43.974077785896306,827.4423649190685,5.397405071954089,0.6452777553235629,12.850311611121612,95.21043571130036,14.719835138713119
52.9902043093444,733.8338511768297,4.514636660374998,0.8267276483962821,20.354597807900987,64.68773089979408,-7.903216720056562
61.35731231646753,675.0993129544158,3.595093935073108,0.10691986437982137,24.928460848177764,78.59571424279079,-0.3777197319379617
62.72066138212918,667.5232786600391,3.437468108764266,0.5047543235655417,26.66634213764682,34.85048546266495,11.224818726358375
84.1979342819032,602.8218405947209,0.7581912459801088,0.6970911382607585,32.974508554382595,82.16061574687501,31.702220811074113
89.74070047999192,600.0056155860484,0.0339421119338206,0.5868204450735637,2.0801616677660673,53.659722191834604,13.98335914300424
66.21338417912992,650.3047085617227,3.024986644510965,0.8327790710232946,36.07385413670085,54.59513100322466,19.318125226298935
29.41380278243782,1089.5414417058414,6.53321643872548,0.07227170901135149,3.0985503489705133,38.305909129657294,33.68768959968902
79.77895419501921,608.824564237857,1.3308468128152293,0.690701039499166,23.414428383643394,40.28000040481416,5.4409456794422635
9.183777735964735,1989.6918418472349,7.403861197302853,0.5340277303847177,41.383556778459706,43.00313393443471,25.034966055102792
24.641872494332176,1224.548946774673,6.816987321739662,0.3791608639799434,22.560765663919813,52.974431799999564,33.08336293391267
81.27778598441576,606.4064309795604,1.137330416792068,0.34027498223403085,7.4544874384123885,92.43789389429239,0.1307850348088362
26.776278727345172,1160.0952803099335,6.695793087771413,0.6208326327741929,49.251692250297985,55.77821667610563,7.823908257391626
23.75534006784862,1253.482463454507,6.864554538309013,0.8909953746442648,44.46427310371316,80.70538945942529,38.990508694467756
16.740649916921015,1537.2557505322557,7.182137840450701,0.49617592610111527,38.5656816612507,35.792325272290995,39.16092823981055
78.0244993999879,612.1655881577899,1.5562006545736966,0.8247231640769201,20.57558014496052,71.37691594903949,1.1614965146968945
47.50495203124237,786.2580742431528,5.066448620739448,0.4021563818439675,9.19228634446489,63.73238618893077,-6.677708055368594
62.36592225960316,669.4464462506767,3.4786727951812684,0.10239446279317654,47.070559070925064,98.45705628681532,3.5460805655026437
25.32064264637752,1203.2787302730399,6.77946391184797,0.06150573645863855,26.61755632585695,89.23454389152741,9.886597865184363
69.4334357859534,637.0071485439521,2.634715030213903,0.051334371323677574,42.617773019374255,61.83808407070548,12.050280046558186
69.60047132177837,636.3806205473029,2.614232528391277,0.38015014195766994,17.10475028797129,84.25999348317372,20.940315366521183
31.570832117205512,1038.3602639279993,6.389951791501274,0.33723775083584207,16.76441585397353,43.512711890564425,34.97513800657732
39.908023805874045,883.7275784229246,5.753064858839659,0.7179370236225695,49.277024033701956,69.36354291742447,6.517400595358122
22.82367358156707,1285.3679121354703,6.912772188448194,0.7428215015848658,26.091652424742488,35.223333889809574,32.49922677496043
88.00768698244687,600.3316573006086,0.2607406122310438,0.05085396883373983,7.034771193037315,54.36623225761782,-5.326053953668655
59.87621904996499,683.9118089715557,3.764023350998181,0.22112326288901496,10.98373389973537,45.81035271355192,-7.906265051339264
84.43622986081883,602.5940501450086,0.7271517584496484,0.2742618501588997,24.097213969636037,80.32368707276476,15.202259156173064
30.787771208476318,1056.3140416716606,6.443018730331519,0.5476119841428094,2.123545524420567,64.3063483850053,-7.016888833469755
71.46072760473562,629.8064160166432,2.384659453256317,0.14451522390695026,23.126699268915026,82.57493351936074,9.624490061711509
70.09798473020307,634.5502668767149,2.553094671333661,0.13394121940000037,20.947042104006382,66.07068063420118,34.83890584346172
63.79073040865603,661.9217010450138,3.312382573942716,0.943788889207958,38.966813265974345,36.0539109506147,2.0741518103736674
87.07931289767804,600.7131127169923,0.38215149324732556,0.804202907297781,17.74709822446209,81.47573548127687,25.29878875624516
38.45220356903682,906.5584648270719,5.873453920226492,0.1806549020911703,49.12743807697997,88.3260484791464,5.118269619503344
16.110972505129368,1568.345320941142,7.205445217687737,0.40656780790549096,9.038495965045158,93.24718581389547,-7.75399723789322
62.095253035745166,670.9364116617071,3.5100227458094526,0.35562199925756555,29.549334248406744,70.03943617146957,17.83452907051547
66.99133304056252,646.8746924900979,2.9315277450461856,0.7910040740654073,4.484964850412732,82.75097512996466,31.74267452683759
53.88014874399925,726.472301994052,4.421071995445396,0.5102129164781221,36.6931991996991,82.64310358178389,10.473422417130969
22.579520916338684,1293.984896526591,6.925106368728576,0.12784973699346702,49.73768440309858,40.9024831859261,20.864691322904353
47.878755041895204,782.265556870846,5.030262700515079,0.7389920631562439,40.95693188758161,41.495448122169954,35.00117988288629
31.536127608376,1039.14144887773,6.392329017330641,0.39688797822491895,27.785177036015064,34.96198540663883,29.48472563684939
41.33465489416857,862.7859182654993,5.631485995324976,0.26292424763214706,24.237067869984603,52.3939544598211,-0.30618003035903385
59.843578946796434,684.1130690782848,3.7677182785835726,0.37549862202072015,41.751498063342346,63.145601141874515,26.669197968250288
68.34325312872093,641.2466885872027,2.7678393072813976,0.49775656360689635,46.79870423553621,99.85284969279519,15.094651258007598
24.739098726614166,1221.4561729241345,6.811671096691792,0.34311551641700944,49.46032628990465,60.16953394477187,27.298340394304233
39.452655654991034,890.7050795824475,5.791124405116954,0.24190577259175783,19.826961378224205,80.83698119551596,14.72577752611091
27.878733534288482,1129.4590705781648,6.629544379840083,0.39850202880398033,49.545873739725614,78.53779183907741,-3.602091794584857
21.883687178258874,1319.160543758408,6.95956807917758,0.019172910749898242,7.796312608691575,44.31373651754057,18.495472334461958
71.58791369964626,629.3835131947671,2.368868934532168,0.7724978460963139,12.67748879659546,34.09550060146055,14.606699619866994
82.28647902714435,605.0013486630514,1.0066502950924756,0.1709448935675858,4.45080623669481,68.22047260735113,15.896086682072088
36.46973578318902,940.2336209026189,6.031282049568644,0.043904613630637246,13.586925824224084,79.02139146201333,33.945122682293515
68.8587085717702,639.209452296639,2.7050180061282507,0.6536986929050792,38.39687758090056,99.87762531303792,34.74185233531257
81.24459959597495,606.4556806454102,1.1416240752101845,0.7739361288236722,42.64621790892249,55.10277365968195,12.676855338285918
76.92055789506968,614.5558332551591,1.6972637054886524,0.8138291315928432,38.94463225512859,92.74551934567677,12.78660206400442
20.539138025834202,1370.5163031879215,7.023245613623859,0.49350918266059995,31.553288908384815,56.73527191084305,15.7593479436308
86.28480992863571,601.1545089710671,0.4859765260227208,0.2053681846899853,25.69832562613228,78.25881959013589,15.979463916712849
37.01749743650431,930.615402316821,5.988387643473085,0.7372276772498267,35.435214460682324,71.87770513619364,37.51935720895563
33.83545619977609,990.1299094014171,6.229800444004634,0.6997130771543372,19.54167746336109,33.70851553118178,22.47002336887467
10.30666281861133,1910.4535355062674,7.378981790304292,0.24627073410317324,42.06541757498509,35.48718988791809,3.8728497443971968
46.324760598915056,799.3083145006776,5.1792743508487415,0.903407755862793,33.859504698839274,31.45348628071227,16.576839847699496
14.26615732947894,1665.7616778911681,7.26871092214527,0.104371458082829,34.890234924720424,55.958385921579264,21.36117914539914
26.12588477883121,1178.9923133975658,6.733715480802526,0.9826882395913257,26.79679965645356,82.20607341362074,21.988586050698224
31.940122850218916,1030.129193605414,6.364510701733409,0.8602478109774646,44.26144921055863,42.092877579350585,19.262711311909133
73.75023749679315,622.6980914563565,2.0986877589373,0.6878986454790752,12.600736683952624,72.4097077868727,-1.1131922689231324
79.4165352836512,609.4692310391983,1.377507544418581,0.9387498882798329,19.057382668052536,50.21794460217545,-8.320340546024626
30.70963698422492,1058.1436744271286,6.448247906954566,0.7223111683237078,38.88212848388445,85.78948367853505,6.89215261834272
77.98934030578879,612.2382540354993,1.5607025130868288,0.19045699703004593,24.637444806466885,85.88773043020936,11.376107728012677
77.86462967643224,612.4978295961373,1.576666023626654,0.44215613811281174,44.460700671209544,84.27901604764965,-6.90978802119567
69.99533078271425,634.9235681100254,2.5657254057208565,0.07150302433163536,17.319965988142616,66.73834596609638,30.74836690099231
17.46908469129043,1502.5845689483206,7.154092986874917,0.3896574222881154,18.46650844098224,49.91966970558962,7.203871875513688
63.677441986561966,662.5007426319207,3.325680851913224,0.7416030197372087,44.436789469331266,86.66108307150442,35.68163730892523
85.32704548934835,601.8280796961108,0.6110104045938385,0.3864433509308174,23.218516009102053,43.027039335746906,-2.2794946078867415
63.01594069520835,665.947804060449,3.403069413455802,0.3302941754681341,25.806229210124336,50.283172142005924,-7.1532521531343285
33.187432174165885,1003.3958486385791,6.276633009662654,0.5953557225103119,16.63818576678397,42.876339431243515,14.115805219316087
47.54924198162066,785.7815484206485,5.062172373412339,0.872204528998895,13.833497108954095,77.19471122713534,-0.5435331587146681
59.88662868483956,683.8476878145939,3.762844701704991,0.04758319254611243,32.7974355419196,78.03652196810727,36.86996377889306
48.3984847419228,776.8235361081861,4.979594916522592,0.3854704346997354,5.992033077060194,75.6756994950727,-9.484830077313052
15.196000047132435,1615.4483645017142,7.237760971220293,0.1582407418152627,43.96363205914546,59.09210268052675,10.63098375295175
31.525443795421754,1039.3822044155609,6.393060376269567,0.6953542507318696,38.96015683825539,37.011970504100326,36.337388567258415
73.20366259705877,624.2991163642291,2.1672795022551856,0.10572456043113487,9.53741318529014,93.78187091605147,9.220910336488416
78.22053391811897,611.7645748426548,1.5310892087774228,0.6648077585802445,34.70099729122827,65.54116748085667,-5.344535969976962
16.67050278082347,1540.6670723588481,7.18477730911789,0.2861808707979073,30.131646064281743,58.488053643776404,5.144747143089354
85.9528739538916,601.3704068150282,0.5293271335800455,0.1989168137372247,9.226752536832205,71.21774252738052,14.900519691721673
32.949922517131796,1008.3626459810998,6.293597034782882,0.9363525578249854,13.660175302511623,43.49533050733741,-0.742415632833346
61.2966677921112,675.4480547558151,3.6020588227256027,0.018524576745955867,20.44932518669172,39.278414537341206,13.328085257163096
68.90513740631789,639.0288454006068,2.6993486528696056,0.43777727188956894,34.962136762273694,58.38676550205605,31.81715978929187
74.01542994422009,621.9425879389537,2.065338561368788,0.02162699246179378,31.936170440850297,45.905448586993735,33.63089850983065
85.38872468920407,601.7800297357944,0.6029631013766608,0.483593048104329,26.611742383834898,47.10032061760152,-7.536963264463394
31.598161582449922,1037.7460207734339,6.388078099099158,0.5010473777944182,38.42052715570171,92.47580414449706,-1.954832097371325
77.97304863688213,612.2720019896042,1.5627883400437697,0.321662471394747,37.896886980308295,67.15314240300773,3.764506788340208
16.193386792077597,1564.2158111450733,7.202444107965464,0.13216177752502367,30.892957703112796,63.84283450263458,19.74329254438009
64.92847704005538,656.286112257495,3.1781196470732667,0.3763875377344753,39.349504169241264,78.26357156100181,8.049737939623355
68.0681070086888,642.358456507166,2.8012814505704564,0.672262939932566,16.71316873896046,96.60836795737177,32.202045672303775
62.60647550211224,668.1386788545187,3.4507458148992534,0.7823958086444591,44.06247641613028,37.853899512939485,25.833593414146883
26.446752571488005,1169.5910532398939,6.715114843985163,0.5307506023881423,30.74550429009704,88.34741969764801,-4.977198844324589
79.20866749629228,609.8496147736241,1.4042453671053463,0.5898343944397556,41.11817569062153,70.88134259074921,21.22787512560456
19.352969386483576,1418.9813501402755,7.076212432394139,0.2006163711246527,27.313955239514197,40.23157476682861,-4.349368732651079
9.558957279270622,1962.6999933896052,7.395864342349743,0.28733033322764945,10.921912249434019,50.80045230822941,2.7517834818230043
65.98452420201254,651.3409723707618,3.0523753513459884,0.16189561005235842,27.12050643391543,63.76529915253177,-1.1064683232885972
45.41543579478236,809.8422462789586,5.264709028689271,0.24929535000461134,18.555583188829406,78.38240012041962,-1.346902539964752
77.17333169648747,613.9886321441018,1.6650176743585736,0.22488678022553177,34.87495180185473,46.982491186741655,20.819776238842962
37.58875698995201,920.8436763714835,5.943070165404437,0.5194487863912376,23.789689586736788,67.44151708273128,18.180246127708074
19.30368002315559,1421.0625965560625,7.078347908895194,0.5626887557907294,41.805640246384385,77.92701391911032,-1.198592360613656
76.09758635993893,616.4852417536413,1.8020170097521448,0.9449474208215045,33.90362561609584,61.41185255932544,39.50864027092159
51.65731868940609,745.421670129087,4.652725970754336,0.19557064710152305,34.2272216515662,90.41181727841231,11.091836618414689
21.081642353180165,1349.3525888561126,6.9980162280785985,0.6416757101614959,10.857766674553249,90.86213719882831,-5.146533592253169
66.23263987984788,650.2180881488266,3.022680020562224,0.8172592689875229,49.21248832456452,62.9483852348312,-3.9715491522442434
48.44465927160755,776.3461011858772,4.975073541089433,0.5602414637830525,42.083760463574436,98.10479972862298,19.194685686329734
56.36660349042718,707.3999542457486,4.154077106633494,0.2550036525010757,39.450244228034734,35.29095646838131,38.95347016917364
44.17635874755946,824.903231711678,5.378986569535833,0.2625502300200002,16.510761258001374,30.235366482605563,18.597555080959893
75.44026362453054,618.1181338141123,1.8854194130076933,0.03925305307099991,26.781582642361595,56.646778466274334,37.45207383083186
75.51283083305924,617.9338273662315,1.8762239289137126,0.3054442265484817,6.855159403716432,72.07679429607565,12.206642537901338
65.29804985507283,654.5246904307078,3.134234969640499,0.7446036790033801,26.923798833135297,74.04401102147625,11.792055182600599
13.959117078699293,1682.937304202022,7.278510754388415,0.04751775720711038,7.294462324164364,63.351201540568,15.000367965794112
76.30257826184585,615.992753368937,1.7759582019997868,0.21929528250483066,27.65189219948006,38.74183192684523,24.871272907777765
62.036103345297334,671.2646362195892,3.5168632852442565,0.7062324985317819,32.43609400774528,41.934826525152594,8.380798322566633
64.24705411036547,659.6223722718378,3.258686749924753,0.7826515628228766,19.50979836249512,89.65035886964064,33.19430163394785
35.85354143432909,951.353447157679,6.078876277638827,0.4553184100619284,24.927243916564663,90.75377922174829,-8.535930761592688
79.73876227334557,608.8948985079269,1.3360241039809455,0.6980743384786489,43.78266938372929,77.1728976502504,11.988209751422115
66.65658601996289,648.3332008236039,2.971809834649792,0.387952168654892,5.4281572351404686,76.49525805952177,15.549592498995892
14.57018965498153,1649.0321128571293,7.258801412460438,0.15991324502412751,39.586644649982645,71.83774896194652,20.35161191315481
39.66113292452383,887.4925129120898,5.773745186437779,0.3981494935229065,8.537727549809821,44.204811999139174,3.803595618293162
80.34233076661205,607.8689782300826,1.2582081362444453,0.5799678202031429,1.8353991402314196,59.97754901819322,11.373998549291766
9.011719644277214,2002.2466569588814,7.40742241372354,0.9480532818528903,9.278730137252388,78.7126256024365,14.22688751070283
86.7204126695742,600.8993542805183,0.4290625933413554,0.06875095208867732,38.252159498524485,67.6076590402337,24.34549893416066
62.72881830716284,667.4794490561999,3.4365190861307764,0.5073940938449606,20.256303666843,31.300623383856944,28.677209236790702
58.66695809968701,691.5776570229109,3.900088374637498,0.3289197782107244,43.6260258423091,96.74897647040689,26.891366367189363
27.997536801479267,1126.2585844099012,6.622258312945537,0.5083116942766945,26.23537705911329,89.13712368005004,7.079152614479266
26.147302042830052,1178.359975854236,6.732480497796736,0.023975447376531678,1.112517596316548,48.23815098768165,39.97252614959818
85.07494865653061,602.0311737369029,0.6438940908312255,0.3130253547015813,35.835680480096336,73.15212546164074,32.43326558935897
30.353158609900433,1066.5811944682491,6.471953114908892,0.819868147527005,5.511645436061635,94.62675686097315,3.0011686572484457
70.91795022111495,631.649029146176,2.451913795847186,0.5539417338546375,39.46898167309622,36.7207708479556,-0.2447097163586225
38.41535284760173,907.1565182651507,5.876452408778771,0.4505824928161174,8.405127490259002,65.21206365576904,5.7010625291695245
16.836596016699836,1532.6106782170568,7.178510186959043,0.2855250717153396,17.27231929027567,61.937011809240616,12.617242649982245
5.910800304105511,2248.3329882529592,7.4601256722211575,0.2980425227913559,38.06357148126801,58.71435036984727,32.539968915980694
51.261873646296316,748.9940926489917,4.693213799929364,0.38310143359058446,47.71156787382108,88.49120262250474,28.918113189726725
87.94119957665927,600.3541730663701,0.2694383547193953,0.8355707099645604,18.571697532336618,56.64523026882201,32.5623061752938
36.37657647378238,941.8941531423288,6.038522476537964,0.9672132068082684,41.47001100994679,34.45643332687053,3.5978557455164246
35.36134838940881,960.4707316755207,6.116387940498738,0.4386553813503745,9.539613273791936,34.60864195150118,19.67306112259181
34.24778751720258,981.9012226160817,6.199586109635963,0.39335283874776183,40.358988510124554,32.992122456722626,4.162453113868722
49.24622617091297,768.2122620645969,4.896072364704773,0.8465507758198628,32.87470296281255,58.64017953118261,-4.548841964025343
42.45651509106495,847.2469420263751,5.533424001566779,0.4269053206363036,9.637175360618421,80.2884394388852,24.20988717373403
79.79274327179623,608.8005003850458,1.3290704325952132,0.5520181722956512,15.125198017570579,44.26057233513608,-2.850122440228061
47.969267296496675,781.3087516229634,5.02146842403177,0.23094166459874443,6.5885444298518,75.25279643020846,23.384888085323574
48.15941624602835,779.311182128853,5.002952539924213,0.7435025357790752,19.148350553215664,78.09619304725929,22.398215245270457
16.76158555124731,1536.2401323821105,7.1813479965755675,0.5319883182707819,10.18243205616387,47.864148681091855,30.51242222120085
88.53286097738281,600.1798174581963,0.19202706238812917,0.8090345502403417,32.19989768152367,72.03903592424405,-3.0222697718217804
26.247695723850523,1175.4051184544219,6.726678963169485,0.7807327300286697,49.725255211027935,77.94078380187932,29.174007425440543
11.235945734066227,1848.311886637809,7.35624828921478,0.21500476827002857,0.600458154213207,62.662953596148796,39.963826297311854
61.36743116289275,675.0412224551828,3.5939314159576203,0.7156355505577624,27.045990664364933,53.57016180960666,32.55212242929511
55.606141463334176,713.0072680101885,4.236589179675259,0.8000544079513714,28.683329877450486,73.3406086102029,27.590603816383314
40.28738058938339,878.0250407114363,5.72108075112175,0.3461072407823951,45.71043948404059,98.44929611296398,23.108267734735378
40.88633987985764,869.2204484974845,5.670071603312159,0.17260911290227454,25.300266738346878,59.878898655828465,11.089074234271472
71.73043328894666,628.9136005199225,2.3511608536631496,0.00263215557958818,27.185070982245875,57.42145673995847,26.525008394580112
21.63557440847017,1328.3636887808611,6.971608062206298,0.45090365309314817,23.58264006641943,62.498683169827935,26.20890175702266
74.72153211031562,619.9981481546947,1.9763290849736357,0.3524327315388416,13.445215228074069,35.33528754115338,21.574914134364413
60.14350468107654,682.2753168003201,3.7337202111197945,0.5549098338254089,2.801456662445684,68.72142957699731,29.813918914891424
40.612430771259575,873.216985807423,5.693475741503579,0.18804109258878576,20.432884110491806,53.00881710520845,12.438194421341734
43.93243240962883,827.9679880430504,5.401188709060074,0.8596655476664752,2.6295735620339267,38.49954856318837,-3.9373643933804683
26.815012610818144,1158.9895572122641,6.693507368333876,0.25775521562810966,27.52462347329589,62.637971878216135,17.95338638046187
68.92971827924285,638.9334191318221,2.696346402588381,0.22642960508764998,15.364682162114656,30.23687906017842,3.252176435567131
48.59435309594776,774.8050168403834,4.960393431446972,0.48071405648435594,26.68012007627139,58.12496716139313,9.22165487145751
32.27263613373671,1022.8435778613557,6.3413770343865785,0.49885102374427426,6.714848219759334,37.401468754851535,-9.129254802938698
55.66425983968077,712.5718685847296,4.230309342986301,0.21508522878509284,46.63149828696798,31.70048923798462,9.139529395894169
89.63742842436245,600.0109794902128,0.047460191513349174,0.27186072672591577,44.72606217749674,87.71325323711514,30.440055306772734
41.997293770807076,853.5122561271937,5.573823220749173,0.16970523915524494,9.499825460114225,94.13741622978444,17.136118346912742
83.25876906618267,603.8141618267291,0.8803905590316434,0.7184601783231668,17.172214164700495,44.53722538513747,-9.509973653301447
34.32643139358812,980.350118457352,6.193786827540506,0.7700890312540819,30.67463859259898,67.7508784683983,13.492191011992364
9.652280088623801,1956.0672025561475,7.39382592654621,0.4623284974592826,4.784310365295314,49.45707099916895,4.572582382270372
22.360579041316456,1301.8068902296932,6.936060006797642,0.7140870226850174,17.728391055807542,64.55042070705275,13.877532769858554
40.589087182853156,873.5599024800604,5.695464322549322,0.7359353919374455,12.555614340950305,60.564192462591215,10.234636072393851
23.668968930538366,1256.3734640708635,6.86910113755221,0.1382755276778086,45.77583643583483,48.833573855634,36.598960977869076
5.019298248551721,2326.3237425567368,7.471239644730079,0.9661780248345367,42.62553181446026,79.02755057447084,-7.941135051849209
82.77513070853982,604.3842803991611,0.9432288760579938,0.821031947096431,28.99163706334319,38.854367152417794,24.17940056409661
76.72974995462897,614.9918707419483,1.721582984984019,0.2044834611958235,26.01731684357871,33.7150947519957,32.55132981508707
68.0948396763905,642.2496922666814,2.798035097240617,0.18616503574607024,46.53628972726986,83.73728031260954,37.96192923252377
19.264240629912436,1422.7318942760148,7.080052859862398,0.12566114557958274,46.621389148940764,76.6151021854476,-1.1181886727852053
15.230903977848815,1613.608463871105,7.236562016331553,0.13837856254191838,48.46650626758302,64.89682869024786,16.565240098309694
10.746403705152568,1880.668351216726,7.368465775343,0.7481617990286962,6.268944205409382,62.74528393307791,-7.820521134139405
66.54248104569831,648.8363525782534,2.985517648199015,0.46965425695162355,8.02789053815851,64.81879656439983,14.959176222754426
83.94867665847025,603.0704828813105,0.7906445657328457,0.7829341727398672,33.83683493399433,60.5916853269071,-3.727095522950904
41.59554477760815,859.1014145480494,5.608872855083556,0.7462548943502054,27.071723830492246,57.50246070818254,31.894833734935673
15.126957119664095,1619.0980745422592,7.240124693470414,0.6046127135052216,0.9232952446617981,64.97834220202841,-4.306499869731758
48.55338976222906,775.225712462061,4.9644139753054,0.6863666065786795,3.098751799475968,66.99606198118323,15.664418019324764
34.65071213398356,974.0154464788016,6.169750884412795,0.01835572437914179,44.404019112940254,78.43316198585347,16.05480344963769
36.8601185697498,933.3536084206671,6.000767959444691,0.31177764680502196,43.44353977696932,79.78450125138158,38.58252489658027
57.81310305323512,697.2562122319396,3.995120587651111,0.6378221792594102,17.863546099802257,56.434035609810124,22.74903470194441
66.0910396272872,650.8571251730737,3.039634201335306,0.0093449534862442,44.552530846526736,58.94783659204421,4.392014653840096
14.401305904218672,1658.2911727919582,7.264331194916144,0.03297694368259341,29.68375371989509,56.15880188153561,2.039965496906923
8.025169618550493,2076.414020233392,7.426551265980883,0.8518879824703832,40.295282350945094,67.55750415379973,-3.5875897177467557
89.51807572828577,600.0193980014537,0.06308299581453698,0.6840248616920718,21.371553558010714,61.73474765399367,27.825736202452973
24.781909657821906,1220.09928940889,6.809324020648297,0.26536973312034395,5.6699163672454365,92.27175241953356,24.537832809116928
9.575594617219021,1961.5151594755687,7.395502376118561,0.687962840118709,21.686353132300813,78.74528868415308,20.493856365405296
21.1394029731532,1347.135055169114,6.995293051794132,0.7924566691392633,22.864989899844897,92.90594686281119,-7.957977852500583
8.311416939619459,2054.5080763091682,7.42122753410655,0.30679428311010126,27.54720969203015,79.63958940915978,28.141443319714725
38.303926042459594,908.9710959338217,5.885504249731118,0.03603737749918745,5.2791356452214,97.96945039666699,22.094378857423962
73.20415167836256,624.2976571806321,2.167218212831614,0.9327791246877345,49.570093152480574,74.50157447786884,38.19444340552442
34.00577822940625,986.7111704158015,6.217358806668855,0.3451798382956305,12.206841040345317,97.44850967141383,19.360106493840604
42.75558958466116,843.2359860927791,5.506922133078569,0.10648176328470638,9.927620176854646,41.07189232865983,5.197595333085406
62.4248757532323,669.12452151241,3.471834254663375,0.4918568713931474,26.340145942796827,33.67343765805827,9.076027609466014
48.25599595593982,778.3030313411409,4.993526910506366,0.7684677956641338,26.86040896974443,70.53876296427015,-1.207964731088376
78.22288331181255,611.7598114443363,1.5307881490714532,0.22164731461755915,21.991036891662212,98.84452440598425,26.145709110069255
78.6130323788893,610.9827337421038,1.4807577361841835,0.26949005013336336,38.594607316262724,59.23236731116778,25.386083001086263
5.84240911674806,2254.198302835081,7.4610422743874425,0.24271498679858317,25.832720036430135,44.843035353507176,0.032500773883812784
71.13393605107193,630.9084331893082,2.4251774925306813,0.9916730528316782,30.484772757249207,66.50790144354598,-2.07553384088607
44.162356020542276,825.0782591684947,5.380263737213714,0.19740373373054254,36.18731927038928,75.41590372052221,-6.14975333989027
89.05144601081136,600.0751544596606,0.12415975501346305,0.575520216966124,1.2512550781933307,52.062508686112224,35.59878718408793
46.07472644941199,802.1623175902296,5.202897005314589,0.9252646416569643,28.53220912725224,80.03385509494817,1.6534916847425567
88.88615535800528,600.1036324706083,0.14579273919853425,0.14689656887777924,44.209723561418464,98.2580154932008,7.208176337590196
69.13839570248761,638.1286648987661,2.670839096157862,0.9708541978677002,0.8694371462716954,92.78741851974318,4.025225418874532
26.131415192131037,1178.8289633137301,6.7333966708615876,0.9474772343956246,20.259105190048054,50.41097614585367,10.681230130539554
50.763573239391405,753.5861432811444,4.743913942203671,0.8845719870582626,46.3113725102915,52.87065782012188,25.702439969124164
89.33152935567954,600.0373227914279,0.08750061760507208,0.21455652133000225,17.65772011412689,56.007885711471204,33.52978168631422
77.89010165891351,612.4445798357128,1.57340610209609,0.6340550560109833,22.936441210012042,57.618694487555175,-0.870062523572992
13.276185972253794,1722.1732574275284,7.2995580376665865,0.7608914729612402,49.07706965221564,37.02236494352956,24.320617187058254
65.04161972884967,655.7433045374873,3.164698553570683,0.9860279281964297,9.96619294752869,83.33739872225024,7.628107112124258
34.37426479901911,979.4095400577166,6.190253834032963,0.18042382208137042,3.262759456250297,55.57374845274903,39.02635841486464
5.59349225982959,2275.7101789419967,7.464288578802336,0.7660258995192964,42.97112954306522,91.58739836938165,4.945957964203844
39.295882367294965,893.1412767219736,5.804142948262849,0.33880116992711296,43.42326706061843,94.8858436184076,-9.640352199607001
24.95412584662256,1214.6712304405687,6.799844009541529,0.17562646556800232,23.60389173400066,31.710191651538167,15.781998700992258
74.60388799424008,620.315370406448,1.9911802124964038,0.42137694121385494,25.710358723864314,99.19521489497444,-2.4634457862031134
33.673101751890066,993.4148260297347,6.2416088202505895,0.7938359121486164,41.790318480891806,79.70159120501292,-7.775278659080045
75.33951398607445,618.3756874064111,1.8981810667586994,0.46484980370405216,36.92797490578975,66.42745581950736,24.913461597385428
5.050824800957601,2323.508706395022,7.470877453333155,0.5375231002030485,13.257450110850533,57.26693258607873,26.612964125422828
31.164627752220127,1047.5874582909523,6.417629305671356,0.9951594102001212,0.8446677535759228,66.2962692826799,13.034950655825128
25.499043216159766,1197.8109864971102,6.769443550057336,0.399109299557426,23.985008126677286,52.72373067849111,23.84427583782886
24.853225690831934,1217.8456150184643,6.805405733991477,0.6154007547092398,42.94561630478207,73.58814695875839,16.911972412356693
10.795862680064328,1877.3612379714343,7.367255842089727,0.36524420161537186,44.79173383450811,36.50861935113539,21.490055386096582
20.905562984892647,1356.1547696858534,7.006273750262126,0.39278564632870494,47.81130985380769,73.4785822038267,19.83519865939806
52.22171344027769,740.4307285989526,4.594556728446062,0.6956407534454081,43.978161880639064,49.27413950969109,23.29113820277962
29.76569119120828,1080.814728952564,6.510471649630361,0.9378869760948835,29.002177764904918,31.234438033664247,-0.01846756634143709
40.47855649797758,875.1885695413948,5.704867309347503,0.5423589504923214,22.230279961805046,68.68940363140143,3.43533100183501
37.033684829511024,930.3349028700695,5.987111686991201,0.7683999289487798,38.742492326704955,70.49134290968874,11.998157475384598
79.45191862499104,609.4052549488943,1.372954405596576,0.08920655881696382,36.99108171827982,59.85983032980752,12.306400470959321
81.95041491589382,605.4497701537648,1.0502253710727578,0.21115803743192696,26.907171504072718,35.060036278522176,28.72058557934521
46.90134259074811,792.8469328414894,5.12442497903572,0.5021316409195324,4.366368627923456,92.5340066962934,8.369682961476602
33.063255776826374,1005.9855182025271,6.285515727817638,0.02001172362877479,46.30406733934594,72.80015650595223,-1.8747421970408809
14.07805984020091,1676.2499919277482,7.2747392339265815,0.2528549787625588,22.780126875083106,38.09993096982787,2.5732985245537936
86.03924474747808,601.3124405181461,0.51804881910381,0.5174012898249661,18.166689095813215,65.76514036159034,0.7366751192114194
10.119290316525284,1923.3553075650786,7.3833306134185275,0.014961198256300712,31.478369758438586,64.807802116393,26.5830009628011
30.30027359330384,1067.845634815632,6.475448560688041,0.2645462862260417,33.69189805834885,34.22813081550489,13.516980731299103
30.335627099450353,1066.9999932608166,6.473112474713712,0.5140308194758695,10.534395851515072,72.48017925220633,25.431534898549174
32.23410932191827,1023.6817039566699,6.344068382310447,0.5731492479812457,41.84694224049781,86.58284792450951,10.810984037881347
18.964381678154787,1435.5398176789186,7.092905884529783,0.9257516930553055,14.496854683118892,82.43056379739346,34.48678012519526
71.56872162851425,629.4471135945796,2.3712524349628934,0.6453456232506078,9.334196295715834,44.207858991492834,39.176015386136726
15.412318267109084,1604.101185090691,7.230287166722893,0.41473580252999376,20.31999264272487,90.36047706879481,23.492125435130582
58.96706602801884,689.6345974208061,3.866480211878141,0.9303511771330678,36.52800404487326,53.97795159615457,33.190627861810945
15.526912269994483,1598.1435536321521,7.22628617238082,0.7848829833877943,48.27290892199017,96.2555864804359,15.396663358603135
10.995529195401307,1864.09775682257,7.362315520011218,0.2000089211127476,40.46406321857166,35.02235749579996,36.731042017695394
82.30150781329951,604.9817536463897,1.0047007976564855,0.13084236134881977,47.017418883509585,64.03460819638899,31.579324283641398
21.160945137089982,1346.30975415273,6.994275606832051,0.675811635742733,7.03029020382634,71.79870640242845,39.588928588301954
74.80626313757486,619.7713360975131,1.9656276662429248,0.5598831655769838,3.5588399431838393,47.33550689322233,21.154686766389027
51.293624044106544,748.7049345046744,4.689971249030098,0.7896736137927557,27.88523809533356,83.99661321041594,28.960337013411426
11.617804166745415,1823.64846227324,7.346345393142483,0.7388050500786865,14.514874152201717,73.8826975867502,17.143406998910674
86.21309627223573,601.1995793738733,0.4953437109421214,0.625211533857515,41.40274864846364,31.267660610156888,2.9560052135711423
25.991699194310865,1182.9699413418043,6.741431598717251,0.9863821716288922,33.599393570116305,72.58580134873651,7.737758556487886
78.06985435497155,612.0721840222113,1.5503924272026475,0.5335897301104087,48.536408199289724,64.40347640929124,34.700270736565805
19.348850491687955,1419.1550601639792,7.076391085294191,0.11310575650171983,12.73961778656521,43.72204411924554,-7.202602670068972
77.5851449820575,613.0899303647275,1.612414055745129,0.8282735648159884,24.289205717761618,99.70237589416708,19.573994303720408
6.124449096949989,2230.1351383134547,7.457193816712096,0.251853362345709,25.062023871267662,92.80135363793305,8.624201625205433
48.501338808405855,775.7613843617546,4.96951910606297,0.7773021481439183,11.95883974286881,50.475538652034444,9.334626900277783
70.40261925083233,633.4557312838897,2.5155637774974062,0.9571070960000514,29.50466997440039,67.87496445590314,34.228560320688366
84.45761898688659,602.5740774587503,0.7243650680546565,0.6967955139643413,22.164299303961975,52.155149793720355,32.69111872731133
82.2821815775514,605.0069590238254,1.0072077370301973,0.5960301609498011,22.33607779949368,84.28470261452546,19.942118778623435
74.66811391154982,620.1418552901296,1.9830735142288805,0.4603861756750406,18.13683239862418,95.12320032375186,3.645942370216696
80.49626472121085,607.6176871786356,1.2383392825624222,0.36440986599540326,0.846467621276753,55.11800248400685,13.772817308101203
21.933673296151504,1317.3210102972148,6.957126637987555,0.35300475097183626,26.10476184573945,86.39089744005392,10.414669689460801
29.155665135496946,1096.0411489499434,6.5497448738553405,0.6363727057095906,16.762391785016558,64.88852798992434,7.680901460124765
29.562324618289974,1085.839505876148,6.523646532373118,0.7512731169377459,0.06599344921648376,57.76049929181041,-4.8607210721351795
37.0495841351444,930.0596021374363,5.9858579735270565,0.6785170694844144,15.397185383096602,95.68952964691388,17.155694335766018
38.43225698274104,906.8820529395034,5.8750772460847145,0.19841010119356273,13.93141665448785,65.7283282103322,5.091564893724179
51.287202595647415,748.7633831532812,4.690627164067768,0.4939871801434912,19.67240766118179,62.71873501802254,23.04039714637642
18.589779886147518,1451.8327896300225,7.108689668867788,0.791640072183063,6.592599482169847,77.07040813736401,5.9601967912765375
63.75596642180909,662.0990385346386,3.316464698546337,0.47570407818905625,25.384191231754222,48.286394071279915,11.558174656740086
19.243155840883052,1423.6257712351976,7.080962971727625,0.5366232797354938,34.6220176259065,52.735500955182104,-7.381981290279623
31.37622097888654,1042.7580735681004,6.403252157470436,0.7711360481708222,31.509278452728623,95.24320853670359,39.626903495273886
47.784336101523095,783.2677713879311,5.039423177022032,0.6612653062650915,40.187747378459534,77.49708918058596,15.380519163758791
72.69744772949556,625.835121742788,2.2306305307691745,0.4093449208823926,22.600414399354058,87.8646003439704,-8.788120291791358
67.85488482529182,643.2317501705311,2.8271527710344815,0.895412711194219,25.95458651698641,48.977823335480075,17.061532938057205
59.870420294894394,683.9475417183921,3.7646798714017655,0.1625670686634786,40.52009704294917,68.06531329509104,33.51769996528249
18.240727149314463,1467.3127828060385,7.12312347562876,0.9955164485903247,21.385058540961925,97.99773868926488,28.62760671331013
51.49885437732411,746.845679015204,4.668977135065297,0.1188525784762372,35.07996749497985,52.30927293197523,25.045334206472702
12.432952652990263,1772.6461176753917,7.324114616922505,0.014949971104238902,21.73011843589959,41.23335334219293,-3.0267672700482553
37.07587002771532,929.60490359405,5.983784232005131,0.8900189011487647,20.886809725578132,65.76202057572648,22.886853949373617
40.14890507464653,880.0951469774418,5.732784957534775,0.24495350836595609,38.01028122645801,57.14747621074133,28.314918900613016
8.383972352889074,2049.006081406134,7.419848691175982,0.7296996274467209,8.741845773310558,41.17040629506995,18.62095319827483
28.288988454947606,1118.4877949646325,6.604263383837979,0.8110153749320693,16.929298597078677,92.19859678923575,34.63745022601758
86.2302047176516,601.1887483649007,0.49310908834855527,0.8589863910321168,11.208613837345089,99.35067373876444,3.849489089244271
86.05877166552361,601.2995098434621,0.5154988263945184,0.9915942356641667,17.955497148379855,69.80075264829983,2.1072349869625278
34.94779961146584,968.2972763279613,6.1475570381978395,0.29403971003999907,11.5187411183012,84.22737378614178,33.4784872471323
8.663509260607544,2027.9979951868281,7.4144251639006145,0.7102433419272591,28.970281554332733,90.13268586824097,21.26991214957262
20.22306984289543,1383.1315550717354,7.037654356442599,0.11539985828082822,39.90854013089226,79.06874042152788,-9.927638973950033
38.33851244185091,908.4068558901477,5.8826969781065,0.4068092913568494,39.330653060895095,33.09092343782118,7.656570425552626
85.56127432738454,601.6490298236922,0.5804468177043965,0.8479716933125904,18.225048227439622,41.03439622017724,32.89279929073373
17.00192040066072,1524.663015245672,7.172212169336262,0.36765804605910835,49.438020294713084,34.96924338059705,-8.634024417912835
69.89884671179804,635.2764956630272,2.577589479301926,0.5910953805356141,29.692718235290037,30.69157246494396,-9.837603586924557
14.238015846848826,1667.3240914577327,7.269617809867564,0.5037734437246341,19.97001508891474,51.41974861300656,4.062964526256488
88.40689407825853,600.2120296890316,0.20851020802420145,0.6459515311120451,41.77696396207127,57.46491723370919,35.70000185046389
37.43740242427647,923.4073716963208,5.955134693333771,0.9728943893876949,36.49370063213204,46.8720812635148,35.07387907350082
70.89493580641977,631.7285203810834,2.4547606407032028,0.05573552650140212,37.46376684120522,34.522325366042466,15.938097290075397
34.1202420389462,984.4292525857559,6.2089666100418475,0.5739615175016297,9.80696748669358,67.09041635856744,17.66184355698113
58.35185455849874,693.6471727219341,3.9352606802453396,0.8630287792502848,23.416215368427757,49.13235239699992,6.600400565859442
21.321367202903122,1340.1934440515006,6.986667721730302,0.4813827117484275,43.091406541230135,85.72260084044936,2.1868331013904925
17.411786640241814,1505.262656101129,7.156340932091803,0.07852718594157282,25.201900381437863,30.563683513769682,30.761092710605915
84.73545186329116,602.321721395454,0.6881584756027896,0.5605393524167709,34.172637171052514,88.97689359013272,-4.6852569750179285
83.00001862187685,604.1141644642767,0.9140176561100651,0.33207389082382044,29.396686651713228,96.832757526217,14.367718543931787
80.434859918095,607.7174247548828,1.2462661187590451,0.1549417853379359,42.117839385919105,80.12945442074987,21.719862974854223
58.161843264160446,694.9097968949272,3.956412552829317,0.849034513283473,14.22804198808013,81.35508456837965,-4.815985481448539
73.70279795338365,622.8347036758478,2.104648784516389,0.5215995129911216,28.773763894318243,95.34936181219132,15.980354773617307
10.868139637466868,1872.5438662359597,7.365477831315862,0.9332764123790667,6.161733400490199,44.63498997102444,18.87606439562216
33.457068560707725,997.8257419627207,6.257243636585394,0.8060165046030691,34.51053883497339,99.61958977460037,27.124803025368244
31.66476560435828,1036.2524951659489,6.383505679384783,0.6929717937736674,36.5983919176356,84.14368423649793,1.741802457376643
59.029852365972125,689.2315086850394,3.8594355145264387,0.005025503365311934,2.141866059449921,80.85994958294556,4.666375164537914
35.256410745004445,962.4421956291376,6.1243273055864265,0.42782345663824994,33.789548181399255,55.27634052967049,18.47605733165167
17.623076439712868,1495.427939082904,7.148016060243398,0.1974862816520323,20.734507708289318,68.20442397839274,39.15632049908071
55.699701410151214,712.3069166991963,4.226477655290427,0.9107979110488678,6.204843805484117,75.77424517913428,0.8746591410057221
74.22263325687193,621.3619063022761,2.039250943389048,0.17458398467636027,20.99537738492338,73.42400029220511,39.2951913561732
37.48049702909772,922.6755778696115,5.951703834537299,0.2860600516592855,9.711646484779084,79.34892469343066,25.717126652724062
16.242840783370944,1561.7466466106014,7.200636090440764,0.5168367677344992,20.777976606165826,35.766721735488744,31.30410348150116
21.718496771589958,1325.274422596021,6.967598684509741,0.26336361899807925,19.216951397926387,54.89539029821877,-5.517936588183039
25.186080939397637,1207.4362923534181,6.786978463436047,0.20986467727912117,36.91958184680287,60.3800011616834,5.021009371531612
30.491295404535578,1063.2939940087435,6.462796932601832,0.5990993251027524,38.71077790831794,48.24405085124765,-7.113186017450948
59.63758099303627,685.3904161174723,3.7910094164031625,0.08892952275502386,30.351432719227333,42.083908918845665,8.57734975015876
56.08036618570612,709.4878520463544,4.185221253311155,0.05816775872092472,1.134342109122377,39.7249235939004,39.064482996002596
64.16678823319833,660.0229992119275,3.2681467516102334,0.3722452951860714,46.5511139535497,55.646837457960956,-4.736346889683077
35.81266868517862,952.1025174901761,6.082008442616897,0.7206644545078623,34.31166400482238,64.54091903937962,18.118639118559972
75.03980040979816,619.1533743939553,1.9361100306026073,0.554806758273948,1.7097724960594418,34.40835081026625,-9.696468859309384
22.34745119823962,1302.278775152245,6.936713574470652,0.42287646846677884,40.941644960705894,96.25206662133847,25.634140802203135
44.868463539043084,816.3877930444396,5.315461895718486,0.5657515642245824,10.013307735899806,83.56703260025309,-0.14036538139794708
73.07979133102158,624.6702282366923,2.1827973835054055,0.3654514846532736,28.96105947855534,81.15962412298266,-3.520773143761854
20.313485057272636,1379.5010503836752,7.0335544074732175,0.9361463354321129,23.331718497509357,42.100236749210886,6.850890608039382
14.33836466796655,1661.7635563111178,7.266375946328892,0.05490489091077433,20.991939117753834,72.26605376085323,28.552214896949074
80.11313725347912,608.2509165211322,1.287774162688423,0.6733914790298352,44.48568600621988,67.08074627660672,-4.66934568443946
34.14902133453165,983.8574809935171,6.2068526851559085,0.8912826648277505,21.868064578130735,98.77281920506857,1.4919497899347682
63.128960617267715,665.3508247061245,3.3898791392116743,0.8038847087352534,3.7672058786575366,82.33702390561106,-9.576778919134522
7.15463136243477,2145.0154662241976,7.441602248662376,0.18404103482144674,47.331936360747626,70.30333186013618,38.4207431347809
63.65398551480322,662.621043943519,3.328432649565365,0.29592634898028836,46.026761561981374,89.55688665290856,19.607279999443193
31.868611481492493,1031.711538996039,6.369457921299625,0.7170479387071047,34.22163447907994,40.85659896024966,25.994981819234972
9.737972554932547,1950.0050192769727,7.391936902049058,0.08427055918076554,23.394626406601247,31.065157078368404,22.569158557800726
56.83408473158995,704.0479944462668,4.102990074357919,0.811861699832584,4.642973647176063,78.31633333901662,-2.7817720565162816
25.468324366219726,1198.748898764829,6.771173639452195,0.7189069446047903,39.53740592887381,36.88180221660662,19.746996949699707
37.8786155744098,915.9841062988844,5.919849740225015,0.7296066492353426,3.773895721201448,38.08035479884565,-3.4292202429368945
11.849369044353654,1808.933963218624,7.340181156733208,0.10024137026759139,3.430049244757283,82.12765084971713,10.061822698156394
17.508876343070355,1500.7295880737192,7.152527651523094,0.7177605448162309,26.869192121968403,48.93743908937924,18.44815679626465
30.32806501714672,1067.1807509670325,6.47361236857587,0.67981812521997,8.006412009232012,74.0041850898225,17.944055705107797
12.629557547613356,1760.6734751130466,7.318530728301113,0.8309224908218505,0.3865133670174492,94.21848482649239,-4.0463287008629525
82.42023249833679,604.8283339679001,0.9892977023070302,0.0415959562564695,21.15567154978931,52.153217214650084,-8.27820151767389
5.513998670638165,2282.634690088565,7.465295635097952,0.023110668467792195,6.860861580503297,45.20009104879432,29.911715693690688
46.12811860346647,801.5502001282821,5.197860941481295,0.37300709987856073,8.025770764034561,37.45940186187362,26.296121849800265
15.476033941266873,1600.7841172452543,7.228066133594172,0.14878828384915288,3.845531936766733,39.13236529938083,-5.909054771763097
31.152722605625627,1047.8606724467213,6.418435626994933,0.5583844775702219,10.254687686180496,34.35558867651899,-3.629224059922328
83.71506258455257,603.3131665780948,0.8210475241681803,0.9173489015067489,35.77420898871947,36.13496651808181,34.629188819481016
18.744037028288883,1445.0837628279928,7.102226832702333,0.39147973033401573,40.44636536088957,60.24032121664078,28.456445081088994
87.09574717605827,600.705102850342,0.3800030299564031,0.8449503772726041,22.62668220146503,52.460553151677885,39.808014810833704
22.492522044100845,1297.0822470920848,6.9294710291407995,0.00024087451786647396,25.327690794070882,79.45925700260986,2.6993724602510856
68.03311921968051,642.5010510238599,2.8055293652715605,0.1685146434591842,1.6327517297101302,90.91691607729013,14.390149443440745
51.467567516271494,747.1280218775364,4.672181512999341,0.03042353965408562,3.4658130685658426,84.9341242199669,1.8229788031177847
80.18069184572452,608.1373706894574,1.2790617221602052,0.32814718051506864,12.878386282475846,67.14460796659566,21.14000692386549
52.08942671776613,741.5893010744458,4.60823104575857,0.9081895956965028,27.194921035657377,37.17094813628574,-4.229288045434101
50.43753362828624,756.6462778805972,4.776893257819829,0.09695212359898775,36.97755743674965,79.68370987590875,-3.637841362848345
21.61393003131399,1329.1722843554144,6.972652186203649,0.6064097767438004,30.250153066901653,55.39801073088115,-6.4056054297438685
19.12949577439099,1428.4617777230596,7.0858525178040725,0.4514959391194442,19.606392749339413,35.995527574078714,24.679304113208346
82.9015778448187,604.2313290079001,0.9268061195553993,0.9384682123658125,5.916203650156909,88.97264850488381,14.703628871660339
32.8662469022529,1010.1260874578129,6.299547782647464,0.12251914253709384,39.03866174435947,53.67515620277539,20.8865608177315
36.626991671846156,937.447019138845,6.019023813207355,0.21202785050222894,18.189302579952855,45.27741827580999,33.965052329467945
69.58501096641301,636.4383557909214,2.616129268847706,0.029541968611493274,36.802700724139484,91.00164452331902,27.01642423776793
33.799996005938624,990.8451921302799,6.232383810400706,0.43393524963137375,25.648942095717093,93.14937079129035,13.086145908334547
85.92530796431524,601.3891723430443,0.5329264536963025,0.2778328995646543,36.93310267809126,53.72795860340919,39.21779941971132
67.72386036489803,643.7734993265703,2.8430312288823782,0.8699059338903209,45.36447807262859,54.83609934969614,12.812805057098661
55.7814856187407,711.6971407995334,4.217629565733897,0.6049408131977551,46.0514758026901,70.57399693082009,-4.37746633832334
79.87608864630396,608.6557738163774,1.3183318150697736,0.6140907379757017,26.75533900003017,81.34090456674608,39.6327373626358
9.216502209706034,1987.316588401227,7.4031763161538295,0.5319106968813024,25.575418238281937,34.420444133480444,-8.858963499257635
26.850328836082742,1157.9832974252731,6.691420661677475,0.091850337229201,13.283923275141863,71.53405600319303,17.494177974387608
44.52808840877734,820.5426521746103,5.346800647921934,0.44501868372535525,46.789991576464566,96.69740432485071,5.454774434985463
24.293175855079287,1235.7702737331024,6.835892123202837,0.9995051897085165,22.895958359981044,48.346572802596754,15.177607550849242
68.23194092068292,641.6944128096884,2.781376282105223,0.8352292908460148,6.3795619643688575,93.61790498678536,17.93564762972608
83.13268263956664,603.9589098338784,0.8967789825473689,0.8934590541671159,21.635245731327498,96.51178385341656,2.0047948139243807
41.02046019412849,867.2816675439371,5.658564411770553,0.8232263592464995,6.352662511900197,48.84075486797628,17.842937786863093
34.08127100951107,985.204764327993,6.21182665112361,0.10304169343098268,25.126584212853754,82.79413061197454,27.803055600276878
86.73181223169313,600.8931057964674,0.4275728294990743,0.22744825406479963,28.06377574281061,46.7142505823692,3.325491862199918
42.812456790340974,842.479439201572,5.5018659634978055,0.003121651356409627,16.887788074679268,81.6327813212493,9.171306665695354
46.56911403818907,796.5497236440069,5.156093096642252,0.30351012487811146,3.5825307115742335,85.81939799021782,3.412134658202895
34.890239149061955,969.3988633726663,6.151870006224196,0.10860740234649258,47.17517678166195,47.30439925974546,31.027986549410123
82.31162020603176,604.9685908423444,1.00338900385541,0.472793345301583,38.66765567417148,80.11086805082644,26.249112960479835
53.36121607895731,730.7291826235214,4.475761283942031,0.6771274885739019,41.94405402525605,86.84731772048629,33.559821860920366
69.7848399104398,635.6961026757745,2.591598795309259,0.8745052950380771,18.34341971431147,55.100521047483824,-1.4975053549170365
74.00357105982535,621.976076958641,2.066830822219398,0.7492171650908982,38.041551500972524,41.739194319280884,-6.321018092012423
34.05716856296695,985.685120317848,6.213594065000427,0.9385855957785052,24.26864475845971,36.43751971222595,-4.030824807066332
41.864018162232306,855.3551158346727,5.585480994778977,0.053898290393788795,10.054174420302298,70.27671925269593,-1.9490833587881813
77.1201008245325,614.1070902577885,1.671810983454753,0.01217983541654144,6.221168845360664,98.46686835209992,16.65413303374012
35.87670489244387,950.92957408653,6.077099839547111,0.6613381138362127,17.252543466102843,87.60652240155514,38.54560351813824
72.48448634340735,626.4967352477433,2.2572301579752683,0.2893524102222462,6.877605573756984,60.5087747254187,7.861770830839102
84.98434741882716,602.1067970677323,0.6557091675220494,0.25350101610577314,49.913448810203434,67.56346319984709,37.925413468010255
57.97288171078059,696.1764917766386,3.977404417045663,0.33088708769379427,2.459449511601103,49.566951978827326,-8.089960250541013
68.03831943341055,642.4798398067551,2.804898066453868,0.26979605789236416,22.057179968453827,41.41461071520445,36.34361014073291
73.43327152349646,623.6193184048607,2.13848867713467,0.5114364063015873,22.60467611951921,63.74568107625913,-0.9423696347514401
76.82837015621462,614.7656539477657,1.7090157898341136,0.4401484472241325,15.031596429083777,62.44510963170296,35.62374928596744
38.57953371782766,904.4998483847621,5.863074561364231,0.5124285513766563,28.567578285347267,66.53509669626322,-7.188628494226942
9.357394029959845,1977.1359813744455,7.400200052805198,0.6727136115004362,7.498851207577234,96.69632098947585,37.41097237475163
39.15948305512286,895.2752220762518,5.815434277589048,0.3871305089711483,39.19561902936168,72.27267101013405,0.039913215943041536
62.26927953164763,669.9761865237579,3.4898752749399597,0.2513076871421568,16.622385912381915,72.40402856356616,5.135703003658035
43.27978279136739,836.3352204102011,5.4601103104003315,0.16620053680874547,29.567129489932086,38.96173340027538,14.547117205147906
68.66186782313387,639.9804548321281,2.729034152550343,0.3494741195326255,35.78196180334797,99.75422063237743,9.036044061773762
35.34350650483643,960.8052358282266,6.117739268938469,0.741806475246172,44.45210588450806,84.09914609642681,23.3763984631575
58.953251993842514,689.7234420765008,3.868029539111318,0.7567049101114696,41.78937182261001,91.40423408658035,38.740388362503865
20.84568341258784,1358.4825547141318,7.009066824580763,0.6669053866842103,30.41545140517798,59.00102882816959,20.321324540247037
68.69640211482134,639.8445667986607,2.7248230144034613,0.2340281753068746,19.419659019194345,65.14896670499374,26.07427047182746
51.3841573491072,747.8826668424308,4.680717512139478,0.5880862458546977,25.1602335037482,66.54586664135935,-5.599737484714925
22.34547302646105,1302.3499095609277,6.9368120258816415,0.570689661576848,38.43673966894013,43.58661775027237,21.390621453500266
29.812449747313618,1079.6665831377209,6.507430844014501,0.4842661981097255,43.87727712797365,78.264240942887,12.692488852320658
68.63174022945574,640.0992193929133,2.732707124856788,0.5499789863838642,5.189096408833594,93.20837065322196,34.28911789598142
46.02110503122926,802.7785325666146,5.207950146599864,0.49179063262366807,19.242813124652674,41.45940726968933,9.410554982155098
23.362672433411138,1266.731659683116,6.885098762689354,0.5654563660741082,38.80582992067503,36.04227914403151,23.972707202495954
87.2180511814753,600.6469181152088,0.36401318216480716,0.7155059546211288,21.58258812969805,81.67532338782395,1.4076864129539537
65.78562668443547,652.2517299437459,3.076138776946978,0.10962819440343974,16.611388203314192,49.12412821710875,2.9686266762097997
86.35646076588267,601.1103436648882,0.47661678615921954,0.7496257521490237,20.566134841163482,73.67037791321306,8.80612154611368
41.303928855629174,863.2227404817377,5.634141558412501,0.1358861501275942,30.14223733931754,78.70308365945264,5.203176875325136
45.38352895879624,810.2196899053597,5.267682846625906,0.0666279984103747,49.990257206690075,52.53375345072753,2.693941969503742
81.32619337572663,606.334939256958,1.1310667796253453,0.9760796862214676,24.64962145522659,87.0601218198049,-7.516564704959535
49.629193920857695,764.4271937349458,4.8579884272686895,0.9569917688704415,10.424723747713028,68.49922874799518,31.83731658762295
65.11870751198171,655.3752736271745,3.1555472557066135,0.06043654494056405,8.142328763954737,90.8299585566262,-6.784923455435784
26.43469458712005,1169.9415617387813,6.715817654812781,0.44325344147496215,2.1174873738207145,83.43054867912633,34.36827578014838
42.971749839724446,840.3705535163472,5.4876740824999715,0.18624493829977473,27.940861745916074,90.80029424262176,-3.726730546596987
15.493238593880184,1599.8903908437478,7.227464872338923,0.4853448971344181,27.22860457444171,31.411296748252585,-6.736913146867049
22.50830304954174,1296.519354234214,6.928680495221164,0.8301772429995874,10.261696339015458,47.045438251701626,18.150238199034856
5.080190297748643,2320.8904150590215,7.470538054453993,0.9506117747428903,34.76647032262835,36.3005558312157,15.122089628736088
8.337529390136119,2052.525581182633,7.420732663814114,0.6342526534515374,37.05535208148404,60.94581120325444,14.561728441594255
88.06912497003898,600.3115096166584,0.25270311161590964,0.35390566721181704,12.954910269105563,92.29720851307228,18.72521637506989
25.600064086624794,1194.7370477194281,6.763740323301529,0.6033255656445984,17.204988201486827,62.72781835868084,4.352830305957786
61.38141030784016,674.9610171238774,3.5923252161642996,0.31200130610845034,49.52358361736283,89.47991312062759,23.14746367148056
76.32347439796698,615.9429956694503,1.7733005786073144,0.9098236408320604,18.713223392536708,52.90247666135225,15.120110985359162
51.80613903510796,744.0934440793617,4.637431425676167,0.870400463105837,38.04008358780509,53.769905096367665,6.737173347866264
18.017282507136276,1477.3760242985097,7.132224466342712,0.558231750279661,22.636271331497,92.68932112288144,31.325033349036403
66.88989717357414,647.3138938460233,2.943744753050356,0.32479891538036054,39.6672413930488,59.80720025581911,26.38605481633551
56.02136985846456,709.9215748889364,4.1916274109972465,0.29338967558297835,38.4511619391324,85.28358414562665,9.6805170972311
67.15630009452688,646.165511685721,2.9116393902341224,0.03341799470505946,33.38780125992678,46.5650483517331,32.38088926144364
70.4284629428524,633.363786430109,2.512376554118373,0.8158208510252952,42.73891731477896,96.41605807743449,36.01291250558871
87.90988125320334,600.3650354493711,0.27353522688996834,0.45038321303900797,46.960924743884256,70.22047725713998,16.843313354218125
53.752878802270345,727.507171338144,4.434518461112144,0.3251329284002644,28.999166022604193,83.15264980048813,0.7476225078460388
34.03949457870115,986.0377110392092,6.214889385929145,0.4711103549977539,11.873445361137286,36.26609898564198,35.78960782734934
60.11948733652015,682.4215234001758,3.7364464768372616,0.818737990454652,19.93144808220375,64.48649580813701,-0.5260189952241383
10.81746028562322,1875.9197996931755,7.366725769770006,0.12461420770752119,37.91528567566466,93.07269484138163,-7.578838679136543
81.27877205733483,606.4049705714651,1.137202832730125,0.8576559882418273,32.54417425619348,91.39270403303132,6.374350443656542
15.147385963746727,1618.0167581450928,7.2394263958630365,0.897508835108354,8.889916928262437,33.276977006395924,26.348317223051993
32.866641220294554,1010.1177605672265,6.299519771480948,0.9467079150338882,2.5619770573212355,51.258892839026274,36.16370431767747
74.33835735322027,621.0412502457266,2.024669248058886,0.3974879924226278,34.14807967710324,61.03240045353561,21.864282340721996
55.7715521581105,711.7710832737475,4.218704708197423,0.21714040403767187,12.553951201467267,42.058537004905176,37.591927348333
