elevation_deg,link_margin_db,rl_mcs
5.0,-1.5,QPSK
5.018893087352745,-1.4981106912647255,QPSK
5.03778617470549,-1.496221382529451,QPSK
5.0566792620582355,-1.4943320737941765,QPSK
5.07557234941098,-1.492442765058902,QPSK
5.094465436763725,-1.4905534563236276,QPSK
5.11335852411647,-1.488664147588353,QPSK
5.132251611469215,-1.4867748388530786,QPSK
5.151144698821961,-1.4848855301178039,QPSK
5.1700377861747056,-1.4829962213825294,QPSK
5.18893087352745,-1.481106912647255,QPSK
5.207823960880195,-1.4792176039119804,QPSK
5.226717048232941,-1.4773282951767057,QPSK
5.245610135585686,-1.4754389864414312,QPSK
5.264503222938431,-1.4735496777061567,QPSK
5.283396310291176,-1.4716603689708823,QPSK
5.3022893976439205,-1.4697710602356078,QPSK
5.321182484996666,-1.4678817515003333,QPSK
5.340075572349411,-1.4659924427650588,QPSK
5.358968659702156,-1.4641031340297843,QPSK
5.377861747054901,-1.4622138252945098,QPSK
5.396754834407647,-1.4603245165592353,QPSK
5.4156479217603914,-1.4584352078239609,QPSK
5.434541009113136,-1.4565458990886864,QPSK
5.453434096465881,-1.4546565903534119,QPSK
5.472327183818626,-1.4527672816181374,QPSK
5.491220271171372,-1.450877972882863,QPSK
5.510113358524117,-1.4489886641475884,QPSK
5.5290064458768615,-1.447099355412314,QPSK
5.547899533229606,-1.4452100466770395,QPSK
5.566792620582351,-1.443320737941765,QPSK
5.585685707935097,-1.4414314292064903,QPSK
5.604578795287842,-1.4395421204712158,QPSK
5.623471882640587,-1.4376528117359413,QPSK
5.642364969993332,-1.4357635030006668,QPSK
5.6612580573460765,-1.4338741942653923,QPSK
5.680151144698822,-1.4319848855301176,QPSK
5.699044232051567,-1.4300955767948431,QPSK
5.717937319404312,-1.4282062680595686,QPSK
5.736830406757057,-1.4263169593242941,QPSK
5.7557234941098026,-1.4244276505890197,QPSK
5.774616581462547,-1.4225383418537452,QPSK
5.793509668815292,-1.4206490331184707,QPSK
5.812402756168037,-1.4187597243831962,QPSK
5.831295843520783,-1.4168704156479217,QPSK
5.850188930873528,-1.4149811069126472,QPSK
5.869082018226273,-1.4130917981773727,QPSK
5.8879751055790175,-1.4112024894420983,QPSK
5.906868192931762,-1.4093131807068238,QPSK
5.925761280284508,-1.4074238719715493,QPSK
5.944654367637253,-1.4055345632362748,QPSK
5.963547454989998,-1.4036452545010003,QPSK
5.982440542342743,-1.4017559457657258,QPSK
6.001333629695488,-1.3998666370304513,QPSK
6.020226717048233,-1.3979773282951766,QPSK
6.039119804400978,-1.3960880195599021,QPSK
6.058012891753723,-1.3941987108246277,QPSK
6.076905979106468,-1.3923094020893532,QPSK
6.095799066459213,-1.3904200933540787,QPSK
6.1146921538119585,-1.388530784618804,QPSK
6.133585241164703,-1.3866414758835295,QPSK
6.152478328517448,-1.384752167148255,QPSK
6.171371415870193,-1.3828628584129805,QPSK
6.190264503222938,-1.380973549677706,QPSK
6.209157590575684,-1.3790842409424315,QPSK
6.228050677928429,-1.377194932207157,QPSK
6.2469437652811735,-1.3753056234718826,QPSK
6.265836852633919,-1.373416314736608,QPSK
6.284729939986663,-1.3715270060013336,QPSK
6.303623027339409,-1.369637697266059,QPSK
6.322516114692154,-1.3677483885307846,QPSK
6.341409202044899,-1.3658590797955101,QPSK
6.360302289397644,-1.3639697710602356,QPSK
6.379195376750389,-1.3620804623249612,QPSK
6.398088464103134,-1.3601911535896867,QPSK
6.416981551455879,-1.3583018448544122,QPSK
6.435874638808624,-1.3564125361191377,QPSK
6.45476772616137,-1.354523227383863,QPSK
6.4736608135141145,-1.3526339186485885,QPSK
6.492553900866859,-1.350744609913314,QPSK
6.511446988219604,-1.3488553011780395,QPSK
6.530340075572349,-1.346965992442765,QPSK
6.549233162925095,-1.3450766837074903,QPSK
6.56812625027784,-1.3431873749722159,QPSK
6.587019337630585,-1.3412980662369414,QPSK
6.605912424983329,-1.3394087575016669,QPSK
6.624805512336074,-1.3375194487663924,QPSK
6.64369859968882,-1.335630140031118,QPSK
6.662591687041565,-1.3337408312958434,QPSK
6.68148477439431,-1.331851522560569,QPSK
6.700377861747055,-1.3299622138252944,QPSK
6.7192709490997995,-1.32807290509002,QPSK
6.738164036452545,-1.3261835963547455,QPSK
6.75705712380529,-1.324294287619471,QPSK
6.775950211158035,-1.3224049788841965,QPSK
6.794843298510781,-1.320515670148922,QPSK
6.813736385863525,-1.3186263614136475,QPSK
6.8326294732162705,-1.316737052678373,QPSK
6.851522560569015,-1.3148477439430986,QPSK
6.87041564792176,-1.312958435207824,QPSK
6.889308735274506,-1.3110691264725494,QPSK
6.908201822627251,-1.3091798177372749,QPSK
6.927094909979996,-1.3072905090020004,QPSK
6.9459879973327405,-1.305401200266726,QPSK
6.964881084685485,-1.3035118915314514,QPSK
6.983774172038231,-1.3016225827961767,QPSK
7.002667259390976,-1.2997332740609022,QPSK
7.021560346743721,-1.2978439653256277,QPSK
7.040453434096466,-1.2959546565903532,QPSK
7.059346521449211,-1.2940653478550788,QPSK
7.078239608801956,-1.2921760391198043,QPSK
7.097132696154701,-1.2902867303845298,QPSK
7.116025783507446,-1.2883974216492553,QPSK
7.134918870860192,-1.2865081129139808,QPSK
7.153811958212936,-1.2846188041787063,QPSK
7.172705045565682,-1.2827294954434318,QPSK
7.191598132918426,-1.2808401867081574,QPSK
7.210491220271171,-1.2789508779728829,QPSK
7.229384307623917,-1.2770615692376084,QPSK
7.248277394976661,-1.275172260502334,QPSK
7.267170482329407,-1.2732829517670594,QPSK
7.286063569682152,-1.271393643031785,QPSK
7.3049566570348965,-1.2695043342965104,QPSK
7.323849744387642,-1.2676150255612357,QPSK
7.342742831740386,-1.2657257168259615,QPSK
7.361635919093132,-1.2638364080906868,QPSK
7.380529006445877,-1.2619470993554123,QPSK
7.399422093798622,-1.2600577906201378,QPSK
7.4183151811513675,-1.258168481884863,QPSK
7.437208268504111,-1.2562791731495888,QPSK
7.456101355856857,-1.254389864414314,QPSK
7.474994443209602,-1.2525005556790396,QPSK
7.493887530562347,-1.2506112469437651,QPSK
7.512780617915093,-1.2487219382084906,QPSK
7.5316737052678375,-1.2468326294732162,QPSK
7.550566792620582,-1.2449433207379417,QPSK
7.569459879973327,-1.2430540120026672,QPSK
7.588352967326072,-1.2411647032673927,QPSK
7.607246054678818,-1.2392753945321182,QPSK
7.626139142031563,-1.2373860857968437,QPSK
7.645032229384308,-1.2354967770615692,QPSK
7.663925316737053,-1.2336074683262948,QPSK
7.682818404089797,-1.2317181595910203,QPSK
7.701711491442543,-1.2298288508557458,QPSK
7.720604578795288,-1.2279395421204713,QPSK
7.739497666148033,-1.2260502333851968,QPSK
7.758390753500779,-1.224160924649922,QPSK
7.7772838408535225,-1.2222716159146478,QPSK
7.796176928206268,-1.2203823071793731,QPSK
7.815070015559013,-1.2184929984440986,QPSK
7.833963102911758,-1.2166036897088242,QPSK
7.852856190264504,-1.2147143809735494,QPSK
7.871749277617248,-1.2128250722382752,QPSK
7.8906423649699935,-1.2109357635030005,QPSK
7.909535452322738,-1.209046454767726,QPSK
7.928428539675483,-1.2071571460324515,QPSK
7.947321627028229,-1.205267837297177,QPSK
7.966214714380973,-1.2033785285619025,QPSK
7.985107801733719,-1.201489219826628,QPSK
8.004000889086463,-1.1995999110913536,QPSK
8.022893976439208,-1.197710602356079,QPSK
8.041787063791954,-1.1958212936208046,QPSK
8.060680151144698,-1.19393198488553,QPSK
8.079573238497444,-1.1920426761502556,QPSK
8.09846632585019,-1.1901533674149811,QPSK
8.117359413202934,-1.1882640586797066,QPSK
8.13625250055568,-1.1863747499444321,QPSK
8.155145587908425,-1.1844854412091574,QPSK
8.17403867526117,-1.1825961324738832,QPSK
8.192931762613915,-1.1807068237386085,QPSK
8.211824849966659,-1.1788175150033342,QPSK
8.230717937319405,-1.1769282062680595,QPSK
8.249611024672149,-1.1750388975327852,QPSK
8.268504112024894,-1.1731495887975105,QPSK
8.28739719937764,-1.1712602800622358,QPSK
8.306290286730384,-1.1693709713269616,QPSK
8.32518337408313,-1.1674816625916868,QPSK
8.344076461435876,-1.1655923538564124,QPSK
8.36296954878862,-1.1637030451211379,QPSK
8.381862636141365,-1.1618137363858634,QPSK
8.40075572349411,-1.159924427650589,QPSK
8.419648810846855,-1.1580351189153144,QPSK
8.438541898199599,-1.15614581018004,QPSK
8.457434985552345,-1.1542565014447654,QPSK
8.47632807290509,-1.152367192709491,QPSK
8.495221160257834,-1.1504778839742165,QPSK
8.51411424761058,-1.148588575238942,QPSK
8.533007334963326,-1.1466992665036675,QPSK
8.55190042231607,-1.144809957768393,QPSK
8.570793509668816,-1.1429206490331185,QPSK
8.589686597021561,-1.1410313402978438,QPSK
8.608579684374305,-1.1391420315625695,QPSK
8.62747277172705,-1.137252722827295,QPSK
8.646365859079795,-1.1353634140920206,QPSK
8.665258946432541,-1.1334741053567459,QPSK
8.684152033785285,-1.1315847966214716,QPSK
8.70304512113803,-1.129695487886197,QPSK
8.721938208490776,-1.1278061791509222,QPSK
8.74083129584352,-1.125916870415648,QPSK
8.759724383196266,-1.1240275616803732,QPSK
8.778617470549012,-1.1221382529450987,QPSK
8.797510557901756,-1.1202489442098242,QPSK
8.816403645254502,-1.1183596354745498,QPSK
8.835296732607246,-1.1164703267392753,QPSK
8.854189819959991,-1.1145810180040008,QPSK
8.873082907312735,-1.1126917092687263,QPSK
8.891975994665481,-1.1108024005334518,QPSK
8.910869082018227,-1.1089130917981773,QPSK
8.92976216937097,-1.1070237830629028,QPSK
8.948655256723717,-1.1051344743276283,QPSK
8.967548344076462,-1.1032451655923539,QPSK
8.986441431429206,-1.1013558568570794,QPSK
9.005334518781952,-1.0994665481218049,QPSK
9.024227606134698,-1.0975772393865302,QPSK
9.043120693487442,-1.095687930651256,QPSK
9.062013780840186,-1.0937986219159814,QPSK
9.080906868192931,-1.091909313180707,QPSK
9.099799955545677,-1.0900200044454322,QPSK
9.118693042898421,-1.088130695710158,QPSK
9.137586130251167,-1.0862413869748833,QPSK
9.156479217603913,-1.0843520782396086,QPSK
9.175372304956657,-1.0824627695043343,QPSK
9.194265392309402,-1.0805734607690596,QPSK
9.213158479662148,-1.078684152033785,QPSK
9.232051567014892,-1.0767948432985106,QPSK
9.250944654367636,-1.0749055345632363,QPSK
9.269837741720384,-1.0730162258279616,QPSK
9.288730829073128,-1.0711269170926871,QPSK
9.307623916425872,-1.0692376083574127,QPSK
9.326517003778617,-1.0673482996221382,QPSK
9.345410091131363,-1.0654589908868637,QPSK
9.364303178484107,-1.0635696821515892,QPSK
9.383196265836853,-1.0616803734163147,QPSK
9.402089353189599,-1.0597910646810402,QPSK
9.420982440542343,-1.0579017559457657,QPSK
9.439875527895087,-1.0560124472104913,QPSK
9.458768615247834,-1.0541231384752165,QPSK
9.477661702600578,-1.0522338297399423,QPSK
9.496554789953322,-1.0503445210046678,QPSK
9.515447877306068,-1.0484552122693933,QPSK
9.534340964658814,-1.0465659035341186,QPSK
9.553234052011558,-1.0446765947988443,QPSK
9.572127139364303,-1.0427872860635696,QPSK
9.591020226717049,-1.040897977328295,QPSK
9.609913314069793,-1.0390086685930207,QPSK
9.628806401422539,-1.037119359857746,QPSK
9.647699488775284,-1.0352300511224715,QPSK
9.666592576128028,-1.033340742387197,QPSK
9.685485663480772,-1.0314514336519227,QPSK
9.704378750833518,-1.029562124916648,QPSK
9.723271838186264,-1.0276728161813735,QPSK
9.742164925539008,-1.025783507446099,QPSK
9.761058012891754,-1.0238941987108245,QPSK
9.7799511002445,-1.02200488997555,QPSK
9.798844187597243,-1.0201155812402756,QPSK
9.81773727494999,-1.018226272505001,QPSK
9.836630362302735,-1.0163369637697266,QPSK
9.855523449655479,-1.0144476550344521,QPSK
9.874416537008223,-1.0125583462991776,QPSK
9.89330962436097,-1.010669037563903,QPSK
9.912202711713714,-1.0087797288286287,QPSK
9.931095799066458,-1.0068904200933542,QPSK
9.949988886419204,-1.0050011113580797,QPSK
9.96888197377195,-1.003111802622805,QPSK
9.987775061124694,-1.0012224938875307,QPSK
10.00666814847744,-0.999333185152256,QPSK
10.025561235830185,-0.9974438764169815,QPSK
10.04445432318293,-0.995554567681707,QPSK
10.063347410535675,-0.9936652589464325,QPSK
10.08224049788842,-0.9917759502111578,QPSK
10.101133585241165,-0.9898866414758836,QPSK
10.120026672593909,-0.9879973327406091,QPSK
10.138919759946655,-0.9861080240053346,QPSK
10.1578128472994,-0.9842187152700599,QPSK
10.176705934652144,-0.9823294065347856,QPSK
10.19559902200489,-0.9804400977995109,QPSK
10.214492109357636,-0.9785507890642364,QPSK
10.23338519671038,-0.9766614803289619,QPSK
10.252278284063125,-0.9747721715936875,QPSK
10.271171371415871,-0.9728828628584127,QPSK
10.290064458768615,-0.9709935541231385,QPSK
10.30895754612136,-0.969104245387864,QPSK
10.327850633474107,-0.9672149366525893,QPSK
10.34674372082685,-0.9653256279173148,QPSK
10.365636808179595,-0.9634363191820405,QPSK
10.38452989553234,-0.9615470104467658,QPSK
10.403422982885086,-0.9596577017114913,QPSK
10.42231607023783,-0.9577683929762169,QPSK
10.441209157590576,-0.9558790842409424,QPSK
10.460102244943322,-0.9539897755056679,QPSK
10.478995332296066,-0.9521004667703934,QPSK
10.497888419648811,-0.9502111580351189,QPSK
10.516781507001557,-0.9483218492998442,QPSK
10.535674594354301,-0.9464325405645699,QPSK
10.554567681707045,-0.9445432318292954,QPSK
10.57346076905979,-0.942653923094021,QPSK
10.592353856412537,-0.9407646143587463,QPSK
10.61124694376528,-0.938875305623472,QPSK
10.630140031118026,-0.9369859968881973,QPSK
10.649033118470772,-0.9350966881529228,QPSK
10.667926205823516,-0.9332073794176483,QPSK
10.686819293176262,-0.9313180706823738,QPSK
10.705712380529008,-0.9294287619470991,QPSK
10.724605467881752,-0.9275394532118248,QPSK
10.743498555234495,-0.9256501444765504,QPSK
10.762391642587243,-0.9237608357412757,QPSK
10.781284729939987,-0.9218715270060012,QPSK
10.800177817292731,-0.9199822182707269,QPSK
10.819070904645477,-0.9180929095354522,QPSK
10.837963991998222,-0.9162036008001777,QPSK
10.856857079350966,-0.9143142920649032,QPSK
10.875750166703712,-0.9124249833296287,QPSK
10.894643254056458,-0.9105356745943542,QPSK
10.913536341409202,-0.9086463658590798,QPSK
10.932429428761946,-0.9067570571238053,QPSK
10.951322516114693,-0.9048677483885306,QPSK
10.970215603467437,-0.9029784396532563,QPSK
10.989108690820181,-0.9010891309179818,QPSK
11.008001778172927,-0.8991998221827073,QPSK
11.026894865525673,-0.8973105134474326,QPSK
11.045787952878417,-0.8954212047121584,QPSK
11.064681040231163,-0.8935318959768836,QPSK
11.083574127583908,-0.8916425872416092,QPSK
11.102467214936652,-0.8897532785063347,QPSK
11.121360302289398,-0.8878639697710602,QPSK
11.140253389642144,-0.8859746610357855,QPSK
11.159146476994888,-0.8840853523005112,QPSK
11.178039564347632,-0.8821960435652367,QPSK
11.196932651700378,-0.8803067348299622,QPSK
11.215825739053123,-0.8784174260946875,QPSK
11.234718826405867,-0.8765281173594133,QPSK
11.253611913758613,-0.8746388086241386,QPSK
11.272505001111359,-0.8727494998888641,QPSK
11.291398088464103,-0.8708601911535896,QPSK
11.310291175816849,-0.8689708824183151,QPSK
11.329184263169594,-0.8670815736830406,QPSK
11.348077350522338,-0.8651922649477661,QPSK
11.366970437875082,-0.8633029562124916,QPSK
11.38586352522783,-0.8614136474772169,QPSK
11.404756612580574,-0.8595243387419427,QPSK
11.423649699933318,-0.8576350300066682,QPSK
11.442542787286063,-0.8557457212713937,QPSK
11.46143587463881,-0.853856412536119,QPSK
11.480328961991553,-0.8519671038008447,QPSK
11.499222049344299,-0.85007779506557,QPSK
11.518115136697045,-0.8481884863302955,QPSK
11.537008224049789,-0.846299177595021,QPSK
11.555901311402534,-0.8444098688597466,QPSK
11.57479439875528,-0.8425205601244719,QPSK
11.593687486108024,-0.8406312513891976,QPSK
11.612580573460768,-0.8387419426539231,QPSK
11.631473660813514,-0.8368526339186486,QPSK
11.65036674816626,-0.8349633251833739,QPSK
11.669259835519004,-0.8330740164480996,QPSK
11.68815292287175,-0.8311847077128249,QPSK
11.707046010224495,-0.8292953989775504,QPSK
11.725939097577239,-0.827406090242276,QPSK
11.744832184929985,-0.8255167815070015,QPSK
11.76372527228273,-0.823627472771727,QPSK
11.782618359635475,-0.8217381640364525,QPSK
11.801511446988219,-0.819848855301178,QPSK
11.820404534340966,-0.8179595465659033,QPSK
11.83929762169371,-0.816070237830629,QPSK
11.858190709046454,-0.8141809290953546,QPSK
11.8770837963992,-0.8122916203600801,QPSK
11.895976883751946,-0.8104023116248054,QPSK
11.91486997110469,-0.8085130028895311,QPSK
11.933763058457435,-0.8066236941542564,QPSK
11.952656145810181,-0.8047343854189819,QPSK
11.971549233162925,-0.8028450766837074,QPSK
11.990442320515669,-0.8009557679484332,QPSK
12.009335407868416,-0.7990664592131582,QPSK
12.02822849522116,-0.797177150477884,QPSK
12.047121582573904,-0.7952878417426095,QPSK
12.06601466992665,-0.793398533007335,QPSK
12.084907757279396,-0.7915092242720603,QPSK
12.10380084463214,-0.789619915536786,QPSK
12.122693931984886,-0.7877306068015113,QPSK
12.141587019337631,-0.7858412980662368,QPSK
12.160480106690375,-0.7839519893309623,QPSK
12.179373194043121,-0.7820626805956878,QPSK
12.198266281395867,-0.7801733718604131,QPSK
12.21715936874861,-0.7782840631251389,QPSK
12.236052456101355,-0.7763947543898644,QPSK
12.2549455434541,-0.7745054456545899,QPSK
12.273838630806846,-0.7726161369193152,QPSK
12.29273171815959,-0.7707268281840409,QPSK
12.311624805512336,-0.7688375194487662,QPSK
12.330517892865082,-0.7669482107134917,QPSK
12.349410980217826,-0.7650589019782172,QPSK
12.368304067570572,-0.7631695932429428,QPSK
12.387197154923317,-0.7612802845076683,QPSK
12.406090242276061,-0.7593909757723938,QPSK
12.424983329628805,-0.7575016670371193,QPSK
12.443876416981553,-0.7556123583018446,QPSK
12.462769504334297,-0.7537230495665703,QPSK
12.48166259168704,-0.7518337408312958,QPSK
12.500555679039786,-0.7499444320960214,QPSK
12.519448766392532,-0.7480551233607466,QPSK
12.538341853745276,-0.7461658146254724,QPSK
12.557234941098022,-0.7442765058901977,QPSK
12.576128028450768,-0.7423871971549232,QPSK
12.595021115803512,-0.7404978884196487,QPSK
12.613914203156257,-0.7386085796843742,QPSK
12.632807290509003,-0.7367192709490995,QPSK
12.651700377861747,-0.7348299622138252,QPSK
12.670593465214491,-0.7329406534785508,QPSK
12.689486552567237,-0.7310513447432763,QPSK
12.708379639919983,-0.7291620360080016,QPSK
12.727272727272727,-0.7272727272727273,QPSK
12.746165814625472,-0.7253834185374526,QPSK
12.765058901978218,-0.7234941098021781,QPSK
12.783951989330962,-0.7216048010669036,QPSK
12.802845076683708,-0.7197154923316291,QPSK
12.821738164036454,-0.7178261835963546,QPSK
12.840631251389198,-0.7159368748610802,QPSK
12.859524338741942,-0.7140475661258057,QPSK
12.878417426094689,-0.712158257390531,QPSK
12.897310513447433,-0.7102689486552567,QPSK
12.916203600800177,-0.7083796399199822,QPSK
12.935096688152923,-0.7064903311847077,QPSK
12.953989775505669,-0.704601022449433,QPSK
12.972882862858413,-0.7027117137141587,QPSK
12.991775950211158,-0.700822404978884,QPSK
13.010669037563904,-0.6989330962436096,QPSK
13.029562124916648,-0.6970437875083351,QPSK
13.048455212269394,-0.6951544787730606,QPSK
13.067348299622138,-0.6932651700377861,QPSK
13.086241386974883,-0.6913758613025116,QPSK
13.10513447432763,-0.6894865525672369,QPSK
13.124027561680373,-0.6875972438319626,QPSK
13.142920649033119,-0.6857079350966879,QPSK
13.161813736385863,-0.6838186263614137,QPSK
13.180706823738609,-0.681929317626139,QPSK
13.199599911091354,-0.6800400088908645,QPSK
13.218492998444098,-0.67815070015559,QPSK
13.237386085796844,-0.6762613914203155,QPSK
13.256279173149588,-0.674372082685041,QPSK
13.275172260502334,-0.6724827739497665,QPSK
13.29406534785508,-0.670593465214492,QPSK
13.312958435207824,-0.6687041564792175,QPSK
13.33185152256057,-0.6668148477439431,QPSK
13.350744609913313,-0.6649255390086686,QPSK
13.369637697266059,-0.6630362302733941,QPSK
13.388530784618805,-0.6611469215381194,QPSK
13.407423871971549,-0.6592576128028451,QPSK
13.426316959324295,-0.6573683040675704,QPSK
13.44521004667704,-0.6554789953322959,QPSK
13.464103134029784,-0.6535896865970214,QPSK
13.48299622138253,-0.651700377861747,QPSK
13.501889308735274,-0.6498110691264725,QPSK
13.52078239608802,-0.647921760391198,QPSK
13.539675483440766,-0.6460324516559233,QPSK
13.55856857079351,-0.644143142920649,QPSK
13.577461658146255,-0.6422538341853743,QPSK
13.596354745499,-0.6403645254501,QPSK
13.615247832851745,-0.6384752167148253,QPSK
13.63414092020449,-0.6365859079795508,QPSK
13.653034007557235,-0.6346965992442763,QPSK
13.67192709490998,-0.6328072905090019,QPSK
13.690820182262724,-0.6309179817737274,QPSK
13.70971326961547,-0.6290286730384529,QPSK
13.728606356968216,-0.6271393643031784,QPSK
13.74749944432096,-0.6252500555679039,QPSK
13.766392531673706,-0.6233607468326294,QPSK
13.78528561902645,-0.621471438097355,QPSK
13.804178706379195,-0.6195821293620805,QPSK
13.823071793731941,-0.6176928206268057,QPSK
13.841964881084685,-0.6158035118915315,QPSK
13.860857968437431,-0.6139142031562568,QPSK
13.879751055790175,-0.6120248944209825,QPSK
13.89864414314292,-0.6101355856857078,QPSK
13.917537230495666,-0.6082462769504333,QPSK
13.93643031784841,-0.6063569682151588,QPSK
13.955323405201156,-0.6044676594798843,QPSK
13.974216492553902,-0.6025783507446096,QPSK
13.993109579906646,-0.6006890420093354,QPSK
14.012002667259392,-0.5987997332740607,QPSK
14.030895754612136,-0.5969104245387864,QPSK
14.049788841964881,-0.5950211158035117,QPSK
14.068681929317627,-0.5931318070682372,QPSK
14.087575016670371,-0.5912424983329627,QPSK
14.106468104023117,-0.5893531895976882,QPSK
14.12536119137586,-0.5874638808624137,QPSK
14.144254278728607,-0.5855745721271393,QPSK
14.163147366081352,-0.5836852633918648,QPSK
14.182040453434096,-0.5817959546565903,QPSK
14.200933540786842,-0.5799066459213158,QPSK
14.219826628139586,-0.5780173371860413,QPSK
14.238719715492332,-0.5761280284507668,QPSK
14.257612802845077,-0.5742387197154921,QPSK
14.276505890197821,-0.5723494109802179,QPSK
14.295398977550567,-0.5704601022449431,QPSK
14.314292064903311,-0.5685707935096689,QPSK
14.333185152256057,-0.5666814847743942,QPSK
14.352078239608803,-0.5647921760391197,QPSK
14.370971326961547,-0.5629028673038452,QPSK
14.389864414314292,-0.5610135585685707,QPSK
14.408757501667036,-0.5591242498332962,QPSK
14.427650589019782,-0.5572349410980217,QPSK
14.446543676372528,-0.555345632362747,QPSK
14.465436763725272,-0.5534563236274728,QPSK
14.484329851078018,-0.5515670148921981,QPSK
14.503222938430763,-0.5496777061569236,QPSK
14.522116025783507,-0.5477883974216491,QPSK
14.541009113136253,-0.5458990886863746,QPSK
14.559902200488997,-0.5440097799511001,QPSK
14.578795287841743,-0.5421204712158256,QPSK
14.597688375194489,-0.5402311624805511,QPSK
14.616581462547233,-0.5383418537452767,QPSK
14.635474549899978,-0.5364525450100022,QPSK
14.654367637252722,-0.5345632362747277,QPSK
14.673260724605468,-0.5326739275394532,QPSK
14.692153811958214,-0.5307846188041785,QPSK
14.711046899310958,-0.5288953100689042,QPSK
14.729939986663704,-0.5270060013336295,QPSK
14.748833074016447,-0.5251166925983553,QPSK
14.767726161369193,-0.5232273838630805,QPSK
14.786619248721939,-0.521338075127806,QPSK
14.805512336074683,-0.5194487663925316,QPSK
14.824405423427429,-0.5175594576572571,QPSK
14.843298510780173,-0.5156701489219826,QPSK
14.862191598132918,-0.5137808401867081,QPSK
14.881084685485664,-0.5118915314514334,QPSK
14.899977772838408,-0.5100022227161591,QPSK
14.918870860191154,-0.5081129139808844,QPSK
14.9377639475439,-0.5062236052456099,QPSK
14.956657034896644,-0.5043342965103355,QPSK
14.97555012224939,-0.502444987775061,QPSK
14.994443209602133,-0.5005556790397865,QPSK
15.01333629695488,-0.498666370304512,QPSK
15.032229384307625,-0.4967770615692375,QPSK
15.051122471660369,-0.494887752833963,QPSK
15.070015559013115,-0.49299844409868854,QPSK
15.088908646365859,-0.49110913536341405,QPSK
15.107801733718604,-0.48921982662813956,QPSK
15.12669482107135,-0.48733051789286486,QPSK
15.145587908424094,-0.4854412091575906,QPSK
15.16448099577684,-0.4835519004223159,QPSK
15.183374083129584,-0.4816625916870416,QPSK
15.20226717048233,-0.4797732829517669,QPSK
15.221160257835075,-0.4778839742164924,QPSK
15.24005334518782,-0.47599466548121794,QPSK
15.258946432540565,-0.47410535674594345,QPSK
15.277839519893309,-0.47221604801066897,QPSK
15.296732607246055,-0.4703267392753945,QPSK
15.3156256945988,-0.46843743054011977,QPSK
15.334518781951544,-0.4665481218048455,QPSK
15.35341186930429,-0.4646588130695708,QPSK
15.372304956657034,-0.46276950433429653,QPSK
15.39119804400978,-0.4608801955990218,QPSK
15.410091131362526,-0.45899088686374734,QPSK
15.42898421871527,-0.45710157812847285,QPSK
15.447877306068015,-0.45521226939319837,QPSK
15.466770393420761,-0.4533229606579239,QPSK
15.485663480773505,-0.4514336519226494,QPSK
15.504556568126251,-0.4495443431873749,QPSK
15.523449655478995,-0.4476550344521004,QPSK
15.54234274283174,-0.44576572571682593,QPSK
15.561235830184486,-0.4438764169815512,QPSK
15.58012891753723,-0.44198710824627696,QPSK
15.599022004889976,-0.44009779951100225,QPSK
15.61791509224272,-0.438208490775728,QPSK
15.636808179595466,-0.4363191820404533,QPSK
15.655701266948212,-0.4344298733051788,QPSK
15.674594354300956,-0.4325405645699043,QPSK
15.693487441653701,-0.4306512558346298,QPSK
15.712380529006445,-0.42876194709935533,QPSK
15.731273616359191,-0.42687263836408085,QPSK
15.750166703711937,-0.42498332962880614,QPSK
15.76905979106468,-0.4230940208935319,QPSK
15.787952878417427,-0.42120471215825717,QPSK
15.80684596577017,-0.4193154034229829,QPSK
15.825739053122916,-0.4174260946877082,QPSK
15.844632140475662,-0.4155367859524337,QPSK
15.863525227828406,-0.4136474772171592,QPSK
15.882418315181152,-0.41175816848188473,QPSK
15.901311402533896,-0.40986885974661025,QPSK
15.920204489886641,-0.40797955101133576,QPSK
15.939097577239387,-0.4060902422760613,QPSK
15.957990664592131,-0.4042009335407868,QPSK
15.976883751944877,-0.4023116248055123,QPSK
15.995776839297623,-0.4004223160702376,QPSK
16.014669926650367,-0.39853300733496333,QPSK
16.033563014003114,-0.3966436985996884,QPSK
16.052456101355858,-0.39475438986441413,QPSK
16.071349188708602,-0.39286508112913965,QPSK
16.090242276061346,-0.3909757723938654,QPSK
16.10913536341409,-0.3890864636585909,QPSK
16.128028450766838,-0.3871971549233162,QPSK
16.14692153811958,-0.3853078461880417,QPSK
16.16581462547233,-0.383418537452767,QPSK
16.184707712825073,-0.3815292287174925,QPSK
16.203600800177817,-0.37963991998221824,QPSK
16.22249388753056,-0.37775061124694376,QPSK
16.241386974883305,-0.3758613025116695,QPSK
16.260280062236053,-0.37397199377639456,QPSK
16.2791731495888,-0.37208268504111985,QPSK
16.298066236941544,-0.3701933763058456,QPSK
16.316959324294288,-0.3683040675705711,QPSK
16.335852411647032,-0.3664147588352966,QPSK
16.354745498999776,-0.36452545010002235,QPSK
16.373638586352524,-0.36263614136474764,QPSK
16.392531673705268,-0.36074683262947316,QPSK
16.411424761058015,-0.35885752389419845,QPSK
16.43031784841076,-0.35696821515892396,QPSK
16.449210935763503,-0.3550789064236497,QPSK
16.468104023116247,-0.3531895976883752,QPSK
16.48699711046899,-0.3513002889531007,QPSK
16.50589019782174,-0.349410980217826,QPSK
16.524783285174486,-0.3475216714825513,QPSK
16.54367637252723,-0.3456323627472768,QPSK
16.562569459879974,-0.34374305401200256,QPSK
16.581462547232718,-0.34185374527672807,QPSK
16.600355634585462,-0.3399644365414538,QPSK
16.61924872193821,-0.3380751278061789,QPSK
16.638141809290953,-0.3361858190709046,QPSK
16.6570348966437,-0.3342965103356299,QPSK
16.675927983996445,-0.3324072016003554,QPSK
16.69482107134919,-0.33051789286508093,QPSK
16.713714158701933,-0.32862858412980667,QPSK
16.732607246054677,-0.3267392753945322,QPSK
16.751500333407424,-0.32484996665925747,QPSK
16.77039342076017,-0.322960657923983,QPSK
16.789286508112916,-0.3210713491887083,QPSK
16.80817959546566,-0.319182040453434,QPSK
16.827072682818404,-0.3172927317181595,QPSK
16.845965770171148,-0.31540342298288504,QPSK
16.864858857523892,-0.3135141142476108,QPSK
16.88375194487664,-0.31162480551233607,QPSK
16.902645032229387,-0.30973549677706114,QPSK
16.92153811958213,-0.3078461880417869,QPSK
16.940431206934875,-0.3059568793065124,QPSK
16.95932429428762,-0.3040675705712381,QPSK
16.978217381640363,-0.30217826183596364,QPSK
16.99711046899311,-0.3002889531006889,QPSK
17.016003556345854,-0.29839964436541444,QPSK
17.034896643698602,-0.29651033563013973,QPSK
17.053789731051346,-0.29462102689486525,QPSK
17.07268281840409,-0.292731718159591,QPSK
17.091575905756834,-0.2908424094243165,QPSK
17.110468993109578,-0.28895310068904223,QPSK
17.129362080462325,-0.2870637919537673,QPSK
17.148255167815073,-0.2851744832184926,QPSK
17.167148255167817,-0.2832851744832183,QPSK
17.18604134252056,-0.28139586574794384,QPSK
17.204934429873305,-0.27950655701266935,QPSK
17.22382751722605,-0.2776172482773951,QPSK
17.242720604578796,-0.2757279395421204,QPSK
17.26161369193154,-0.2738386308068459,QPSK
17.280506779284288,-0.2719493220715712,QPSK
17.29939986663703,-0.2700600133362967,QPSK
17.318292953989776,-0.26817070460102244,QPSK
17.33718604134252,-0.26628139586574795,QPSK
17.356079128695264,-0.26439208713047346,QPSK
17.37497221604801,-0.26250277839519875,QPSK
17.393865303400755,-0.2606134696599245,QPSK
17.412758390753503,-0.25872416092464956,QPSK
17.431651478106247,-0.2568348521893753,QPSK
17.45054456545899,-0.2549455434541008,QPSK
17.469437652811735,-0.25305623471882654,QPSK
17.488330740164482,-0.2511669259835516,QPSK
17.507223827517226,-0.24927761724827735,QPSK
17.526116914869974,-0.24738830851300264,QPSK
17.545010002222718,-0.24549899977772816,QPSK
17.56390308957546,-0.24360969104245367,QPSK
17.582796176928206,-0.2417203823071794,QPSK
17.60168926428095,-0.23983107357190492,QPSK
17.620582351633697,-0.2379417648366302,QPSK
17.63947543898644,-0.23605245610135572,QPSK
17.65836852633919,-0.23416314736608101,QPSK
17.677261613691932,-0.23227383863080675,QPSK
17.696154701044676,-0.23038452989553226,QPSK
17.71504778839742,-0.22849522116025778,QPSK
17.733940875750164,-0.2266059124249835,QPSK
17.752833963102912,-0.2247166036897088,QPSK
17.77172705045566,-0.22282729495443387,QPSK
17.790620137808403,-0.2209379862191596,QPSK
17.809513225161147,-0.21904867748388512,QPSK
17.82840631251389,-0.21715936874861086,QPSK
17.847299399866635,-0.21527006001333637,QPSK
17.866192487219383,-0.21338075127806166,QPSK
17.885085574572127,-0.21149144254278718,QPSK
17.903978661924874,-0.20960213380751247,QPSK
17.92287174927762,-0.20771282507223798,QPSK
17.941764836630362,-0.20582351633696372,QPSK
17.960657923983106,-0.20393420760168923,QPSK
17.97955101133585,-0.20204489886641497,QPSK
17.998444098688598,-0.20015559013114004,QPSK
18.017337186041345,-0.19826628139586533,QPSK
18.03623027339409,-0.19637697266059106,QPSK
18.055123360746833,-0.19448766392531658,QPSK
18.074016448099577,-0.1925983551900421,QPSK
18.09290953545232,-0.19070904645476783,QPSK
18.11180262280507,-0.18881973771949312,QPSK
18.130695710157813,-0.18693042898421863,QPSK
18.14958879751056,-0.18504112024894392,QPSK
18.168481884863304,-0.18315181151366944,QPSK
18.18737497221605,-0.18126250277839517,QPSK
18.206268059568792,-0.1793731940431207,QPSK
18.225161146921536,-0.1774838853078462,QPSK
18.244054234274284,-0.1755945765725715,QPSK
18.262947321627028,-0.17370526783729723,QPSK
18.281840408979775,-0.1718159591020223,QPSK
18.30073349633252,-0.16992665036674803,QPSK
18.319626583685263,-0.16803734163147355,QPSK
18.338519671038007,-0.16614803289619928,QPSK
18.35741275839075,-0.1642587241609248,QPSK
18.3763058457435,-0.1623694154256501,QPSK
18.395198933096246,-0.16048010669037538,QPSK
18.41409202044899,-0.1585907979551009,QPSK
18.432985107801734,-0.1567014892198264,QPSK
18.451878195154478,-0.15481218048455214,QPSK
18.470771282507222,-0.15292287174927766,QPSK
18.48966436985997,-0.15103356301400295,QPSK
18.508557457212714,-0.14914425427872846,QPSK
18.52745054456546,-0.14725494554345375,QPSK
18.546343631918205,-0.1453656368081795,QPSK
18.56523671927095,-0.143476328072905,QPSK
18.584129806623693,-0.14158701933763052,QPSK
18.603022893976437,-0.13969771060235625,QPSK
18.621915981329185,-0.13780840186708154,QPSK
18.640809068681932,-0.1359190931318066,QPSK
18.659702156034676,-0.13402978439653235,QPSK
18.67859524338742,-0.13214047566125786,QPSK
18.697488330740164,-0.1302511669259836,QPSK
18.716381418092908,-0.1283618581907091,QPSK
18.735274505445656,-0.1264725494554344,QPSK
18.7541675927984,-0.12458324072015992,QPSK
18.773060680151147,-0.12269393198488521,QPSK
18.79195376750389,-0.12080462324961072,QPSK
18.810846854856635,-0.11891531451433646,QPSK
18.82973994220938,-0.11702600577906197,QPSK
18.848633029562123,-0.1151366970437877,QPSK
18.86752611691487,-0.11324738830851278,QPSK
18.886419204267614,-0.11135807957323851,QPSK
18.905312291620362,-0.1094687708379638,QPSK
18.924205378973106,-0.10757946210268932,QPSK
18.94309846632585,-0.10569015336741483,QPSK
18.961991553678594,-0.10380084463214057,QPSK
18.980884641031338,-0.10191153589686608,QPSK
18.999777728384085,-0.10002222716159137,QPSK
19.018670815736833,-0.09813291842631666,QPSK
19.037563903089577,-0.09624360969104218,QPSK
19.05645699044232,-0.09435430095576791,QPSK
19.075350077795065,-0.09246499222049342,QPSK
19.09424316514781,-0.09057568348521894,QPSK
19.113136252500556,-0.08868637474994423,QPSK
19.1320293398533,-0.08679706601466997,QPSK
19.150922427206048,-0.08490775727939504,QPSK
19.169815514558792,-0.08301844854412077,QPSK
19.188708601911536,-0.08112913980884628,QPSK
19.20760168926428,-0.07923983107357202,QPSK
19.226494776617024,-0.07735052233829753,QPSK
19.24538786396977,-0.07546121360302283,QPSK
19.26428095132252,-0.07357190486774812,QPSK
19.283174038675263,-0.07168259613247363,QPSK
19.302067126028007,-0.06979328739719914,QPSK
19.32096021338075,-0.06790397866192488,QPSK
19.339853300733495,-0.0660146699266504,QPSK
19.358746388086242,-0.06412536119137568,QPSK
19.377639475438986,-0.0622360524561012,QPSK
19.396532562791734,-0.06034674372082649,QPSK
19.415425650144478,-0.058457434985552226,QPSK
19.43431873749722,-0.05656812625027774,QPSK
19.453211824849966,-0.05467881751500325,QPSK
19.47210491220271,-0.05278950877972899,QPSK
19.490997999555457,-0.05090020004445428,QPSK
19.5098910869082,-0.049010891309179794,QPSK
19.52878417426095,-0.047121582573905085,QPSK
19.547677261613693,-0.0452322738386306,QPSK
19.566570348966437,-0.043342965103356335,QPSK
19.58546343631918,-0.04145365636808185,QPSK
19.604356523671928,-0.03956434763280714,QPSK
19.623249611024672,-0.03767503889753265,QPSK
19.64214269837742,-0.035785730162257945,QPSK
19.661035785730164,-0.03389642142698346,QPSK
19.679928873082908,-0.032007112691709194,QPSK
19.69882196043565,-0.030117803956434708,QPSK
19.717715047788396,-0.028228495221160443,QPSK
19.736608135141143,-0.026339186485885513,QPSK
19.755501222493887,-0.02444987775061125,QPSK
19.774394309846635,-0.02256056901533654,QPSK
19.79328739719938,-0.020671260280062054,QPSK
19.812180484552123,-0.018781951544787567,QPSK
19.831073571904867,-0.016892642809513303,QPSK
19.84996665925761,-0.015003334074238817,QPSK
19.868859746610358,-0.013114025338964108,QPSK
19.887752833963106,-0.0112247166036894,QPSK
19.90664592131585,-0.009335407868414913,QPSK
19.925539008668594,-0.007446099133140649,QPSK
19.944432096021337,-0.005556790397866163,QPSK
19.96332518337408,-0.003667481662591676,QPSK
19.98221827072683,-0.0017781729273169677,QPSK
20.001111358079573,6.000166703711936,QPSK
20.02000444543232,6.003000666814848,QPSK
20.038897532785064,6.005834629917759,QPSK
20.05779062013781,6.008668593020671,QPSK
20.076683707490552,6.011502556123583,QPSK
20.095576794843296,6.014336519226495,QPSK
20.114469882196044,6.017170482329407,QPSK
20.13336296954879,6.020004445432319,QPSK
20.152256056901535,6.022838408535231,QPSK
20.17114914425428,6.025672371638142,QPSK
20.190042231607023,6.028506334741053,QPSK
20.208935318959767,6.031340297843965,QPSK
20.227828406312515,6.034174260946877,QPSK
20.24672149366526,6.037008224049789,QPSK
20.265614581018006,6.039842187152701,QPSK
20.28450766837075,6.0426761502556126,QPSK
20.303400755723494,6.0455101133585245,QPSK
20.32229384307624,6.048344076461436,QPSK
20.341186930428982,6.051178039564347,QPSK
20.36008001778173,6.0540120026672595,QPSK
20.378973105134474,6.0568459657701705,QPSK
20.39786619248722,6.0596799288730825,QPSK
20.416759279839965,6.062513891975994,QPSK
20.43565236719271,6.065347855078906,QPSK
20.454545454545453,6.068181818181818,QPSK
20.473438541898197,6.071015781284729,QPSK
20.492331629250945,6.073849744387642,QPSK
20.511224716603692,6.076683707490554,QPSK
20.530117803956436,6.079517670593465,QPSK
20.54901089130918,6.082351633696376,QPSK
20.567903978661924,6.085185596799288,QPSK
20.586797066014668,6.0880195599022,QPSK
20.605690153367416,6.090853523005112,QPSK
20.62458324072016,6.093687486108024,QPSK
20.643476328072907,6.096521449210936,QPSK
20.66236941542565,6.099355412313848,QPSK
20.681262502778395,6.102189375416759,QPSK
20.70015559013114,6.10502333851967,QPSK
20.719048677483883,6.107857301622582,QPSK
20.73794176483663,6.110691264725494,QPSK
20.756834852189378,6.113525227828406,QPSK
20.775727939542122,6.116359190931318,QPSK
20.794621026894866,6.11919315403423,QPSK
20.81351411424761,6.122027117137142,QPSK
20.832407201600354,6.124861080240053,QPSK
20.8513002889531,6.127695043342966,QPSK
20.870193376305846,6.130529006445877,QPSK
20.889086463658593,6.133362969548789,QPSK
20.907979551011337,6.1361969326517,QPSK
20.92687263836408,6.139030895754612,QPSK
20.945765725716825,6.141864858857524,QPSK
20.96465881306957,6.144698821960436,QPSK
20.983551900422317,6.147532785063348,QPSK
21.00244498777506,6.15036674816626,QPSK
21.021338075127808,6.153200711269172,QPSK
21.040231162480552,6.156034674372083,QPSK
21.059124249833296,6.158868637474994,QPSK
21.07801733718604,6.161702600577906,QPSK
21.096910424538788,6.164536563680818,QPSK
21.11580351189153,6.1673705267837295,QPSK
21.134696599244275,6.1702044898866415,QPSK
21.153589686597023,6.1730384529895534,QPSK
21.172482773949767,6.175872416092465,QPSK
21.19137586130251,6.1787063791953765,QPSK
21.21026894865526,6.181540342298289,QPSK
21.229162036008002,6.1843743054012,QPSK
21.248055123360746,6.187208268504111,QPSK
21.26694821071349,6.190042231607023,QPSK
21.285841298066238,6.192876194709935,QPSK
21.304734385418982,6.195710157812847,QPSK
21.323627472771726,6.198544120915759,QPSK
21.342520560124473,6.201378084018671,QPSK
21.361413647477217,6.204212047121583,QPSK
21.38030673482996,6.207046010224494,QPSK
21.39919982218271,6.209879973327406,QPSK
21.418092909535453,6.212713936430317,QPSK
21.436985996888197,6.215547899533229,QPSK
21.455879084240944,6.218381862636141,QPSK
21.47477217159369,6.221215825739053,QPSK
21.493665258946432,6.224049788841965,QPSK
21.512558346299176,6.226883751944877,QPSK
21.531451433651924,6.229717715047789,QPSK
21.550344521004668,6.2325516781507,QPSK
21.56923760835741,6.235385641253611,QPSK
21.58813069571016,6.238219604356524,QPSK
21.607023783062903,6.241053567459435,QPSK
21.625916870415647,6.243887530562347,QPSK
21.644809957768395,6.246721493665259,QPSK
21.66370304512114,6.249555456768171,QPSK
21.682596132473883,6.252389419871083,QPSK
21.701489219826627,6.255223382973994,QPSK
21.720382307179374,6.258057346076907,QPSK
21.739275394532118,6.260891309179818,QPSK
21.758168481884862,6.263725272282729,QPSK
21.77706156923761,6.266559235385641,QPSK
21.795954656590354,6.269393198488553,QPSK
21.814847743943098,6.272227161591465,QPSK
21.833740831295845,6.275061124694377,QPSK
21.85263391864859,6.2778950877972886,QPSK
21.871527006001333,6.2807290509002005,QPSK
21.89042009335408,6.2835630140031125,QPSK
21.909313180706825,6.2863969771060235,QPSK
21.92820626805957,6.289230940208935,QPSK
21.947099355412313,6.2920649033118465,QPSK
21.96599244276506,6.2948988664147585,QPSK
21.984885530117804,6.29773282951767,QPSK
22.003778617470548,6.300566792620582,QPSK
22.022671704823296,6.303400755723494,QPSK
22.04156479217604,6.306234718826406,QPSK
22.060457879528784,6.309068681929317,QPSK
22.07935096688153,6.31190264503223,QPSK
22.098244054234275,6.314736608135141,QPSK
22.11713714158702,6.317570571238052,QPSK
22.136030228939763,6.320404534340964,QPSK
22.15492331629251,6.323238497443876,QPSK
22.173816403645255,6.326072460546788,QPSK
22.192709490998,6.3289064236497,QPSK
22.211602578350746,6.331740386752612,QPSK
22.23049566570349,6.334574349855524,QPSK
22.249388753056234,6.337408312958435,QPSK
22.26828184040898,6.340242276061347,QPSK
22.287174927761725,6.343076239164258,QPSK
22.30606801511447,6.34591020226717,QPSK
22.324961102467217,6.348744165370082,QPSK
22.34385418981996,6.351578128472994,QPSK
22.362747277172705,6.354412091575906,QPSK
22.38164036452545,6.357246054678818,QPSK
22.400533451878196,6.36008001778173,QPSK
22.41942653923094,6.362913980884641,QPSK
22.438319626583684,6.365747943987552,QPSK
22.457212713936432,6.368581907090465,QPSK
22.476105801289176,6.371415870193376,QPSK
22.49499888864192,6.374249833296288,QPSK
22.513891975994667,6.3770837963992,QPSK
22.53278506334741,6.379917759502112,QPSK
22.551678150700155,6.382751722605024,QPSK
22.5705712380529,6.385585685707935,QPSK
22.589464325405647,6.388419648810848,QPSK
22.60835741275839,6.391253611913759,QPSK
22.627250500111135,6.39408757501667,QPSK
22.646143587463882,6.396921538119582,QPSK
22.665036674816626,6.399755501222494,QPSK
22.68392976216937,6.4025894643254055,QPSK
22.702822849522118,6.4054234274283175,QPSK
22.721715936874862,6.4082573905312294,QPSK
22.740609024227606,6.411091353634141,QPSK
22.75950211158035,6.4139253167370525,QPSK
22.778395198933097,6.416759279839964,QPSK
22.79728828628584,6.4195932429428755,QPSK
22.816181373638585,6.422427206045787,QPSK
22.835074460991333,6.425261169148699,QPSK
22.853967548344077,6.428095132251611,QPSK
22.87286063569682,6.430929095354523,QPSK
22.89175372304957,6.433763058457435,QPSK
22.910646810402312,6.436597021560347,QPSK
22.929539897755056,6.439430984663258,QPSK
22.948432985107804,6.442264947766171,QPSK
22.967326072460548,6.445098910869082,QPSK
22.98621915981329,6.447932873971993,QPSK
23.005112247166036,6.450766837074905,QPSK
23.024005334518783,6.453600800177817,QPSK
23.042898421871527,6.456434763280729,QPSK
23.06179150922427,6.459268726383641,QPSK
23.08068459657702,6.462102689486553,QPSK
23.099577683929763,6.464936652589465,QPSK
23.118470771282507,6.467770615692376,QPSK
23.137363858635254,6.470604578795288,QPSK
23.156256945987998,6.473438541898199,QPSK
23.175150033340742,6.476272505001111,QPSK
23.194043120693486,6.479106468104023,QPSK
23.212936208046234,6.481940431206935,QPSK
23.231829295398978,6.484774394309847,QPSK
23.25072238275172,6.487608357412759,QPSK
23.26961547010447,6.490442320515671,QPSK
23.288508557457213,6.493276283618582,QPSK
23.307401644809957,6.496110246721493,QPSK
23.326294732162705,6.498944209824406,QPSK
23.34518781951545,6.501778172927317,QPSK
23.364080906868192,6.504612136030229,QPSK
23.38297399422094,6.507446099133141,QPSK
23.401867081573684,6.510280062236053,QPSK
23.420760168926428,6.5131140253389646,QPSK
23.439653256279172,6.515947988441876,QPSK
23.45854634363192,6.5187819515447885,QPSK
23.477439430984663,6.5216159146476995,QPSK
23.496332518337407,6.524449877750611,QPSK
23.515225605690155,6.5272838408535225,QPSK
23.5341186930429,6.5301178039564345,QPSK
23.553011780395643,6.532951767059346,QPSK
23.57190486774839,6.535785730162258,QPSK
23.590797955101134,6.53861969326517,QPSK
23.60969104245388,6.541453656368082,QPSK
23.628584129806622,6.544287619470993,QPSK
23.64747721715937,6.547121582573905,QPSK
23.666370304512114,6.549955545676816,QPSK
23.685263391864858,6.552789508779728,QPSK
23.704156479217605,6.55562347188264,QPSK
23.72304956657035,6.558457434985552,QPSK
23.741942653923093,6.561291398088464,QPSK
23.76083574127584,6.564125361191376,QPSK
23.779728828628585,6.566959324294288,QPSK
23.79862191598133,6.569793287397199,QPSK
23.817515003334073,6.57262725050011,QPSK
23.83640809068682,6.575461213603023,QPSK
23.855301178039564,6.578295176705934,QPSK
23.87419426539231,6.581129139808846,QPSK
23.893087352745056,6.583963102911758,QPSK
23.9119804400978,6.58679706601467,QPSK
23.930873527450544,6.589631029117582,QPSK
23.94976661480329,6.592464992220494,QPSK
23.968659702156035,6.595298955323406,QPSK
23.98755278950878,6.598132918426317,QPSK
24.006445876861527,6.600966881529229,QPSK
24.02533896421427,6.60380084463214,QPSK
24.044232051567015,6.606634807735052,QPSK
24.06312513891976,6.609468770837964,QPSK
24.082018226272506,6.612302733940876,QPSK
24.10091131362525,6.615136697043788,QPSK
24.119804400977994,6.617970660146699,QPSK
24.13869748833074,6.620804623249612,QPSK
24.157590575683486,6.623638586352523,QPSK
24.17648366303623,6.626472549455434,QPSK
24.195376750388977,6.629306512558347,QPSK
24.21426983774172,6.632140475661258,QPSK
24.233162925094465,6.63497443876417,QPSK
24.25205601244721,6.6378084018670815,QPSK
24.270949099799957,6.6406423649699935,QPSK
24.2898421871527,6.6434763280729054,QPSK
24.308735274505445,6.6463102911758165,QPSK
24.327628361858192,6.6491442542787285,QPSK
24.346521449210936,6.65197821738164,QPSK
24.36541453656368,6.6548121804845515,QPSK
24.384307623916428,6.657646143587463,QPSK
24.40320071126917,6.660480106690375,QPSK
24.422093798621916,6.663314069793287,QPSK
24.440986885974663,6.666148032896199,QPSK
24.459879973327407,6.668981995999111,QPSK
24.47877306068015,6.671815959102022,QPSK
24.497666148032895,6.674649922204934,QPSK
24.516559235385643,6.677483885307846,QPSK
24.535452322738386,6.680317848410757,QPSK
24.55434541009113,6.683151811513669,QPSK
24.573238497443878,6.685985774616581,QPSK
24.592131584796622,6.688819737719493,QPSK
24.611024672149366,6.691653700822405,QPSK
24.629917759502113,6.694487663925317,QPSK
24.648810846854857,6.697321627028229,QPSK
24.6677039342076,6.70015559013114,QPSK
24.686597021560345,6.702989553234051,QPSK
24.705490108913093,6.705823516336964,QPSK
24.724383196265837,6.708657479439875,QPSK
24.74327628361858,6.711491442542787,QPSK
24.76216937097133,6.714325405645699,QPSK
24.781062458324072,6.717159368748611,QPSK
24.799955545676816,6.719993331851523,QPSK
24.818848633029564,6.722827294954435,QPSK
24.837741720382308,6.725661258057346,QPSK
24.856634807735052,6.728495221160258,QPSK
24.8755278950878,6.73132918426317,QPSK
24.894420982440543,6.734163147366081,QPSK
24.913314069793287,6.736997110468993,QPSK
24.93220715714603,6.739831073571905,QPSK
24.95110024449878,6.742665036674817,QPSK
24.969993331851523,6.745498999777729,QPSK
24.988886419204267,6.74833296288064,QPSK
25.007779506557014,6.7511669259835525,QPSK
25.02667259390976,6.754000889086464,QPSK
25.045565681262502,6.756834852189375,QPSK
25.06445876861525,6.7596688152922875,QPSK
25.083351855967994,6.7625027783951985,QPSK
25.102244943320738,6.7653367414981105,QPSK
25.12113803067348,6.768170704601022,QPSK
25.14003111802623,6.771004667703934,QPSK
25.158924205378973,6.773838630806846,QPSK
25.177817292731717,6.776672593909757,QPSK
25.196710380084465,6.779506557012669,QPSK
25.21560346743721,6.782340520115581,QPSK
25.234496554789953,6.785174483218492,QPSK
25.2533896421427,6.788008446321404,QPSK
25.272282729495444,6.790842409424316,QPSK
25.291175816848188,6.793676372527228,QPSK
25.310068904200932,6.79651033563014,QPSK
25.32896199155368,6.799344298733052,QPSK
25.347855078906424,6.802178261835963,QPSK
25.366748166259168,6.805012224938875,QPSK
25.385641253611915,6.807846188041787,QPSK
25.40453434096466,6.810680151144698,QPSK
25.423427428317403,6.81351411424761,QPSK
25.44232051567015,6.816348077350522,QPSK
25.461213603022895,6.819182040453434,QPSK
25.48010669037564,6.822016003556346,QPSK
25.498999777728386,6.824849966659258,QPSK
25.51789286508113,6.82768392976217,QPSK
25.536785952433874,6.830517892865081,QPSK
25.555679039786618,6.833351855967992,QPSK
25.574572127139366,6.836185819070905,QPSK
25.59346521449211,6.839019782173816,QPSK
25.612358301844854,6.841853745276728,QPSK
25.6312513891976,6.84468770837964,QPSK
25.650144476550345,6.847521671482552,QPSK
25.66903756390309,6.850355634585464,QPSK
25.687930651255837,6.853189597688376,QPSK
25.70682373860858,6.856023560791287,QPSK
25.725716825961324,6.858857523894199,QPSK
25.74460991331407,6.86169148699711,QPSK
25.763503000666816,6.864525450100022,QPSK
25.78239608801956,6.867359413202934,QPSK
25.801289175372304,6.870193376305846,QPSK
25.82018226272505,6.8730273394087575,QPSK
25.839075350077795,6.8758613025116695,QPSK
25.85796843743054,6.878695265614581,QPSK
25.876861524783287,6.881529228717493,QPSK
25.89575461213603,6.8843631918204045,QPSK
25.914647699488775,6.8871971549233155,QPSK
25.933540786841522,6.890031118026228,QPSK
25.952433874194266,6.892865081129139,QPSK
25.97132696154701,6.895699044232051,QPSK
25.990220048899754,6.898533007334963,QPSK
26.009113136252502,6.901366970437875,QPSK
26.028006223605246,6.904200933540787,QPSK
26.04689931095799,6.907034896643698,QPSK
26.065792398310737,6.90986885974661,QPSK
26.08468548566348,6.912702822849522,QPSK
26.103578573016225,6.915536785952433,QPSK
26.122471660368973,6.918370749055345,QPSK
26.141364747721717,6.921204712158257,QPSK
26.16025783507446,6.924038675261169,QPSK
26.179150922427205,6.926872638364081,QPSK
26.198044009779952,6.929706601466993,QPSK
26.216937097132696,6.932540564569904,QPSK
26.23583018448544,6.935374527672816,QPSK
26.254723271838188,6.938208490775728,QPSK
26.27361635919093,6.941042453878639,QPSK
26.292509446543676,6.943876416981551,QPSK
26.311402533896423,6.946710380084463,QPSK
26.330295621249167,6.949544343187375,QPSK
26.34918870860191,6.952378306290287,QPSK
26.368081795954655,6.955212269393198,QPSK
26.386974883307403,6.958046232496111,QPSK
26.405867970660147,6.960880195599022,QPSK
26.42476105801289,6.963714158701933,QPSK
26.443654145365638,6.966548121804846,QPSK
26.462547232718382,6.969382084907757,QPSK
26.481440320071126,6.972216048010669,QPSK
26.500333407423874,6.975050011113581,QPSK
26.519226494776618,6.977883974216493,QPSK
26.53811958212936,6.980717937319405,QPSK
26.55701266948211,6.9835519004223165,QPSK
26.575905756834853,6.986385863525228,QPSK
26.594798844187597,6.98921982662814,QPSK
26.61369193154034,6.992053789731051,QPSK
26.63258501889309,6.994887752833963,QPSK
26.651478106245833,6.9977217159368745,QPSK
26.670371193598577,7.0005556790397865,QPSK
26.689264280951324,7.003389642142698,QPSK
26.708157368304068,7.00622360524561,QPSK
26.727050455656812,7.0090575683485214,QPSK
26.74594354300956,7.011891531451433,QPSK
26.764836630362304,7.014725494554345,QPSK
26.783729717715048,7.017559457657257,QPSK
26.80262280506779,7.020393420760168,QPSK
26.82151589242054,7.02322738386308,QPSK
26.840408979773283,7.026061346965992,QPSK
26.859302067126027,7.028895310068904,QPSK
26.878195154478774,7.031729273171816,QPSK
26.89708824183152,7.034563236274727,QPSK
26.915981329184262,7.037397199377639,QPSK
26.93487441653701,7.040231162480551,QPSK
26.953767503889754,7.043065125583463,QPSK
26.972660591242498,7.045899088686374,QPSK
26.991553678595245,7.048733051789287,QPSK
27.01044676594799,7.051567014892198,QPSK
27.029339853300733,7.05440097799511,QPSK
27.048232940653477,7.057234941098021,QPSK
27.067126028006225,7.060068904200934,QPSK
27.08601911535897,7.062902867303845,QPSK
27.104912202711713,7.065736830406757,QPSK
27.12380529006446,7.068570793509669,QPSK
27.142698377417204,7.071404756612581,QPSK
27.16159146476995,7.074238719715492,QPSK
27.180484552122696,7.077072682818404,QPSK
27.19937763947544,7.079906645921316,QPSK
27.218270726828184,7.082740609024228,QPSK
27.237163814180928,7.085574572127139,QPSK
27.256056901533675,7.088408535230051,QPSK
27.27494998888642,7.091242498332963,QPSK
27.293843076239163,7.094076461435875,QPSK
27.31273616359191,7.096910424538787,QPSK
27.331629250944655,7.099744387641698,QPSK
27.3505223382974,7.10257835074461,QPSK
27.369415425650146,7.105412313847522,QPSK
27.38830851300289,7.1082462769504335,QPSK
27.407201600355634,7.111080240053345,QPSK
27.42609468770838,7.113914203156257,QPSK
27.444987775061126,7.1167481662591685,QPSK
27.46388086241387,7.1195821293620805,QPSK
27.482773949766614,7.1224160924649915,QPSK
27.50166703711936,7.125250055567904,QPSK
27.520560124472105,7.128084018670815,QPSK
27.53945321182485,7.130917981773727,QPSK
27.558346299177597,7.133751944876639,QPSK
27.57723938653034,7.136585907979551,QPSK
27.596132473883085,7.139419871082462,QPSK
27.615025561235832,7.142253834185374,QPSK
27.633918648588576,7.145087797288286,QPSK
27.65281173594132,7.147921760391198,QPSK
27.671704823294064,7.150755723494109,QPSK
27.69059791064681,7.153589686597021,QPSK
27.709490997999556,7.156423649699933,QPSK
27.7283840853523,7.159257612802845,QPSK
27.747277172705047,7.162091575905757,QPSK
27.76617026005779,7.164925539008668,QPSK
27.785063347410535,7.16775950211158,QPSK
27.803956434763283,7.170593465214492,QPSK
27.822849522116027,7.173427428317404,QPSK
27.84174260946877,7.176261391420315,QPSK
27.860635696821515,7.179095354523227,QPSK
27.879528784174262,7.181929317626139,QPSK
27.898421871527006,7.184763280729051,QPSK
27.91731495887975,7.187597243831962,QPSK
27.936208046232498,7.190431206934875,QPSK
27.95510113358524,7.193265170037786,QPSK
27.973994220937985,7.196099133140698,QPSK
27.992887308290733,7.19893309624361,QPSK
28.011780395643477,7.201767059346522,QPSK
28.03067348299622,7.204601022449433,QPSK
28.04956657034897,7.207434985552345,QPSK
28.068459657701712,7.210268948655257,QPSK
28.087352745054456,7.213102911758169,QPSK
28.1062458324072,7.21593687486108,QPSK
28.125138919759948,7.218770837963992,QPSK
28.144032007112692,7.221604801066904,QPSK
28.162925094465436,7.224438764169816,QPSK
28.181818181818183,7.2272727272727275,QPSK
28.200711269170927,7.230106690375639,QPSK
28.21960435652367,7.2329406534785505,QPSK
28.23849744387642,7.2357746165814625,QPSK
28.257390531229163,7.238608579684374,QPSK
28.276283618581907,7.2414425427872855,QPSK
28.29517670593465,7.2442765058901974,QPSK
28.3140697932874,7.247110468993109,QPSK
28.332962880640142,7.249944432096021,QPSK
28.351855967992886,7.252778395198932,QPSK
28.370749055345634,7.255612358301845,QPSK
28.389642142698378,7.258446321404756,QPSK
28.408535230051122,7.261280284507668,QPSK
28.42742831740387,7.26411424761058,QPSK
28.446321404756613,7.266948210713492,QPSK
28.465214492109357,7.269782173816403,QPSK
28.484107579462105,7.272616136919315,QPSK
28.50300066681485,7.275450100022227,QPSK
28.521893754167593,7.278284063125139,QPSK
28.540786841520337,7.28111802622805,QPSK
28.559679928873084,7.283951989330962,QPSK
28.57857301622583,7.286785952433874,QPSK
28.597466103578572,7.289619915536786,QPSK
28.61635919093132,7.292453878639698,QPSK
28.635252278284064,7.295287841742609,QPSK
28.654145365636808,7.298121804845521,QPSK
28.673038452989555,7.300955767948433,QPSK
28.6919315403423,7.303789731051345,QPSK
28.710824627695043,7.306623694154256,QPSK
28.729717715047787,7.309457657257168,QPSK
28.748610802400535,7.31229162036008,QPSK
28.76750388975328,7.315125583462992,QPSK
28.786396977106023,7.317959546565903,QPSK
28.80529006445877,7.320793509668816,QPSK
28.824183151811514,7.323627472771727,QPSK
28.843076239164258,7.326461435874639,QPSK
28.861969326517006,7.329295398977551,QPSK
28.88086241386975,7.332129362080463,QPSK
28.899755501222494,7.334963325183374,QPSK
28.918648588575238,7.337797288286286,QPSK
28.937541675927985,7.340631251389198,QPSK
28.95643476328073,7.3434652144921095,QPSK
28.975327850633473,7.346299177595021,QPSK
28.99422093798622,7.3491331406979326,QPSK
29.013114025338965,7.3519671038008445,QPSK
29.03200711269171,7.3548010669037565,QPSK
29.050900200044456,7.357635030006668,QPSK
29.0697932873972,7.3604689931095795,QPSK
29.088686374749944,7.363302956212491,QPSK
29.10757946210269,7.366136919315403,QPSK
29.126472549455436,7.368970882418315,QPSK
29.14536563680818,7.371804845521226,QPSK
29.164258724160923,7.374638808624138,QPSK
29.18315181151367,7.37747277172705,QPSK
29.202044898866415,7.380306734829962,QPSK
29.22093798621916,7.383140697932873,QPSK
29.239831073571906,7.385974661035786,QPSK
29.25872416092465,7.388808624138697,QPSK
29.277617248277394,7.391642587241609,QPSK
29.296510335630142,7.394476550344521,QPSK
29.315403422982886,7.397310513447433,QPSK
29.33429651033563,7.400144476550344,QPSK
29.353189597688374,7.402978439653256,QPSK
29.37208268504112,7.405812402756168,QPSK
29.390975772393865,7.40864636585908,QPSK
29.40986885974661,7.411480328961991,QPSK
29.428761947099357,7.414314292064903,QPSK
29.4476550344521,7.417148255167815,QPSK
29.466548121804845,7.419982218270727,QPSK
29.485441209157592,7.422816181373639,QPSK
29.504334296510336,7.42565014447655,QPSK
29.52322738386308,7.428484107579462,QPSK
29.542120471215828,7.431318070682374,QPSK
29.561013558568572,7.434152033785286,QPSK
29.579906645921316,7.436985996888197,QPSK
29.59879973327406,7.439819959991109,QPSK
29.617692820626807,7.442653923094021,QPSK
29.63658590797955,7.445487886196933,QPSK
29.655478995332295,7.448321849299844,QPSK
29.674372082685043,7.451155812402757,QPSK
29.693265170037787,7.453989775505668,QPSK
29.71215825739053,7.45682373860858,QPSK
29.73105134474328,7.459657701711492,QPSK
29.749944432096022,7.4624916648144035,QPSK
29.768837519448766,7.465325627917315,QPSK
29.78773060680151,7.4681595910202265,QPSK
29.806623694154258,7.4709935541231385,QPSK
29.825516781507,7.47382751722605,QPSK
29.844409868859746,7.4766614803289615,QPSK
29.863302956212493,7.4794954434318734,QPSK
29.882196043565237,7.482329406534785,QPSK
29.90108913091798,7.485163369637697,QPSK
29.91998221827073,7.487997332740609,QPSK
29.938875305623473,7.49083129584352,QPSK
29.957768392976217,7.493665258946432,QPSK
29.976661480328964,7.496499222049344,QPSK
29.995554567681708,7.499333185152256,QPSK
30.014447655034452,7.502167148255167,QPSK
30.033340742387196,7.505001111358079,QPSK
30.052233829739944,7.507835074460991,QPSK
30.071126917092688,7.510669037563903,QPSK
30.09002000444543,7.513503000666814,QPSK
30.10891309179818,7.516336963769727,QPSK
30.127806179150923,7.519170926872638,QPSK
30.146699266503667,7.52200488997555,QPSK
30.165592353856415,7.524838853078462,QPSK
30.18448544120916,7.527672816181374,QPSK
30.203378528561903,7.530506779284285,QPSK
30.222271615914647,7.533340742387197,QPSK
30.241164703267394,7.536174705490109,QPSK
30.260057790620138,7.539008668593021,QPSK
30.278950877972882,7.541842631695932,QPSK
30.29784396532563,7.544676594798844,QPSK
30.316737052678373,7.547510557901756,QPSK
30.335630140031117,7.550344521004668,QPSK
30.354523227383865,7.55317848410758,QPSK
30.37341631473661,7.556012447210491,QPSK
30.392309402089353,7.558846410313403,QPSK
30.411202489442097,7.561680373416315,QPSK
30.430095576794844,7.564514336519227,QPSK
30.44898866414759,7.567348299622138,QPSK
30.467881751500332,7.57018226272505,QPSK
30.48677483885308,7.573016225827962,QPSK
30.505667926205824,7.575850188930874,QPSK
30.524561013558568,7.578684152033785,QPSK
30.543454100911315,7.5815181151366975,QPSK
30.56234718826406,7.5843520782396086,QPSK
30.581240275616803,7.5871860413425205,QPSK
30.60013336296955,7.5900200044454325,QPSK
30.619026450322295,7.592853967548344,QPSK
30.63791953767504,7.5956879306512555,QPSK
30.656812625027783,7.598521893754167,QPSK
30.67570571238053,7.601355856857079,QPSK
30.694598799733274,7.604189819959991,QPSK
30.71349188708602,7.607023783062902,QPSK
30.732384974438766,7.609857746165814,QPSK
30.75127806179151,7.612691709268726,QPSK
30.770171149144254,7.615525672371638,QPSK
30.789064236497,7.61835963547455,QPSK
30.807957323849745,7.621193598577461,QPSK
30.82685041120249,7.624027561680373,QPSK
30.845743498555233,7.626861524783285,QPSK
30.86463658590798,7.629695487886197,QPSK
30.883529673260725,7.632529450989108,QPSK
30.90242276061347,7.63536341409202,QPSK
30.921315847966216,7.638197377194932,QPSK
30.94020893531896,7.641031340297844,QPSK
30.959102022671704,7.643865303400755,QPSK
30.97799511002445,7.646699266503668,QPSK
30.996888197377196,7.649533229606579,QPSK
31.01578128472994,7.652367192709491,QPSK
31.034674372082687,7.655201155812403,QPSK
31.05356745943543,7.658035118915315,QPSK
31.072460546788175,7.660869082018226,QPSK
31.09135363414092,7.663703045121138,QPSK
31.110246721493667,7.66653700822405,QPSK
31.12913980884641,7.669370971326962,QPSK
31.148032896199155,7.672204934429873,QPSK
31.166925983551902,7.675038897532785,QPSK
31.185819070904646,7.677872860635697,QPSK
31.20471215825739,7.680706823738609,QPSK
31.223605245610138,7.683540786841521,QPSK
31.24249833296288,7.686374749944432,QPSK
31.261391420315626,7.689208713047344,QPSK
31.28028450766837,7.692042676150256,QPSK
31.299177595021117,7.694876639253168,QPSK
31.31807068237386,7.697710602356079,QPSK
31.336963769726605,7.700544565458991,QPSK
31.355856857079353,7.7033785285619025,QPSK
31.374749944432097,7.7062124916648145,QPSK
31.39364303178484,7.7090464547677255,QPSK
31.412536119137588,7.711880417870638,QPSK
31.431429206490332,7.7147143809735494,QPSK
31.450322293843076,7.717548344076461,QPSK
31.46921538119582,7.7203823071793725,QPSK
31.488108468548567,7.723216270282285,QPSK
31.50700155590131,7.726050233385196,QPSK
31.525894643254055,7.728884196488108,QPSK
31.544787730606803,7.73171815959102,QPSK
31.563680817959547,7.734552122693932,QPSK
31.58257390531229,7.737386085796843,QPSK
31.60146699266504,7.740220048899755,QPSK
31.620360080017782,7.743054012002667,QPSK
31.639253167370526,7.745887975105579,QPSK
31.658146254723274,7.748721938208491,QPSK
31.677039342076018,7.751555901311402,QPSK
31.695932429428762,7.754389864414314,QPSK
31.714825516781506,7.757223827517226,QPSK
31.733718604134253,7.760057790620138,QPSK
31.752611691486997,7.762891753723049,QPSK
31.77150477883974,7.765725716825961,QPSK
31.79039786619249,7.768559679928873,QPSK
31.809290953545233,7.771393643031785,QPSK
31.828184040897977,7.774227606134696,QPSK
31.847077128250724,7.777061569237609,QPSK
31.86597021560347,7.77989553234052,QPSK
31.884863302956212,7.782729495443432,QPSK
31.903756390308956,7.785563458546343,QPSK
31.922649477661704,7.788397421649256,QPSK
31.941542565014448,7.791231384752167,QPSK
31.96043565236719,7.794065347855079,QPSK
31.97932873971994,7.796899310957991,QPSK
31.998221827072683,7.799733274060903,QPSK
32.01711491442543,7.802567237163814,QPSK
32.03600800177817,7.805401200266726,QPSK
32.05490108913092,7.8082351633696385,QPSK
32.07379417648366,7.811069126472549,QPSK
32.09268726383641,7.8139030895754615,QPSK
32.111580351189154,7.816737052678373,QPSK
32.1304734385419,7.8195710157812846,QPSK
32.14936652589464,7.8224049788841965,QPSK
32.168259613247386,7.825238941987108,QPSK
32.18715270060014,7.82807290509002,QPSK
32.206045787952874,7.830906868192931,QPSK
32.224938875305625,7.833740831295843,QPSK
32.24383196265837,7.836574794398755,QPSK
32.26272505001111,7.839408757501666,QPSK
32.281618137363864,7.842242720604579,QPSK
32.3005112247166,7.84507668370749,QPSK
32.31940431206935,7.847910646810402,QPSK
32.33829739942209,7.850744609913313,QPSK
32.35719048677484,7.853578573016226,QPSK
32.376083574127584,7.856412536119137,QPSK
32.39497666148033,7.859246499222049,QPSK
32.41386974883308,7.862080462324962,QPSK
32.432762836185816,7.864914425427872,QPSK
32.45165592353857,7.867748388530785,QPSK
32.47054901089131,7.870582351633696,QPSK
32.489442098244055,7.873416314736608,QPSK
32.5083351855968,7.87625027783952,QPSK
32.52722827294954,7.879084240942431,QPSK
32.546121360302294,7.881918204045344,QPSK
32.56501444765503,7.884752167148254,QPSK
32.58390753500778,7.887586130251167,QPSK
32.602800622360526,7.890420093354079,QPSK
32.62169370971327,7.89325405645699,QPSK
32.640586797066014,7.896088019559902,QPSK
32.65947988441876,7.898921982662814,QPSK
32.67837297177151,7.901755945765726,QPSK
32.697266059124246,7.904589908868637,QPSK
32.716159146477,7.90742387197155,QPSK
32.73505223382974,7.910257835074461,QPSK
32.753945321182485,7.913091798177373,QPSK
32.77283840853523,7.915925761280284,QPSK
32.79173149588797,7.918759724383196,QPSK
32.810624583240724,7.921593687486109,QPSK
32.82951767059346,7.924427650589019,QPSK
32.84841075794621,7.927261613691932,QPSK
32.867303845298956,7.930095576794844,QPSK
32.8861969326517,7.932929539897755,QPSK
32.90509002000445,7.9357635030006675,QPSK
32.92398310735719,7.938597466103578,QPSK
32.94287619470994,7.9414314292064905,QPSK
32.961769282062676,7.9442653923094015,QPSK
32.98066236941543,7.9470993554123135,QPSK
32.99955545676817,7.9499333185152254,QPSK
33.018448544120915,7.952767281618137,QPSK
33.037341631473666,7.955601244721049,QPSK
33.0562347188264,7.95843520782396,QPSK
33.075127806179154,7.961269170926873,QPSK
33.0940208935319,7.964103134029784,QPSK
33.11291398088464,7.966937097132696,QPSK
33.131807068237386,7.969771060235607,QPSK
33.15070015559013,7.972605023338519,QPSK
33.16959324294288,7.975438986441432,QPSK
33.18848633029562,7.978272949544342,QPSK
33.20737941764837,7.981106912647255,QPSK
33.22627250500111,7.983940875750167,QPSK
33.24516559235386,7.986774838853078,QPSK
33.2640586797066,7.98960880195599,QPSK
33.282951767059345,7.992442765058901,QPSK
33.301844854412096,7.995276728161814,QPSK
33.32073794176483,7.998110691264725,QPSK
33.339631029117584,8.000944654367636,QPSK
33.35852411647033,8.003778617470548,QPSK
33.37741720382307,8.00661258057346,QPSK
33.396310291175816,8.009446543676372,QPSK
33.41520337852856,8.012280506779284,QPSK
33.43409646588131,8.015114469882196,QPSK
33.45298955323405,8.017948432985108,QPSK
33.4718826405868,8.02078239608802,QPSK
33.49077572793954,8.023616359190932,QPSK
33.50966881529229,8.026450322293844,QPSK
33.52856190264504,8.029284285396756,QPSK
33.547454989997775,8.032118248499666,QPSK
33.566348077350526,8.03495221160258,QPSK
33.58524116470327,8.037786174705492,QPSK
33.604134252056014,8.040620137808402,QPSK
33.62302733940876,8.043454100911314,QPSK
33.6419204267615,8.046288064014224,QPSK
33.66081351411425,8.049122027117138,QPSK
33.67970660146699,8.051955990220048,QPSK
33.69859968881974,8.05478995332296,QPSK
33.717492776172485,8.057623916425872,QPSK
33.73638586352523,8.060457879528784,QPSK
33.75527895087797,8.063291842631696,QPSK
33.77417203823072,8.066125805734607,QPSK
33.79306512558347,8.06895976883752,QPSK
33.811958212936204,8.071793731940431,QPSK
33.830851300288955,8.074627695043343,QPSK
33.8497443876417,8.077461658146255,QPSK
33.86863747499444,8.080295621249167,QPSK
33.88753056234719,8.08312958435208,QPSK
33.90642364969993,8.08596354745499,QPSK
33.92531673705268,8.088797510557903,QPSK
33.94420982440542,8.091631473660811,QPSK
33.96310291175817,8.094465436763725,QPSK
33.981995999110914,8.097299399866637,QPSK
34.00088908646366,8.100133362969547,QPSK
34.0197821738164,8.10296732607246,QPSK
34.038675261169146,8.105801289175371,QPSK
34.0575683485219,8.108635252278283,QPSK
34.076461435874634,8.111469215381195,QPSK
34.095354523227385,8.114303178484107,QPSK
34.11424761058013,8.117137141587019,QPSK
34.13314069793287,8.119971104689931,QPSK
34.152033785285624,8.122805067792843,QPSK
34.17092687263836,8.125639030895755,QPSK
34.18981995999111,8.128472993998667,QPSK
34.208713047343856,8.131306957101579,QPSK
34.2276061346966,8.13414092020449,QPSK
34.246499222049344,8.136974883307403,QPSK
34.26539230940209,8.139808846410313,QPSK
34.28428539675484,8.142642809513227,QPSK
34.303178484107576,8.145476772616135,QPSK
34.32207157146033,8.148310735719049,QPSK
34.34096465881307,8.15114469882196,QPSK
34.359857746165815,8.15397866192487,QPSK
34.37875083351856,8.156812625027783,QPSK
34.3976439208713,8.159646588130695,QPSK
34.416537008224054,8.162480551233607,QPSK
34.43543009557679,8.165314514336519,QPSK
34.45432318292954,8.16814847743943,QPSK
34.473216270282286,8.170982440542343,QPSK
34.49210935763503,8.173816403645255,QPSK
34.511002444987774,8.176650366748166,QPSK
34.52989553234052,8.179484329851078,QPSK
34.54878861969327,8.18231829295399,QPSK
34.567681707046006,8.1851522560569,QPSK
34.58657479439876,8.187986219159814,QPSK
34.6054678817515,8.190820182262726,QPSK
34.624360969104245,8.193654145365636,QPSK
34.643254056456996,8.19648810846855,QPSK
34.66214714380973,8.199322071571459,QPSK
34.681040231162484,8.202156034674372,QPSK
34.69993331851522,8.204989997777282,QPSK
34.71882640586797,8.207823960880194,QPSK
34.737719493220716,8.210657923983106,QPSK
34.75661258057346,8.213491887086018,QPSK
34.77550566792621,8.21632585018893,QPSK
34.79439875527895,8.219159813291842,QPSK
34.8132918426317,8.221993776394754,QPSK
34.83218492998444,8.224827739497666,QPSK
34.85107801733719,8.227661702600578,QPSK
34.86997110468993,8.23049566570349,QPSK
34.888864192042675,8.233329628806402,QPSK
34.907757279395426,8.236163591909314,QPSK
34.92665036674816,8.238997555012224,QPSK
34.945543454100914,8.241831518115138,QPSK
34.96443654145366,8.24466548121805,QPSK
34.9833296288064,8.24749944432096,QPSK
35.002222716159146,8.250333407423872,QPSK
35.02111580351189,8.253167370526782,QPSK
35.04000889086464,8.256001333629696,QPSK
35.05890197821738,8.258835296732606,QPSK
35.07779506557013,8.261669259835518,QPSK
35.09668815292287,8.26450322293843,QPSK
35.11558124027562,8.267337186041342,QPSK
35.13447432762836,8.270171149144254,QPSK
35.153367414981105,8.273005112247166,QPSK
35.172260502333856,8.275839075350078,QPSK
35.19115358968659,8.27867303845299,QPSK
35.210046677039344,8.281507001555902,QPSK
35.22893976439209,8.284340964658814,QPSK
35.24783285174483,8.287174927761725,QPSK
35.26672593909758,8.290008890864637,QPSK
35.28561902645032,8.292842853967548,QPSK
35.30451211380307,8.295676817070461,QPSK
35.32340520115581,8.29851078017337,QPSK
35.34229828850856,8.301344743276283,QPSK
35.3611913758613,8.304178706379195,QPSK
35.38008446321405,8.307012669482106,QPSK
35.3989775505668,8.30984663258502,QPSK
35.417870637919535,8.31268059568793,QPSK
35.436763725272286,8.315514558790841,QPSK
35.45565681262503,8.318348521893753,QPSK
35.474549899977774,8.321182484996665,QPSK
35.49344298733052,8.324016448099577,QPSK
35.51233607468326,8.32685041120249,QPSK
35.53122916203601,8.329684374305401,QPSK
35.55012224938875,8.332518337408313,QPSK
35.5690153367415,8.335352300511225,QPSK
35.587908424094245,8.338186263614137,QPSK
35.60680151144699,8.341020226717049,QPSK
35.62569459879973,8.343854189819961,QPSK
35.64458768615248,8.346688152922871,QPSK
35.66348077350523,8.349522116025785,QPSK
35.682373860857965,8.352356079128693,QPSK
35.701266948210716,8.355190042231607,QPSK
35.72016003556346,8.358024005334519,QPSK
35.739053122916204,8.36085796843743,QPSK
35.75794621026895,8.363691931540341,QPSK
35.77683929762169,8.366525894643253,QPSK
35.79573238497444,8.369359857746165,QPSK
35.81462547232718,8.372193820849077,QPSK
35.83351855967993,8.375027783951989,QPSK
35.852411647032675,8.3778617470549,QPSK
35.87130473438542,8.380695710157813,QPSK
35.89019782173817,8.383529673260725,QPSK
35.90909090909091,8.386363636363637,QPSK
35.92798399644366,8.389197599466549,QPSK
35.946877083796394,8.392031562569459,QPSK
35.965770171149146,8.394865525672373,QPSK
35.98466325850189,8.397699488775284,QPSK
36.00355634585463,8.400533451878195,QPSK
36.022449433207385,8.403367414981108,QPSK
36.04134252056012,8.406201378084017,QPSK
36.06023560791287,8.40903534118693,QPSK
36.07912869526562,8.411869304289842,QPSK
36.09802178261836,8.414703267392753,QPSK
36.116914869971104,8.417537230495665,QPSK
36.13580795732385,8.420371193598577,QPSK
36.1547010446766,8.423205156701489,QPSK
36.173594132029336,8.4260391198044,QPSK
36.19248721938209,8.428873082907312,QPSK
36.21138030673483,8.431707046010224,QPSK
36.230273394087575,8.434541009113136,QPSK
36.24916648144032,8.437374972216048,QPSK
36.26805956879306,8.44020893531896,QPSK
36.286952656145814,8.443042898421872,QPSK
36.30584574349855,8.445876861524782,QPSK
36.3247388308513,8.448710824627696,QPSK
36.343631918204046,8.451544787730608,QPSK
36.36252500555679,8.454378750833518,QPSK
36.381418092909534,8.45721271393643,QPSK
36.40031118026228,8.46004667703934,QPSK
36.41920426761503,8.462880640142254,QPSK
36.438097354967766,8.465714603245164,QPSK
36.45699044232052,8.468548566348076,QPSK
36.47588352967326,8.471382529450988,QPSK
36.494776617026005,8.4742164925539,QPSK
36.513669704378756,8.477050455656812,QPSK
36.53256279173149,8.479884418759724,QPSK
36.551455879084244,8.482718381862636,QPSK
36.57034896643699,8.485552344965548,QPSK
36.58924205378973,8.48838630806846,QPSK
36.608135141142476,8.491220271171372,QPSK
36.62702822849522,8.494054234274284,QPSK
36.64592131584797,8.496888197377196,QPSK
36.66481440320071,8.499722160480106,QPSK
36.68370749055346,8.50255612358302,QPSK
36.7026005779062,8.505390086685932,QPSK
36.72149366525895,8.508224049788842,QPSK
36.74038675261169,8.511058012891754,QPSK
36.759279839964435,8.513891975994664,QPSK
36.778172927317186,8.516725939097578,QPSK
36.79706601466992,8.519559902200488,QPSK
36.815959102022674,8.5223938653034,QPSK
36.83485218937542,8.525227828406312,QPSK
36.85374527672816,8.528061791509224,QPSK
36.872638364080906,8.530895754612136,QPSK
36.89153145143365,8.533729717715048,QPSK
36.9104245387864,8.53656368081796,QPSK
36.92931762613914,8.539397643920871,QPSK
36.94821071349189,8.542231607023783,QPSK
36.96710380084463,8.545065570126695,QPSK
36.98599688819738,8.547899533229607,QPSK
37.00488997555012,8.55073349633252,QPSK
37.023783062902865,8.55356745943543,QPSK
37.042676150255616,8.556401422538343,QPSK
37.06156923760836,8.559235385641255,QPSK
37.080462324961104,8.562069348744165,QPSK
37.09935541231385,8.564903311847077,QPSK
37.11824849966659,8.567737274949987,QPSK
37.137141587019336,8.5705712380529,QPSK
37.15603467437208,8.573405201155811,QPSK
37.17492776172483,8.576239164258723,QPSK
37.193820849077575,8.579073127361635,QPSK
37.21271393643032,8.581907090464547,QPSK
37.23160702378306,8.584741053567459,QPSK
37.25050011113581,8.587575016670371,QPSK
37.26939319848855,8.590408979773283,QPSK
37.2882862858413,8.593242942876195,QPSK
37.307179373194046,8.596076905979107,QPSK
37.32607246054679,8.598910869082019,QPSK
37.344965547899534,8.60174483218493,QPSK
37.36385863525228,8.604578795287843,QPSK
37.38275172260502,8.607412758390753,QPSK
37.401644809957766,8.610246721493665,QPSK
37.42053789731052,8.613080684596579,QPSK
37.43943098466326,8.615914647699489,QPSK
37.458324072016005,8.6187486108024,QPSK
37.47721715936875,8.621582573905311,QPSK
37.49611024672149,8.624416537008223,QPSK
37.51500333407424,8.627250500111135,QPSK
37.53389642142698,8.630084463214047,QPSK
37.55278950877973,8.632918426316959,QPSK
37.571682596132476,8.63575238941987,QPSK
37.59057568348522,8.638586352522783,QPSK
37.609468770837964,8.641420315625695,QPSK
37.62836185819071,8.644254278728607,QPSK
37.64725494554345,8.647088241831518,QPSK
37.6661480328962,8.64992220493443,QPSK
37.68504112024895,8.652756168037342,QPSK
37.70393420760169,8.655590131140254,QPSK
37.722827294954435,8.658424094243166,QPSK
37.74172038230718,8.661258057346076,QPSK
37.76061346965992,8.664092020448988,QPSK
37.77950655701267,8.666925983551899,QPSK
37.79839964436542,8.669759946654812,QPSK
37.81729273171816,8.672593909757724,QPSK
37.836185819070906,8.675427872860634,QPSK
37.85507890642365,8.678261835963546,QPSK
37.873971993776394,8.681095799066458,QPSK
37.89286508112914,8.68392976216937,QPSK
37.91175816848189,8.686763725272282,QPSK
37.93065125583463,8.689597688375194,QPSK
37.94954434318738,8.692431651478106,QPSK
37.96843743054012,8.695265614581018,QPSK
37.987330517892865,8.69809957768393,QPSK
38.00622360524561,8.700933540786842,QPSK
38.02511669259835,8.703767503889754,QPSK
38.044009779951104,8.706601466992666,QPSK
38.06290286730385,8.709435430095578,QPSK
38.08179595465659,8.71226939319849,QPSK
38.100689042009336,8.7151033563014,QPSK
38.11958212936208,8.717937319404312,QPSK
38.13847521671482,8.720771282507222,QPSK
38.157368304067575,8.723605245610136,QPSK
38.17626139142032,8.726439208713048,QPSK
38.19515447877306,8.729273171815958,QPSK
38.21404756612581,8.73210713491887,QPSK
38.23294065347855,8.734941098021782,QPSK
38.251833740831295,8.737775061124694,QPSK
38.27072682818404,8.740609024227606,QPSK
38.28961991553679,8.743442987330518,QPSK
38.30851300288953,8.74627695043343,QPSK
38.32740609024228,8.749110913536342,QPSK
38.34629917759502,8.751944876639254,QPSK
38.365192264947765,8.754778839742166,QPSK
38.38408535230051,8.757612802845077,QPSK
38.40297843965325,8.760446765947988,QPSK
38.421871527006004,8.763280729050901,QPSK
38.44076461435875,8.766114692153813,QPSK
38.45965770171149,8.768948655256724,QPSK
38.478550789064236,8.771782618359635,QPSK
38.49744387641698,8.774616581462546,QPSK
38.516336963769724,8.777450544565458,QPSK
38.535230051122475,8.780284507668371,QPSK
38.55412313847522,8.783118470771281,QPSK
38.57301622582796,8.785952433874193,QPSK
38.59190931318071,8.788786396977105,QPSK
38.61080240053345,8.791620360080017,QPSK
38.629695487886195,8.79445432318293,QPSK
38.64858857523894,8.797288286285841,QPSK
38.66748166259169,8.800122249388753,QPSK
38.686374749944434,8.802956212491665,QPSK
38.70526783729718,8.805790175594577,QPSK
38.72416092464992,8.808624138697489,QPSK
38.743054012002666,8.811458101800401,QPSK
38.76194709935541,8.814292064903311,QPSK
38.78084018670816,8.817126028006225,QPSK
38.799733274060905,8.819959991109137,QPSK
38.81862636141365,8.822793954212047,QPSK
38.83751944876639,8.825627917314959,QPSK
38.85641253611914,8.82846188041787,QPSK
38.87530562347188,8.831295843520781,QPSK
38.894198710824625,8.834129806623693,QPSK
38.913091798177376,8.836963769726605,QPSK
38.93198488553012,8.839797732829517,QPSK
38.950877972882864,8.842631695932429,QPSK
38.96977106023561,8.84546565903534,QPSK
38.98866414758835,8.848299622138253,QPSK
39.007557234941096,8.851133585241165,QPSK
39.02645032229384,8.853967548344077,QPSK
39.04534340964659,8.856801511446989,QPSK
39.064236496999335,8.8596354745499,QPSK
39.08312958435208,8.862469437652813,QPSK
39.10202267170482,8.865303400755725,QPSK
39.12091575905757,8.868137363858635,QPSK
39.13980884641031,8.870971326961547,QPSK
39.15870193376306,8.87380529006446,QPSK
39.177595021115806,8.87663925316737,QPSK
39.19648810846855,8.879473216270283,QPSK
39.215381195821294,8.882307179373193,QPSK
39.23427428317404,8.885141142476105,QPSK
39.25316737052678,8.887975105579017,QPSK
39.272060457879526,8.890809068681929,QPSK
39.29095354523228,8.89364303178484,QPSK
39.30984663258502,8.896476994887752,QPSK
39.328739719937765,8.899310957990664,QPSK
39.34763280729051,8.902144921093576,QPSK
39.36652589464325,8.904978884196488,QPSK
39.385418981996,8.9078128472994,QPSK
39.40431206934875,8.910646810402312,QPSK
39.42320515670149,8.913480773505224,QPSK
39.442098244054236,8.916314736608136,QPSK
39.46099133140698,8.919148699711048,QPSK
39.479884418759724,8.921982662813958,QPSK
39.49877750611247,8.92481662591687,QPSK
39.51767059346521,8.92765058901978,QPSK
39.53656368081796,8.930484552122694,QPSK
39.55545676817071,8.933318515225606,QPSK
39.57434985552345,8.936152478328516,QPSK
39.593242942876195,8.938986441431428,QPSK
39.61213603022894,8.94182040453434,QPSK
39.63102911758168,8.944654367637252,QPSK
39.649922204934434,8.947488330740164,QPSK
39.66881529228718,8.950322293843076,QPSK
39.68770837963992,8.953156256945988,QPSK
39.706601466992666,8.9559902200489,QPSK
39.72549455434541,8.958824183151812,QPSK
39.744387641698154,8.961658146254724,QPSK
39.7632807290509,8.964492109357636,QPSK
39.78217381640365,8.967326072460548,QPSK
39.80106690375639,8.97016003556346,QPSK
39.81995999110914,8.972993998666372,QPSK
39.83885307846188,8.975827961769282,QPSK
39.857746165814625,8.978661924872194,QPSK
39.87663925316737,8.981495887975104,QPSK
39.89553234052011,8.984329851078016,QPSK
39.914425427872864,8.98716381418093,QPSK
39.93331851522561,8.98999777728384,QPSK
39.95221160257835,8.992831740386752,QPSK
39.971104689931096,8.995665703489664,QPSK
39.98999777728384,8.998499666592576,QPSK
40.008890864636584,9.001333629695488,QPSK
40.027783951989335,9.0041675927984,QPSK
40.04667703934208,9.007001555901311,QPSK
40.06557012669482,9.009835519004223,QPSK
40.08446321404757,9.012669482107135,QPSK
40.10335630140031,9.015503445210047,QPSK
40.122249388753055,9.01833740831296,QPSK
40.1411424761058,9.02117137141587,QPSK
40.16003556345855,9.024005334518783,QPSK
40.178928650811294,9.026839297621695,QPSK
40.19782173816404,9.029673260724605,QPSK
40.21671482551678,9.032507223827517,QPSK
40.235607912869526,9.035341186930427,QPSK
40.25450100022227,9.03817515003334,QPSK
40.27339408757502,9.041009113136253,QPSK
40.292287174927765,9.043843076239163,QPSK
40.31118026228051,9.046677039342075,QPSK
40.33007334963325,9.049511002444987,QPSK
40.348966436986,9.0523449655479,QPSK
40.36785952433874,9.055178928650811,QPSK
40.386752611691485,9.058012891753723,QPSK
40.405645699044236,9.060846854856635,QPSK
40.42453878639698,9.063680817959547,QPSK
40.443431873749724,9.066514781062459,QPSK
40.46232496110247,9.06934874416537,QPSK
40.48121804845521,9.072182707268283,QPSK
40.500111135807956,9.075016670371193,QPSK
40.5190042231607,9.077850633474105,QPSK
40.53789731051345,9.080684596577019,QPSK
40.556790397866195,9.083518559679929,QPSK
40.57568348521894,9.08635252278284,QPSK
40.59457657257168,9.089186485885751,QPSK
40.61346965992443,9.092020448988663,QPSK
40.63236274727717,9.094854412091575,QPSK
40.65125583462992,9.097688375194487,QPSK
40.670148921982666,9.100522338297399,QPSK
40.68904200933541,9.10335630140031,QPSK
40.70793509668815,9.106190264503223,QPSK
40.7268281840409,9.109024227606135,QPSK
40.74572127139364,9.111858190709047,QPSK
40.764614358746385,9.114692153811959,QPSK
40.78350744609914,9.11752611691487,QPSK
40.80240053345188,9.120360080017782,QPSK
40.821293620804624,9.123194043120694,QPSK
40.84018670815737,9.126028006223606,QPSK
40.85907979551011,9.128861969326517,QPSK
40.877972882862856,9.131695932429428,QPSK
40.89686597021561,9.134529895532342,QPSK
40.91575905756835,9.137363858635252,QPSK
40.934652144921095,9.140197821738164,QPSK
40.95354523227384,9.143031784841074,QPSK
40.97243831962658,9.145865747943986,QPSK
40.99133140697933,9.148699711046898,QPSK
41.01022449433207,9.15153367414981,QPSK
41.02911758168482,9.154367637252722,QPSK
41.048010669037566,9.157201600355634,QPSK
41.06690375639031,9.160035563458546,QPSK
41.085796843743054,9.162869526561458,QPSK
41.1046899310958,9.16570348966437,QPSK
41.12358301844854,9.168537452767282,QPSK
41.142476105801286,9.171371415870194,QPSK
41.16136919315404,9.174205378973106,QPSK
41.18026228050678,9.177039342076018,QPSK
41.199155367859525,9.17987330517893,QPSK
41.21804845521227,9.18270726828184,QPSK
41.23694154256501,9.185541231384752,QPSK
41.25583462991776,9.188375194487662,QPSK
41.27472771727051,9.191209157590576,QPSK
41.29362080462325,9.194043120693488,QPSK
41.312513891975996,9.196877083796398,QPSK
41.33140697932874,9.19971104689931,QPSK
41.350300066681484,9.202545010002222,QPSK
41.36919315403423,9.205378973105134,QPSK
41.38808624138697,9.208212936208046,QPSK
41.40697932873972,9.211046899310958,QPSK
41.42587241609247,9.21388086241387,QPSK
41.44476550344521,9.216714825516782,QPSK
41.463658590797955,9.219548788619694,QPSK
41.4825516781507,9.222382751722606,QPSK
41.50144476550344,9.225216714825518,QPSK
41.520337852856194,9.22805067792843,QPSK
41.53923094020894,9.230884641031341,QPSK
41.55812402756168,9.233718604134253,QPSK
41.577017114914426,9.236552567237164,QPSK
41.59591020226717,9.239386530340076,QPSK
41.614803289619914,9.242220493442986,QPSK
41.63369637697266,9.245054456545898,QPSK
41.65258946432541,9.247888419648811,QPSK
41.67148255167815,9.250722382751722,QPSK
41.6903756390309,9.253556345854633,QPSK
41.70926872638364,9.256390308957545,QPSK
41.728161813736385,9.259224272060457,QPSK
41.74705490108913,9.26205823516337,QPSK
41.76594798844188,9.264892198266281,QPSK
41.784841075794624,9.267726161369193,QPSK
41.80373416314737,9.270560124472105,QPSK
41.82262725050011,9.273394087575017,QPSK
41.841520337852856,9.276228050677929,QPSK
41.8604134252056,9.279062013780841,QPSK
41.879306512558344,9.281895976883751,QPSK
41.898199599911095,9.284729939986665,QPSK
41.91709268726384,9.287563903089577,QPSK
41.93598577461658,9.290397866192487,QPSK
41.95487886196933,9.293231829295399,QPSK
41.97377194932207,9.29606579239831,QPSK
41.992665036674815,9.298899755501221,QPSK
42.01155812402756,9.301733718604133,QPSK
42.03045121138031,9.304567681707045,QPSK
42.049344298733054,9.307401644809957,QPSK
42.0682373860858,9.310235607912869,QPSK
42.08713047343854,9.313069571015781,QPSK
42.106023560791286,9.315903534118693,QPSK
42.12491664814403,9.318737497221605,QPSK
42.14380973549678,9.321571460324517,QPSK
42.162702822849525,9.324405423427429,QPSK
42.18159591020227,9.32723938653034,QPSK
42.20048899755501,9.330073349633253,QPSK
42.21938208490776,9.332907312736165,QPSK
42.2382751722605,9.335741275839075,QPSK
42.257168259613245,9.338575238941987,QPSK
42.276061346965996,9.3414092020449,QPSK
42.29495443431874,9.34424316514781,QPSK
42.313847521671484,9.347077128250723,QPSK
42.33274060902423,9.349911091353633,QPSK
42.35163369637697,9.352745054456545,QPSK
42.370526783729716,9.355579017559457,QPSK
42.38941987108247,9.358412980662369,QPSK
42.40831295843521,9.36124694376528,QPSK
42.427206045787955,9.364080906868192,QPSK
42.4460991331407,9.366914869971104,QPSK
42.46499222049344,9.369748833074016,QPSK
42.48388530784619,9.372582796176928,QPSK
42.50277839519893,9.37541675927984,QPSK
42.52167148255168,9.378250722382752,QPSK
42.540564569904426,9.381084685485664,QPSK
42.55945765725717,9.383918648588576,QPSK
42.578350744609914,9.386752611691488,QPSK
42.59724383196266,9.389586574794398,QPSK
42.6161369193154,9.39242053789731,QPSK
42.635030006668146,9.39525450100022,QPSK
42.6539230940209,9.398088464103134,QPSK
42.67281618137364,9.400922427206046,QPSK
42.691709268726385,9.403756390308956,QPSK
42.71060235607913,9.406590353411868,QPSK
42.72949544343187,9.40942431651478,QPSK
42.74838853078462,9.412258279617692,QPSK
42.76728161813737,9.415092242720604,QPSK
42.78617470549011,9.417926205823516,QPSK
42.805067792842856,9.420760168926428,QPSK
42.8239608801956,9.42359413202934,QPSK
42.84285396754834,9.426428095132252,QPSK
42.86174705490109,9.429262058235164,QPSK
42.88064014225383,9.432096021338076,QPSK
42.89953322960658,9.434929984440988,QPSK
42.91842631695933,9.4377639475439,QPSK
42.93731940431207,9.440597910646812,QPSK
42.956212491664814,9.443431873749722,QPSK
42.97510557901756,9.446265836852634,QPSK
42.9939986663703,9.449099799955544,QPSK
43.01289175372305,9.451933763058458,QPSK
43.0317848410758,9.45476772616137,QPSK
43.05067792842854,9.45760168926428,QPSK
43.069571015781285,9.460435652367192,QPSK
43.08846410313403,9.463269615470104,QPSK
43.10735719048677,9.466103578573016,QPSK
43.12625027783952,9.468937541675928,QPSK
43.14514336519227,9.47177150477884,QPSK
43.16403645254501,9.474605467881752,QPSK
43.182929539897756,9.477439430984663,QPSK
43.2018226272505,9.480273394087575,QPSK
43.220715714603244,9.483107357190487,QPSK
43.23960880195599,9.4859413202934,QPSK
43.25850188930874,9.488775283396311,QPSK
43.27739497666148,9.491609246499223,QPSK
43.29628806401423,9.494443209602135,QPSK
43.31518115136697,9.497277172705045,QPSK
43.334074238719715,9.500111135807957,QPSK
43.35296732607246,9.502945098910867,QPSK
43.3718604134252,9.50577906201378,QPSK
43.390753500777954,9.508613025116693,QPSK
43.4096465881307,9.511446988219603,QPSK
43.42853967548344,9.514280951322515,QPSK
43.447432762836186,9.517114914425427,QPSK
43.46632585018893,9.51994887752834,QPSK
43.485218937541674,9.522782840631251,QPSK
43.50411202489442,9.525616803734163,QPSK
43.52300511224717,9.528450766837075,QPSK
43.54189819959991,9.531284729939987,QPSK
43.56079128695266,9.534118693042899,QPSK
43.5796843743054,9.536952656145811,QPSK
43.598577461658145,9.539786619248723,QPSK
43.61747054901089,9.542620582351633,QPSK
43.63636363636364,9.545454545454547,QPSK
43.655256723716384,9.548288508557459,QPSK
43.67414981106913,9.551122471660369,QPSK
43.69304289842187,9.55395643476328,QPSK
43.711935985774616,9.556790397866191,QPSK
43.73082907312736,9.559624360969103,QPSK
43.749722160480104,9.562458324072015,QPSK
43.768615247832855,9.565292287174927,QPSK
43.7875083351856,9.568126250277839,QPSK
43.80640142253834,9.57096021338075,QPSK
43.82529450989109,9.573794176483663,QPSK
43.84418759724383,9.576628139586575,QPSK
43.863080684596575,9.579462102689487,QPSK
43.881973771949326,9.582296065792399,QPSK
43.90086685930207,9.58513002889531,QPSK
43.919759946654814,9.587963991998222,QPSK
43.93865303400756,9.590797955101134,QPSK
43.9575461213603,9.593631918204046,QPSK
43.976439208713046,9.596465881306957,QPSK
43.99533229606579,9.599299844409868,QPSK
44.01422538341854,9.602133807512782,QPSK
44.033118470771285,9.604967770615692,QPSK
44.05201155812403,9.607801733718604,QPSK
44.07090464547677,9.610635696821515,QPSK
44.08979773282952,9.613469659924426,QPSK
44.10869082018226,9.616303623027338,QPSK
44.127583907535005,9.61913758613025,QPSK
44.146476994887756,9.621971549233162,QPSK
44.1653700822405,9.624805512336074,QPSK
44.184263169593244,9.627639475438986,QPSK
44.20315625694599,9.630473438541898,QPSK
44.22204934429873,9.63330740164481,QPSK
44.240942431651476,9.636141364747722,QPSK
44.25983551900423,9.638975327850634,QPSK
44.27872860635697,9.641809290953546,QPSK
44.297621693709715,9.644643254056458,QPSK
44.31651478106246,9.64747721715937,QPSK
44.3354078684152,9.65031118026228,QPSK
44.35430095576795,9.653145143365192,QPSK
44.37319404312069,9.655979106468102,QPSK
44.39208713047344,9.658813069571016,QPSK
44.410980217826186,9.661647032673928,QPSK
44.42987330517893,9.664480995776838,QPSK
44.448766392531674,9.66731495887975,QPSK
44.46765947988442,9.670148921982662,QPSK
44.48655256723716,9.672982885085574,QPSK
44.50544565458991,9.675816848188486,QPSK
44.52433874194266,9.678650811291398,QPSK
44.5432318292954,9.68148477439431,QPSK
44.562124916648145,9.684318737497222,QPSK
44.58101800400089,9.687152700600134,QPSK
44.59991109135363,9.689986663703046,QPSK
44.61880417870638,9.692820626805958,QPSK
44.63769726605913,9.69565458990887,QPSK
44.65659035341187,9.698488553011781,QPSK
44.675483440764616,9.701322516114693,QPSK
44.69437652811736,9.704156479217604,QPSK
44.713269615470104,9.706990442320516,QPSK
44.73216270282285,9.709824405423426,QPSK
44.7510557901756,9.71265836852634,QPSK
44.76994887752834,9.715492331629251,QPSK
44.78884196488109,9.718326294732162,QPSK
44.80773505223383,9.721160257835074,QPSK
44.826628139586575,9.723994220937985,QPSK
44.84552122693932,9.726828184040897,QPSK
44.86441431429206,9.72966214714381,QPSK
44.883307401644814,9.732496110246721,QPSK
44.90220048899756,9.735330073349633,QPSK
44.9210935763503,9.738164036452545,QPSK
44.939986663703046,9.740997999555457,QPSK
44.95887975105579,9.74383196265837,QPSK
44.977772838408534,9.746665925761281,QPSK
44.99666592576128,9.749499888864191,QPSK
45.01555901311403,17.003111802622804,QPSK
45.03445210046677,17.006890420093356,QPSK
45.05334518781952,17.010669037563904,QPSK
45.07223827517226,17.014447655034452,QPSK
45.091131362525005,17.018226272505004,QPSK
45.11002444987775,17.02200488997555,QPSK
45.1289175372305,17.0257835074461,QPSK
45.147810624583244,17.02956212491665,QPSK
45.16670371193599,17.033340742387196,QPSK
45.18559679928873,17.037119359857748,QPSK
45.204489886641475,17.040897977328296,QPSK
45.22338297399422,17.044676594798844,QPSK
45.24227606134696,17.048455212269396,QPSK
45.261169148699715,17.052233829739944,QPSK
45.28006223605246,17.05601244721049,QPSK
45.2989553234052,17.059791064681043,QPSK
45.31784841075795,17.063569682151588,QPSK
45.33674149811069,17.06734829962214,QPSK
45.355634585463434,17.071126917092688,QPSK
45.374527672816185,17.074905534563236,QPSK
45.39342076016893,17.078684152033787,QPSK
45.41231384752167,17.082462769504335,QPSK
45.43120693487442,17.086241386974883,QPSK
45.45010002222716,17.090020004445435,QPSK
45.468993109579905,17.09379862191598,QPSK
45.48788619693265,17.09757723938653,QPSK
45.5067792842854,17.101355856857083,QPSK
45.525672371638144,17.105134474327627,QPSK
45.54456545899089,17.10891309179818,QPSK
45.56345854634363,17.112691709268727,QPSK
45.582351633696376,17.116470326739275,QPSK
45.60124472104912,17.120248944209827,QPSK
45.620137808401864,17.12402756168037,QPSK
45.639030895754615,17.127806179150923,QPSK
45.65792398310736,17.131584796621475,QPSK
45.6768170704601,17.13536341409202,QPSK
45.69571015781285,17.13914203156257,QPSK
45.71460324516559,17.14292064903312,QPSK
45.733496332518335,17.146699266503667,QPSK
45.752389419871086,17.15047788397422,QPSK
45.77128250722383,17.154256501444767,QPSK
45.790175594576574,17.158035118915315,QPSK
45.80906868192932,17.161813736385866,QPSK
45.82796176928206,17.16559235385641,QPSK
45.846854856634806,17.169370971326963,QPSK
45.86574794398755,17.17314958879751,QPSK
45.8846410313403,17.17692820626806,QPSK
45.903534118693045,17.18070682373861,QPSK
45.92242720604579,17.18448544120916,QPSK
45.94132029339853,17.188264058679707,QPSK
45.96021338075128,17.19204267615026,QPSK
45.97910646810402,17.195821293620803,QPSK
45.99799955545677,17.199599911091354,QPSK
46.016892642809516,17.203378528561906,QPSK
46.03578573016226,17.20715714603245,QPSK
46.054678817515004,17.210935763503002,QPSK
46.07357190486775,17.21471438097355,QPSK
46.09246499222049,17.2184929984441,QPSK
46.111358079573236,17.22227161591465,QPSK
46.13025116692599,17.226050233385198,QPSK
46.14914425427873,17.229828850855746,QPSK
46.168037341631475,17.233607468326298,QPSK
46.18693042898422,17.237386085796842,QPSK
46.20582351633696,17.241164703267394,QPSK
46.22471660368971,17.244943320737942,QPSK
46.24360969104246,17.24872193820849,QPSK
46.2625027783952,17.252500555679042,QPSK
46.281395865747946,17.25627917314959,QPSK
46.30028895310069,17.260057790620138,QPSK
46.319182040453434,17.26383640809069,QPSK
46.33807512780618,17.267615025561234,QPSK
46.35696821515892,17.271393643031786,QPSK
46.37586130251167,17.275172260502337,QPSK
46.39475438986442,17.278950877972882,QPSK
46.41364747721716,17.282729495443434,QPSK
46.432540564569905,17.28650811291398,QPSK
46.45143365192265,17.29028673038453,QPSK
46.47032673927539,17.29406534785508,QPSK
46.48921982662814,17.297843965325626,QPSK
46.50811291398089,17.301622582796178,QPSK
46.52700600133363,17.30540120026673,QPSK
46.545899088686376,17.309179817737274,QPSK
46.56479217603912,17.312958435207825,QPSK
46.583685263391864,17.316737052678373,QPSK
46.60257835074461,17.32051567014892,QPSK
46.62147143809736,17.324294287619473,QPSK
46.6403645254501,17.32807290509002,QPSK
46.65925761280285,17.33185152256057,QPSK
46.67815070015559,17.33563014003112,QPSK
46.697043787508335,17.339408757501666,QPSK
46.71593687486108,17.343187374972217,QPSK
46.73482996221382,17.346965992442765,QPSK
46.753723049566574,17.350744609913313,QPSK
46.77261613691932,17.354523227383865,QPSK
46.79150922427206,17.358301844854413,QPSK
46.810402311624806,17.36208046232496,QPSK
46.82929539897755,17.365859079795513,QPSK
46.848188486330294,17.369637697266057,QPSK
46.867081573683045,17.37341631473661,QPSK
46.88597466103579,17.37719493220716,QPSK
46.90486774838853,17.380973549677705,QPSK
46.92376083574128,17.384752167148257,QPSK
46.94265392309402,17.388530784618805,QPSK
46.961547010446765,17.392309402089353,QPSK
46.98044009779951,17.396088019559905,QPSK
46.99933318515226,17.399866637030453,QPSK
47.018226272505004,17.403645254501,QPSK
47.03711935985775,17.407423871971552,QPSK
47.05601244721049,17.411202489442097,QPSK
47.074905534563236,17.41498110691265,QPSK
47.09379862191598,17.418759724383197,QPSK
47.112691709268724,17.422538341853745,QPSK
47.131584796621475,17.426316959324296,QPSK
47.15047788397422,17.430095576794844,QPSK
47.16937097132696,17.433874194265393,QPSK
47.18826405867971,17.437652811735944,QPSK
47.20715714603245,17.44143142920649,QPSK
47.226050233385195,17.44521004667704,QPSK
47.244943320737946,17.448988664147592,QPSK
47.26383640809069,17.452767281618137,QPSK
47.282729495443434,17.456545899088688,QPSK
47.30162258279618,17.460324516559236,QPSK
47.32051567014892,17.464103134029784,QPSK
47.339408757501666,17.467881751500336,QPSK
47.35830184485441,17.47166036897088,QPSK
47.37719493220716,17.475438986441432,QPSK
47.396088019559905,17.479217603911984,QPSK
47.41498110691265,17.48299622138253,QPSK
47.43387419426539,17.48677483885308,QPSK
47.45276728161814,17.490553456323628,QPSK
47.47166036897088,17.494332073794176,QPSK
47.49055345632363,17.498110691264728,QPSK
47.509446543676376,17.501889308735276,QPSK
47.52833963102912,17.505667926205824,QPSK
47.54723271838186,17.509446543676376,QPSK
47.56612580573461,17.51322516114692,QPSK
47.58501889308735,17.51700377861747,QPSK
47.603911980440095,17.52078239608802,QPSK
47.62280506779285,17.524561013558568,QPSK
47.64169815514559,17.52833963102912,QPSK
47.660591242498334,17.532118248499668,QPSK
47.67948432985108,17.535896865970216,QPSK
47.69837741720382,17.539675483440767,QPSK
47.717270504556566,17.543454100911312,QPSK
47.73616359190931,17.547232718381863,QPSK
47.75505667926206,17.551011335852415,QPSK
47.773949766614805,17.55478995332296,QPSK
47.79284285396755,17.55856857079351,QPSK
47.81173594132029,17.56234718826406,QPSK
47.83062902867304,17.566125805734607,QPSK
47.84952211602578,17.56990442320516,QPSK
47.86841520337853,17.573683040675707,QPSK
47.887308290731276,17.577461658146255,QPSK
47.90620137808402,17.581240275616807,QPSK
47.925094465436764,17.58501889308735,QPSK
47.94398755278951,17.588797510557903,QPSK
47.96288064014225,17.59257612802845,QPSK
47.981773727494996,17.596354745499,QPSK
48.00066681484775,17.60013336296955,QPSK
48.01955990220049,17.6039119804401,QPSK
48.038452989553235,17.607690597910647,QPSK
48.05734607690598,17.6114692153812,QPSK
48.07623916425872,17.615247832851743,QPSK
48.09513225161147,17.619026450322295,QPSK
48.11402533896422,17.622805067792847,QPSK
48.13291842631696,17.62658368526339,QPSK
48.151811513669706,17.630362302733943,QPSK
48.17070460102245,17.63414092020449,QPSK
48.189597688375194,17.63791953767504,QPSK
48.20849077572794,17.64169815514559,QPSK
48.22738386308068,17.645476772616135,QPSK
48.24627695043343,17.649255390086687,QPSK
48.26517003778618,17.65303400755724,QPSK
48.28406312513892,17.656812625027783,QPSK
48.302956212491665,17.660591242498334,QPSK
48.32184929984441,17.664369859968883,QPSK
48.34074238719715,17.66814847743943,QPSK
48.359635474549904,17.671927094909982,QPSK
48.37852856190265,17.67570571238053,QPSK
48.39742164925539,17.67948432985108,QPSK
48.416314736608136,17.68326294732163,QPSK
48.43520782396088,17.687041564792175,QPSK
48.454100911313624,17.690820182262726,QPSK
48.47299399866637,17.694598799733274,QPSK
48.49188708601912,17.698377417203822,QPSK
48.51078017337186,17.702156034674374,QPSK
48.52967326072461,17.705934652144922,QPSK
48.54856634807735,17.70971326961547,QPSK
48.567459435430095,17.713491887086022,QPSK
48.58635252278284,17.717270504556566,QPSK
48.60524561013558,17.721049122027118,QPSK
48.624138697488334,17.72482773949767,QPSK
48.64303178484108,17.728606356968214,QPSK
48.66192487219382,17.732384974438766,QPSK
48.680817959546566,17.736163591909314,QPSK
48.69971104689931,17.739942209379862,QPSK
48.718604134252054,17.743720826850414,QPSK
48.737497221604805,17.74749944432096,QPSK
48.75639030895755,17.75127806179151,QPSK
48.77528339631029,17.75505667926206,QPSK
48.79417648366304,17.758835296732606,QPSK
48.81306957101578,17.762613914203158,QPSK
48.831962658368525,17.766392531673706,QPSK
48.85085574572127,17.770171149144254,QPSK
48.86974883307402,17.773949766614805,QPSK
48.888641920426764,17.777728384085353,QPSK
48.90753500777951,17.7815070015559,QPSK
48.92642809513225,17.785285619026453,QPSK
48.945321182484996,17.789064236496998,QPSK
48.96421426983774,17.79284285396755,QPSK
48.98310735719049,17.7966214714381,QPSK
49.002000444543235,17.800400088908646,QPSK
49.02089353189598,17.804178706379197,QPSK
49.03978661924872,17.807957323849745,QPSK
49.05867970660147,17.811735941320293,QPSK
49.07757279395421,17.815514558790845,QPSK
49.096465881306955,17.81929317626139,QPSK
49.115358968659706,17.82307179373194,QPSK
49.13425205601245,17.826850411202493,QPSK
49.153145143365194,17.830629028673037,QPSK
49.17203823071794,17.83440764614359,QPSK
49.19093131807068,17.838186263614137,QPSK
49.209824405423426,17.841964881084685,QPSK
49.22871749277617,17.845743498555237,QPSK
49.24761058012892,17.849522116025785,QPSK
49.266503667481665,17.853300733496333,QPSK
49.28539675483441,17.857079350966885,QPSK
49.30428984218715,17.86085796843743,QPSK
49.3231829295399,17.86463658590798,QPSK
49.34207601689264,17.86841520337853,QPSK
49.36096910424539,17.872193820849077,QPSK
49.379862191598136,17.87597243831963,QPSK
49.39875527895088,17.879751055790177,QPSK
49.417648366303624,17.883529673260725,QPSK
49.43654145365637,17.887308290731276,QPSK
49.45543454100911,17.89108690820182,QPSK
49.474327628361856,17.894865525672373,QPSK
49.49322071571461,17.898644143142924,QPSK
49.51211380306735,17.90242276061347,QPSK
49.531006890420095,17.90620137808402,QPSK
49.54989997777284,17.90997999555457,QPSK
49.56879306512558,17.913758613025117,QPSK
49.58768615247833,17.917537230495668,QPSK
49.60657923983108,17.921315847966216,QPSK
49.62547232718382,17.925094465436764,QPSK
49.644365414536566,17.928873082907316,QPSK
49.66325850188931,17.93265170037786,QPSK
49.68215158924205,17.936430317848412,QPSK
49.7010446765948,17.94020893531896,QPSK
49.71993776394754,17.94398755278951,QPSK
49.73883085130029,17.94776617026006,QPSK
49.75772393865304,17.951544787730608,QPSK
49.77661702600578,17.955323405201156,QPSK
49.795510113358525,17.959102022671708,QPSK
49.81440320071127,17.962880640142252,QPSK
49.83329628806401,17.966659257612804,QPSK
49.85218937541676,17.970437875083356,QPSK
49.87108246276951,17.9742164925539,QPSK
49.88997555012225,17.97799511002445,QPSK
49.908868637474995,17.981773727495,QPSK
49.92776172482774,17.985552344965548,QPSK
49.94665481218048,17.9893309624361,QPSK
49.96554789953323,17.993109579906644,QPSK
49.98444098688598,17.996888197377196,QPSK
50.00333407423872,18.000666814847747,QPSK
50.022227161591466,18.004445432318292,QPSK
50.04112024894421,18.008224049788844,QPSK
50.060013336296954,18.01200266725939,QPSK
50.0789064236497,18.01578128472994,QPSK
50.09779951100244,18.01955990220049,QPSK
50.11669259835519,18.02333851967104,QPSK
50.13558568570794,18.027117137141587,QPSK
50.15447877306068,18.03089575461214,QPSK
50.173371860413425,18.034674372082684,QPSK
50.19226494776617,18.038452989553235,QPSK
50.21115803511891,18.042231607023783,QPSK
50.230051122471664,18.04601022449433,QPSK
50.24894420982441,18.049788841964883,QPSK
50.26783729717715,18.05356745943543,QPSK
50.286730384529896,18.05734607690598,QPSK
50.30562347188264,18.06112469437653,QPSK
50.324516559235384,18.064903311847075,QPSK
50.34340964658813,18.068681929317627,QPSK
50.36230273394088,18.07246054678818,QPSK
50.38119582129362,18.076239164258723,QPSK
50.40008890864637,18.080017781729275,QPSK
50.41898199599911,18.083796399199823,QPSK
50.437875083351855,18.08757501667037,QPSK
50.4567681707046,18.091353634140923,QPSK
50.47566125805735,18.09513225161147,QPSK
50.494554345410094,18.09891086908202,QPSK
50.51344743276284,18.10268948655257,QPSK
50.53234052011558,18.106468104023115,QPSK
50.551233607468326,18.110246721493667,QPSK
50.57012669482107,18.114025338964215,QPSK
50.589019782173814,18.117803956434763,QPSK
50.607912869526565,18.121582573905314,QPSK
50.62680595687931,18.125361191375863,QPSK
50.64569904423205,18.12913980884641,QPSK
50.6645921315848,18.132918426316962,QPSK
50.68348521893754,18.136697043787507,QPSK
50.702378306290285,18.14047566125806,QPSK
50.72127139364303,18.144254278728607,QPSK
50.74016448099578,18.148032896199155,QPSK
50.759057568348524,18.151811513669706,QPSK
50.77795065570127,18.155590131140254,QPSK
50.79684374305401,18.159368748610802,QPSK
50.815736830406756,18.163147366081354,QPSK
50.8346299177595,18.1669259835519,QPSK
50.85352300511225,18.17070460102245,QPSK
50.872416092464995,18.174483218493002,QPSK
50.89130917981774,18.178261835963546,QPSK
50.91020226717048,18.182040453434098,QPSK
50.92909535452323,18.185819070904646,QPSK
50.94798844187597,18.189597688375194,QPSK
50.966881529228715,18.193376305845746,QPSK
50.985774616581466,18.197154923316294,QPSK
51.00466770393421,18.200933540786842,QPSK
51.023560791286954,18.204712158257394,QPSK
51.0424538786397,18.208490775727938,QPSK
51.06134696599244,18.21226939319849,QPSK
51.080240053345186,18.216048010669038,QPSK
51.09913314069794,18.219826628139586,QPSK
51.11802622805068,18.223605245610138,QPSK
51.136919315403425,18.227383863080686,QPSK
51.15581240275617,18.231162480551234,QPSK
51.17470549010891,18.234941098021785,QPSK
51.19359857746166,18.23871971549233,QPSK
51.2124916648144,18.24249833296288,QPSK
51.23138475216715,18.246276950433433,QPSK
51.250277839519896,18.250055567903978,QPSK
51.26917092687264,18.25383418537453,QPSK
51.288064014225384,18.257612802845077,QPSK
51.30695710157813,18.261391420315626,QPSK
51.32585018893087,18.265170037786177,QPSK
51.34474327628362,18.268948655256725,QPSK
51.36363636363637,18.272727272727273,QPSK
51.38252945098911,18.276505890197825,QPSK
51.401422538341855,18.28028450766837,QPSK
51.4203156256946,18.28406312513892,QPSK
51.43920871304734,18.28784174260947,QPSK
51.45810180040009,18.291620360080017,QPSK
51.47699488775284,18.29539897755057,QPSK
51.49588797510558,18.299177595021117,QPSK
51.514781062458326,18.302956212491665,QPSK
51.53367414981107,18.306734829962217,QPSK
51.552567237163814,18.31051344743276,QPSK
51.57146032451656,18.314292064903313,QPSK
51.5903534118693,18.31807068237386,QPSK
51.60924649922205,18.32184929984441,QPSK
51.6281395865748,18.32562791731496,QPSK
51.64703267392754,18.32940653478551,QPSK
51.665925761280285,18.333185152256057,QPSK
51.68481884863303,18.33696376972661,QPSK
51.70371193598577,18.340742387197153,QPSK
51.722605023338524,18.344521004667705,QPSK
51.74149811069127,18.348299622138256,QPSK
51.76039119804401,18.3520782396088,QPSK
51.779284285396756,18.355856857079353,QPSK
51.7981773727495,18.3596354745499,QPSK
51.817070460102244,18.36341409202045,QPSK
51.83596354745499,18.367192709491,QPSK
51.85485663480774,18.37097132696155,QPSK
51.87374972216048,18.374749944432097,QPSK
51.89264280951323,18.378528561902648,QPSK
51.91153589686597,18.382307179373193,QPSK
51.930428984218715,18.386085796843744,QPSK
51.94932207157146,18.389864414314292,QPSK
51.96821515892421,18.39364303178484,QPSK
51.987108246276954,18.397421649255392,QPSK
52.0060013336297,18.40120026672594,QPSK
52.02489442098244,18.40497888419649,QPSK
52.043787508335186,18.40875750166704,QPSK
52.06268059568793,18.412536119137584,QPSK
52.08157368304067,18.416314736608136,QPSK
52.100466770393425,18.420093354078688,QPSK
52.11935985774617,18.423871971549232,QPSK
52.13825294509891,18.427650589019784,QPSK
52.15714603245166,18.431429206490332,QPSK
52.1760391198044,18.43520782396088,QPSK
52.194932207157144,18.43898644143143,QPSK
52.21382529450989,18.442765058901976,QPSK
52.23271838186264,18.446543676372528,QPSK
52.25161146921538,18.45032229384308,QPSK
52.27050455656813,18.454100911313624,QPSK
52.28939764392087,18.457879528784176,QPSK
52.308290731273615,18.461658146254724,QPSK
52.32718381862636,18.465436763725272,QPSK
52.34607690597911,18.469215381195824,QPSK
52.364969993331854,18.47299399866637,QPSK
52.3838630806846,18.47677261613692,QPSK
52.40275616803734,18.48055123360747,QPSK
52.421649255390086,18.484329851078016,QPSK
52.44054234274283,18.488108468548567,QPSK
52.459435430095574,18.491887086019116,QPSK
52.478328517448325,18.495665703489664,QPSK
52.49722160480107,18.499444320960215,QPSK
52.51611469215381,18.503222938430763,QPSK
52.53500777950656,18.50700155590131,QPSK
52.5539008668593,18.510780173371863,QPSK
52.572793954212045,18.514558790842408,QPSK
52.591687041564796,18.51833740831296,QPSK
52.61058012891754,18.52211602578351,QPSK
52.629473216270284,18.525894643254055,QPSK
52.64836630362303,18.529673260724607,QPSK
52.66725939097577,18.533451878195155,QPSK
52.686152478328516,18.537230495665703,QPSK
52.70504556568126,18.541009113136255,QPSK
52.72393865303401,18.544787730606803,QPSK
52.742831740386755,18.54856634807735,QPSK
52.7617248277395,18.552344965547903,QPSK
52.78061791509224,18.556123583018447,QPSK
52.79951100244499,18.559902200489,QPSK
52.81840408979773,18.563680817959547,QPSK
52.837297177150475,18.567459435430095,QPSK
52.856190264503226,18.571238052900647,QPSK
52.87508335185597,18.575016670371195,QPSK
52.893976439208714,18.578795287841743,QPSK
52.91286952656146,18.582573905312294,QPSK
52.9317626139142,18.58635252278284,QPSK
52.950655701266946,18.59013114025339,QPSK
52.9695487886197,18.593909757723942,QPSK
52.98844187597244,18.597688375194487,QPSK
53.007334963325185,18.60146699266504,QPSK
53.02622805067793,18.605245610135587,QPSK
53.04512113803067,18.609024227606135,QPSK
53.06401422538342,18.612802845076686,QPSK
53.08290731273616,18.61658146254723,QPSK
53.10180040008891,18.620360080017782,QPSK
53.120693487441656,18.624138697488334,QPSK
53.1395865747944,18.62791731495888,QPSK
53.158479662147144,18.63169593242943,QPSK
53.17737274949989,18.63547454989998,QPSK
53.19626583685263,18.639253167370526,QPSK
53.21515892420538,18.643031784841078,QPSK
53.23405201155813,18.646810402311626,QPSK
53.25294509891087,18.650589019782174,QPSK
53.271838186263615,18.654367637252726,QPSK
53.29073127361636,18.65814625472327,QPSK
53.3096243609691,18.661924872193822,QPSK
53.32851744832185,18.66570348966437,QPSK
53.3474105356746,18.669482107134918,QPSK
53.36630362302734,18.67326072460547,QPSK
53.385196710380086,18.677039342076018,QPSK
53.40408979773283,18.680817959546566,QPSK
53.422982885085574,18.684596577017118,QPSK
53.44187597243832,18.688375194487662,QPSK
53.46076905979107,18.692153811958214,QPSK
53.47966214714381,18.695932429428765,QPSK
53.49855523449656,18.69971104689931,QPSK
53.5174483218493,18.70348966436986,QPSK
53.536341409202045,18.70726828184041,QPSK
53.55523449655479,18.711046899310958,QPSK
53.57412758390753,18.71482551678151,QPSK
53.593020671260284,18.718604134252057,QPSK
53.61191375861303,18.722382751722606,QPSK
53.63080684596577,18.726161369193157,QPSK
53.649699933318516,18.7299399866637,QPSK
53.66859302067126,18.733718604134253,QPSK
53.687486108024004,18.7374972216048,QPSK
53.70637919537675,18.74127583907535,QPSK
53.7252722827295,18.7450544565459,QPSK
53.74416537008224,18.74883307401645,QPSK
53.76305845743499,18.752611691486997,QPSK
53.78195154478773,18.75639030895755,QPSK
53.800844632140475,18.760168926428094,QPSK
53.81973771949322,18.763947543898645,QPSK
53.83863080684597,18.767726161369197,QPSK
53.857523894198714,18.77150477883974,QPSK
53.87641698155146,18.775283396310293,QPSK
53.8953100689042,18.77906201378084,QPSK
53.914203156256946,18.78284063125139,QPSK
53.93309624360969,18.78661924872194,QPSK
53.951989330962434,18.790397866192485,QPSK
53.970882418315185,18.794176483663037,QPSK
53.98977550566793,18.79795510113359,QPSK
54.00866859302067,18.801733718604133,QPSK
54.02756168037342,18.805512336074685,QPSK
54.04645476772616,18.809290953545233,QPSK
54.065347855078905,18.81306957101578,QPSK
54.084240942431656,18.816848188486333,QPSK
54.1031340297844,18.82062680595688,QPSK
54.122027117137144,18.82440542342743,QPSK
54.14092020448989,18.82818404089798,QPSK
54.15981329184263,18.831962658368525,QPSK
54.178706379195376,18.835741275839077,QPSK
54.19759946654812,18.839519893309625,QPSK
54.21649255390087,18.843298510780173,QPSK
54.235385641253615,18.847077128250724,QPSK
54.25427872860636,18.850855745721272,QPSK
54.2731718159591,18.85463436319182,QPSK
54.29206490331185,18.858412980662372,QPSK
54.31095799066459,18.862191598132917,QPSK
54.329851078017334,18.86597021560347,QPSK
54.348744165370086,18.86974883307402,QPSK
54.36763725272283,18.873527450544564,QPSK
54.38653034007557,18.877306068015116,QPSK
54.40542342742832,18.881084685485664,QPSK
54.42431651478106,18.884863302956212,QPSK
54.443209602133805,18.888641920426764,QPSK
54.46210268948656,18.892420537897312,QPSK
54.4809957768393,18.89619915536786,QPSK
54.499888864192044,18.89997777283841,QPSK
54.51878195154479,18.903756390308956,QPSK
54.53767503889753,18.907535007779508,QPSK
54.556568126250276,18.911313625250056,QPSK
54.57546121360302,18.915092242720604,QPSK
54.59435430095577,18.918870860191156,QPSK
54.613247388308515,18.922649477661704,QPSK
54.63214047566126,18.926428095132252,QPSK
54.651033563014,18.930206712602804,QPSK
54.66992665036675,18.933985330073348,QPSK
54.68881973771949,18.9377639475439,QPSK
54.70771282507224,18.94154256501445,QPSK
54.726605912424986,18.945321182484996,QPSK
54.74549899977773,18.949099799955547,QPSK
54.764392087130474,18.952878417426096,QPSK
54.78328517448322,18.956657034896644,QPSK
54.80217826183596,18.960435652367195,QPSK
54.821071349188706,18.96421426983774,QPSK
54.83996443654146,18.96799288730829,QPSK
54.8588575238942,18.971771504778843,QPSK
54.877750611246945,18.975550122249388,QPSK
54.89664369859969,18.97932873971994,QPSK
54.91553678595243,18.983107357190487,QPSK
54.93442987330518,18.986885974661035,QPSK
54.95332296065793,18.990664592131587,QPSK
54.97221604801067,18.994443209602135,QPSK
54.991109135363416,18.998221827072683,QPSK
55.01000222271616,19.002000444543235,QPSK
55.028895310068904,19.00577906201378,QPSK
55.04778839742165,19.00955767948433,QPSK
55.06668148477439,19.01333629695488,QPSK
55.08557457212714,19.017114914425427,QPSK
55.10446765947989,19.02089353189598,QPSK
55.12336074683263,19.024672149366527,QPSK
55.142253834185375,19.028450766837075,QPSK
55.16114692153812,19.032229384307627,QPSK
55.18004000889086,19.03600800177817,QPSK
55.19893309624361,19.039786619248723,QPSK
55.21782618359636,19.043565236719274,QPSK
55.2367192709491,19.04734385418982,QPSK
55.255612358301846,19.05112247166037,QPSK
55.27450544565459,19.05490108913092,QPSK
55.293398533007334,19.058679706601467,QPSK
55.31229162036008,19.06245832407202,QPSK
55.33118470771283,19.066236941542567,QPSK
55.35007779506557,19.070015559013115,QPSK
55.36897088241832,19.073794176483666,QPSK
55.38786396977106,19.07757279395421,QPSK
55.406757057123805,19.081351411424762,QPSK
55.42565014447655,19.08513002889531,QPSK
55.44454323182929,19.08890864636586,QPSK
55.463436319182044,19.09268726383641,QPSK
55.48232940653479,19.09646588130696,QPSK
55.50122249388753,19.100244498777506,QPSK
55.520115581240276,19.104023116248058,QPSK
55.53900866859302,19.107801733718603,QPSK
55.557901755945764,19.111580351189154,QPSK
55.576794843298515,19.115358968659706,QPSK
55.59568793065126,19.11913758613025,QPSK
55.614581018004,19.122916203600802,QPSK
55.63347410535675,19.12669482107135,QPSK
55.65236719270949,19.130473438541898,QPSK
55.671260280062235,19.13425205601245,QPSK
55.69015336741498,19.138030673482994,QPSK
55.70904645476773,19.141809290953546,QPSK
55.727939542120474,19.145587908424098,QPSK
55.74683262947322,19.149366525894642,QPSK
55.76572571682596,19.153145143365194,QPSK
55.784618804178706,19.156923760835742,QPSK
55.80351189153145,19.16070237830629,QPSK
55.822404978884194,19.16448099577684,QPSK
55.841298066236945,19.16825961324739,QPSK
55.86019115358969,19.172038230717938,QPSK
55.87908424094243,19.17581684818849,QPSK
55.89797732829518,19.179595465659034,QPSK
55.91687041564792,19.183374083129586,QPSK
55.935763503000665,19.187152700600134,QPSK
55.954656590353416,19.19093131807068,QPSK
55.97354967770616,19.194709935541233,QPSK
55.992442765058904,19.19848855301178,QPSK
56.01133585241165,19.20226717048233,QPSK
56.03022893976439,19.20604578795288,QPSK
56.049122027117136,19.209824405423426,QPSK
56.06801511446988,19.213603022893977,QPSK
56.08690820182263,19.21738164036453,QPSK
56.105801289175375,19.221160257835074,QPSK
56.12469437652812,19.224938875305625,QPSK
56.14358746388086,19.228717492776173,QPSK
56.16248055123361,19.23249611024672,QPSK
56.18137363858635,19.236274727717273,QPSK
56.2002667259391,19.24005334518782,QPSK
56.219159813291846,19.24383196265837,QPSK
56.23805290064459,19.24761058012892,QPSK
56.256945987997334,19.251389197599465,QPSK
56.27583907535008,19.255167815070017,QPSK
56.29473216270282,19.258946432540565,QPSK
56.313625250055566,19.262725050011113,QPSK
56.33251833740832,19.266503667481665,QPSK
56.35141142476106,19.270282284952213,QPSK
56.370304512113805,19.27406090242276,QPSK
56.38919759946655,19.277839519893313,QPSK
56.40809068681929,19.281618137363857,QPSK
56.42698377417204,19.28539675483441,QPSK
56.44587686152479,19.28917537230496,QPSK
56.46476994887753,19.292953989775505,QPSK
56.483663036230276,19.296732607246057,QPSK
56.50255612358302,19.300511224716605,QPSK
56.521449210935764,19.304289842187153,QPSK
56.54034229828851,19.308068459657704,QPSK
56.55923538564125,19.31184707712825,QPSK
56.578128472994,19.3156256945988,QPSK
56.59702156034675,19.319404312069352,QPSK
56.61591464769949,19.323182929539897,QPSK
56.634807735052235,19.32696154701045,QPSK
56.65370082240498,19.330740164480996,QPSK
56.67259390975772,19.334518781951544,QPSK
56.69148699711047,19.338297399422096,QPSK
56.71038008446322,19.342076016892644,QPSK
56.72927317181596,19.345854634363192,QPSK
56.748166259168705,19.349633251833744,QPSK
56.76705934652145,19.35341186930429,QPSK
56.78595243387419,19.35719048677484,QPSK
56.80484552122694,19.360969104245388,QPSK
56.82373860857969,19.364747721715936,QPSK
56.84263169593243,19.368526339186488,QPSK
56.86152478328518,19.372304956657036,QPSK
56.88041787063792,19.376083574127584,QPSK
56.899310957990664,19.379862191598136,QPSK
56.91820404534341,19.38364080906868,QPSK
56.93709713269615,19.387419426539232,QPSK
56.9559902200489,19.391198044009784,QPSK
56.97488330740165,19.394976661480328,QPSK
56.99377639475439,19.39875527895088,QPSK
57.012669482107135,19.402533896421428,QPSK
57.03156256945988,19.406312513891976,QPSK
57.05045565681262,19.410091131362528,QPSK
57.069348744165374,19.413869748833076,QPSK
57.08824183151812,19.417648366303624,QPSK
57.10713491887086,19.421426983774175,QPSK
57.126028006223606,19.42520560124472,QPSK
57.14492109357635,19.42898421871527,QPSK
57.163814180929094,19.43276283618582,QPSK
57.18270726828184,19.436541453656368,QPSK
57.20160035563459,19.44032007112692,QPSK
57.22049344298733,19.444098688597467,QPSK
57.23938653034008,19.447877306068015,QPSK
57.25827961769282,19.451655923538567,QPSK
57.277172705045565,19.45543454100911,QPSK
57.29606579239831,19.459213158479663,QPSK
57.31495887975105,19.46299177595021,QPSK
57.333851967103804,19.46677039342076,QPSK
57.35274505445655,19.47054901089131,QPSK
57.37163814180929,19.47432762836186,QPSK
57.390531229162036,19.478106245832407,QPSK
57.40942431651478,19.48188486330296,QPSK
57.428317403867524,19.485663480773503,QPSK
57.447210491220275,19.489442098244055,QPSK
57.46610357857302,19.493220715714607,QPSK
57.48499666592576,19.49699933318515,QPSK
57.50388975327851,19.500777950655703,QPSK
57.52278284063125,19.50455656812625,QPSK
57.541675927983995,19.5083351855968,QPSK
57.56056901533674,19.51211380306735,QPSK
57.57946210268949,19.5158924205379,QPSK
57.598355190042234,19.519671038008447,QPSK
57.61724827739498,19.523449655479,QPSK
57.63614136474772,19.527228272949543,QPSK
57.655034452100466,19.531006890420095,QPSK
57.67392753945321,19.534785507890643,QPSK
57.69282062680596,19.53856412536119,QPSK
57.711713714158705,19.542342742831742,QPSK
57.73060680151145,19.54612136030229,QPSK
57.74949988886419,19.54989997777284,QPSK
57.76839297621694,19.55367859524339,QPSK
57.78728606356968,19.557457212713935,QPSK
57.806179150922425,19.561235830184486,QPSK
57.825072238275176,19.565014447655038,QPSK
57.84396532562792,19.568793065125583,QPSK
57.862858412980664,19.572571682596134,QPSK
57.88175150033341,19.576350300066682,QPSK
57.90064458768615,19.58012891753723,QPSK
57.919537675038896,19.583907535007782,QPSK
57.93843076239164,19.587686152478327,QPSK
57.95732384974439,19.591464769948878,QPSK
57.976216937097135,19.59524338741943,QPSK
57.99511002444988,19.599022004889974,QPSK
58.01400311180262,19.602800622360526,QPSK
58.03289619915537,19.606579239831074,QPSK
58.05178928650811,19.610357857301622,QPSK
58.07068237386086,19.614136474772174,QPSK
58.089575461213606,19.617915092242722,QPSK
58.10846854856635,19.62169370971327,QPSK
58.127361635919094,19.62547232718382,QPSK
58.14625472327184,19.629250944654366,QPSK
58.16514781062458,19.633029562124918,QPSK
58.184040897977326,19.636808179595466,QPSK
58.20293398533008,19.640586797066014,QPSK
58.22182707268282,19.644365414536566,QPSK
58.240720160035565,19.648144032007114,QPSK
58.25961324738831,19.65192264947766,QPSK
58.27850633474105,19.655701266948213,QPSK
58.2973994220938,19.659479884418758,QPSK
58.31629250944655,19.66325850188931,QPSK
58.33518559679929,19.66703711935986,QPSK
58.354078684152036,19.670815736830406,QPSK
58.37297177150478,19.674594354300957,QPSK
58.391864858857524,19.678372971771505,QPSK
58.41075794621027,19.682151589242054,QPSK
58.42965103356301,19.685930206712605,QPSK
58.44854412091576,19.689708824183153,QPSK
58.46743720826851,19.6934874416537,QPSK
58.48633029562125,19.697266059124253,QPSK
58.505223382973995,19.701044676594798,QPSK
58.52411647032674,19.70482329406535,QPSK
58.54300955767948,19.708601911535897,QPSK
58.561902645032234,19.712380529006445,QPSK
58.58079573238498,19.716159146476997,QPSK
58.59968881973772,19.719937763947545,QPSK
58.618581907090466,19.723716381418093,QPSK
58.63747499444321,19.727494998888645,QPSK
58.656368081795954,19.73127361635919,QPSK
58.6752611691487,19.73505223382974,QPSK
58.69415425650145,19.738830851300293,QPSK
58.71304734385419,19.742609468770837,QPSK
58.73194043120694,19.74638808624139,QPSK
58.75083351855968,19.750166703711937,QPSK
58.769726605912425,19.753945321182485,QPSK
58.78861969326517,19.757723938653037,QPSK
58.80751278061791,19.76150255612358,QPSK
58.826405867970664,19.765281173594133,QPSK
58.84529895532341,19.769059791064684,QPSK
58.86419204267615,19.77283840853523,QPSK
58.883085130028896,19.77661702600578,QPSK
58.90197821738164,19.78039564347633,QPSK
58.92087130473438,19.784174260946877,QPSK
58.939764392087135,19.78795287841743,QPSK
58.95865747943988,19.791731495887976,QPSK
58.97755056679262,19.795510113358525,QPSK
58.99644365414537,19.799288730829076,QPSK
59.01533674149811,19.80306734829962,QPSK
59.034229828850854,19.806845965770172,QPSK
59.0531229162036,19.81062458324072,QPSK
59.07201600355635,19.81440320071127,QPSK
59.09090909090909,19.81818181818182,QPSK
59.10980217826184,19.821960435652368,QPSK
59.12869526561458,19.825739053122916,QPSK
59.147588352967325,19.829517670593468,QPSK
59.16648144032007,19.833296288064012,QPSK
59.18537452767282,19.837074905534564,QPSK
59.204267615025564,19.840853523005116,QPSK
59.22316070237831,19.84463214047566,QPSK
59.24205378973105,19.848410757946212,QPSK
59.260946877083796,19.85218937541676,QPSK
59.27983996443654,19.855967992887308,QPSK
59.298733051789284,19.85974661035786,QPSK
59.317626139142035,19.863525227828408,QPSK
59.33651922649478,19.867303845298956,QPSK
59.35541231384752,19.871082462769508,QPSK
59.37430540120027,19.874861080240052,QPSK
59.39319848855301,19.878639697710604,QPSK
59.412091575905755,19.88241831518115,QPSK
59.4309846632585,19.8861969326517,QPSK
59.44987775061125,19.88997555012225,QPSK
59.468770837963994,19.8937541675928,QPSK
59.48766392531674,19.897532785063348,QPSK
59.50655701266948,19.9013114025339,QPSK
59.525450100022226,19.905090020004444,QPSK
59.54434318737497,19.908868637474995,QPSK
59.56323627472772,19.912647254945547,QPSK
59.582129362080465,19.91642587241609,QPSK
59.60102244943321,19.920204489886643,QPSK
59.61991553678595,19.92398310735719,QPSK
59.6388086241387,19.92776172482774,QPSK
59.65770171149144,19.93154034229829,QPSK
59.676594798844185,19.935318959768836,QPSK
59.695487886196936,19.939097577239387,QPSK
59.71438097354968,19.94287619470994,QPSK
59.733274060902424,19.946654812180483,QPSK
59.75216714825517,19.950433429651035,QPSK
59.77106023560791,19.954212047121583,QPSK
59.789953322960656,19.95799066459213,QPSK
59.80884641031341,19.961769282062683,QPSK
59.82773949766615,19.96554789953323,QPSK
59.846632585018895,19.96932651700378,QPSK
59.86552567237164,19.97310513447433,QPSK
59.88441875972438,19.976883751944875,QPSK
59.90331184707713,19.980662369415427,QPSK
59.92220493442987,19.984440986885975,QPSK
59.94109802178262,19.988219604356523,QPSK
59.959991109135366,19.991998221827075,QPSK
59.97888419648811,19.995776839297623,QPSK
59.997777283840854,19.99955545676817,QPSK
60.0166703711936,20.003334074238722,QPSK
60.03556345854634,20.007112691709267,QPSK
60.05445654589909,20.01089130917982,QPSK
60.07334963325184,20.01466992665037,QPSK
60.09224272060458,20.018448544120915,QPSK
60.111135807957325,20.022227161591466,QPSK
60.13002889531007,20.026005779062015,QPSK
60.14892198266281,20.029784396532563,QPSK
60.16781507001556,20.033563014003114,QPSK
60.18670815736831,20.037341631473662,QPSK
60.20560124472105,20.04112024894421,QPSK
60.224494332073796,20.044898866414762,QPSK
60.24338741942654,20.048677483885307,QPSK
60.262280506779284,20.052456101355858,QPSK
60.28117359413203,20.056234718826406,QPSK
60.30006668148477,20.060013336296954,QPSK
60.31895976883752,20.063791953767506,QPSK
60.33785285619027,20.067570571238054,QPSK
60.35674594354301,20.071349188708602,QPSK
60.375639030895755,20.075127806179154,QPSK
60.3945321182485,20.0789064236497,QPSK
60.41342520560124,20.08268504112025,QPSK
60.432318292953994,20.0864636585908,QPSK
60.45121138030674,20.090242276061346,QPSK
60.47010446765948,20.094020893531898,QPSK
60.488997555012226,20.097799511002446,QPSK
60.50789064236497,20.101578128472994,QPSK
60.526783729717714,20.105356745943546,QPSK
60.54567681707046,20.10913536341409,QPSK
60.56456990442321,20.11291398088464,QPSK
60.58346299177595,20.116692598355193,QPSK
60.6023560791287,20.120471215825738,QPSK
60.62124916648144,20.12424983329629,QPSK
60.640142253834185,20.128028450766838,QPSK
60.65903534118693,20.131807068237386,QPSK
60.67792842853968,20.135585685707937,QPSK
60.696821515892424,20.139364303178485,QPSK
60.71571460324517,20.143142920649034,QPSK
60.73460769059791,20.146921538119585,QPSK
60.753500777950656,20.15070015559013,QPSK
60.7723938653034,20.15447877306068,QPSK
60.791286952656144,20.15825739053123,QPSK
60.810180040008895,20.162036008001778,QPSK
60.82907312736164,20.16581462547233,QPSK
60.84796621471438,20.169593242942877,QPSK
60.86685930206713,20.173371860413425,QPSK
60.88575238941987,20.177150477883977,QPSK
60.904645476772615,20.18092909535452,QPSK
60.92353856412536,20.184707712825073,QPSK
60.94243165147811,20.188486330295625,QPSK
60.961324738830854,20.19226494776617,QPSK
60.9802178261836,20.19604356523672,QPSK
60.99911091353634,20.19982218270727,QPSK
61.018004000889086,20.203600800177817,QPSK
61.03689708824183,20.20737941764837,QPSK
61.05579017559458,20.211158035118917,QPSK
61.074683262947325,20.214936652589465,QPSK
61.09357635030007,20.218715270060017,QPSK
61.11246943765281,20.22249388753056,QPSK
61.13136252500556,20.226272505001113,QPSK
61.1502556123583,20.23005112247166,QPSK
61.169148699711045,20.23382973994221,QPSK
61.188041787063796,20.23760835741276,QPSK
61.20693487441654,20.24138697488331,QPSK
61.22582796176928,20.245165592353857,QPSK
61.24472104912203,20.24894420982441,QPSK
61.26361413647477,20.252722827294953,QPSK
61.282507223827515,20.256501444765505,QPSK
61.30140031118027,20.260280062236056,QPSK
61.32029339853301,20.2640586797066,QPSK
61.339186485885755,20.267837297177152,QPSK
61.3580795732385,20.2716159146477,QPSK
61.37697266059124,20.27539453211825,QPSK
61.395865747943986,20.2791731495888,QPSK
61.41475883529673,20.282951767059345,QPSK
61.43365192264948,20.286730384529896,QPSK
61.452545010002225,20.290509002000448,QPSK
61.47143809735497,20.294287619470992,QPSK
61.49033118470771,20.298066236941544,QPSK
61.50922427206046,20.301844854412092,QPSK
61.5281173594132,20.30562347188264,QPSK
61.54701044676595,20.309402089353192,QPSK
61.565903534118696,20.31318070682374,QPSK
61.58479662147144,20.316959324294288,QPSK
61.603689708824184,20.32073794176484,QPSK
61.62258279617693,20.324516559235384,QPSK
61.64147588352967,20.328295176705936,QPSK
61.660368970882416,20.332073794176484,QPSK
61.67926205823517,20.335852411647032,QPSK
61.69815514558791,20.339631029117584,QPSK
61.717048232940655,20.343409646588132,QPSK
61.7359413202934,20.34718826405868,QPSK
61.75483440764614,20.35096688152923,QPSK
61.77372749499889,20.354745498999776,QPSK
61.79262058235163,20.358524116470328,QPSK
61.81151366970438,20.36230273394088,QPSK
61.830406757057126,20.366081351411424,QPSK
61.84929984440987,20.369859968881975,QPSK
61.868192931762614,20.373638586352524,QPSK
61.88708601911536,20.37741720382307,QPSK
61.9059791064681,20.381195821293623,QPSK
61.92487219382085,20.38497443876417,QPSK
61.9437652811736,20.38875305623472,QPSK
61.96265836852634,20.39253167370527,QPSK
61.981551455879085,20.396310291175816,QPSK
62.00044454323183,20.400088908646367,QPSK
62.01933763058457,20.403867526116915,QPSK
62.03823071793732,20.407646143587463,QPSK
62.05712380529007,20.411424761058015,QPSK
62.07601689264281,20.415203378528563,QPSK
62.094909979995556,20.41898199599911,QPSK
62.1138030673483,20.422760613469663,QPSK
62.132696154701044,20.426539230940207,QPSK
62.15158924205379,20.43031784841076,QPSK
62.17048232940654,20.43409646588131,QPSK
62.18937541675928,20.437875083351855,QPSK
62.20826850411203,20.441653700822407,QPSK
62.22716159146477,20.445432318292955,QPSK
62.246054678817515,20.449210935763503,QPSK
62.26494776617026,20.452989553234055,QPSK
62.283840853523,20.4567681707046,QPSK
62.302733940875754,20.46054678817515,QPSK
62.3216270282285,20.464325405645702,QPSK
62.34052011558124,20.468104023116247,QPSK
62.359413202933986,20.4718826405868,QPSK
62.37830629028673,20.475661258057347,QPSK
62.397199377639474,20.479439875527895,QPSK
62.41609246499222,20.483218492998446,QPSK
62.43498555234497,20.486997110468995,QPSK
62.45387863969771,20.490775727939543,QPSK
62.47277172705046,20.494554345410094,QPSK
62.4916648144032,20.49833296288064,QPSK
62.510557901755945,20.50211158035119,QPSK
62.52945098910869,20.50589019782174,QPSK
62.54834407646144,20.509668815292287,QPSK
62.567237163814184,20.513447432762838,QPSK
62.58613025116693,20.517226050233386,QPSK
62.60502333851967,20.521004667703934,QPSK
62.623916425872416,20.524783285174486,QPSK
62.64280951322516,20.52856190264503,QPSK
62.661702600577904,20.532340520115582,QPSK
62.680595687930655,20.536119137586134,QPSK
62.6994887752834,20.53989775505668,QPSK
62.71838186263614,20.54367637252723,QPSK
62.73727494998889,20.547454989997778,QPSK
62.75616803734163,20.551233607468326,QPSK
62.775061124694375,20.555012224938878,QPSK
62.793954212047126,20.558790842409426,QPSK
62.81284729939987,20.562569459879974,QPSK
62.831740386752614,20.566348077350526,QPSK
62.85063347410536,20.57012669482107,QPSK
62.8695265614581,20.573905312291622,QPSK
62.888419648810846,20.57768392976217,QPSK
62.90731273616359,20.581462547232718,QPSK
62.92620582351634,20.58524116470327,QPSK
62.945098910869085,20.589019782173818,QPSK
62.96399199822183,20.592798399644366,QPSK
62.98288508557457,20.596577017114917,QPSK
63.00177817292732,20.600355634585462,QPSK
63.02067126028006,20.604134252056014,QPSK
63.039564347632805,20.60791286952656,QPSK
63.058457434985556,20.61169148699711,QPSK
63.0773505223383,20.61547010446766,QPSK
63.096243609691044,20.61924872193821,QPSK
63.11513669704379,20.623027339408758,QPSK
63.13402978439653,20.62680595687931,QPSK
63.152922871749276,20.630584574349854,QPSK
63.17181595910203,20.634363191820405,QPSK
63.19070904645477,20.638141809290957,QPSK
63.209602133807515,20.6419204267615,QPSK
63.22849522116026,20.645699044232053,QPSK
63.247388308513,20.6494776617026,QPSK
63.26628139586575,20.65325627917315,QPSK
63.28517448321849,20.6570348966437,QPSK
63.30406757057124,20.66081351411425,QPSK
63.322960657923986,20.664592131584797,QPSK
63.34185374527673,20.66837074905535,QPSK
63.360746832629474,20.672149366525893,QPSK
63.37963991998222,20.675927983996445,QPSK
63.39853300733496,20.679706601466993,QPSK
63.41742609468771,20.68348521893754,QPSK
63.43631918204046,20.687263836408093,QPSK
63.4552122693932,20.69104245387864,QPSK
63.474105356745945,20.69482107134919,QPSK
63.49299844409869,20.69859968881974,QPSK
63.51189153145143,20.702378306290285,QPSK
63.53078461880418,20.706156923760837,QPSK
63.54967770615693,20.70993554123139,QPSK
63.56857079350967,20.713714158701933,QPSK
63.587463880862416,20.717492776172485,QPSK
63.60635696821516,20.721271393643033,QPSK
63.6252500555679,20.72505001111358,QPSK
63.64414314292065,20.728828628584132,QPSK
63.6630362302734,20.73260724605468,QPSK
63.68192931762614,20.73638586352523,QPSK
63.70082240497889,20.74016448099578,QPSK
63.71971549233163,20.743943098466325,QPSK
63.738608579684374,20.747721715936876,QPSK
63.75750166703712,20.751500333407424,QPSK
63.77639475438986,20.755278950877972,QPSK
63.79528784174261,20.759057568348524,QPSK
63.81418092909536,20.762836185819072,QPSK
63.8330740164481,20.76661480328962,QPSK
63.851967103800845,20.770393420760172,QPSK
63.87086019115359,20.774172038230716,QPSK
63.88975327850633,20.777950655701268,QPSK
63.90864636585908,20.781729273171816,QPSK
63.92753945321183,20.785507890642364,QPSK
63.94643254056457,20.789286508112916,QPSK
63.965325627917316,20.793065125583464,QPSK
63.98421871527006,20.796843743054012,QPSK
64.00311180262281,20.800622360524564,QPSK
64.02200488997555,20.80440097799511,QPSK
64.0408979773283,20.80817959546566,QPSK
64.05979106468104,20.811958212936208,QPSK
64.07868415203379,20.815736830406756,QPSK
64.09757723938654,20.819515447877308,QPSK
64.11647032673928,20.823294065347856,QPSK
64.13536341409201,20.827072682818404,QPSK
64.15425650144476,20.830851300288955,QPSK
64.17314958879751,20.834629917759504,QPSK
64.19204267615027,20.83840853523005,QPSK
64.210935763503,20.842187152700603,QPSK
64.22982885085574,20.845965770171148,QPSK
64.24872193820849,20.8497443876417,QPSK
64.26761502556124,20.85352300511225,QPSK
64.28650811291399,20.8573016225828,QPSK
64.30540120026673,20.861080240053347,QPSK
64.32429428761947,20.864858857523892,QPSK
64.34318737497222,20.868637474994443,QPSK
64.36208046232497,20.872416092464995,QPSK
64.3809735496777,20.87619470993554,QPSK
64.39986663703044,20.87997332740609,QPSK
64.4187597243832,20.88375194487664,QPSK
64.43765281173594,20.887530562347187,QPSK
64.4565458990887,20.89130917981774,QPSK
64.47543898644143,20.895087797288287,QPSK
64.49433207379417,20.898866414758835,QPSK
64.51322516114692,20.902645032229387,QPSK
64.53211824849967,20.906423649699935,QPSK
64.55101133585242,20.910202267170483,QPSK
64.56990442320516,20.913980884641035,QPSK
64.5887975105579,20.91775950211158,QPSK
64.60769059791065,20.92153811958213,QPSK
64.6265836852634,20.925316737052682,QPSK
64.64547677261614,20.929095354523227,QPSK
64.66436985996889,20.93287397199378,QPSK
64.68326294732162,20.936652589464323,QPSK
64.70215603467437,20.940431206934875,QPSK
64.72104912202713,20.944209824405426,QPSK
64.73994220937986,20.94798844187597,QPSK
64.7588352967326,20.951767059346523,QPSK
64.77772838408535,20.95554567681707,QPSK
64.7966214714381,20.95932429428762,QPSK
64.81551455879085,20.96310291175817,QPSK
64.83440764614359,20.96688152922872,QPSK
64.85330073349633,20.970660146699267,QPSK
64.87219382084908,20.97443876416982,QPSK
64.89108690820183,20.978217381640366,QPSK
64.90997999555458,20.981995999110914,QPSK
64.92887308290732,20.985774616581466,QPSK
64.94776617026005,20.98955323405201,QPSK
64.9666592576128,20.993331851522562,QPSK
64.98555234496555,20.997110468993114,QPSK
65.00444543231829,21.00088908646366,QPSK
65.02333851967103,21.004667703934206,QPSK
65.04223160702378,21.008446321404755,QPSK
65.06112469437653,21.012224938875306,QPSK
65.08001778172928,21.016003556345858,QPSK
65.09891086908202,21.019782173816402,QPSK
65.11780395643476,21.023560791286954,QPSK
65.1366970437875,21.027339408757502,QPSK
65.15559013114026,21.03111802622805,QPSK
65.17448321849301,21.034896643698602,QPSK
65.19337630584575,21.03867526116915,QPSK
65.21226939319848,21.042453878639698,QPSK
65.23116248055123,21.04623249611025,QPSK
65.25005556790398,21.050011113580798,QPSK
65.26894865525672,21.053789731051346,QPSK
65.28784174260947,21.057568348521897,QPSK
65.30673482996221,21.061346965992442,QPSK
65.32562791731496,21.065125583462994,QPSK
65.34452100466771,21.068904200933545,QPSK
65.36341409202045,21.07268281840409,QPSK
65.38230717937319,21.076461435874638,QPSK
65.40120026672594,21.080240053345186,QPSK
65.42009335407869,21.084018670815738,QPSK
65.43898644143144,21.08779728828629,QPSK
65.45787952878418,21.091575905756834,QPSK
65.47677261613691,21.095354523227385,QPSK
65.49566570348966,21.099133140697933,QPSK
65.51455879084241,21.10291175816848,QPSK
65.53345187819517,21.106690375639033,QPSK
65.5523449655479,21.11046899310958,QPSK
65.57123805290064,21.11424761058013,QPSK
65.59013114025339,21.11802622805068,QPSK
65.60902422760614,21.12180484552123,QPSK
65.62791731495888,21.125583462991777,QPSK
65.64681040231162,21.12936208046232,QPSK
65.66570348966437,21.133140697932873,QPSK
65.68459657701712,21.136919315403425,QPSK
65.70348966436987,21.140697932873977,QPSK
65.7223827517226,21.14447655034452,QPSK
65.74127583907534,21.14825516781507,QPSK
65.7601689264281,21.152033785285617,QPSK
65.77906201378084,21.15581240275617,QPSK
65.7979551011336,21.15959102022672,QPSK
65.81684818848633,21.163369637697265,QPSK
65.83574127583907,21.167148255167817,QPSK
65.85463436319182,21.170926872638365,QPSK
65.87352745054457,21.174705490108913,QPSK
65.89242053789731,21.178484107579465,QPSK
65.91131362525006,21.182262725050013,QPSK
65.9302067126028,21.18604134252056,QPSK
65.94909979995555,21.189819959991112,QPSK
65.9679928873083,21.19359857746166,QPSK
65.98688597466104,21.19737719493221,QPSK
66.00577906201377,21.201155812402753,QPSK
66.02467214936652,21.204934429873305,QPSK
66.04356523671927,21.208713047343856,QPSK
66.06245832407203,21.212491664814408,QPSK
66.08135141142476,21.216270282284952,QPSK
66.1002444987775,21.2200488997555,QPSK
66.11913758613025,21.22382751722605,QPSK
66.138030673483,21.2276061346966,QPSK
66.15692376083575,21.231384752167152,QPSK
66.17581684818849,21.235163369637696,QPSK
66.19470993554123,21.238941987108248,QPSK
66.21360302289398,21.242720604578796,QPSK
66.23249611024673,21.246499222049344,QPSK
66.25138919759947,21.250277839519896,QPSK
66.2702822849522,21.25405645699044,QPSK
66.28917537230495,21.257835074460992,QPSK
66.3080684596577,21.261613691931544,QPSK
66.32696154701046,21.265392309402092,QPSK
66.34585463436319,21.26917092687264,QPSK
66.36474772171593,21.272949544343184,QPSK
66.38364080906868,21.276728161813736,QPSK
66.40253389642143,21.280506779284288,QPSK
66.42142698377418,21.28428539675484,QPSK
66.44032007112692,21.288064014225384,QPSK
66.45921315847966,21.291842631695932,QPSK
66.47810624583241,21.29562124916648,QPSK
66.49699933318516,21.29939986663703,QPSK
66.5158924205379,21.30317848410758,QPSK
66.53478550789065,21.306957101578128,QPSK
66.55367859524338,21.31073571904868,QPSK
66.57257168259613,21.314514336519228,QPSK
66.59146476994889,21.318292953989776,QPSK
66.61035785730162,21.322071571460327,QPSK
66.62925094465436,21.325850188930872,QPSK
66.64814403200711,21.329628806401423,QPSK
66.66703711935986,21.333407423871975,QPSK
66.68593020671261,21.337186041342523,QPSK
66.70482329406535,21.34096465881307,QPSK
66.72371638141809,21.344743276283616,QPSK
66.74260946877084,21.348521893754167,QPSK
66.76150255612359,21.35230051122472,QPSK
66.78039564347634,21.35607912869527,QPSK
66.79928873082908,21.359857746165815,QPSK
66.81818181818181,21.363636363636363,QPSK
66.83707490553456,21.36741498110691,QPSK
66.85596799288732,21.371193598577463,QPSK
66.87486108024005,21.37497221604801,QPSK
66.89375416759279,21.37875083351856,QPSK
66.91264725494554,21.38252945098911,QPSK
66.93154034229829,21.38630806845966,QPSK
66.95043342965104,21.390086685930207,QPSK
66.96932651700378,21.39386530340076,QPSK
66.98821960435652,21.397643920871303,QPSK
67.00711269170927,21.401422538341855,QPSK
67.02600577906202,21.405201155812406,QPSK
67.04489886641477,21.408979773282955,QPSK
67.0637919537675,21.412758390753503,QPSK
67.08268504112024,21.416537008224047,QPSK
67.101578128473,21.4203156256946,QPSK
67.12047121582575,21.42409424316515,QPSK
67.13936430317848,21.427872860635695,QPSK
67.15825739053123,21.431651478106247,QPSK
67.17715047788397,21.435430095576795,QPSK
67.19604356523672,21.439208713047343,QPSK
67.21493665258947,21.442987330517894,QPSK
67.23382973994221,21.446765947988442,QPSK
67.25272282729495,21.45054456545899,QPSK
67.2716159146477,21.454323182929542,QPSK
67.29050900200045,21.45810180040009,QPSK
67.3094020893532,21.46188041787064,QPSK
67.32829517670594,21.46565903534119,QPSK
67.34718826405867,21.469437652811735,QPSK
67.36608135141142,21.473216270282286,QPSK
67.38497443876417,21.476994887752838,QPSK
67.40386752611693,21.480773505223386,QPSK
67.42276061346966,21.484552122693934,QPSK
67.4416537008224,21.48833074016448,QPSK
67.46054678817515,21.49210935763503,QPSK
67.4794398755279,21.495887975105582,QPSK
67.49833296288064,21.499666592576126,QPSK
67.51722605023338,21.503445210046678,QPSK
67.53611913758613,21.507223827517226,QPSK
67.55501222493888,21.511002444987774,QPSK
67.57390531229163,21.514781062458326,QPSK
67.59279839964437,21.518559679928874,QPSK
67.6116914869971,21.522338297399422,QPSK
67.63058457434985,21.526116914869974,QPSK
67.6494776617026,21.52989553234052,QPSK
67.66837074905536,21.53367414981107,QPSK
67.68726383640809,21.53745276728162,QPSK
67.70615692376083,21.541231384752166,QPSK
67.72505001111358,21.545010002222718,QPSK
67.74394309846633,21.54878861969327,QPSK
67.76283618581907,21.552567237163814,QPSK
67.78172927317182,21.556345854634365,QPSK
67.80062236052456,21.56012447210491,QPSK
67.81951544787731,21.56390308957546,QPSK
67.83840853523006,21.567681707046013,QPSK
67.8573016225828,21.571460324516558,QPSK
67.87619470993553,21.57523894198711,QPSK
67.89508779728828,21.579017559457657,QPSK
67.91398088464103,21.582796176928206,QPSK
67.93287397199379,21.586574794398757,QPSK
67.95176705934652,21.590353411869305,QPSK
67.97066014669926,21.594132029339853,QPSK
67.98955323405201,21.597910646810405,QPSK
68.00844632140476,21.601689264280953,QPSK
68.02733940875751,21.6054678817515,QPSK
68.04623249611025,21.609246499222053,QPSK
68.06512558346299,21.613025116692597,QPSK
68.08401867081574,21.61680373416315,QPSK
68.10291175816849,21.6205823516337,QPSK
68.12180484552123,21.624360969104245,QPSK
68.14069793287398,21.628139586574797,QPSK
68.15959102022671,21.63191820404534,QPSK
68.17848410757946,21.635696821515893,QPSK
68.19737719493222,21.639475438986445,QPSK
68.21627028228495,21.64325405645699,QPSK
68.23516336963769,21.64703267392754,QPSK
68.25405645699044,21.65081129139809,QPSK
68.27294954434319,21.654589908868637,QPSK
68.29184263169594,21.65836852633919,QPSK
68.31073571904868,21.662147143809737,QPSK
68.32962880640142,21.665925761280285,QPSK
68.34852189375417,21.669704378750836,QPSK
68.36741498110692,21.673482996221384,QPSK
68.38630806845966,21.677261613691932,QPSK
68.4052011558124,21.681040231162484,QPSK
68.42409424316514,21.68481884863303,QPSK
68.4429873305179,21.68859746610358,QPSK
68.46188041787065,21.692376083574132,QPSK
68.48077350522338,21.696154701044676,QPSK
68.49966659257612,21.699933318515225,QPSK
68.51855967992887,21.703711935985773,QPSK
68.53745276728162,21.707490553456324,QPSK
68.55634585463437,21.711269170926876,QPSK
68.57523894198711,21.71504778839742,QPSK
68.59413202933985,21.718826405867972,QPSK
68.6130251166926,21.72260502333852,QPSK
68.63191820404535,21.72638364080907,QPSK
68.6508112913981,21.73016225827962,QPSK
68.66970437875084,21.733940875750168,QPSK
68.68859746610357,21.737719493220716,QPSK
68.70749055345632,21.741498110691268,QPSK
68.72638364080908,21.745276728161816,QPSK
68.74527672816181,21.749055345632364,QPSK
68.76416981551456,21.752833963102916,QPSK
68.7830629028673,21.75661258057346,QPSK
68.80195599022005,21.76039119804401,QPSK
68.8208490775728,21.764169815514563,QPSK
68.83974216492554,21.767948432985108,QPSK
68.85863525227828,21.771727050455656,QPSK
68.87752833963103,21.775505667926204,QPSK
68.89642142698378,21.779284285396756,QPSK
68.91531451433653,21.783062902867307,QPSK
68.93420760168927,21.786841520337852,QPSK
68.953100689042,21.790620137808403,QPSK
68.97199377639475,21.79439875527895,QPSK
68.9908868637475,21.7981773727495,QPSK
69.00977995110024,21.80195599022005,QPSK
69.028673038453,21.8057346076906,QPSK
69.04756612580573,21.809513225161147,QPSK
69.06645921315848,21.8132918426317,QPSK
69.08535230051123,21.817070460102247,QPSK
69.10424538786397,21.820849077572795,QPSK
69.12313847521672,21.824627695043347,QPSK
69.14203156256946,21.82840631251389,QPSK
69.16092464992221,21.832184929984443,QPSK
69.17981773727494,21.835963547454988,QPSK
69.1987108246277,21.83974216492554,QPSK
69.21760391198045,21.84352078239609,QPSK
69.23649699933318,21.847299399866635,QPSK
69.25539008668594,21.851078017337187,QPSK
69.27428317403867,21.854856634807735,QPSK
69.29317626139142,21.858635252278283,QPSK
69.31206934874416,21.862413869748835,QPSK
69.33096243609691,21.866192487219383,QPSK
69.34985552344966,21.86997110468993,QPSK
69.3687486108024,21.873749722160483,QPSK
69.38764169815515,21.87752833963103,QPSK
69.40653478550789,21.88130695710158,QPSK
69.42542787286064,21.88508557457213,QPSK
69.44432096021337,21.888864192042675,QPSK
69.46321404756613,21.892642809513227,QPSK
69.48210713491888,21.89642142698378,QPSK
69.50100022227161,21.900200044454323,QPSK
69.51989330962436,21.903978661924874,QPSK
69.5387863969771,21.90775727939542,QPSK
69.55767948432985,21.91153589686597,QPSK
69.5765725716826,21.915314514336522,QPSK
69.59546565903534,21.919093131807067,QPSK
69.61435874638809,21.92287174927762,QPSK
69.63325183374083,21.926650366748166,QPSK
69.65214492109358,21.930428984218715,QPSK
69.67103800844632,21.934207601689266,QPSK
69.68993109579907,21.937986219159814,QPSK
69.70882418315182,21.941764836630362,QPSK
69.72771727050456,21.945543454100914,QPSK
69.7466103578573,21.949322071571462,QPSK
69.76550344521004,21.95310068904201,QPSK
69.7843965325628,21.956879306512562,QPSK
69.80328961991553,21.960657923983106,QPSK
69.82218270726828,21.964436541453658,QPSK
69.84107579462103,21.96821515892421,QPSK
69.85996888197377,21.971993776394754,QPSK
69.87886196932652,21.975772393865306,QPSK
69.89775505667926,21.97955101133585,QPSK
69.91664814403201,21.983329628806402,QPSK
69.93554123138475,21.98710824627695,QPSK
69.9544343187375,21.990886863747498,QPSK
69.97332740609025,21.99466548121805,QPSK
69.99222049344299,21.998444098688598,QPSK
70.01111358079574,22.002222716159146,QPSK
70.03000666814847,22.006001333629698,QPSK
70.04889975550122,22.009779951100246,QPSK
70.06779284285396,22.013558568570794,QPSK
70.08668593020671,22.017337186041345,QPSK
70.10557901755946,22.021115803511893,QPSK
70.1244721049122,22.02489442098244,QPSK
70.14336519226495,22.028673038452993,QPSK
70.16225827961769,22.032451655923538,QPSK
70.18115136697044,22.03623027339409,QPSK
70.20004445432319,22.04000889086464,QPSK
70.21893754167593,22.043787508335186,QPSK
70.23783062902868,22.047566125805737,QPSK
70.25672371638142,22.05134474327628,QPSK
70.27561680373417,22.055123360746833,QPSK
70.2945098910869,22.05890197821738,QPSK
70.31340297843965,22.06268059568793,QPSK
70.3322960657924,22.06645921315848,QPSK
70.35118915314514,22.07023783062903,QPSK
70.3700822404979,22.074016448099577,QPSK
70.38897532785063,22.07779506557013,QPSK
70.40786841520338,22.081573683040677,QPSK
70.42676150255612,22.085352300511225,QPSK
70.44565458990887,22.089130917981777,QPSK
70.46454767726162,22.092909535452325,QPSK
70.48344076461436,22.096688152922873,QPSK
70.50233385196711,22.100466770393425,QPSK
70.52122693931985,22.10424538786397,QPSK
70.5401200266726,22.10802400533452,QPSK
70.55901311402533,22.111802622805065,QPSK
70.57790620137808,22.115581240275617,QPSK
70.59679928873084,22.11935985774617,QPSK
70.61569237608357,22.123138475216713,QPSK
70.63458546343632,22.126917092687265,QPSK
70.65347855078906,22.130695710157813,QPSK
70.67237163814181,22.13447432762836,QPSK
70.69126472549456,22.138252945098913,QPSK
70.7101578128473,22.14203156256946,QPSK
70.72905090020005,22.14581018004001,QPSK
70.74794398755279,22.14958879751056,QPSK
70.76683707490554,22.15336741498111,QPSK
70.78573016225828,22.157146032451656,QPSK
70.80462324961103,22.160924649922208,QPSK
70.82351633696378,22.164703267392756,QPSK
70.84240942431651,22.168481884863304,QPSK
70.86130251166927,22.172260502333856,QPSK
70.880195599022,22.1760391198044,QPSK
70.89908868637475,22.179817737274952,QPSK
70.91798177372749,22.183596354745497,QPSK
70.93687486108024,22.18737497221605,QPSK
70.95576794843299,22.1911535896866,QPSK
70.97466103578573,22.194932207157144,QPSK
70.99355412313848,22.198710824627696,QPSK
71.01244721049122,22.202489442098244,QPSK
71.03134029784397,22.206268059568792,QPSK
71.0502333851967,22.210046677039344,QPSK
71.06912647254946,22.213825294509892,QPSK
71.08801955990221,22.21760391198044,QPSK
71.10691264725494,22.22138252945099,QPSK
71.1258057346077,22.22516114692154,QPSK
71.14469882196043,22.228939764392088,QPSK
71.16359190931318,22.23271838186264,QPSK
71.18248499666592,22.236496999333184,QPSK
71.20137808401867,22.240275616803736,QPSK
71.22027117137142,22.244054234274287,QPSK
71.23916425872416,22.247832851744832,QPSK
71.25805734607691,22.251611469215383,QPSK
71.27695043342965,22.255390086685928,QPSK
71.2958435207824,22.25916870415648,QPSK
71.31473660813515,22.26294732162703,QPSK
71.33362969548789,22.266725939097576,QPSK
71.35252278284064,22.270504556568127,QPSK
71.37141587019337,22.274283174038676,QPSK
71.39030895754613,22.278061791509224,QPSK
71.40920204489886,22.281840408979775,QPSK
71.42809513225161,22.285619026450323,QPSK
71.44698821960436,22.28939764392087,QPSK
71.4658813069571,22.293176261391423,QPSK
71.48477439430985,22.29695487886197,QPSK
71.50366748166259,22.30073349633252,QPSK
71.52256056901534,22.30451211380307,QPSK
71.54145365636808,22.308290731273615,QPSK
71.56034674372083,22.312069348744167,QPSK
71.57923983107358,22.31584796621472,QPSK
71.59813291842632,22.319626583685263,QPSK
71.61702600577907,22.323405201155815,QPSK
71.6359190931318,22.32718381862636,QPSK
71.65481218048456,22.33096243609691,QPSK
71.67370526783729,22.33474105356746,QPSK
71.69259835519004,22.338519671038007,QPSK
71.7114914425428,22.34229828850856,QPSK
71.73038452989553,22.346076905979107,QPSK
71.74927761724828,22.349855523449655,QPSK
71.76817070460102,22.353634140920207,QPSK
71.78706379195377,22.357412758390755,QPSK
71.8059568793065,22.361191375861303,QPSK
71.82484996665926,22.364969993331854,QPSK
71.84374305401201,22.368748610802403,QPSK
71.86263614136475,22.37252722827295,QPSK
71.8815292287175,22.376305845743502,QPSK
71.90042231607023,22.380084463214047,QPSK
71.91931540342298,22.3838630806846,QPSK
71.93820849077574,22.38764169815515,QPSK
71.95710157812847,22.391420315625695,QPSK
71.97599466548122,22.395198933096246,QPSK
71.99488775283396,22.39897755056679,QPSK
72.01378084018671,22.402756168037342,QPSK
72.03267392753945,22.40653478550789,QPSK
72.0515670148922,22.41031340297844,QPSK
72.07046010224495,22.41409202044899,QPSK
72.08935318959769,22.41787063791954,QPSK
72.10824627695044,22.421649255390086,QPSK
72.12713936430318,22.425427872860638,QPSK
72.14603245165593,22.429206490331186,QPSK
72.16492553900866,22.432985107801734,QPSK
72.18381862636141,22.436763725272286,QPSK
72.20271171371417,22.440542342742834,QPSK
72.2216048010669,22.444320960213382,QPSK
72.24049788841965,22.448099577683934,QPSK
72.25939097577239,22.451878195154478,QPSK
72.27828406312514,22.45565681262503,QPSK
72.29717715047788,22.459435430095574,QPSK
72.31607023783063,22.463214047566126,QPSK
72.33496332518338,22.466992665036678,QPSK
72.35385641253612,22.470771282507222,QPSK
72.37274949988887,22.474549899977774,QPSK
72.3916425872416,22.478328517448322,QPSK
72.41053567459436,22.48210713491887,QPSK
72.4294287619471,22.48588575238942,QPSK
72.44832184929984,22.48966436985997,QPSK
72.4672149366526,22.493442987330518,QPSK
72.48610802400533,22.49722160480107,QPSK
72.50500111135808,22.501000222271617,QPSK
72.52389419871082,22.504778839742166,QPSK
72.54278728606357,22.508557457212717,QPSK
72.56168037341632,22.512336074683265,QPSK
72.58057346076906,22.516114692153813,QPSK
72.59946654812181,22.519893309624365,QPSK
72.61835963547455,22.52367192709491,QPSK
72.6372527228273,22.52745054456546,QPSK
72.65614581018004,22.531229162036006,QPSK
72.67503889753279,22.535007779506557,QPSK
72.69393198488554,22.53878639697711,QPSK
72.71282507223827,22.542565014447653,QPSK
72.73171815959103,22.546343631918205,QPSK
72.75061124694376,22.550122249388753,QPSK
72.76950433429651,22.5539008668593,QPSK
72.78839742164925,22.557679484329853,QPSK
72.807290509002,22.5614581018004,QPSK
72.82618359635475,22.56523671927095,QPSK
72.84507668370749,22.5690153367415,QPSK
72.86396977106024,22.57279395421205,QPSK
72.88286285841298,22.576572571682597,QPSK
72.90175594576573,22.58035118915315,QPSK
72.92064903311847,22.584129806623693,QPSK
72.93954212047122,22.587908424094245,QPSK
72.95843520782397,22.591687041564796,QPSK
72.9773282951767,22.59546565903534,QPSK
72.99622138252946,22.599244276505893,QPSK
73.01511446988219,22.603022893976437,QPSK
73.03400755723494,22.60680151144699,QPSK
73.05290064458768,22.610580128917537,QPSK
73.07179373194043,22.614358746388085,QPSK
73.09068681929318,22.618137363858636,QPSK
73.10957990664592,22.621915981329185,QPSK
73.12847299399867,22.625694598799733,QPSK
73.14736608135141,22.629473216270284,QPSK
73.16625916870416,22.633251833740832,QPSK
73.18515225605691,22.63703045121138,QPSK
73.20404534340965,22.640809068681932,QPSK
73.2229384307624,22.64458768615248,QPSK
73.24183151811513,22.64836630362303,QPSK
73.26072460546789,22.65214492109358,QPSK
73.27961769282062,22.655923538564124,QPSK
73.29851078017337,22.659702156034676,QPSK
73.31740386752612,22.663480773505228,QPSK
73.33629695487886,22.667259390975772,QPSK
73.35519004223161,22.671038008446324,QPSK
73.37408312958435,22.67481662591687,QPSK
73.3929762169371,22.67859524338742,QPSK
73.41186930428984,22.682373860857968,QPSK
73.43076239164259,22.686152478328516,QPSK
73.44965547899534,22.689931095799068,QPSK
73.46854856634808,22.693709713269616,QPSK
73.48744165370083,22.697488330740164,QPSK
73.50633474105356,22.701266948210716,QPSK
73.52522782840632,22.705045565681264,QPSK
73.54412091575905,22.708824183151812,QPSK
73.5630140031118,22.712602800622363,QPSK
73.58190709046455,22.71638141809291,QPSK
73.60080017781729,22.72016003556346,QPSK
73.61969326517004,22.72393865303401,QPSK
73.63858635252278,22.727717270504556,QPSK
73.65747943987553,22.731495887975107,QPSK
73.67637252722827,22.735274505445652,QPSK
73.69526561458102,22.739053122916204,QPSK
73.71415870193377,22.742831740386755,QPSK
73.7330517892865,22.7466103578573,QPSK
73.75194487663926,22.75038897532785,QPSK
73.770837963992,22.7541675927984,QPSK
73.78973105134475,22.757946210268948,QPSK
73.8086241386975,22.7617248277395,QPSK
73.82751722605023,22.765503445210047,QPSK
73.84641031340298,22.769282062680595,QPSK
73.86530340075572,22.773060680151147,QPSK
73.88419648810847,22.776839297621695,QPSK
73.90308957546121,22.780617915092243,QPSK
73.92198266281396,22.784396532562795,QPSK
73.94087575016671,22.788175150033343,QPSK
73.95976883751945,22.79195376750389,QPSK
73.9786619248722,22.795732384974443,QPSK
73.99755501222494,22.799511002444987,QPSK
74.01644809957769,22.80328961991554,QPSK
74.03534118693042,22.807068237386083,QPSK
74.05423427428317,22.810846854856635,QPSK
74.07312736163593,22.814625472327187,QPSK
74.09202044898866,22.81840408979773,QPSK
74.11091353634141,22.822182707268283,QPSK
74.12980662369415,22.82596132473883,QPSK
74.1486997110469,22.82973994220938,QPSK
74.16759279839964,22.83351855967993,QPSK
74.18648588575239,22.83729717715048,QPSK
74.20537897310514,22.841075794621027,QPSK
74.22427206045788,22.84485441209158,QPSK
74.24316514781063,22.848633029562126,QPSK
74.26205823516337,22.852411647032675,QPSK
74.28095132251612,22.856190264503226,QPSK
74.29984440986887,22.859968881973774,QPSK
74.3187374972216,22.863747499444322,QPSK
74.33763058457436,22.867526116914874,QPSK
74.35652367192709,22.87130473438542,QPSK
74.37541675927984,22.87508335185597,QPSK
74.39430984663258,22.878861969326515,QPSK
74.41320293398533,22.882640586797066,QPSK
74.43209602133808,22.886419204267618,QPSK
74.45098910869082,22.890197821738163,QPSK
74.46988219604357,22.893976439208714,QPSK
74.48877528339631,22.897755056679262,QPSK
74.50766837074906,22.90153367414981,QPSK
74.5265614581018,22.905312291620362,QPSK
74.54545454545455,22.90909090909091,QPSK
74.5643476328073,22.912869526561458,QPSK
74.58324072016003,22.91664814403201,QPSK
74.60213380751279,22.920426761502558,QPSK
74.62102689486552,22.924205378973106,QPSK
74.63991998221827,22.927983996443658,QPSK
74.65881306957101,22.931762613914202,QPSK
74.67770615692376,22.935541231384754,QPSK
74.69659924427651,22.939319848855305,QPSK
74.71549233162925,22.94309846632585,QPSK
74.734385418982,22.9468770837964,QPSK
74.75327850633474,22.950655701266946,QPSK
74.77217159368749,22.954434318737498,QPSK
74.79106468104023,22.958212936208046,QPSK
74.80995776839298,22.961991553678594,QPSK
74.82885085574573,22.965770171149146,QPSK
74.84774394309846,22.969548788619694,QPSK
74.86663703045122,22.97332740609024,QPSK
74.88553011780395,22.977106023560793,QPSK
74.9044232051567,22.98088464103134,QPSK
74.92331629250945,22.98466325850189,QPSK
74.94220937986219,22.98844187597244,QPSK
74.96110246721494,22.99222049344299,QPSK
74.97999555456768,22.995999110913537,QPSK
74.99888864192043,22.99977772838409,QPSK
75.01778172927317,23.003556345854633,QPSK
75.03667481662592,23.007334963325185,QPSK
75.05556790397867,23.011113580795737,QPSK
75.0744609913314,23.01489219826628,QPSK
75.09335407868416,23.018670815736833,QPSK
75.1122471660369,23.022449433207377,QPSK
75.13114025338965,23.02622805067793,QPSK
75.15003334074238,23.030006668148477,QPSK
75.16892642809513,23.033785285619025,QPSK
75.18781951544788,23.037563903089577,QPSK
75.20671260280062,23.041342520560125,QPSK
75.22560569015337,23.045121138030673,QPSK
75.24449877750611,23.048899755501225,QPSK
75.26339186485886,23.052678372971773,QPSK
75.2822849522116,23.05645699044232,QPSK
75.30117803956435,23.060235607912873,QPSK
75.3200711269171,23.06401422538342,QPSK
75.33896421426984,23.06779284285397,QPSK
75.35785730162259,23.07157146032452,QPSK
75.37675038897532,23.075350077795065,QPSK
75.39564347632808,23.079128695265616,QPSK
75.41453656368081,23.08290731273616,QPSK
75.43342965103356,23.086685930206713,QPSK
75.45232273838631,23.090464547677264,QPSK
75.47121582573905,23.09424316514781,QPSK
75.4901089130918,23.09802178261836,QPSK
75.50900200044454,23.10180040008891,QPSK
75.52789508779729,23.105579017559457,QPSK
75.54678817515004,23.10935763503001,QPSK
75.56568126250278,23.113136252500556,QPSK
75.58457434985553,23.116914869971104,QPSK
75.60346743720827,23.120693487441656,QPSK
75.62236052456102,23.124472104912204,QPSK
75.64125361191375,23.128250722382752,QPSK
75.6601466992665,23.132029339853304,QPSK
75.67903978661926,23.135807957323852,QPSK
75.697932873972,23.1395865747944,QPSK
75.71682596132474,23.14336519226495,QPSK
75.73571904867748,23.147143809735496,QPSK
75.75461213603023,23.150922427206048,QPSK
75.77350522338297,23.154701044676592,QPSK
75.79239831073572,23.158479662147144,QPSK
75.81129139808847,23.162258279617696,QPSK
75.83018448544121,23.16603689708824,QPSK
75.84907757279396,23.169815514558792,QPSK
75.8679706601467,23.17359413202934,QPSK
75.88686374749945,23.177372749499888,QPSK
75.90575683485218,23.18115136697044,QPSK
75.92464992220494,23.184929984440988,QPSK
75.94354300955769,23.188708601911536,QPSK
75.96243609691042,23.192487219382087,QPSK
75.98132918426317,23.196265836852636,QPSK
76.00022227161591,23.200044454323184,QPSK
76.01911535896866,23.203823071793735,QPSK
76.0380084463214,23.20760168926428,QPSK
76.05690153367415,23.21138030673483,QPSK
76.0757946210269,23.215158924205383,QPSK
76.09468770837964,23.218937541675928,QPSK
76.11358079573239,23.22271615914648,QPSK
76.13247388308513,23.226494776617024,QPSK
76.15136697043788,23.230273394087575,QPSK
76.17026005779063,23.234052011558127,QPSK
76.18915314514337,23.23783062902867,QPSK
76.20804623249612,23.241609246499223,QPSK
76.22693931984885,23.24538786396977,QPSK
76.2458324072016,23.24916648144032,QPSK
76.26472549455434,23.25294509891087,QPSK
76.28361858190709,23.25672371638142,QPSK
76.30251166925984,23.260502333851967,QPSK
76.32140475661258,23.26428095132252,QPSK
76.34029784396533,23.268059568793067,QPSK
76.35919093131807,23.271838186263615,QPSK
76.37808401867082,23.275616803734167,QPSK
76.39697710602356,23.27939542120471,QPSK
76.4158701933763,23.283174038675263,QPSK
76.43476328072906,23.286952656145814,QPSK
76.4536563680818,23.29073127361636,QPSK
76.47254945543455,23.29450989108691,QPSK
76.49144254278728,23.298288508557455,QPSK
76.51033563014003,23.302067126028007,QPSK
76.52922871749277,23.305845743498555,QPSK
76.54812180484552,23.309624360969103,QPSK
76.56701489219827,23.313402978439655,QPSK
76.58590797955101,23.317181595910203,QPSK
76.60480106690376,23.32096021338075,QPSK
76.6236941542565,23.324738830851302,QPSK
76.64258724160925,23.32851744832185,QPSK
76.66148032896199,23.3322960657924,QPSK
76.68037341631474,23.33607468326295,QPSK
76.69926650366749,23.3398533007335,QPSK
76.71815959102022,23.343631918204046,QPSK
76.73705267837298,23.347410535674598,QPSK
76.75594576572571,23.351189153145143,QPSK
76.77483885307846,23.354967770615694,QPSK
76.79373194043121,23.358746388086246,QPSK
76.81262502778395,23.36252500555679,QPSK
76.8315181151367,23.366303623027342,QPSK
76.85041120248944,23.370082240497887,QPSK
76.86930428984219,23.373860857968438,QPSK
76.88819737719493,23.377639475438986,QPSK
76.90709046454768,23.381418092909534,QPSK
76.92598355190043,23.385196710380086,QPSK
76.94487663925317,23.388975327850634,QPSK
76.96376972660592,23.392753945321182,QPSK
76.98266281395865,23.396532562791734,QPSK
77.0015559013114,23.400311180262282,QPSK
77.02044898866414,23.40408979773283,QPSK
77.0393420760169,23.40786841520338,QPSK
77.05823516336964,23.41164703267393,QPSK
77.07712825072238,23.415425650144478,QPSK
77.09602133807513,23.41920426761503,QPSK
77.11491442542787,23.422982885085574,QPSK
77.13380751278062,23.426761502556126,QPSK
77.15270060013336,23.43054012002667,QPSK
77.17159368748611,23.43431873749722,QPSK
77.19048677483886,23.438097354967773,QPSK
77.2093798621916,23.441875972438318,QPSK
77.22827294954435,23.44565458990887,QPSK
77.24716603689708,23.449433207379418,QPSK
77.26605912424984,23.453211824849966,QPSK
77.28495221160257,23.456990442320517,QPSK
77.30384529895532,23.460769059791065,QPSK
77.32273838630807,23.464547677261614,QPSK
77.34163147366081,23.468326294732165,QPSK
77.36052456101356,23.472104912202713,QPSK
77.3794176483663,23.47588352967326,QPSK
77.39831073571905,23.479662147143813,QPSK
77.4172038230718,23.48344076461436,QPSK
77.43609691042454,23.48721938208491,QPSK
77.45498999777729,23.49099799955546,QPSK
77.47388308513003,23.494776617026005,QPSK
77.49277617248278,23.498555234496557,QPSK
77.51166925983551,23.5023338519671,QPSK
77.53056234718827,23.506112469437653,QPSK
77.54945543454102,23.509891086908205,QPSK
77.56834852189375,23.51366970437875,QPSK
77.5872416092465,23.5174483218493,QPSK
77.60613469659924,23.52122693931985,QPSK
77.62502778395199,23.525005556790397,QPSK
77.64392087130473,23.52878417426095,QPSK
77.66281395865748,23.532562791731497,QPSK
77.68170704601023,23.536341409202045,QPSK
77.70060013336297,23.540120026672597,QPSK
77.71949322071572,23.543898644143145,QPSK
77.73838630806846,23.547677261613693,QPSK
77.75727939542121,23.551455879084244,QPSK
77.77617248277394,23.55523449655479,QPSK
77.7950655701267,23.55901311402534,QPSK
77.81395865747945,23.562791731495892,QPSK
77.83285174483218,23.566570348966437,QPSK
77.85174483218493,23.57034896643699,QPSK
77.87063791953767,23.574127583907533,QPSK
77.88953100689042,23.577906201378084,QPSK
77.90842409424317,23.581684818848636,QPSK
77.92731718159591,23.58546343631918,QPSK
77.94621026894866,23.589242053789732,QPSK
77.9651033563014,23.59302067126028,QPSK
77.98399644365415,23.59679928873083,QPSK
78.00288953100689,23.60057790620138,QPSK
78.02178261835964,23.604356523671928,QPSK
78.04067570571239,23.608135141142476,QPSK
78.05956879306513,23.611913758613028,QPSK
78.07846188041788,23.615692376083576,QPSK
78.09735496777061,23.619470993554124,QPSK
78.11624805512336,23.623249611024676,QPSK
78.1351411424761,23.62702822849522,QPSK
78.15403422982885,23.630806845965772,QPSK
78.1729273171816,23.634585463436323,QPSK
78.19182040453434,23.638364080906868,QPSK
78.21071349188709,23.64214269837742,QPSK
78.22960657923983,23.645921315847964,QPSK
78.24849966659258,23.649699933318516,QPSK
78.26739275394532,23.653478550789064,QPSK
78.28628584129807,23.657257168259612,QPSK
78.30517892865082,23.661035785730164,QPSK
78.32407201600356,23.66481440320071,QPSK
78.3429651033563,23.66859302067126,QPSK
78.36185819070904,23.67237163814181,QPSK
78.3807512780618,23.67615025561236,QPSK
78.39964436541453,23.679928873082908,QPSK
78.41853745276728,23.68370749055346,QPSK
78.43743054012003,23.687486108024007,QPSK
78.45632362747277,23.691264725494555,QPSK
78.47521671482552,23.695043342965107,QPSK
78.49410980217826,23.69882196043565,QPSK
78.51300288953101,23.702600577906203,QPSK
78.53189597688376,23.706379195376755,QPSK
78.5507890642365,23.7101578128473,QPSK
78.56968215158925,23.71393643031785,QPSK
78.58857523894198,23.717715047788396,QPSK
78.60746832629474,23.721493665258947,QPSK
78.62636141364747,23.725272282729495,QPSK
78.64525450100022,23.729050900200043,QPSK
78.66414758835298,23.732829517670595,QPSK
78.68304067570571,23.736608135141143,QPSK
78.70193376305846,23.74038675261169,QPSK
78.7208268504112,23.744165370082243,QPSK
78.73971993776395,23.74794398755279,QPSK
78.75861302511669,23.75172260502334,QPSK
78.77750611246944,23.75550122249389,QPSK
78.79639919982219,23.75927983996444,QPSK
78.81529228717493,23.763058457434987,QPSK
78.83418537452768,23.76683707490554,QPSK
78.85307846188041,23.770615692376083,QPSK
78.87197154923317,23.774394309846635,QPSK
78.8908646365859,23.77817292731718,QPSK
78.90975772393865,23.78195154478773,QPSK
78.9286508112914,23.785730162258282,QPSK
78.94754389864414,23.789508779728827,QPSK
78.96643698599689,23.79328739719938,QPSK
78.98533007334963,23.797066014669927,QPSK
79.00422316070238,23.800844632140475,QPSK
79.02311624805512,23.804623249611026,QPSK
79.04200933540787,23.808401867081574,QPSK
79.06090242276062,23.812180484552123,QPSK
79.07979551011336,23.815959102022674,QPSK
79.09868859746611,23.819737719493222,QPSK
79.11758168481884,23.82351633696377,QPSK
79.1364747721716,23.827294954434322,QPSK
79.15536785952435,23.83107357190487,QPSK
79.17426094687708,23.834852189375418,QPSK
79.19315403422983,23.83863080684597,QPSK
79.21204712158257,23.842409424316514,QPSK
79.23094020893532,23.846188041787066,QPSK
79.24983329628806,23.84996665925761,QPSK
79.26872638364081,23.853745276728162,QPSK
79.28761947099356,23.857523894198714,QPSK
79.3065125583463,23.86130251166926,QPSK
79.32540564569905,23.86508112913981,QPSK
79.34429873305179,23.868859746610358,QPSK
79.36319182040454,23.872638364080906,QPSK
79.38208490775727,23.876416981551458,QPSK
79.40097799511003,23.880195599022006,QPSK
79.41987108246278,23.883974216492554,QPSK
79.43876416981551,23.887752833963106,QPSK
79.45765725716826,23.891531451433654,QPSK
79.476550344521,23.8953100689042,QPSK
79.49544343187375,23.899088686374753,QPSK
79.51433651922649,23.902867303845298,QPSK
79.53322960657924,23.90664592131585,QPSK
79.55212269393199,23.9104245387864,QPSK
79.57101578128473,23.914203156256946,QPSK
79.58990886863748,23.917981773727497,QPSK
79.60880195599022,23.921760391198042,QPSK
79.62769504334297,23.925539008668594,QPSK
79.6465881306957,23.92931762613914,QPSK
79.66548121804846,23.93309624360969,QPSK
79.6843743054012,23.93687486108024,QPSK
79.70326739275394,23.94065347855079,QPSK
79.7221604801067,23.944432096021337,QPSK
79.74105356745943,23.94821071349189,QPSK
79.75994665481218,23.951989330962437,QPSK
79.77883974216493,23.955767948432985,QPSK
79.79773282951767,23.959546565903537,QPSK
79.81662591687042,23.963325183374085,QPSK
79.83551900422316,23.967103800844633,QPSK
79.85441209157591,23.970882418315185,QPSK
79.87330517892865,23.97466103578573,QPSK
79.8921982662814,23.97843965325628,QPSK
79.91109135363415,23.982218270726833,QPSK
79.92998444098689,23.985996888197377,QPSK
79.94887752833964,23.98977550566793,QPSK
79.96777061569237,23.993554123138473,QPSK
79.98666370304512,23.997332740609025,QPSK
80.00555679039786,24.001111358079573,QPSK
80.02444987775061,24.004889975550125,QPSK
80.04334296510336,24.008668593020673,QPSK
80.0622360524561,24.01244721049122,QPSK
80.08112913980885,24.016225827961772,QPSK
80.10002222716159,24.020004445432317,QPSK
80.11891531451434,24.02378306290287,QPSK
80.13780840186708,24.027561680373417,QPSK
80.15670148921983,24.031340297843965,QPSK
80.17559457657258,24.035118915314516,QPSK
80.19448766392532,24.038897532785064,QPSK
80.21338075127807,24.042676150255613,QPSK
80.2322738386308,24.04645476772616,QPSK
80.25116692598355,24.050233385196712,QPSK
80.27006001333629,24.05401200266726,QPSK
80.28895310068904,24.05779062013781,QPSK
80.3078461880418,24.06156923760836,QPSK
80.32673927539453,24.065347855078908,QPSK
80.34563236274728,24.069126472549456,QPSK
80.36452545010002,24.072905090020004,QPSK
80.38341853745277,24.076683707490556,QPSK
80.40231162480552,24.080462324961104,QPSK
80.42120471215826,24.084240942431652,QPSK
80.44009779951101,24.088019559902204,QPSK
80.45899088686375,24.09179817737275,QPSK
80.4778839742165,24.0955767948433,QPSK
80.49677706156923,24.099355412313848,QPSK
80.51567014892198,24.103134029784396,QPSK
80.53456323627474,24.106912647254948,QPSK
80.55345632362747,24.110691264725496,QPSK
80.57234941098022,24.114469882196044,QPSK
80.59124249833296,24.118248499666592,QPSK
80.61013558568571,24.122027117137144,QPSK
80.62902867303845,24.12580573460769,QPSK
80.6479217603912,24.12958435207824,QPSK
80.66681484774395,24.13336296954879,QPSK
80.68570793509669,24.13714158701934,QPSK
80.70460102244944,24.140920204489888,QPSK
80.72349410980217,24.144698821960436,QPSK
80.74238719715493,24.148477439430987,QPSK
80.76128028450766,24.152256056901532,QPSK
80.78017337186041,24.156034674372084,QPSK
80.79906645921317,24.159813291842635,QPSK
80.8179595465659,24.16359190931318,QPSK
80.83685263391865,24.16737052678373,QPSK
80.85574572127139,24.17114914425428,QPSK
80.87463880862414,24.174927761724827,QPSK
80.89353189597689,24.17870637919538,QPSK
80.91242498332963,24.182484996665927,QPSK
80.93131807068238,24.186263614136475,QPSK
80.95021115803512,24.190042231607023,QPSK
80.96910424538787,24.193820849077575,QPSK
80.9879973327406,24.197599466548123,QPSK
81.00689042009336,24.20137808401867,QPSK
81.0257835074461,24.205156701489223,QPSK
81.04467659479884,24.20893531895977,QPSK
81.0635696821516,24.21271393643032,QPSK
81.08246276950433,24.216492553900867,QPSK
81.10135585685708,24.22027117137142,QPSK
81.12024894420982,24.224049788841963,QPSK
81.13914203156257,24.227828406312515,QPSK
81.15803511891532,24.231607023783067,QPSK
81.17692820626806,24.23538564125361,QPSK
81.19582129362081,24.239164258724163,QPSK
81.21471438097355,24.24294287619471,QPSK
81.2336074683263,24.24672149366526,QPSK
81.25250055567903,24.250500111135807,QPSK
81.27139364303179,24.25427872860636,QPSK
81.29028673038454,24.258057346076907,QPSK
81.30917981773727,24.261835963547455,QPSK
81.32807290509002,24.265614581018006,QPSK
81.34696599244276,24.269393198488554,QPSK
81.36585907979551,24.273171815959103,QPSK
81.38475216714825,24.27695043342965,QPSK
81.403645254501,24.280729050900202,QPSK
81.42253834185375,24.28450766837075,QPSK
81.44143142920649,24.2882862858413,QPSK
81.46032451655924,24.29206490331185,QPSK
81.47921760391198,24.295843520782395,QPSK
81.49811069126473,24.299622138252946,QPSK
81.51700377861748,24.303400755723498,QPSK
81.53589686597022,24.307179373194042,QPSK
81.55478995332297,24.310957990664594,QPSK
81.5736830406757,24.314736608135142,QPSK
81.59257612802845,24.31851522560569,QPSK
81.61146921538119,24.32229384307624,QPSK
81.63036230273394,24.32607246054679,QPSK
81.6492553900867,24.329851078017338,QPSK
81.66814847743943,24.333629695487886,QPSK
81.68704156479218,24.337408312958438,QPSK
81.70593465214492,24.341186930428986,QPSK
81.72482773949767,24.344965547899534,QPSK
81.7437208268504,24.348744165370082,QPSK
81.76261391420316,24.352522782840634,QPSK
81.78150700155591,24.35630140031118,QPSK
81.80040008890865,24.36008001778173,QPSK
81.8192931762614,24.36385863525228,QPSK
81.83818626361413,24.367637252722826,QPSK
81.85707935096688,24.371415870193378,QPSK
81.87597243831962,24.375194487663926,QPSK
81.89486552567237,24.378973105134474,QPSK
81.91375861302512,24.382751722605025,QPSK
81.93265170037786,24.386530340075574,QPSK
81.95154478773061,24.39030895754612,QPSK
81.97043787508335,24.39408757501667,QPSK
81.9893309624361,24.39786619248722,QPSK
82.00822404978884,24.40164480995777,QPSK
82.02711713714159,24.405423427428317,QPSK
82.04601022449434,24.40920204489887,QPSK
82.06490331184708,24.412980662369417,QPSK
82.08379639919983,24.416759279839965,QPSK
82.10268948655256,24.420537897310513,QPSK
82.12158257390531,24.424316514781065,QPSK
82.14047566125807,24.428095132251613,QPSK
82.1593687486108,24.43187374972216,QPSK
82.17826183596355,24.435652367192713,QPSK
82.19715492331629,24.439430984663257,QPSK
82.21604801066904,24.44320960213381,QPSK
82.23494109802178,24.446988219604357,QPSK
82.25383418537453,24.450766837074905,QPSK
82.27272727272728,24.454545454545457,QPSK
82.29162036008002,24.458324072016005,QPSK
82.31051344743277,24.462102689486553,QPSK
82.3294065347855,24.4658813069571,QPSK
82.34829962213826,24.469659924427653,QPSK
82.367192709491,24.4734385418982,QPSK
82.38608579684374,24.47721715936875,QPSK
82.4049788841965,24.4809957768393,QPSK
82.42387197154923,24.48477439430985,QPSK
82.44276505890198,24.488553011780397,QPSK
82.46165814625472,24.492331629250945,QPSK
82.48055123360747,24.496110246721496,QPSK
82.49944432096021,24.49988886419204,QPSK
82.51833740831296,24.503667481662593,QPSK
82.53723049566571,24.507446099133144,QPSK
82.55612358301845,24.51122471660369,QPSK
82.5750166703712,24.51500333407424,QPSK
82.59390975772394,24.51878195154479,QPSK
82.61280284507669,24.522560569015337,QPSK
82.63169593242942,24.526339186485885,QPSK
82.65058901978217,24.530117803956436,QPSK
82.66948210713493,24.533896421426984,QPSK
82.68837519448766,24.537675038897532,QPSK
82.70726828184041,24.541453656368084,QPSK
82.72616136919315,24.545232273838632,QPSK
82.7450544565459,24.54901089130918,QPSK
82.76394754389865,24.552789508779732,QPSK
82.78284063125139,24.55656812625028,QPSK
82.80173371860414,24.560346743720828,QPSK
82.82062680595688,24.564125361191376,QPSK
82.83951989330963,24.567903978661928,QPSK
82.85841298066237,24.571682596132472,QPSK
82.87730606801512,24.575461213603024,QPSK
82.89619915536787,24.579239831073576,QPSK
82.9150922427206,24.58301844854412,QPSK
82.93398533007336,24.58679706601467,QPSK
82.95287841742609,24.59057568348522,QPSK
82.97177150477884,24.594354300955768,QPSK
82.99066459213158,24.598132918426316,QPSK
83.00955767948433,24.601911535896868,QPSK
83.02845076683708,24.605690153367416,QPSK
83.04734385418982,24.609468770837964,QPSK
83.06623694154257,24.613247388308515,QPSK
83.0851300288953,24.617026005779064,QPSK
83.10402311624806,24.62080462324961,QPSK
83.1229162036008,24.62458324072016,QPSK
83.14180929095355,24.62836185819071,QPSK
83.1607023783063,24.63214047566126,QPSK
83.17959546565903,24.635919093131808,QPSK
83.19848855301179,24.63969771060236,QPSK
83.21738164036452,24.643476328072904,QPSK
83.23627472771727,24.647254945543455,QPSK
83.25516781507001,24.651033563014003,QPSK
83.27406090242276,24.65481218048455,QPSK
83.29295398977551,24.658590797955103,QPSK
83.31184707712825,24.66236941542565,QPSK
83.330740164481,24.6661480328962,QPSK
83.34963325183374,24.669926650366747,QPSK
83.36852633918649,24.6737052678373,QPSK
83.38741942653924,24.677483885307847,QPSK
83.40631251389198,24.681262502778395,QPSK
83.42520560124473,24.685041120248947,QPSK
83.44409868859746,24.688819737719495,QPSK
83.46299177595021,24.692598355190043,QPSK
83.48188486330295,24.69637697266059,QPSK
83.5007779506557,24.700155590131143,QPSK
83.51967103800845,24.70393420760169,QPSK
83.53856412536119,24.70771282507224,QPSK
83.55745721271394,24.71149144254279,QPSK
83.57635030006668,24.715270060013335,QPSK
83.59524338741943,24.719048677483887,QPSK
83.61413647477217,24.722827294954435,QPSK
83.63302956212492,24.726605912424983,QPSK
83.65192264947767,24.730384529895534,QPSK
83.6708157368304,24.734163147366083,QPSK
83.68970882418316,24.73794176483663,QPSK
83.7086019115359,24.74172038230718,QPSK
83.72749499888864,24.74549899977773,QPSK
83.74638808624138,24.74927761724828,QPSK
83.76528117359413,24.753056234718827,QPSK
83.78417426094688,24.756834852189378,QPSK
83.80306734829962,24.760613469659926,QPSK
83.82196043565237,24.764392087130474,QPSK
83.84085352300511,24.768170704601022,QPSK
83.85974661035786,24.771949322071574,QPSK
83.8786396977106,24.77572793954212,QPSK
83.89753278506335,24.77950655701267,QPSK
83.9164258724161,24.783285174483222,QPSK
83.93531895976884,24.787063791953766,QPSK
83.95421204712159,24.790842409424318,QPSK
83.97310513447432,24.794621026894866,QPSK
83.99199822182707,24.798399644365414,QPSK
84.01089130917983,24.802178261835966,QPSK
84.02978439653256,24.805956879306514,QPSK
84.04867748388531,24.809735496777062,QPSK
84.06757057123805,24.81351411424761,QPSK
84.0864636585908,24.81729273171816,QPSK
84.10535674594354,24.82107134918871,QPSK
84.12424983329629,24.824849966659258,QPSK
84.14314292064904,24.82862858412981,QPSK
84.16203600800178,24.832407201600358,QPSK
84.18092909535453,24.836185819070906,QPSK
84.19982218270727,24.839964436541454,QPSK
84.21871527006002,24.843743054012005,QPSK
84.23760835741275,24.84752167148255,QPSK
84.2565014447655,24.8513002889531,QPSK
84.27539453211826,24.855078906423653,QPSK
84.29428761947099,24.858857523894198,QPSK
84.31318070682374,24.86263614136475,QPSK
84.33207379417648,24.866414758835298,QPSK
84.35096688152923,24.870193376305846,QPSK
84.36985996888197,24.873971993776394,QPSK
84.38875305623472,24.877750611246945,QPSK
84.40764614358747,24.881529228717493,QPSK
84.42653923094021,24.88530784618804,QPSK
84.44543231829296,24.889086463658593,QPSK
84.4643254056457,24.89286508112914,QPSK
84.48321849299845,24.89664369859969,QPSK
84.5021115803512,24.90042231607024,QPSK
84.52100466770393,24.90420093354079,QPSK
84.53989775505669,24.907979551011337,QPSK
84.55879084240942,24.911758168481885,QPSK
84.57768392976217,24.915536785952437,QPSK
84.59657701711491,24.91931540342298,QPSK
84.61547010446766,24.923094020893533,QPSK
84.63436319182041,24.926872638364085,QPSK
84.65325627917315,24.93065125583463,QPSK
84.6721493665259,24.93442987330518,QPSK
84.69104245387864,24.93820849077573,QPSK
84.70993554123139,24.941987108246277,QPSK
84.72882862858413,24.945765725716825,QPSK
84.74772171593688,24.949544343187377,QPSK
84.76661480328963,24.953322960657925,QPSK
84.78550789064236,24.957101578128473,QPSK
84.80440097799512,24.960880195599024,QPSK
84.82329406534785,24.964658813069573,QPSK
84.8421871527006,24.96843743054012,QPSK
84.86108024005334,24.97221604801067,QPSK
84.87997332740609,24.97599466548122,QPSK
84.89886641475884,24.97977328295177,QPSK
84.91775950211158,24.983551900422317,QPSK
84.93665258946433,24.987330517892868,QPSK
84.95554567681707,24.991109135363413,QPSK
84.97443876416982,24.994887752833964,QPSK
84.99333185152256,24.998666370304512,QPSK
85.0122249388753,25.00244498777506,QPSK
85.03111802622806,25.006223605245612,QPSK
85.0500111135808,25.01000222271616,QPSK
85.06890420093355,25.01378084018671,QPSK
85.08779728828628,25.017559457657256,QPSK
85.10669037563903,25.021338075127808,QPSK
85.12558346299178,25.025116692598356,QPSK
85.14447655034452,25.028895310068904,QPSK
85.16336963769727,25.032673927539456,QPSK
85.18226272505001,25.036452545010004,QPSK
85.20115581240276,25.040231162480552,QPSK
85.2200488997555,25.0440097799511,QPSK
85.23894198710825,25.04778839742165,QPSK
85.257835074461,25.0515670148922,QPSK
85.27672816181374,25.055345632362748,QPSK
85.29562124916649,25.0591242498333,QPSK
85.31451433651922,25.062902867303844,QPSK
85.33340742387198,25.066681484774396,QPSK
85.35230051122471,25.070460102244944,QPSK
85.37119359857746,25.074238719715492,QPSK
85.39008668593021,25.078017337186044,QPSK
85.40897977328295,25.08179595465659,QPSK
85.4278728606357,25.08557457212714,QPSK
85.44676594798844,25.089353189597688,QPSK
85.46565903534119,25.09313180706824,QPSK
85.48455212269393,25.096910424538788,QPSK
85.50344521004668,25.100689042009336,QPSK
85.52233829739943,25.104467659479887,QPSK
85.54123138475217,25.108246276950435,QPSK
85.56012447210492,25.112024894420983,QPSK
85.57901755945765,25.11580351189153,QPSK
85.5979106468104,25.119582129362083,QPSK
85.61680373416314,25.123360746832628,QPSK
85.6356968215159,25.12713936430318,QPSK
85.65458990886864,25.13091798177373,QPSK
85.67348299622138,25.134696599244275,QPSK
85.69237608357413,25.138475216714827,QPSK
85.71126917092687,25.142253834185375,QPSK
85.73016225827962,25.146032451655923,QPSK
85.74905534563237,25.149811069126475,QPSK
85.76794843298511,25.153589686597023,QPSK
85.78684152033786,25.15736830406757,QPSK
85.8057346076906,25.16114692153812,QPSK
85.82462769504335,25.16492553900867,QPSK
85.84352078239608,25.16870415647922,QPSK
85.86241386974883,25.172482773949767,QPSK
85.88130695710159,25.17626139142032,QPSK
85.90020004445432,25.180040008890867,QPSK
85.91909313180707,25.183818626361415,QPSK
85.93798621915981,25.187597243831963,QPSK
85.95687930651256,25.191375861302514,QPSK
85.9757723938653,25.19515447877306,QPSK
85.99466548121805,25.19893309624361,QPSK
86.0135585685708,25.202711713714162,QPSK
86.03245165592354,25.206490331184707,QPSK
86.05134474327629,25.21026894865526,QPSK
86.07023783062903,25.214047566125807,QPSK
86.08913091798178,25.217826183596355,QPSK
86.10802400533451,25.221604801066903,QPSK
86.12691709268726,25.225383418537454,QPSK
86.14581018004002,25.229162036008002,QPSK
86.16470326739275,25.23294065347855,QPSK
86.1835963547455,25.236719270949102,QPSK
86.20248944209824,25.24049788841965,QPSK
86.22138252945099,25.2442765058902,QPSK
86.24027561680373,25.248055123360746,QPSK
86.25916870415648,25.251833740831298,QPSK
86.27806179150923,25.255612358301846,QPSK
86.29695487886197,25.259390975772394,QPSK
86.31584796621472,25.263169593242946,QPSK
86.33474105356746,25.26694821071349,QPSK
86.3536341409202,25.270726828184042,QPSK
86.37252722827296,25.274505445654594,QPSK
86.3914203156257,25.278284063125138,QPSK
86.41031340297845,25.28206268059569,QPSK
86.42920649033118,25.285841298066238,QPSK
86.44809957768393,25.289619915536786,QPSK
86.46699266503667,25.293398533007334,QPSK
86.48588575238942,25.297177150477886,QPSK
86.50477883974217,25.300955767948434,QPSK
86.52367192709491,25.304734385418982,QPSK
86.54256501444766,25.308513002889534,QPSK
86.5614581018004,25.31229162036008,QPSK
86.58035118915315,25.31607023783063,QPSK
86.59924427650589,25.319848855301178,QPSK
86.61813736385864,25.32362747277173,QPSK
86.63703045121139,25.327406090242278,QPSK
86.65592353856412,25.331184707712826,QPSK
86.67481662591688,25.334963325183377,QPSK
86.69370971326961,25.33874194265392,QPSK
86.71260280062236,25.342520560124473,QPSK
86.7314958879751,25.34629917759502,QPSK
86.75038897532785,25.35007779506557,QPSK
86.7692820626806,25.35385641253612,QPSK
86.78817515003334,25.35763503000667,QPSK
86.80706823738609,25.361413647477217,QPSK
86.82596132473883,25.365192264947765,QPSK
86.84485441209158,25.368970882418317,QPSK
86.86374749944432,25.372749499888865,QPSK
86.88264058679707,25.376528117359413,QPSK
86.90153367414982,25.380306734829965,QPSK
86.92042676150255,25.384085352300513,QPSK
86.9393198488553,25.38786396977106,QPSK
86.95821293620804,25.39164258724161,QPSK
86.9771060235608,25.39542120471216,QPSK
86.99599911091354,25.39919982218271,QPSK
87.01489219826628,25.402978439653257,QPSK
87.03378528561903,25.40675705712381,QPSK
87.05267837297177,25.410535674594353,QPSK
87.07157146032452,25.414314292064905,QPSK
87.09046454767726,25.418092909535453,QPSK
87.10935763503001,25.421871527006,QPSK
87.12825072238276,25.425650144476553,QPSK
87.1471438097355,25.4294287619471,QPSK
87.16603689708825,25.43320737941765,QPSK
87.18492998444098,25.436985996888197,QPSK
87.20382307179374,25.44076461435875,QPSK
87.22271615914647,25.444543231829297,QPSK
87.24160924649922,25.448321849299845,QPSK
87.26050233385197,25.452100466770396,QPSK
87.27939542120471,25.455879084240944,QPSK
87.29828850855746,25.459657701711492,QPSK
87.3171815959102,25.46343631918204,QPSK
87.33607468326295,25.467214936652592,QPSK
87.35496777061569,25.470993554123137,QPSK
87.37386085796844,25.47477217159369,QPSK
87.39275394532119,25.47855078906424,QPSK
87.41164703267393,25.482329406534785,QPSK
87.43054012002668,25.486108024005336,QPSK
87.44943320737941,25.489886641475884,QPSK
87.46832629473217,25.493665258946432,QPSK
87.48721938208492,25.497443876416984,QPSK
87.50611246943765,25.501222493887532,QPSK
87.5250055567904,25.50500111135808,QPSK
87.54389864414314,25.508779728828628,QPSK
87.56279173149589,25.51255834629918,QPSK
87.58168481884863,25.516336963769728,QPSK
87.60057790620138,25.520115581240276,QPSK
87.61947099355413,25.523894198710828,QPSK
87.63836408090687,25.527672816181376,QPSK
87.65725716825962,25.531451433651924,QPSK
87.67615025561236,25.535230051122472,QPSK
87.6950433429651,25.539008668593024,QPSK
87.71393643031784,25.542787286063568,QPSK
87.7328295176706,25.54656590353412,QPSK
87.75172260502335,25.55034452100467,QPSK
87.77061569237608,25.554123138475216,QPSK
87.78950877972883,25.557901755945768,QPSK
87.80840186708157,25.561680373416316,QPSK
87.82729495443432,25.565458990886864,QPSK
87.84618804178706,25.56923760835741,QPSK
87.86508112913981,25.573016225827963,QPSK
87.88397421649256,25.57679484329851,QPSK
87.9028673038453,25.58057346076906,QPSK
87.92176039119805,25.58435207823961,QPSK
87.94065347855079,25.58813069571016,QPSK
87.95954656590354,25.591909313180707,QPSK
87.97843965325627,25.595687930651255,QPSK
87.99733274060902,25.599466548121807,QPSK
88.01622582796178,25.603245165592355,QPSK
88.03511891531451,25.607023783062903,QPSK
88.05401200266726,25.610802400533455,QPSK
88.07290509002,25.614581018004,QPSK
88.09179817737275,25.61835963547455,QPSK
88.1106912647255,25.622138252945103,QPSK
88.12958435207824,25.625916870415647,QPSK
88.14847743943099,25.6296954878862,QPSK
88.16737052678373,25.633474105356747,QPSK
88.18626361413648,25.637252722827295,QPSK
88.20515670148922,25.641031340297843,QPSK
88.22404978884197,25.644809957768395,QPSK
88.24294287619472,25.648588575238943,QPSK
88.26183596354745,25.65236719270949,QPSK
88.2807290509002,25.656145810180043,QPSK
88.29962213825294,25.65992442765059,QPSK
88.3185152256057,25.66370304512114,QPSK
88.33740831295843,25.667481662591687,QPSK
88.35630140031118,25.67126028006224,QPSK
88.37519448766393,25.675038897532787,QPSK
88.39408757501667,25.678817515003335,QPSK
88.41298066236942,25.682596132473886,QPSK
88.43187374972216,25.68637474994443,QPSK
88.45076683707491,25.690153367414982,QPSK
88.46965992442765,25.69393198488553,QPSK
88.4885530117804,25.69771060235608,QPSK
88.50744609913315,25.70148921982663,QPSK
88.52633918648588,25.70526783729718,QPSK
88.54523227383864,25.709046454767726,QPSK
88.56412536119137,25.712825072238275,QPSK
88.58301844854412,25.716603689708826,QPSK
88.60191153589686,25.720382307179374,QPSK
88.62080462324961,25.724160924649922,QPSK
88.63969771060236,25.727939542120474,QPSK
88.6585907979551,25.731718159591022,QPSK
88.67748388530785,25.73549677706157,QPSK
88.69637697266059,25.739275394532118,QPSK
88.71527006001334,25.74305401200267,QPSK
88.73416314736609,25.746832629473218,QPSK
88.75305623471883,25.750611246943766,QPSK
88.77194932207158,25.754389864414318,QPSK
88.79084240942431,25.758168481884862,QPSK
88.80973549677707,25.761947099355414,QPSK
88.8286285841298,25.765725716825962,QPSK
88.84752167148255,25.76950433429651,QPSK
88.8664147588353,25.77328295176706,QPSK
88.88530784618804,25.77706156923761,QPSK
88.90420093354079,25.780840186708158,QPSK
88.92309402089353,25.784618804178706,QPSK
88.94198710824628,25.788397421649258,QPSK
88.96088019559902,25.792176039119806,QPSK
88.97977328295177,25.795954656590354,QPSK
88.99866637030452,25.799733274060905,QPSK
89.01755945765726,25.803511891531453,QPSK
89.03645254501001,25.807290509002,QPSK
89.05534563236274,25.81106912647255,QPSK
89.0742387197155,25.8148477439431,QPSK
89.09313180706823,25.818626361413646,QPSK
89.11202489442098,25.822404978884197,QPSK
89.13091798177373,25.82618359635475,QPSK
89.14981106912647,25.829962213825294,QPSK
89.16870415647922,25.833740831295845,QPSK
89.18759724383196,25.837519448766393,QPSK
89.20649033118471,25.84129806623694,QPSK
89.22538341853745,25.84507668370749,QPSK
89.2442765058902,25.84885530117804,QPSK
89.26316959324295,25.85263391864859,QPSK
89.28206268059569,25.856412536119137,QPSK
89.30095576794844,25.86019115358969,QPSK
89.31984885530117,25.863969771060237,QPSK
89.33874194265393,25.867748388530785,QPSK
89.35763503000668,25.871527006001337,QPSK
89.37652811735941,25.875305623471885,QPSK
89.39542120471216,25.879084240942433,QPSK
89.4143142920649,25.88286285841298,QPSK
89.43320737941765,25.886641475883533,QPSK
89.45210046677039,25.890420093354077,QPSK
89.47099355412314,25.89419871082463,QPSK
89.48988664147589,25.89797732829518,QPSK
89.50877972882863,25.901755945765725,QPSK
89.52767281618138,25.905534563236277,QPSK
89.54656590353412,25.909313180706825,QPSK
89.56545899088687,25.913091798177373,QPSK
89.5843520782396,25.91687041564792,QPSK
89.60324516559236,25.920649033118472,QPSK
89.6221382529451,25.92442765058902,QPSK
89.64103134029784,25.92820626805957,QPSK
89.6599244276506,25.93198488553012,QPSK
89.67881751500333,25.93576350300067,QPSK
89.69771060235608,25.939542120471216,QPSK
89.71660368970882,25.943320737941765,QPSK
89.73549677706157,25.947099355412316,QPSK
89.75438986441432,25.950877972882864,QPSK
89.77328295176706,25.954656590353412,QPSK
89.79217603911981,25.958435207823964,QPSK
89.81106912647255,25.96221382529451,QPSK
89.8299622138253,25.96599244276506,QPSK
89.84885530117803,25.969771060235608,QPSK
89.86774838853079,25.973549677706156,QPSK
89.88664147588354,25.977328295176708,QPSK
89.90553456323627,25.981106912647256,QPSK
89.92442765058902,25.984885530117804,QPSK
89.94332073794176,25.988664147588352,QPSK
89.96221382529451,25.992442765058904,QPSK
89.98110691264726,25.996221382529452,QPSK
90.0,26.0,QPSK
