elevation_deg,slant_range_km,doppler_proxy,time_index,frequency_ghz,rain_mm_hr,humidity_pct,temperature_c,predicted_excess_loss_db,link_margin_db,link_state,adaptive_mcs,throughput_class
29.35416165880545,1091.0357338287236,6.537047024909654,0.7001400280056012,2.2,21.22464163382676,43.55920593968955,24.05885480352638,0.10823794262901411,27.836528942441646,GOOD,64-QAM,HIGH
29.35416165880545,1091.0357338287236,6.537047024909654,0.7001400280056012,8.4,21.22464163382676,43.55920593968955,24.05885480352638,0.42049114684902683,15.88714363342811,GOOD,64-QAM,HIGH
29.35416165880545,1091.0357338287236,6.537047024909654,0.7001400280056012,12.5,21.22464163382676,43.55920593968955,24.05885480352638,0.6174542190450184,12.237566022308641,GOOD,16-QAM,MEDIUM
73.22442654999902,624.2372087370222,2.164677320093197,0.7003400680136027,2.2,15.466211217911146,69.38478805378037,8.633804774791894,0.048281781826680366,32.746271562257654,GOOD,64-QAM,HIGH
73.22442654999902,624.2372087370222,2.164677320093197,0.7003400680136027,8.4,15.466211217911146,69.38478805378037,8.633804774791894,0.1837552914021705,20.973665947888648,GOOD,64-QAM,HIGH
73.22442654999902,624.2372087370222,2.164677320093197,0.7003400680136027,12.5,15.466211217911146,69.38478805378037,8.633804774791894,0.2736917568661969,17.43111494350113,GOOD,64-QAM,HIGH
89.76522149180623,600.0046037080119,0.0307323488531367,0.7005401080216043,2.2,14.031778993825789,39.85301749364076,26.665733063295303,0.037246513584622644,33.101208217054534,GOOD,64-QAM,HIGH
89.76522149180623,600.0046037080119,0.0307323488531367,0.7005401080216043,8.4,14.031778993825789,39.85301749364076,26.665733063295303,0.1424992953263962,21.35882333051923,GOOD,64-QAM,HIGH
89.76522149180623,600.0046037080119,0.0307323488531367,0.7005401080216043,12.5,14.031778993825789,39.85301749364076,26.665733063295303,0.2129543208801525,17.83575376604199,GOOD,64-QAM,HIGH
7.55221045299839,2113.311991187956,7.434941313820097,0.7007401480296059,2.2,48.61148546081788,33.358817091701184,10.273573644348936,0.812014776872247,21.390259261007884,GOOD,64-QAM,HIGH
7.55221045299839,2113.311991187956,7.434941313820097,0.7007401480296059,8.4,48.61148546081788,33.358817091701184,10.273573644348936,3.0908407452137125,7.474301187872896,DEGRADED,QPSK,LOW
7.55221045299839,2113.311991187956,7.434941313820097,0.7007401480296059,12.5,48.61148546081788,33.358817091701184,10.273573644348936,4.5961066752459105,2.5164207189172174,DEGRADED,QPSK,LOW
81.27609859222922,606.4089304614081,1.137548740989493,0.7009401880376075,2.2,7.668241370787282,37.26094300491893,21.38033606660318,0.02441341391646693,33.02182120088137,GOOD,64-QAM,HIGH
81.27609859222922,606.4089304614081,1.137548740989493,0.7009401880376075,8.4,7.668241370787282,37.26094300491893,21.38033606660318,0.09465636721297767,21.31444614279134,GOOD,64-QAM,HIGH
81.27609859222922,606.4089304614081,1.137548740989493,0.7009401880376075,12.5,7.668241370787282,37.26094300491893,21.38033606660318,0.13982998105909275,17.81665799002174,GOOD,64-QAM,HIGH
57.923595355885936,696.5087012932754,3.982872566675824,0.7011402280456092,2.2,36.66639543584312,85.79908698804809,28.49290028394468,0.10553799493549627,31.737477462292226,GOOD,64-QAM,HIGH
57.923595355885936,696.5087012932754,3.982872566675824,0.7011402280456092,8.4,36.66639543584312,85.79908698804809,28.49290028394468,0.40139591677957936,19.80448743565462,GOOD,64-QAM,HIGH
57.923595355885936,696.5087012932754,3.982872566675824,0.7011402280456092,12.5,36.66639543584312,85.79908698804809,28.49290028394468,0.601247005336216,16.152021808174496,GOOD,64-QAM,HIGH
87.7375226290098,600.4277566338378,0.2960806360385886,0.7013402680536107,2.2,0.0205144719587435,63.10505297637308,17.41079553274603,0.015962284527852023,33.11636888615508,GOOD,64-QAM,HIGH
87.7375226290098,600.4277566338378,0.2960806360385886,0.7013402680536107,8.4,0.0205144719587435,63.10505297637308,17.41079553274603,0.06014425719844401,21.435054808690964,GOOD,64-QAM,HIGH
87.7375226290098,600.4277566338378,0.2960806360385886,0.7013402680536107,12.5,0.0205144719587435,63.10505297637308,17.41079553274603,0.09084878802384742,17.951735738942077,GOOD,64-QAM,HIGH
44.525808989746345,820.5706905079642,5.34700988197491,0.7015403080616123,2.2,29.809133470118844,77.78074652877893,16.975179522500305,0.11022294553563614,30.309003426152685,GOOD,64-QAM,HIGH
44.525808989746345,820.5706905079642,5.34700988197491,0.7015403080616123,8.4,29.809133470118844,77.78074652877893,16.975179522500305,0.42019078967803014,18.36190347721677,GOOD,64-QAM,HIGH
44.525808989746345,820.5706905079642,5.34700988197491,0.7015403080616123,12.5,29.809133470118844,77.78074652877893,16.975179522500305,0.6271040829244434,14.702375645046871,GOOD,16-QAM,MEDIUM
77.02797409856677,614.313349527958,1.683564757414049,0.7017403480696139,2.2,45.79715019770262,49.95927005430308,-5.588283735718277,0.1048541463835587,32.828893177294674,GOOD,64-QAM,HIGH
77.02797409856677,614.313349527958,1.683564757414049,0.7017403480696139,8.4,45.79715019770262,49.95927005430308,-5.588283735718277,0.400317746972604,20.896297471912106,GOOD,64-QAM,HIGH
77.02797409856677,614.313349527958,1.683564757414049,0.7017403480696139,12.5,45.79715019770262,49.95927005430308,-5.588283735718277,0.5938496895712306,17.250150990389997,GOOD,64-QAM,HIGH
10.303495830853564,1910.6705516563864,7.379055950302757,0.7019403880776155,2.2,14.396704704660952,65.55951887312679,10.53908714547174,0.24435756718983934,22.83347261510994,GOOD,64-QAM,HIGH
10.303495830853564,1910.6705516563864,7.379055950302757,0.7019403880776155,8.4,14.396704704660952,65.55951887312679,10.53908714547174,0.9247568334667625,10.515941244039496,GOOD,16-QAM,MEDIUM
10.303495830853564,1910.6705516563864,7.379055950302757,0.7019403880776155,12.5,14.396704704660952,65.55951887312679,10.53908714547174,1.3781969782029961,6.609886560379778,DEGRADED,QPSK,LOW
33.498719256655136,996.971758374963,6.254236195576239,0.7021404280856172,2.2,9.27629876288596,59.697128022299495,17.28885766124688,0.05506212001381628,28.672827142557338,GOOD,64-QAM,HIGH
33.498719256655136,996.971758374963,6.254236195576239,0.7021404280856172,8.4,9.27629876288596,59.697128022299495,17.28885766124688,0.21216550817455282,16.87859164960308,GOOD,64-QAM,HIGH
33.498719256655136,996.971758374963,6.254236195576239,0.7021404280856172,12.5,9.27629876288596,59.697128022299495,17.28885766124688,0.3154530819150873,13.322689536939066,GOOD,16-QAM,MEDIUM
10.696405708852849,1884.020278607776,7.36968331416113,0.7023404680936187,2.2,32.58398974392135,86.74427756413763,13.0990412833205,0.4223720220471617,22.777462901500414,GOOD,64-QAM,HIGH
10.696405708852849,1884.020278607776,7.36968331416113,0.7023404680936187,8.4,32.58398974392135,86.74427756413763,13.0990412833205,1.617091845826865,9.945610972927184,DEGRADED,16-QAM,MEDIUM
10.696405708852849,1884.020278607776,7.36968331416113,0.7023404680936187,12.5,32.58398974392135,86.74427756413763,13.0990412833205,2.4082640089777576,5.701824270852811,DEGRADED,QPSK,LOW
87.904166345721,600.3670353219686,0.2742828074696474,0.7025405081016203,2.2,35.63007036491966,74.85447816324663,35.03910000942128,0.08797735417285998,33.045232265713146,GOOD,64-QAM,HIGH
87.904166345721,600.3670353219686,0.2742828074696474,0.7025405081016203,8.4,35.63007036491966,74.85447816324663,35.03910000942128,0.33552701106153493,21.16055050403095,GOOD,64-QAM,HIGH
87.904166345721,600.3670353219686,0.2742828074696474,0.7025405081016203,12.5,35.63007036491966,74.85447816324663,35.03910000942128,0.4996215177100918,17.5438414584589,GOOD,64-QAM,HIGH
74.44278211810612,620.7541468552035,2.011504222443207,0.7027405481096219,2.2,34.40152594759907,73.83255788979474,35.326531605974466,0.0880024756125279,32.75515131843132,GOOD,64-QAM,HIGH
74.44278211810612,620.7541468552035,2.011504222443207,0.7027405481096219,8.4,34.40152594759907,73.83255788979474,35.326531605974466,0.3364501639972673,20.86957152525305,GOOD,64-QAM,HIGH
74.44278211810612,620.7541468552035,2.011504222443207,0.7027405481096219,12.5,34.40152594759907,73.83255788979474,35.326531605974466,0.49855706174237696,17.254850088584462,GOOD,64-QAM,HIGH
77.4665308059075,613.3455682564099,1.627574084861376,0.7029405881176235,2.2,15.9658440010687,32.78119616605677,31.095869029438084,0.04161630905982847,32.90582544217961,GOOD,64-QAM,HIGH
77.4665308059075,613.3455682564099,1.627574084861376,0.7029405881176235,8.4,15.9658440010687,32.78119616605677,31.095869029438084,0.15975371927004722,21.150555927175873,GOOD,64-QAM,HIGH
77.4665308059075,613.3455682564099,1.627574084861376,0.7029405881176235,12.5,15.9658440010687,32.78119616605677,31.095869029438084,0.23687560952210107,17.62081949800033,GOOD,64-QAM,HIGH
84.727044671881,602.3291649387147,0.6892543246969671,0.7031406281256252,2.2,12.610120107966544,62.98018014022146,8.764903768655998,0.0410370620371401,33.06383147483319,GOOD,64-QAM,HIGH
84.727044671881,602.3291649387147,0.6892543246969671,0.7031406281256252,8.4,12.610120107966544,62.98018014022146,8.764903768655998,0.15700571659498347,21.310730715481824,GOOD,64-QAM,HIGH
84.727044671881,602.3291649387147,0.6892543246969671,0.7031406281256252,12.5,12.610120107966544,62.98018014022146,8.764903768655998,0.2342291319186423,17.780892761234682,GOOD,64-QAM,HIGH
12.233796320181757,1784.9030846214282,7.329683046246735,0.7033406681336267,2.2,47.79593999810221,58.019487234108894,25.86495758437672,0.4834592085284018,23.185794373422183,GOOD,64-QAM,HIGH
12.233796320181757,1784.9030846214282,7.329683046246735,0.7033406681336267,8.4,47.79593999810221,58.019487234108894,25.86495758437672,1.8474243107508748,10.184697166406181,GOOD,16-QAM,MEDIUM
12.233796320181757,1784.9030846214282,7.329683046246735,0.7033406681336267,12.5,47.79593999810221,58.019487234108894,25.86495758437672,2.739709920512985,5.839797017720599,DEGRADED,QPSK,LOW
37.775795363633335,917.7004231562933,5.928103986093974,0.7035407081416283,2.2,46.16497541349647,85.67053599637167,9.764423053480488,0.17916161648822548,29.268366127872405,GOOD,64-QAM,HIGH
37.775795363633335,917.7004231562933,5.928103986093974,0.7035407081416283,8.4,46.16497541349647,85.67053599637167,9.764423053480488,0.6811501078125365,17.129245531754563,GOOD,64-QAM,HIGH
37.775795363633335,917.7004231562933,5.928103986093974,0.7035407081416283,12.5,46.16497541349647,85.67053599637167,9.764423053480488,1.0132488225701863,13.34453227807343,GOOD,16-QAM,MEDIUM
11.03796556874018,1861.296758802868,7.361253999761248,0.70374074814963,2.2,22.865830494641017,45.440519291371935,1.6296799487879523,0.3105388451821287,22.994695116748773,GOOD,64-QAM,HIGH
11.03796556874018,1861.296758802868,7.361253999761248,0.70374074814963,8.4,22.865830494641017,45.440519291371935,1.6296799487879523,1.183649710566325,10.484452146571044,GOOD,16-QAM,MEDIUM
11.03796556874018,1861.296758802868,7.361253999761248,0.70374074814963,12.5,22.865830494641017,45.440519291371935,1.6296799487879523,1.7756091968137995,6.439878121400085,DEGRADED,QPSK,LOW
22.91741363175243,1282.0887896471868,6.908003238334123,0.7039407881576315,2.2,42.30969330771867,46.19000719746566,7.145132177544081,0.25491538767467053,26.288268939673785,GOOD,64-QAM,HIGH
22.91741363175243,1282.0887896471868,6.908003238334123,0.7039407881576315,8.4,42.30969330771867,46.19000719746566,7.145132177544081,0.977561575288442,13.928490647266486,GOOD,16-QAM,MEDIUM
22.91741363175243,1282.0887896471868,6.908003238334123,0.7039407881576315,12.5,42.30969330771867,46.19000719746566,7.145132177544081,1.4436600591838133,10.009777624447636,GOOD,16-QAM,MEDIUM
24.49609104820215,1229.2155963614596,6.824921706175669,0.7041408281656332,2.2,22.6161738817148,54.68077493289002,-6.451768335723226,0.13665904623129058,26.772326097848193,GOOD,64-QAM,HIGH
24.49609104820215,1229.2155963614596,6.824921706175669,0.7041408281656332,8.4,22.6161738817148,54.68077493289002,-6.451768335723226,0.5256874157628608,14.746165623523098,GOOD,16-QAM,MEDIUM
24.49609104820215,1229.2155963614596,6.824921706175669,0.7041408281656332,12.5,22.6161738817148,54.68077493289002,-6.451768335723226,0.7681410814745815,11.051097418887892,GOOD,16-QAM,MEDIUM
44.87411293904419,816.3193654252418,5.314940162912595,0.7043408681736347,2.2,21.21945090362552,44.602182804382565,6.588875450232361,0.07529260311352529,30.38905179391682,GOOD,64-QAM,HIGH
44.87411293904419,816.3193654252418,5.314940162912595,0.7043408681736347,8.4,21.21945090362552,44.602182804382565,6.588875450232361,0.2875717457117879,18.539640546525035,GOOD,64-QAM,HIGH
44.87411293904419,816.3193654252418,5.314940162912595,0.7043408681736347,12.5,21.21945090362552,44.602182804382565,6.588875450232361,0.43052189020394943,14.94407586310939,GOOD,16-QAM,MEDIUM
27.82778423355962,1130.8375062143182,6.63266031032916,0.7045409081816363,2.2,7.838147379964733,37.75103506852497,13.03711086305858,0.05588307061568338,27.577659229010244,GOOD,64-QAM,HIGH
27.82778423355962,1130.8375062143182,6.63266031032916,0.7045409081816363,8.4,7.838147379964733,37.75103506852497,13.03711086305858,0.21965632532580737,15.776753869506607,GOOD,64-QAM,HIGH
27.82778423355962,1130.8375062143182,6.63266031032916,0.7045409081816363,12.5,7.838147379964733,37.75103506852497,13.03711086305858,0.33246824212441245,12.211327413784517,GOOD,16-QAM,MEDIUM
13.583139079509692,1704.3597088702625,7.290226168336815,0.704740948189638,2.2,21.32030282459864,81.44489079904804,37.7740447390415,0.2483009825164417,23.822020222812625,GOOD,64-QAM,HIGH
13.583139079509692,1704.3597088702625,7.290226168336815,0.704740948189638,8.4,21.32030282459864,81.44489079904804,37.7740447390415,0.9409328595227585,11.492256241012782,GOOD,16-QAM,MEDIUM
13.583139079509692,1704.3597088702625,7.290226168336815,0.704740948189638,12.5,21.32030282459864,81.44489079904804,37.7740447390415,1.3928357340144129,7.587738827597647,DEGRADED,QPSK,LOW
19.236742572999155,1423.8978584659908,7.081239606276442,0.7049409881976395,2.2,26.87084692999035,63.49659146423495,5.670529310981246,0.20709075558610843,25.424878891048422,GOOD,64-QAM,HIGH
19.236742572999155,1423.8978584659908,7.081239606276442,0.7049409881976395,8.4,26.87084692999035,63.49659146423495,5.670529310981246,0.7943359652615692,13.200501576579441,GOOD,16-QAM,MEDIUM
19.236742572999155,1423.8978584659908,7.081239606276442,0.7049409881976395,12.5,26.87084692999035,63.49659146423495,5.670529310981246,1.1781342710673983,9.364088731850131,DEGRADED,16-QAM,MEDIUM
17.518422901927728,1500.2851447922903,7.152151593123502,0.7051410282056412,2.2,1.1252163714343233,81.681763137394,35.12267696027603,0.07121533326060103,25.106854868636958,GOOD,64-QAM,HIGH
17.518422901927728,1500.2851447922903,7.152151593123502,0.7051410282056412,8.4,1.1252163714343233,81.681763137394,35.12267696027603,0.27694311745920536,13.26399497964482,GOOD,16-QAM,MEDIUM
17.518422901927728,1500.2851447922903,7.152151593123502,0.7051410282056412,12.5,1.1252163714343233,81.681763137394,35.12267696027603,0.39651010909468826,9.691813449085856,DEGRADED,16-QAM,MEDIUM
87.71152782254535,600.4376481338513,0.2994806651181876,0.7053410682136427,2.2,22.20565025877032,79.86808592422176,1.4429137911748526,0.06219962274308379,33.069988457003696,GOOD,64-QAM,HIGH
87.71152782254535,600.4376481338513,0.2994806651181876,0.7053410682136427,8.4,22.20565025877032,79.86808592422176,1.4429137911748526,0.23755077667593402,21.25750519827733,GOOD,64-QAM,HIGH
87.71152782254535,600.4376481338513,0.2994806651181876,0.7053410682136427,12.5,22.20565025877032,79.86808592422176,1.4429137911748526,0.35352453890473906,17.68891689712504,GOOD,64-QAM,HIGH
69.53986308807026,636.607253191095,2.6216671068104467,0.7055411082216443,2.2,39.067810919760014,46.92254128738027,-0.4515551120375285,0.09378257519946573,32.53033215932266,GOOD,64-QAM,HIGH
69.53986308807026,636.607253191095,2.6216671068104467,0.7055411082216443,8.4,39.067810919760014,46.92254128738027,-0.4515551120375285,0.35844686408921783,20.628535765639384,GOOD,64-QAM,HIGH
69.53986308807026,636.607253191095,2.6216671068104467,0.7055411082216443,12.5,39.067810919760014,46.92254128738027,-0.4515551120375285,0.5349781188998504,16.999389971905273,GOOD,64-QAM,HIGH
87.25972454791277,600.6276661360916,0.3585644843235516,0.705741148229646,2.2,34.002302818713495,62.86424665945644,15.949772821608246,0.08265159659140049,33.04678813068717,GOOD,64-QAM,HIGH
87.25972454791277,600.6276661360916,0.3585644843235516,0.705741148229646,8.4,34.002302818713495,62.86424665945644,15.949772821608246,0.3160412556920847,21.17626636679296,GOOD,64-QAM,HIGH
87.25972454791277,600.6276661360916,0.3585644843235516,0.705741148229646,12.5,34.002302818713495,62.86424665945644,15.949772821608246,0.47163735523856154,17.568055728323003,GOOD,64-QAM,HIGH
42.37794135317223,848.3097375165735,5.540361672183116,0.7059411882376475,2.2,31.75784944319675,34.99306216440423,23.62556846487029,0.10770821485400325,30.02274912513343,GOOD,64-QAM,HIGH
42.37794135317223,848.3097375165735,5.540361672183116,0.7059411882376475,8.4,31.75784944319675,34.99306216440423,23.62556846487029,0.4128477299243927,18.080477505269513,GOOD,64-QAM,HIGH
42.37794135317223,848.3097375165735,5.540361672183116,0.7059411882376475,12.5,31.75784944319675,34.99306216440423,23.62556846487029,0.6070666522181275,14.4336440440523,GOOD,16-QAM,MEDIUM
28.66132094132581,1108.724866841298,6.581026137095554,0.7061412282456492,2.2,45.477771421860126,84.9151130418455,-7.783387459885929,0.21450071346922783,27.59056990737627,GOOD,64-QAM,HIGH
28.66132094132581,1108.724866841298,6.581026137095554,0.7061412282456492,8.4,45.477771421860126,84.9151130418455,-7.783387459885929,0.8225355307004282,15.34540298535154,GOOD,64-QAM,HIGH
28.66132094132581,1108.724866841298,6.581026137095554,0.7061412282456492,12.5,45.477771421860126,84.9151130418455,-7.783387459885929,1.2290548218767843,11.486269155251705,GOOD,16-QAM,MEDIUM
72.85492176278086,625.3517823228176,2.2109416302049105,0.7063412682536507,2.2,0.9016004912615004,54.25576290390919,1.0532932523608345,0.014187714049491863,32.764870830070485,GOOD,64-QAM,HIGH
72.85492176278086,625.3517823228176,2.2109416302049105,0.7063412682536507,8.4,0.9016004912615004,54.25576290390919,1.0532932523608345,0.05404942975741565,21.08787700956904,GOOD,64-QAM,HIGH
72.85492176278086,625.3517823228176,2.2109416302049105,0.7063412682536507,12.5,0.9016004912615004,54.25576290390919,1.0532932523608345,0.08152468767273678,17.60778721273023,GOOD,64-QAM,HIGH
32.73158303349747,1012.9791212379336,6.309096439226482,0.7065413082616523,2.2,27.852379309611702,53.62057103334128,12.784183325065822,0.12484908259783839,28.4646874189173,GOOD,64-QAM,HIGH
32.73158303349747,1012.9791212379336,6.309096439226482,0.7065413082616523,8.4,27.852379309611702,53.62057103334128,12.784183325065822,0.48275505439988964,16.46964934232173,GOOD,64-QAM,HIGH
32.73158303349747,1012.9791212379336,6.309096439226482,0.7065413082616523,12.5,27.852379309611702,53.62057103334128,12.784183325065822,0.7173532359731343,12.782436621825,GOOD,16-QAM,MEDIUM
30.447586764954604,1064.3316910928745,6.465698156928879,0.706741348269654,2.2,39.36744242048536,48.16532223707719,6.550216799159074,0.17790963628545237,27.982096873001666,GOOD,64-QAM,HIGH
30.447586764954604,1064.3316910928745,6.465698156928879,0.706741348269654,8.4,39.36744242048536,48.16532223707719,6.550216799159074,0.6856939789418461,15.83718042555175,GOOD,64-QAM,HIGH
30.447586764954604,1064.3316910928745,6.465698156928879,0.706741348269654,12.5,39.36744242048536,48.16532223707719,6.550216799159074,1.0190773459699032,12.051182519600204,GOOD,16-QAM,MEDIUM
24.76300933766565,1220.6979599606316,6.810360684787905,0.7069413882776555,2.2,27.06676913506336,57.63982468264223,25.631053967416094,0.16382443082776807,26.805557577179393,GOOD,64-QAM,HIGH
24.76300933766565,1220.6979599606316,6.810360684787905,0.7069413882776555,8.4,27.06676913506336,57.63982468264223,25.631053967416094,0.6292157330489333,14.703034170164699,GOOD,16-QAM,MEDIUM
24.76300933766565,1220.6979599606316,6.810360684787905,0.7069413882776555,12.5,27.06676913506336,57.63982468264223,25.631053967416094,0.9380965608143069,10.94153880347585,GOOD,16-QAM,MEDIUM
16.022713149060003,1572.78814574544,7.208642643459646,0.7071414282856572,2.2,16.194777629018958,45.10556319272688,15.55802980206584,0.16971842928761208,24.59842341064062,GOOD,64-QAM,HIGH
16.022713149060003,1572.78814574544,7.208642643459646,0.7071414282856572,8.4,16.194777629018958,45.10556319272688,15.55802980206584,0.6595003738913396,12.471509361243378,GOOD,16-QAM,MEDIUM
16.022713149060003,1572.78814574544,7.208642643459646,0.7071414282856572,12.5,16.194777629018958,45.10556319272688,15.55802980206584,0.9657443097166578,8.712650886494572,DEGRADED,16-QAM,MEDIUM
26.79936018642511,1159.4361188623309,6.69443139959931,0.7073414682936587,2.2,6.812528254598893,52.491136367808274,-1.982044719804989,0.0587272244584363,27.35788265054191,GOOD,64-QAM,HIGH
26.79936018642511,1159.4361188623309,6.69443139959931,0.7073414682936587,8.4,6.812528254598893,52.491136367808274,-1.982044719804989,0.2215293056025466,15.55794846460428,GOOD,64-QAM,HIGH
26.79936018642511,1159.4361188623309,6.69443139959931,0.7073414682936587,12.5,6.812528254598893,52.491136367808274,-1.982044719804989,0.3245359568256199,12.002327274457727,GOOD,16-QAM,MEDIUM
35.20217862028045,963.4649055273062,6.1284223456955775,0.7075415083016603,2.2,44.37815359080957,77.9968229150929,34.72326896575453,0.1789822568276122,28.845846127042435,GOOD,64-QAM,HIGH
35.20217862028045,963.4649055273062,6.1284223456955775,0.7075415083016603,8.4,44.37815359080957,77.9968229150929,34.72326896575453,0.6831833001195652,16.704512978956956,GOOD,64-QAM,HIGH
35.20217862028045,963.4649055273062,6.1284223456955775,0.7075415083016603,12.5,44.37815359080957,77.9968229150929,34.72326896575453,1.0201655332057484,12.914916206947282,GOOD,16-QAM,MEDIUM
62.28950769238708,669.8651006228238,3.4875313193640904,0.707741548309662,2.2,23.538119619380147,80.0553302151103,4.645283774167977,0.07407270343734944,32.107726639649414,GOOD,64-QAM,HIGH
62.28950769238708,669.8651006228238,3.4875313193640904,0.707741548309662,8.4,23.538119619380147,80.0553302151103,4.645283774167977,0.2837846240910602,20.26088261420219,GOOD,64-QAM,HIGH
62.28950769238708,669.8651006228238,3.4875313193640904,0.707741548309662,12.5,23.538119619380147,80.0553302151103,4.645283774167977,0.41913894464545937,16.672913754724306,GOOD,64-QAM,HIGH
10.318011588653384,1909.6761630149444,7.378715855865297,0.7079415883176635,2.2,43.90575984928507,48.25094865771096,26.55655544822117,0.5562034409684009,22.52614839909546,GOOD,64-QAM,HIGH
10.318011588653384,1909.6761630149444,7.378715855865297,0.7079415883176635,8.4,43.90575984928507,48.25094865771096,26.55655544822117,2.114978467977933,9.330241267292408,DEGRADED,16-QAM,MEDIUM
10.318011588653384,1909.6761630149444,7.378715855865297,0.7079415883176635,12.5,43.90575984928507,48.25094865771096,26.55655544822117,3.1445142092662883,4.8480909870805675,DEGRADED,QPSK,LOW
22.89308987155415,1282.9381081369038,6.90924246722136,0.7081416283256652,2.2,29.292606121658416,58.14086583316728,28.99578895527049,0.18038837670926605,26.357043896385726,GOOD,64-QAM,HIGH
22.89308987155415,1282.9381081369038,6.90924246722136,0.7081416283256652,8.4,29.292606121658416,58.14086583316728,28.99578895527049,0.6827250936740521,14.217575074627419,GOOD,16-QAM,MEDIUM
22.89308987155415,1282.9381081369038,6.90924246722136,0.7081416283256652,12.5,29.292606121658416,58.14086583316728,28.99578895527049,1.020245767660841,10.427439861717147,GOOD,16-QAM,MEDIUM
73.76700942479249,622.6498994949279,2.0965799344206664,0.7083416683336667,2.2,33.70960583075004,82.42918657680313,38.15788501280511,0.08778967626677985,32.72887826063838,GOOD,64-QAM,HIGH
73.76700942479249,622.6498994949279,2.0965799344206664,0.7083416683336667,8.4,33.70960583075004,82.42918657680313,38.15788501280511,0.3356774238120161,20.843858408299624,GOOD,64-QAM,HIGH
73.76700942479249,622.6498994949279,2.0965799344206664,0.7083416683336667,12.5,33.70960583075004,82.42918657680313,38.15788501280511,0.49728954975135553,17.229631743436798,GOOD,64-QAM,HIGH
17.488363504620516,1501.685344770108,7.153335022277326,0.7085417083416683,2.2,40.2130577189225,33.16039990978183,14.925373326205069,0.30586019289898125,24.864107342165028,GOOD,64-QAM,HIGH
17.488363504620516,1501.685344770108,7.153335022277326,0.7085417083416683,8.4,40.2130577189225,33.16039990978183,14.925373326205069,1.1651822657707587,12.367653164499743,GOOD,16-QAM,MEDIUM
17.488363504620516,1501.685344770108,7.153335022277326,0.7085417083416683,12.5,40.2130577189225,33.16039990978183,14.925373326205069,1.7293278102062515,8.350893081140754,DEGRADED,16-QAM,MEDIUM
34.12483745441433,984.3379005037318,6.208629168187531,0.70874174834967,2.2,32.95777723000672,83.34869771974712,20.79177577322161,0.14245334834375872,28.69620888907182,GOOD,64-QAM,HIGH
34.12483745441433,984.3379005037318,6.208629168187531,0.70874174834967,8.4,32.95777723000672,83.34869771974712,20.79177577322161,0.5438287713972948,16.657701361224753,GOOD,64-QAM,HIGH
34.12483745441433,984.3379005037318,6.208629168187531,0.70874174834967,12.5,32.95777723000672,83.34869771974712,20.79177577322161,0.8040160746479532,12.944899519050622,GOOD,16-QAM,MEDIUM
78.4960083579419,611.2129080937866,1.4957715197868184,0.7089417883576715,2.2,19.90274203394689,43.1510607391399,6.743814673976686,0.05128971110080785,32.92640632344835,GOOD,64-QAM,HIGH
78.4960083579419,611.2129080937866,1.4957715197868184,0.7089417883576715,8.4,19.90274203394689,43.1510607391399,6.743814673976686,0.19606528298659717,21.144498646769037,GOOD,64-QAM,HIGH
78.4960083579419,611.2129080937866,1.4957715197868184,0.7089417883576715,12.5,19.90274203394689,43.1510607391399,6.743814673976686,0.29150725164503466,17.59644213918712,GOOD,64-QAM,HIGH
18.168651447192627,1470.5456239175005,7.126070991267341,0.7091418283656732,2.2,25.681669196432548,70.71235465286256,23.908964670603325,0.2059063377927106,25.146069983580205,GOOD,64-QAM,HIGH
18.168651447192627,1470.5456239175005,7.126070991267341,0.7091418283656732,8.4,25.681669196432548,70.71235465286256,23.908964670603325,0.7862123129059434,12.928631903673448,GOOD,16-QAM,MEDIUM
18.168651447192627,1470.5456239175005,7.126070991267341,0.7091418283656732,12.5,25.681669196432548,70.71235465286256,23.908964670603325,1.1645738109242816,9.097655866731628,DEGRADED,16-QAM,MEDIUM
12.032631027546142,1797.4166730097018,7.335217743579507,0.7093418683736747,2.2,40.15227623379399,64.95310178307602,13.169174293315988,0.45498070152039305,23.153590363422765,GOOD,64-QAM,HIGH
12.032631027546142,1797.4166730097018,7.335217743579507,0.7093418683736747,8.4,40.15227623379399,64.95310178307602,13.169174293315988,1.7482040574211033,10.223234902728535,GOOD,16-QAM,MEDIUM
12.032631027546142,1797.4166730097018,7.335217743579507,0.7093418683736747,12.5,40.15227623379399,64.95310178307602,13.169174293315988,2.605312048362703,5.913512372863451,DEGRADED,QPSK,LOW
46.18572958180092,800.8913487326772,5.192421886326949,0.7095419083816763,2.2,18.68251481864921,63.176444891355125,11.882618236221113,0.07239255085127531,30.55768178433931,GOOD,64-QAM,HIGH
46.18572958180092,800.8913487326772,5.192421886326949,0.7095419083816763,8.4,18.68251481864921,63.176444891355125,11.882618236221113,0.27441764087887077,18.718524589518196,GOOD,64-QAM,HIGH
46.18572958180092,800.8913487326772,5.192421886326949,0.7095419083816763,12.5,18.68251481864921,63.176444891355125,11.882618236221113,0.40746475166852536,15.132862939805051,GOOD,64-QAM,HIGH
30.7056584586756,1058.2370262573909,6.448513851234697,0.709741948389678,2.2,19.40607283842485,81.56161348516929,32.77337645580527,0.11054054897932453,28.099346778012567,GOOD,64-QAM,HIGH
30.7056584586756,1058.2370262573909,6.448513851234697,0.709741948389678,8.4,19.40607283842485,81.56161348516929,32.77337645580527,0.41861949922934555,16.154135722969016,GOOD,64-QAM,HIGH
30.7056584586756,1058.2370262573909,6.448513851234697,0.709741948389678,12.5,19.40607283842485,81.56161348516929,32.77337645580527,0.6188020947401418,12.501338588534736,GOOD,16-QAM,MEDIUM
52.8897109811276,734.6836933927207,4.525134044638921,0.7099419883976795,2.2,4.784505802900058,36.09432861867968,-7.491557825065566,0.023223523342869926,31.356314848085297,GOOD,64-QAM,HIGH
52.8897109811276,734.6836933927207,4.525134044638921,0.7099419883976795,8.4,4.784505802900058,36.09432861867968,-7.491557825065566,0.08805947507798892,19.654346791556662,GOOD,64-QAM,HIGH
52.8897109811276,734.6836933927207,4.525134044638921,0.7099419883976795,12.5,4.784505802900058,36.09432861867968,-7.491557825065566,0.13101305884473058,16.158778668866432,GOOD,64-QAM,HIGH
73.32341569109539,623.943255622351,2.1522678907342883,0.7101420284056812,2.2,45.72922176108739,50.82168151953816,34.09812139159342,0.10670603412540061,32.69193845612396,GOOD,64-QAM,HIGH
73.32341569109539,623.943255622351,2.1522678907342883,0.7101420284056812,8.4,45.72922176108739,50.82168151953816,34.09812139159342,0.4065139048624409,20.7549984805934,GOOD,64-QAM,HIGH
73.32341569109539,623.943255622351,2.1522678907342883,0.7101420284056812,12.5,45.72922176108739,50.82168151953816,34.09812139159342,0.6053114950281075,17.103586351504248,GOOD,64-QAM,HIGH
16.657621492983168,1541.2949073867117,7.185260830861623,0.7103420684136827,2.2,4.551815747272086,62.29516478068594,32.60349189142785,0.07517898128560864,24.86865253319698,GOOD,64-QAM,HIGH
16.657621492983168,1541.2949073867117,7.185260830861623,0.7103420684136827,8.4,4.551815747272086,62.29516478068594,32.60349189142785,0.286019114983758,13.0206802947053,GOOD,16-QAM,MEDIUM
16.657621492983168,1541.2949073867117,7.185260830861623,0.7103420684136827,12.5,4.551815747272086,62.29516478068594,32.60349189142785,0.4225798418835713,9.431505028882,DEGRADED,16-QAM,MEDIUM
54.35942218711423,722.6278061766889,4.370240065845848,0.7105421084216843,2.2,32.4104588724278,78.67733123676238,15.318312678089455,0.09897368154930475,31.42427932440895,GOOD,64-QAM,HIGH
54.35942218711423,722.6278061766889,4.370240065845848,0.7105421084216843,8.4,32.4104588724278,78.67733123676238,15.318312678089455,0.37748413724909435,19.508636763915632,GOOD,64-QAM,HIGH
54.35942218711423,722.6278061766889,4.370240065845848,0.7105421084216843,12.5,32.4104588724278,78.67733123676238,15.318312678089455,0.5594327893739429,15.874073572867303,GOOD,64-QAM,HIGH
47.96824463313843,781.3195407094154,5.021567857234667,0.710742148429686,2.2,20.659723940139884,42.98658500470029,14.510142710281414,0.06993720506150596,30.77503545651254,GOOD,64-QAM,HIGH
47.96824463313843,781.3195407094154,5.021567857234667,0.710742148429686,8.4,20.659723940139884,42.98658500470029,14.510142710281414,0.2680906957138381,18.939749861066687,GOOD,64-QAM,HIGH
47.96824463313843,781.3195407094154,5.021567857234667,0.710742148429686,12.5,20.659723940139884,42.98658500470029,14.510142710281414,0.401408262043592,15.353817755813452,GOOD,64-QAM,HIGH
17.246696811121964,1513.0253402994845,7.162777792073504,0.7109421884376875,2.2,20.28096951277212,78.17579048245658,8.090368401774509,0.18126120007848537,24.923361149648457,GOOD,64-QAM,HIGH
17.246696811121964,1513.0253402994845,7.162777792073504,0.7109421884376875,8.4,20.28096951277212,78.17579048245658,8.090368401774509,0.6894272034908755,12.77806304144255,GOOD,16-QAM,MEDIUM
17.246696811121964,1513.0253402994845,7.162777792073504,0.7109421884376875,12.5,20.28096951277212,78.17579048245658,8.090368401774509,1.0319472694244554,8.982928436585496,DEGRADED,16-QAM,MEDIUM
58.03987126996351,695.7261652547904,3.969967440569487,0.7111422284456892,2.2,33.9775918286342,53.978308949636144,39.70868958408672,0.09364470893338013,31.759134937580498,GOOD,64-QAM,HIGH
58.03987126996351,695.7261652547904,3.969967440569487,0.7111422284456892,8.4,33.9775918286342,53.978308949636144,39.70868958408672,0.35644494223564277,19.859202599484718,GOOD,64-QAM,HIGH
58.03987126996351,695.7261652547904,3.969967440569487,0.7111422284456892,12.5,33.9775918286342,53.978308949636144,39.70868958408672,0.5298348457179489,16.23319815707893,GOOD,64-QAM,HIGH
28.25943551816559,1119.2705589096222,6.606095846788199,0.7113422684536908,2.2,3.3546866314939363,41.334831386021726,-4.441533362307939,0.0316925644044637,27.691152213007115,GOOD,64-QAM,HIGH
28.25943551816559,1119.2705589096222,6.606095846788199,0.7113422684536908,8.4,3.3546866314939363,41.334831386021726,-4.441533362307939,0.12249630956773433,15.963216363050321,GOOD,64-QAM,HIGH
28.25943551816559,1119.2705589096222,6.606095846788199,0.7113422684536908,12.5,3.3546866314939363,41.334831386021726,-4.441533362307939,0.18271645351705512,12.450381680177514,GOOD,16-QAM,MEDIUM
46.46591707624106,797.7110863172193,5.165894621433097,0.7115423084616923,2.2,29.68528914757173,75.53918642660895,19.51076178143035,0.10630042077408972,30.558333407379962,GOOD,64-QAM,HIGH
46.46591707624106,797.7110863172193,5.165894621433097,0.7115423084616923,8.4,29.68528914757173,75.53918642660895,19.51076178143035,0.4051515514133069,18.622350171947218,GOOD,64-QAM,HIGH
46.46591707624106,797.7110863172193,5.165894621433097,0.7115423084616923,12.5,29.68528914757173,75.53918642660895,19.51076178143035,0.6075937927282636,14.967293391708779,GOOD,16-QAM,MEDIUM
11.99314756355026,1799.8885586943886,7.336293446046485,0.711742348469694,2.2,38.60158929861774,35.45393408847287,24.08407950562085,0.4360543266166394,23.160579730899343,GOOD,64-QAM,HIGH
11.99314756355026,1799.8885586943886,7.336293446046485,0.711742348469694,8.4,38.60158929861774,35.45393408847287,24.08407950562085,1.6677368974102054,10.291765055312254,GOOD,16-QAM,MEDIUM
11.99314756355026,1799.8885586943886,7.336293446046485,0.711742348469694,12.5,38.60158929861774,35.45393408847287,24.08407950562085,2.478850998912361,6.028036414886614,DEGRADED,QPSK,LOW
44.06464486315796,826.3026694669434,5.389166875754538,0.7119423884776955,2.2,41.41063789432971,60.88604244452658,36.716500410847225,0.138852563790268,30.21991070381401,GOOD,64-QAM,HIGH
44.06464486315796,826.3026694669434,5.389166875754538,0.7119423884776955,8.4,41.41063789432971,60.88604244452658,36.716500410847225,0.5341874903645756,18.18744367244618,GOOD,64-QAM,HIGH
44.06464486315796,826.3026694669434,5.389166875754538,0.7119423884776955,12.5,41.41063789432971,60.88604244452658,36.716500410847225,0.7888472048930381,14.480169418994237,GOOD,16-QAM,MEDIUM
31.049394783639727,1050.238687650959,6.425422253048038,0.7121424284856971,2.2,8.526519469688765,33.832547031713304,29.01017484283808,0.05438124417885723,28.221404892276652,GOOD,64-QAM,HIGH
31.049394783639727,1050.238687650959,6.425422253048038,0.7121424284856971,8.4,8.526519469688765,33.832547031713304,29.01017484283808,0.21359353697827368,16.425060494683706,GOOD,64-QAM,HIGH
31.049394783639727,1050.238687650959,6.425422253048038,0.7121424284856971,12.5,8.526519469688765,33.832547031713304,29.01017484283808,0.3179608911205572,12.868078601617938,GOOD,16-QAM,MEDIUM
74.90240295075512,619.5156661413066,1.9534801280125973,0.7123424684936988,2.2,44.87095250390868,51.38507130946725,22.192360140577343,0.10571064113966942,32.754789879015675,GOOD,64-QAM,HIGH
74.90240295075512,619.5156661413066,1.9534801280125973,0.7123424684936988,8.4,44.87095250390868,51.38507130946725,22.192360140577343,0.403354324664548,20.82001409069727,GOOD,64-QAM,HIGH
74.90240295075512,619.5156661413066,1.9534801280125973,0.7123424684936988,12.5,44.87095250390868,51.38507130946725,22.192360140577343,0.6011907619549455,17.169563114483395,GOOD,64-QAM,HIGH
9.843191794776304,1942.598354416985,7.389594809562304,0.7125425085017003,2.2,32.80730459237211,66.06460794038355,-4.159384159393866,0.46423558276820737,22.469650470641696,GOOD,64-QAM,HIGH
9.843191794776304,1942.598354416985,7.389594809562304,0.7125425085017003,8.4,32.80730459237211,66.06460794038355,-4.159384159393866,1.7549563403978516,9.54179760821853,DEGRADED,16-QAM,MEDIUM
9.843191794776304,1942.598354416985,7.389594809562304,0.7125425085017003,12.5,32.80730459237211,66.06460794038355,-4.159384159393866,2.6234515051392693,5.220687904553628,DEGRADED,QPSK,LOW
40.581618368058045,873.6696963901259,5.69610037230775,0.712742548509702,2.2,44.09274004103414,63.36693248923279,8.686675841573368,0.15737603356500995,29.717224904355625,GOOD,64-QAM,HIGH
40.581618368058045,873.6696963901259,5.69610037230775,0.712742548509702,8.4,44.09274004103414,63.36693248923279,8.686675841573368,0.6089212379344089,17.6285475951927,GOOD,64-QAM,HIGH
40.581618368058045,873.6696963901259,5.69610037230775,0.712742548509702,12.5,44.09274004103414,63.36693248923279,8.686675841573368,0.8931172746552049,13.891737019548415,GOOD,16-QAM,MEDIUM
43.96667105117223,827.535776438217,5.398078209844539,0.7129425885177035,2.2,24.26403585550992,54.27932507428,-3.057917872600737,0.0876167526712856,30.258194061111773,GOOD,64-QAM,HIGH
43.96667105117223,827.535776438217,5.398078209844539,0.7129425885177035,8.4,24.26403585550992,54.27932507428,-3.057917872600737,0.3318234888781989,18.376855220111338,GOOD,64-QAM,HIGH
43.96667105117223,827.535776438217,5.398078209844539,0.7129425885177035,12.5,24.26403585550992,54.27932507428,-3.057917872600737,0.4951561363289722,14.760908033737081,GOOD,16-QAM,MEDIUM
66.6255164854251,648.4699007209583,2.975543492136978,0.7131426285257051,2.2,27.1016672548601,55.74287963832694,34.060636623275684,0.07039715762710981,32.39335277108624,GOOD,64-QAM,HIGH
66.6255164854251,648.4699007209583,2.975543492136978,0.7131426285257051,8.4,27.1016672548601,55.74287963832694,34.060636623275684,0.26865188480482677,20.557965939115007,GOOD,64-QAM,HIGH
66.6255164854251,648.4699007209583,2.975543492136978,0.7131426285257051,12.5,27.1016672548601,55.74287963832694,34.060636623275684,0.39958330413304055,16.974419980863303,GOOD,64-QAM,HIGH
53.81444388266794,727.0058299999655,4.428016646697712,0.7133426685337068,2.2,45.95191385143356,43.60617320104599,27.481057778182148,0.12794884629686679,31.342839665974743,GOOD,64-QAM,HIGH
53.81444388266794,727.0058299999655,4.428016646697712,0.7133426685337068,8.4,45.95191385143356,43.60617320104599,27.481057778182148,0.4882882927266447,19.345368114751437,GOOD,64-QAM,HIGH
53.81444388266794,727.0058299999655,4.428016646697712,0.7133426685337068,12.5,45.95191385143356,43.60617320104599,27.481057778182148,0.7256950960107673,15.655346772543837,GOOD,64-QAM,HIGH
61.71304866150539,673.0739867429447,3.5541575624041366,0.7135427085417083,2.2,44.99547716773359,57.35295530544617,27.876839339861466,0.11651719182879555,32.023773070157056,GOOD,64-QAM,HIGH
61.71304866150539,673.0739867429447,3.5541575624041366,0.7135427085417083,8.4,44.99547716773359,57.35295530544617,27.876839339861466,0.4447523154050962,20.058405841787234,GOOD,64-QAM,HIGH
61.71304866150539,673.0739867429447,3.5541575624041366,0.7135427085417083,12.5,44.99547716773359,57.35295530544617,27.876839339861466,0.6625391319668095,16.388004486302037,GOOD,64-QAM,HIGH
71.04918928039928,631.197857162073,2.435672195941324,0.71374274854971,2.2,22.4080436684501,87.19529134325006,22.612825888677207,0.0672806463907682,32.63095542059878,GOOD,64-QAM,HIGH
71.04918928039928,631.197857162073,2.435672195941324,0.71374274854971,8.4,22.4080436684501,87.19529134325006,22.612825888677207,0.25658595050299676,20.804518011693034,GOOD,64-QAM,HIGH
71.04918928039928,631.197857162073,2.435672195941324,0.71374274854971,12.5,22.4080436684501,87.19529134325006,22.612825888677207,0.38213064446447326,17.226358778808077,GOOD,64-QAM,HIGH
78.28725276094605,611.6296941733663,1.522538618190246,0.7139427885577115,2.2,13.720631581784088,81.02717506702743,15.352176846835484,0.04610211369667359,32.92567303124103,GOOD,64-QAM,HIGH
78.28725276094605,611.6296941733663,1.522538618190246,0.7139427885577115,8.4,13.720631581784088,81.02717506702743,15.352176846835484,0.17728805291162902,21.15735498723255,GOOD,64-QAM,HIGH
78.28725276094605,611.6296941733663,1.522538618190246,0.7139427885577115,12.5,13.720631581784088,81.02717506702743,15.352176846835484,0.2626051721041533,17.619423329116543,GOOD,64-QAM,HIGH
31.67941722140999,1035.9245997749697,6.38249867635977,0.7141428285657131,2.2,19.65852172821321,38.71397214458063,-2.50144702682514,0.09189360065313276,28.303089857987736,GOOD,64-QAM,HIGH
31.67941722140999,1035.9245997749697,6.38249867635977,0.7141428285657131,8.4,19.65852172821321,38.71397214458063,-2.50144702682514,0.3517697187641019,16.40608163508324,GOOD,64-QAM,HIGH
31.67941722140999,1035.9245997749697,6.38249867635977,0.7141428285657131,12.5,19.65852172821321,38.71397214458063,-2.50144702682514,0.5224425916791721,12.782794223244693,GOOD,16-QAM,MEDIUM
50.73192995593176,753.8812002798759,4.74712144808335,0.7143428685737148,2.2,19.388216426487485,31.78684723925525,6.484744335252589,0.05883290823978373,31.096655208527814,GOOD,64-QAM,HIGH
50.73192995593176,753.8812002798759,4.74712144808335,0.7143428685737148,8.4,19.388216426487485,31.78684723925525,6.484744335252589,0.2294418828555148,19.288914129118567,GOOD,64-QAM,HIGH
50.73192995593176,753.8812002798759,4.74712144808335,0.7143428685737148,12.5,19.388216426487485,31.78684723925525,6.484744335252589,0.33949683360588656,15.726244639444701,GOOD,64-QAM,HIGH
76.409186667332,615.7397578688733,1.7623970114561347,0.7145429085817163,2.2,14.343343749139695,86.01145876299783,-3.154210376155472,0.04845654104166392,32.865145910993,GOOD,64-QAM,HIGH
76.409186667332,615.7397578688733,1.7623970114561347,0.7145429085817163,8.4,14.343343749139695,86.01145876299783,-3.154210376155472,0.18462829840071815,21.09184204884042,GOOD,64-QAM,HIGH
76.409186667332,615.7397578688733,1.7623970114561347,0.7145429085817163,12.5,14.343343749139695,86.01145876299783,-3.154210376155472,0.27476873413010594,17.549087074187554,GOOD,64-QAM,HIGH
89.1033461320298,600.0671546074473,0.1173669260154761,0.714742948589718,2.2,13.428980216648329,61.60498499284486,26.24565714261716,0.0418950852984966,33.09565418246982,GOOD,64-QAM,HIGH
89.1033461320298,600.0671546074473,0.1173669260154761,0.714742948589718,8.4,13.428980216648329,61.60498499284486,26.24565714261716,0.16054256364892389,21.33987459932588,GOOD,64-QAM,HIGH
89.1033461320298,600.0671546074473,0.1173669260154761,0.714742948589718,12.5,13.428980216648329,61.60498499284486,26.24565714261716,0.239109651460171,17.808692972591146,GOOD,64-QAM,HIGH
80.60914143871986,607.4360864559349,1.2237641576023224,0.7149429885977195,2.2,43.05314682398597,62.27026938895846,-1.988561198899749,0.10184183492879367,32.92969277185372,GOOD,64-QAM,HIGH
80.60914143871986,607.4360864559349,1.2237641576023224,0.7149429885977195,8.4,43.05314682398597,62.27026938895846,-1.988561198899749,0.3910649156489106,21.00333758634008,GOOD,64-QAM,HIGH
80.60914143871986,607.4360864559349,1.2237641576023224,0.7149429885977195,12.5,43.05314682398597,62.27026938895846,-1.988561198899749,0.5789551496102411,17.36283281345527,GOOD,64-QAM,HIGH
36.57471732307202,938.37104833267,6.023103680711444,0.7151430286057211,2.2,3.4930960342330843,76.84307974239134,25.10567750858428,0.040561876743443435,29.21349250725735,GOOD,64-QAM,HIGH
36.57471732307202,938.37104833267,6.023103680711444,0.7151430286057211,8.4,3.4930960342330843,76.84307974239134,25.10567750858428,0.15358455087513662,17.463337728332135,GOOD,64-QAM,HIGH
36.57471732307202,938.37104833267,6.023103680711444,0.7151430286057211,12.5,3.4930960342330843,76.84307974239134,25.10567750858428,0.23113087320738535,13.933176867076398,GOOD,16-QAM,MEDIUM
21.58915396358529,1330.0990134860544,6.973846161417647,0.7153430686137228,2.2,33.88055910497971,48.88133843227959,24.61276947979524,0.21167822911750592,26.01218872742634,GOOD,64-QAM,HIGH
21.58915396358529,1330.0990134860544,6.973846161417647,0.7153430686137228,8.4,33.88055910497971,48.88133843227959,24.61276947979524,0.8068787566497738,13.779856095100541,GOOD,16-QAM,MEDIUM
21.58915396358529,1330.0990134860544,6.973846161417647,0.7153430686137228,12.5,33.88055910497971,48.88133843227959,24.61276947979524,1.195206669197952,9.93891364362888,DEGRADED,16-QAM,MEDIUM
46.59836567956004,796.2215004591562,5.153311766542201,0.7155431086217243,2.2,8.641002572822615,58.91445413016013,12.965223949564448,0.04241608800975723,30.63845228135827,GOOD,64-QAM,HIGH
46.59836567956004,796.2215004591562,5.153311766542201,0.7155431086217243,8.4,8.641002572822615,58.91445413016013,12.965223949564448,0.1627968822021653,18.880939382372347,GOOD,64-QAM,HIGH
46.59836567956004,796.2215004591562,5.153311766542201,0.7155431086217243,12.5,8.641002572822615,58.91445413016013,12.965223949564448,0.24037302819111203,15.350748697459906,GOOD,64-QAM,HIGH
68.03952340606358,642.4749297779454,2.804751902530172,0.715743148629726,2.2,17.22529466970316,88.11977478880425,-3.2385672940973853,0.05647403954135437,32.48794863224437,GOOD,64-QAM,HIGH
68.03952340606358,642.4749297779454,2.804751902530172,0.715743148629726,8.4,17.22529466970316,88.11977478880425,-3.2385672940973853,0.2147584419315271,20.69253212506068,GOOD,64-QAM,HIGH
68.03952340606358,642.4749297779454,2.804751902530172,0.715743148629726,12.5,17.22529466970316,88.11977478880425,-3.2385672940973853,0.31834003097324093,17.136335997095472,GOOD,64-QAM,HIGH
46.868371014030295,793.2119672545095,5.127575557438183,0.7159431886377275,2.2,3.077151706741843,70.32892121594443,5.740041306701835,0.03088785987433089,30.682873367292835,GOOD,64-QAM,HIGH
46.868371014030295,793.2119672545095,5.127575557438183,0.7159431886377275,8.4,3.077151706741843,70.32892121594443,5.740041306701835,0.117481590639302,18.959147531734345,GOOD,64-QAM,HIGH
46.868371014030295,793.2119672545095,5.127575557438183,0.7159431886377275,12.5,3.077151706741843,70.32892121594443,5.740041306701835,0.17762084266680317,15.446393740783364,GOOD,64-QAM,HIGH
46.070373381661824,802.2122878949294,5.20330739697373,0.7161432286457291,2.2,13.498681842773102,39.224701919747154,6.004655453777573,0.05108323253075873,30.56467695089016,GOOD,64-QAM,HIGH
46.070373381661824,802.2122878949294,5.20330739697373,0.7161432286457291,8.4,13.498681842773102,39.224701919747154,6.004655453777573,0.19642119885161072,18.782206879775785,GOOD,64-QAM,HIGH
46.070373381661824,802.2122878949294,5.20330739697373,0.7161432286457291,12.5,13.498681842773102,39.224701919747154,6.004655453777573,0.2920537803079846,15.23395975939593,GOOD,64-QAM,HIGH
76.24958579195305,616.1193072279593,1.7826968582817058,0.7163432686537308,2.2,38.42105355586211,37.9936048790612,25.019256657164668,0.08942859010237182,32.818821425045726,GOOD,64-QAM,HIGH
76.24958579195305,616.1193072279593,1.7826968582817058,0.7163432686537308,8.4,38.42105355586211,37.9936048790612,25.019256657164668,0.3421475913027383,20.928970319051842,GOOD,64-QAM,HIGH
76.24958579195305,616.1193072279593,1.7826968582817058,0.7163432686537308,12.5,38.42105355586211,37.9936048790612,25.019256657164668,0.5078809764344211,17.31062239499667,GOOD,64-QAM,HIGH
35.71932122071084,953.8187165834574,6.089150246899374,0.7165433086617323,2.2,44.25076622736293,42.25588549998032,-4.312849029313783,0.16972875903104828,28.942500819515573,GOOD,64-QAM,HIGH
35.71932122071084,953.8187165834574,6.089150246899374,0.7165433086617323,8.4,44.25076622736293,42.25588549998032,-4.312849029313783,0.6509405477362351,16.824156926016855,GOOD,64-QAM,HIGH
35.71932122071084,953.8187165834574,6.089150246899374,0.7165433086617323,12.5,44.25076622736293,42.25588549998032,-4.312849029313783,0.9637069347576177,13.058776000071987,GOOD,16-QAM,MEDIUM
78.08254735898987,612.046111424932,1.5487667668602862,0.716743348669734,2.2,11.076357595118353,76.00270046524305,31.453432310804537,0.04030750530603535,32.925556017593294,GOOD,64-QAM,HIGH
78.08254735898987,612.046111424932,1.5487667668602862,0.716743348669734,8.4,11.076357595118353,76.00270046524305,31.453432310804537,0.15346504463234575,21.175266373473463,GOOD,64-QAM,HIGH
78.08254735898987,612.046111424932,1.5487667668602862,0.716743348669734,12.5,11.076357595118353,76.00270046524305,31.453432310804537,0.2298652559968629,17.646251623185464,GOOD,64-QAM,HIGH
39.5784080808965,888.7635929528201,5.780650510043641,0.7169433886777355,2.2,23.177391962946093,47.72262023043696,28.050364509295697,0.0870232446459767,29.638798019163104,GOOD,64-QAM,HIGH
39.5784080808965,888.7635929528201,5.780650510043641,0.7169433886777355,8.4,23.177391962946093,47.72262023043696,28.050364509295697,0.3315532668075678,17.757135892207984,GOOD,64-QAM,HIGH
39.5784080808965,888.7635929528201,5.780650510043641,0.7169433886777355,12.5,23.177391962946093,47.72262023043696,28.050364509295697,0.4944703946026443,14.14160422548943,GOOD,16-QAM,MEDIUM
32.89981398265885,1009.4178131350968,6.297162210062568,0.7171434286857371,2.2,23.51620239686032,31.283330800504785,-0.6846540912863048,0.09953602257075915,28.520591072310197,GOOD,64-QAM,HIGH
32.89981398265885,1009.4178131350968,6.297162210062568,0.7171434286857371,8.4,23.51620239686032,31.283330800504785,-0.6846540912863048,0.38166267785020175,16.601332312237233,GOOD,64-QAM,HIGH
32.89981398265885,1009.4178131350968,6.297162210062568,0.7171434286857371,12.5,23.51620239686032,31.283330800504785,-0.6846540912863048,0.5721910188214968,12.95818943234245,GOOD,16-QAM,MEDIUM
43.58914245197442,832.3384728487117,5.432268984834355,0.7173434686937388,2.2,43.67876528798671,86.65046181033972,25.958219088944468,0.15033685920082157,30.145210138010242,GOOD,64-QAM,HIGH
43.58914245197442,832.3384728487117,5.432268984834355,0.7173434686937388,8.4,43.67876528798671,86.65046181033972,25.958219088944468,0.5757189571564544,18.082695935261086,GOOD,64-QAM,HIGH
43.58914245197442,832.3384728487117,5.432268984834355,0.7173434686937388,12.5,43.67876528798671,86.65046181033972,25.958219088944468,0.8523450532010792,14.353455300292978,GOOD,16-QAM,MEDIUM
69.80799148736382,635.6106655003414,2.5887547254706704,0.7175435087017403,2.2,38.139952643790274,40.18280498369464,23.42565907339109,0.09201941930998872,32.545703443725245,GOOD,64-QAM,HIGH
69.80799148736382,635.6106655003414,2.5887547254706704,0.7175435087017403,8.4,38.139952643790274,40.18280498369464,23.42565907339109,0.35084853122011067,20.649742227021605,GOOD,64-QAM,HIGH
69.80799148736382,635.6106655003414,2.5887547254706704,0.7175435087017403,12.5,38.139952643790274,40.18280498369464,23.42565907339109,0.5237627060597965,17.02421351325843,GOOD,64-QAM,HIGH
15.710172368439514,1588.692359185401,7.219827663700161,0.717743548709742,2.2,25.653860918402493,30.573491168884114,27.40604000554632,0.2351223676092398,24.445627879771678,GOOD,64-QAM,HIGH
15.710172368439514,1588.692359185401,7.219827663700161,0.717743548709742,8.4,25.653860918402493,30.573491168884114,27.40604000554632,0.9065214350156676,12.137096707571743,GOOD,16-QAM,MEDIUM
15.710172368439514,1588.692359185401,7.219827663700161,0.717743548709742,12.5,25.653860918402493,30.573491168884114,27.40604000554632,1.3232559331653795,8.267747670498537,DEGRADED,16-QAM,MEDIUM
21.69563334912148,1326.1248432111463,6.968705611023149,0.7179435887177436,2.2,33.53736002358867,44.22789614299938,-0.5535722275652759,0.2106204698148507,26.039237692312973,GOOD,64-QAM,HIGH
21.69563334912148,1326.1248432111463,6.968705611023149,0.7179435887177436,8.4,33.53736002358867,44.22789614299938,-0.5535722275652759,0.8052569932005896,13.807469064133713,GOOD,16-QAM,MEDIUM
21.69563334912148,1326.1248432111463,6.968705611023149,0.7179435887177436,12.5,33.53736002358867,44.22789614299938,-0.5535722275652759,1.197540272891298,9.962571245519513,DEGRADED,16-QAM,MEDIUM
85.87281018136282,601.4252650205581,0.5397808023101256,0.7181436287257451,2.2,42.36775269546834,44.10172722708802,-2.120483892176569,0.09491633173467255,33.02299668698877,GOOD,64-QAM,HIGH
85.87281018136282,601.4252650205581,0.5397808023101256,0.7181436287257451,8.4,42.36775269546834,44.10172722708802,-2.120483892176569,0.36323074517028253,21.117550168759635,GOOD,64-QAM,HIGH
85.87281018136282,601.4252650205581,0.5397808023101256,0.7181436287257451,12.5,42.36775269546834,44.10172722708802,-2.120483892176569,0.5391084467350202,17.48905792827142,GOOD,64-QAM,HIGH
19.91678832741537,1395.5610301104334,7.051412636207116,0.7183436687337468,2.2,0.4769477012772471,55.32031505074338,1.82419929613771,0.04176146310408648,25.764808247840875,GOOD,64-QAM,HIGH
19.91678832741537,1395.5610301104334,7.051412636207116,0.7183436687337468,8.4,0.4769477012772471,55.32031505074338,1.82419929613771,0.1627415044725493,14.006696101678884,GOOD,16-QAM,MEDIUM
19.91678832741537,1395.5610301104334,7.051412636207116,0.7183436687337468,12.5,0.4769477012772471,55.32031505074338,1.82419929613771,0.23556950153578962,10.481253565692157,GOOD,16-QAM,MEDIUM
53.25682202413964,731.5975606463307,4.486718952119532,0.7185437087417483,2.2,20.14450155250243,85.22338989000221,8.293585157448781,0.07073291629532738,31.345368492343113,GOOD,64-QAM,HIGH
53.25682202413964,731.5975606463307,4.486718952119532,0.7185437087417483,8.4,20.14450155250243,85.22338989000221,8.293585157448781,0.2718266349447509,19.507142668900173,GOOD,64-QAM,HIGH
53.25682202413964,731.5975606463307,4.486718952119532,0.7185437087417483,12.5,20.14450155250243,85.22338989000221,8.293585157448781,0.40469024776486007,15.921664517156572,GOOD,64-QAM,HIGH
54.24172966626472,723.5642254286904,4.382751043761778,0.71874374874975,2.2,45.362158363853936,82.75109506674588,29.683249051790057,0.1337254334380025,31.378279224808722,GOOD,64-QAM,HIGH
54.24172966626472,723.5642254286904,4.382751043761778,0.71874374874975,8.4,45.362158363853936,82.75109506674588,29.683249051790057,0.5105844910361077,19.36428806241709,GOOD,64-QAM,HIGH
54.24172966626472,723.5642254286904,4.382751043761778,0.71874374874975,12.5,45.362158363853936,82.75109506674588,29.683249051790057,0.7592576908987758,15.66300032363094,GOOD,64-QAM,HIGH
46.618079274270805,796.0005417711973,5.151436583633109,0.7189437887577516,2.2,37.01565154219757,57.41367329894568,26.8961968739425,0.11986912478362688,30.563409992256034,GOOD,64-QAM,HIGH
46.618079274270805,796.0005417711973,5.151436583633109,0.7189437887577516,8.4,37.01565154219757,57.41367329894568,26.8961968739425,0.45641010195941445,18.589736910286717,GOOD,64-QAM,HIGH
46.618079274270805,796.0005417711973,5.151436583633109,0.7189437887577516,12.5,37.01565154219757,57.41367329894568,26.8961968739425,0.6839993337244741,14.909533139598182,GOOD,16-QAM,MEDIUM
59.80334612902958,684.3615721097285,3.7722710346505055,0.7191438287657531,2.2,27.142068716703733,54.65399429950839,36.27257961392666,0.07623619454989246,31.919597883174816,GOOD,64-QAM,HIGH
59.80334612902958,684.3615721097285,3.7722710346505055,0.7191438287657531,8.4,27.142068716703733,54.65399429950839,36.27257961392666,0.2910393501369072,20.067662622794273,GOOD,64-QAM,HIGH
59.80334612902958,684.3615721097285,3.7722710346505055,0.7191438287657531,12.5,27.142068716703733,54.65399429950839,36.27257961392666,0.43408870418204343,16.471998729825657,GOOD,64-QAM,HIGH
24.535271692797565,1227.957901981003,6.82279357749958,0.7193438687737548,2.2,26.482226351756672,63.30054518849108,-7.068522045069228,0.16152168321500132,26.756355137051287,GOOD,64-QAM,HIGH
24.535271692797565,1227.957901981003,6.82279357749958,0.7193438687737548,8.4,26.482226351756672,63.30054518849108,-7.068522045069228,0.619519071375534,14.661225644097229,GOOD,16-QAM,MEDIUM
24.535271692797565,1227.957901981003,6.82279357749958,0.7193438687737548,12.5,26.482226351756672,63.30054518849108,-7.068522045069228,0.9237416193613402,10.904388557187943,GOOD,16-QAM,MEDIUM
51.9762927610236,742.5855674094664,4.619906079993847,0.7195439087817563,2.2,17.388504880221888,44.607240718305945,-9.42218594929072,0.05450707983975676,31.232109219684908,GOOD,64-QAM,HIGH
51.9762927610236,742.5855674094664,4.619906079993847,0.7195439087817563,8.4,17.388504880221888,44.607240718305945,-9.42218594929072,0.20929684598116813,19.440187348749973,GOOD,64-QAM,HIGH
51.9762927610236,742.5855674094664,4.619906079993847,0.7195439087817563,12.5,17.388504880221888,44.607240718305945,-9.42218594929072,0.31026877712834067,15.886600878679317,GOOD,64-QAM,HIGH
36.63472669598626,937.3104831244708,6.018419690477354,0.719743948789758,2.2,26.026026682075727,33.13109951798177,24.956941485039955,0.10212157951871764,29.161755317717514,GOOD,64-QAM,HIGH
36.63472669598626,937.3104831244708,6.018419690477354,0.719743948789758,8.4,26.026026682075727,33.13109951798177,24.956941485039955,0.39290254684311127,17.23384224559959,GOOD,64-QAM,HIGH
36.63472669598626,937.3104831244708,6.018419690477354,0.719743948789758,12.5,26.026026682075727,33.13109951798177,24.956941485039955,0.5877982921118143,13.58633196140741,GOOD,16-QAM,MEDIUM
61.241717068481066,675.7649318747917,3.608366305452867,0.7199439887977596,2.2,32.76915997317266,86.3534481702724,3.964374789708284,0.0943429465307737,32.01129042185015,GOOD,64-QAM,HIGH
61.241717068481066,675.7649318747917,3.608366305452867,0.7199439887977596,8.4,32.76915997317266,86.3534481702724,3.964374789708284,0.3615939918532392,20.10690727173416,GOOD,64-QAM,HIGH
61.241717068481066,675.7649318747917,3.608366305452867,0.7199439887977596,12.5,32.76915997317266,86.3534481702724,3.964374789708284,0.5367102606932151,16.479176463970703,GOOD,64-QAM,HIGH
17.004001186717705,1524.5634366952988,7.172132521350172,0.7201440288057611,2.2,20.91815192143965,41.20193909263037,6.703944776690875,0.18706081917257197,24.851575565185996,GOOD,64-QAM,HIGH
17.004001186717705,1524.5634366952988,7.172132521350172,0.7201440288057611,8.4,20.91815192143965,41.20193909263037,6.703944776690875,0.7018839815610687,12.699620298003978,GOOD,16-QAM,MEDIUM
17.004001186717705,1524.5634366952988,7.172132521350172,0.7201440288057611,12.5,20.91815192143965,41.20193909263037,6.703944776690875,1.040279928163704,8.908609812477863,DEGRADED,16-QAM,MEDIUM
53.52458043135548,729.3783915905688,4.458584023702201,0.7203440688137628,2.2,35.7076573196087,41.904043754742986,17.34010129572561,0.098959036495407,31.34352949001653,GOOD,64-QAM,HIGH
53.52458043135548,729.3783915905688,4.458584023702201,0.7203440688137628,8.4,35.7076573196087,41.904043754742986,17.34010129572561,0.3777364261690528,19.427619995549364,GOOD,64-QAM,HIGH
53.52458043135548,729.3783915905688,4.458584023702201,0.7203440688137628,12.5,35.7076573196087,41.904043754742986,17.34010129572561,0.5615000197889919,15.791241863005936,GOOD,64-QAM,HIGH
20.747980207582515,1362.296679363023,7.013607739368853,0.7205441088217643,2.2,43.061611363019296,58.34761973123686,-4.879343843660075,0.289797580670653,25.726314842550366,GOOD,64-QAM,HIGH
20.747980207582515,1362.296679363023,7.013607739368853,0.7205441088217643,8.4,43.061611363019296,58.34761973123686,-4.879343843660075,1.1017738434549442,13.277206474972544,GOOD,16-QAM,MEDIUM
20.747980207582515,1362.296679363023,7.013607739368853,0.7205441088217643,12.5,43.061611363019296,58.34761973123686,-4.879343843660075,1.6235331271070714,9.302832652396944,DEGRADED,16-QAM,MEDIUM
28.684660364778093,1108.118941901589,6.579560258489597,0.720744148829766,2.2,7.734242409243058,59.496800690419846,22.13472082740248,0.06356112317646896,27.746257687203666,GOOD,64-QAM,HIGH
28.684660364778093,1108.118941901589,6.579560258489597,0.720744148829766,8.4,7.734242409243058,59.496800690419846,22.13472082740248,0.25043694952737744,15.92224975605923,GOOD,64-QAM,HIGH
28.684660364778093,1108.118941901589,6.579560258489597,0.720744148829766,12.5,7.734242409243058,59.496800690419846,22.13472082740248,0.3796702756771105,12.340401890986016,GOOD,16-QAM,MEDIUM
23.59033302750457,1259.0169242419274,6.873226977056216,0.7209441888377676,2.2,22.577351140871222,31.10605258204452,6.257372311557511,0.13979419057904757,26.561120830605482,GOOD,64-QAM,HIGH
23.59033302750457,1259.0169242419274,6.873226977056216,0.7209441888377676,8.4,22.577351140871222,31.10605258204452,6.257372311557511,0.5333454339611343,14.530437482429875,GOOD,16-QAM,MEDIUM
23.59033302750457,1259.0169242419274,6.873226977056216,0.7209441888377676,12.5,22.577351140871222,31.10605258204452,6.257372311557511,0.7936711877021988,10.81749718976532,GOOD,16-QAM,MEDIUM
20.541211288849453,1370.434253119532,7.023150392801158,0.7211442288457691,2.2,20.40100456425405,38.87728432643824,21.635756215049582,0.1443565814926943,25.82002570199623,GOOD,64-QAM,HIGH
20.541211288849453,1370.434253119532,7.023150392801158,0.7211442288457691,8.4,20.40100456425405,38.87728432643824,21.635756215049582,0.5465637331150932,13.780686445580315,GOOD,16-QAM,MEDIUM
20.541211288849453,1370.434253119532,7.023150392801158,0.7211442288457691,12.5,20.40100456425405,38.87728432643824,21.635756215049582,0.8169946573980715,10.057640982373854,GOOD,16-QAM,MEDIUM
75.18543088265669,618.7733424424059,1.917686944678664,0.7213442688537708,2.2,34.37324020248641,52.689289113644506,31.700345653669288,0.08306208849618922,32.78785238583633,GOOD,64-QAM,HIGH
75.18543088265669,618.7733424424059,1.917686944678664,0.7213442688537708,8.4,34.37324020248641,52.689289113644506,31.700345653669288,0.3158109755341815,20.917971394004823,GOOD,64-QAM,HIGH
75.18543088265669,618.7733424424059,1.917686944678664,0.7213442688537708,12.5,34.37324020248641,52.689289113644506,31.700345653669288,0.47103632874584994,17.310131501869662,GOOD,64-QAM,HIGH
29.28514325117568,1092.770526849626,6.541471046875649,0.7215443088617723,2.2,12.493373262896467,71.02384161063235,-1.4444333331285168,0.08389201978421684,27.84707490128288,GOOD,64-QAM,HIGH
29.28514325117568,1092.770526849626,6.541471046875649,0.7215443088617723,8.4,12.493373262896467,71.02384161063235,-1.4444333331285168,0.3282677610567076,15.965567055216866,GOOD,64-QAM,HIGH
29.28514325117568,1092.770526849626,6.541471046875649,0.7215443088617723,12.5,12.493373262896467,71.02384161063235,-1.4444333331285168,0.4842696481570703,12.356950629193022,GOOD,16-QAM,MEDIUM
83.8055214584782,603.2180873131056,0.8092766342435563,0.721744348869774,2.2,32.012545747613814,43.70510740991615,36.543654645726015,0.0747661594948716,33.017293119130855,GOOD,64-QAM,HIGH
83.8055214584782,603.2180873131056,0.8092766342435563,0.721744348869774,8.4,32.012545747613814,43.70510740991615,36.543654645726015,0.28657741549330823,21.16834975833889,GOOD,64-QAM,HIGH
83.8055214584782,603.2180873131056,0.8092766342435563,0.721744348869774,12.5,32.012545747613814,43.70510740991615,36.543654645726015,0.4254195551583235,17.57689307975039,GOOD,64-QAM,HIGH
87.44375465434122,600.5461345546919,0.3345007374915101,0.7219443888777756,2.2,43.8744620865744,55.38086677450576,16.534407053122187,0.10032525366803348,33.030293610749126,GOOD,64-QAM,HIGH
87.44375465434122,600.5461345546919,0.3345007374915101,0.7219443888777756,8.4,43.8744620865744,55.38086677450576,16.534407053122187,0.38189968740575897,21.111587072217873,GOOD,64-QAM,HIGH
87.44375465434122,600.5461345546919,0.3345007374915101,0.7219443888777756,12.5,43.8744620865744,55.38086677450576,16.534407053122187,0.5715869423383927,17.469285278361752,GOOD,64-QAM,HIGH
53.55713994465327,729.1103497407594,4.4551561543723786,0.7221444288857771,2.2,20.90657998968113,63.44070388298801,36.146388258698416,0.06927813415714418,31.376402987382875,GOOD,64-QAM,HIGH
53.55713994465327,729.1103497407594,4.4551561543723786,0.7221444288857771,8.4,20.90657998968113,63.44070388298801,36.146388258698416,0.2652748768746197,19.543274139871883,GOOD,64-QAM,HIGH
53.55713994465327,729.1103497407594,4.4551561543723786,0.7221444288857771,12.5,20.90657998968113,63.44070388298801,36.146388258698416,0.396418369483796,15.959516108339216,GOOD,64-QAM,HIGH
17.155095426586744,1517.3624520771195,7.166323685777096,0.7223444688937788,2.2,45.550784998961,83.31554967739751,0.3865041100889073,0.3463334841659384,24.733426239025277,GOOD,64-QAM,HIGH
17.155095426586744,1517.3624520771195,7.166323685777096,0.7223444688937788,8.4,45.550784998961,83.31554967739751,0.3865041100889073,1.3199004795923361,12.12272713880536,GOOD,16-QAM,MEDIUM
17.155095426586744,1517.3624520771195,7.166323685777096,0.7223444688937788,12.5,45.550784998961,83.31554967739751,0.3865041100889073,1.9562555381003357,8.033757541373873,DEGRADED,16-QAM,MEDIUM
36.83660068726441,933.7645272213877,6.002614123687811,0.7225445089017803,2.2,49.65818694667392,49.5642301396274,20.22813323021188,0.1800470039668985,29.11675194966856,GOOD,64-QAM,HIGH
36.83660068726441,933.7645272213877,6.002614123687811,0.7225445089017803,8.4,49.65818694667392,49.5642301396274,20.22813323021188,0.6855492674818059,16.974117581360133,GOOD,64-QAM,HIGH
36.83660068726441,933.7645272213877,6.002614123687811,0.7225445089017803,12.5,49.65818694667392,49.5642301396274,20.22813323021188,1.0243608852438784,13.182691424674573,GOOD,16-QAM,MEDIUM
72.8072423845982,625.4975986156678,2.2169047289600576,0.7227445489097819,2.2,5.304602497397603,38.01349595180901,10.194355866180237,0.019026189241198276,32.758007260167695,GOOD,64-QAM,HIGH
72.8072423845982,625.4975986156678,2.2169047289600576,0.7227445489097819,8.4,5.304602497397603,38.01349595180901,10.194355866180237,0.0722561527444201,21.06764519187095,GOOD,64-QAM,HIGH
72.8072423845982,625.4975986156678,2.2169047289600576,0.7227445489097819,12.5,5.304602497397603,38.01349595180901,10.194355866180237,0.1080386831625795,17.579248122529307,GOOD,64-QAM,HIGH
36.22821193925099,944.5537585258252,6.050020539615178,0.7229445889177836,2.2,11.652659399242932,59.356333553856494,28.71110955780066,0.06010860213603278,29.136904171694887,GOOD,64-QAM,HIGH
36.22821193925099,944.5537585258252,6.050020539615178,0.7229445889177836,8.4,11.652659399242932,59.356333553856494,28.71110955780066,0.2292552336055447,17.330625435431855,GOOD,64-QAM,HIGH
36.22821193925099,944.5537585258252,6.050020539615178,0.7229445889177836,12.5,11.652659399242932,59.356333553856494,28.71110955780066,0.3399947952623597,13.767271334851557,GOOD,16-QAM,MEDIUM
12.396463555737045,1774.8820728563717,7.325141478717335,0.7231446289257851,2.2,47.518987574104656,74.80329610104373,20.295447160664818,0.48234183719853757,23.235814489342175,GOOD,64-QAM,HIGH
12.396463555737045,1774.8820728563717,7.325141478717335,0.7231446289257851,8.4,47.518987574104656,74.80329610104373,20.295447160664818,1.843080891010042,10.237943330737139,GOOD,16-QAM,MEDIUM
12.396463555737045,1774.8820728563717,7.325141478717335,0.7231446289257851,12.5,47.518987574104656,74.80329610104373,20.295447160664818,2.7313645844608407,5.897045098362867,DEGRADED,QPSK,LOW
52.326717428895975,739.5159525095023,4.58368515420496,0.7233446689337868,2.2,47.91638432406934,36.591585423164005,14.725772847915923,0.132650052437604,31.18994539428767,GOOD,64-QAM,HIGH
52.326717428895975,739.5159525095023,4.58368515420496,0.7233446689337868,8.4,47.91638432406934,36.591585423164005,14.725772847915923,0.5059838759412532,19.179479465990497,GOOD,64-QAM,HIGH
52.326717428895975,739.5159525095023,4.58368515420496,0.7233446689337868,12.5,47.91638432406934,36.591585423164005,14.725772847915923,0.7558734417804166,15.476975361227844,GOOD,64-QAM,HIGH
76.83527237716295,614.7498894968821,1.7081360482011938,0.7235447089417884,2.2,4.885363769337925,55.48100950181762,35.64927032155043,0.022573853066864706,32.90500334358824,GOOD,64-QAM,HIGH
76.83527237716295,614.7498894968821,1.7081360482011938,0.7235447089417884,8.4,4.885363769337925,55.48100950181762,35.64927032155043,0.08709516624209385,21.20334992561949,GOOD,64-QAM,HIGH
76.83527237716295,614.7498894968821,1.7081360482011938,0.7235447089417884,12.5,4.885363769337925,55.48100950181762,35.64927032155043,0.12890058853372832,17.708929964404376,GOOD,64-QAM,HIGH
72.65374290719771,625.9701528526048,2.236091942253934,0.7237447489497899,2.2,0.749925018856834,31.06710847574901,8.855853208584012,0.012270597923289325,32.75820326712507,GOOD,64-QAM,HIGH
72.65374290719771,625.9701528526048,2.236091942253934,0.7237447489497899,8.4,0.749925018856834,31.06710847574901,8.855853208584012,0.04723712298003061,21.0861046372748,GOOD,64-QAM,HIGH
72.65374290719771,625.9701528526048,2.236091942253934,0.7237447489497899,12.5,0.749925018856834,31.06710847574901,8.855853208584012,0.07055795929366211,17.610169262037687,GOOD,64-QAM,HIGH
19.885466911080023,1396.8436201761529,7.052808255899154,0.7239447889577916,2.2,8.055001162821112,32.01355089883507,0.9990102449090744,0.07826262498177305,25.72032798698551,GOOD,64-QAM,HIGH
19.885466911080023,1396.8436201761529,7.052808255899154,0.7239447889577916,8.4,8.055001162821112,32.01355089883507,0.9990102449090744,0.29461579307599184,13.866842714097771,GOOD,16-QAM,MEDIUM
19.885466911080023,1396.8436201761529,7.052808255899154,0.7239447889577916,12.5,8.055001162821112,32.01355089883507,0.9990102449090744,0.4298153914805486,10.279028576769733,GOOD,16-QAM,MEDIUM
62.18499222505967,670.4402427375135,3.4996374534882166,0.7241448289657931,2.2,49.800639169112415,58.977201792999935,20.405059342604584,0.12293940916381092,32.05140548144946,GOOD,64-QAM,HIGH
62.18499222505967,670.4402427375135,3.4996374534882166,0.7241448289657931,8.4,49.800639169112415,58.977201792999935,20.405059342604584,0.46900721519832067,20.06820557062143,GOOD,64-QAM,HIGH
62.18499222505967,670.4402427375135,3.4996374534882166,0.7241448289657931,12.5,49.800639169112415,58.977201792999935,20.405059342604584,0.6998593152483139,16.384738931647945,GOOD,64-QAM,HIGH
23.742862392030005,1253.899308548832,6.865212330668728,0.7243448689737948,2.2,8.999980830534343,47.891837889055765,21.20142185864069,0.07609213467747737,26.660200991031928,GOOD,64-QAM,HIGH
23.742862392030005,1253.899308548832,6.865212330668728,0.7243448689737948,8.4,8.999980830534343,47.891837889055765,21.20142185864069,0.2894912243084677,14.809669796607423,GOOD,16-QAM,MEDIUM
23.742862392030005,1253.899308548832,6.865212330668728,0.7243448689737948,12.5,8.999980830534343,47.891837889055765,21.20142185864069,0.4292643533156964,11.2172821286767,GOOD,16-QAM,MEDIUM
23.54764043693464,1260.4566562339191,6.875461534104191,0.7245449089817964,2.2,25.12738033610116,80.70643794032472,11.95473107859377,0.16714817391532616,26.5238398889959,GOOD,64-QAM,HIGH
23.54764043693464,1260.4566562339191,6.875461534104191,0.7245449089817964,8.4,25.12738033610116,80.70643794032472,11.95473107859377,0.6403710179640208,14.413484940153694,GOOD,16-QAM,MEDIUM
23.54764043693464,1260.4566562339191,6.875461534104191,0.7245449089817964,12.5,25.12738033610116,80.70643794032472,11.95473107859377,0.9541708297179147,10.647070589476314,GOOD,16-QAM,MEDIUM
79.29610073094074,609.6886716258459,1.3930011506361808,0.7247449489897979,2.2,42.42088632152555,66.12925836758725,14.330502184469117,0.10162329645768618,32.89776057409921,GOOD,64-QAM,HIGH
79.29610073094074,609.6886716258459,1.3930011506361808,0.7247449489897979,8.4,42.42088632152555,66.12925836758725,14.330502184469117,0.38905004667291676,20.973201719090454,GOOD,64-QAM,HIGH
79.29610073094074,609.6886716258459,1.3930011506361808,0.7247449489897979,12.5,42.42088632152555,66.12925836758725,14.330502184469117,0.578261629126838,17.33137559771305,GOOD,64-QAM,HIGH
26.22186098291956,1176.1640532751155,6.72817387139074,0.7249449889977996,2.2,1.020080534410317,57.23597770457943,37.977670714995,0.038604258044576616,27.253584084194678,GOOD,64-QAM,HIGH
26.22186098291956,1176.1640532751155,6.72817387139074,0.7249449889977996,8.4,1.020080534410317,57.23597770457943,37.977670714995,0.14661747946664516,15.508438757979093,GOOD,64-QAM,HIGH
26.22186098291956,1176.1640532751155,6.72817387139074,0.7249449889977996,12.5,1.020080534410317,57.23597770457943,37.977670714995,0.21778922980535403,11.984652468716902,GOOD,16-QAM,MEDIUM
27.37602445403095,1143.216544018655,6.660059092663541,0.7251450290058011,2.2,30.224449112922976,54.47612226325778,26.634284569840062,0.16435704743629057,27.374619322000477,GOOD,64-QAM,HIGH
27.37602445403095,1143.216544018655,6.660059092663541,0.7251450290058011,8.4,30.224449112922976,54.47612226325778,26.634284569840062,0.6269104502231733,15.274933814420066,GOOD,64-QAM,HIGH
27.37602445403095,1143.216544018655,6.660059092663541,0.7251450290058011,12.5,30.224449112922976,54.47612226325778,26.634284569840062,0.933188568091542,11.516041157628223,GOOD,16-QAM,MEDIUM
5.055538214710462,2323.0882025013457,7.470823109120214,0.7253450690138028,2.2,13.851272443481216,59.83472881137379,-4.46991242587115,0.43783117719545384,20.942401220149776,GOOD,64-QAM,HIGH
5.055538214710462,2323.0882025013457,7.470823109120214,0.7253450690138028,8.4,13.851272443481216,59.83472881137379,-4.46991242587115,1.6613468424610347,8.081753450090673,DEGRADED,16-QAM,MEDIUM
5.055538214710462,2323.0882025013457,7.470823109120214,0.7253450690138028,12.5,13.851272443481216,59.83472881137379,-4.46991242587115,2.4251815731439517,3.865304180484273,DEGRADED,QPSK,LOW
79.00686790066901,610.2263337243185,1.430184966224022,0.7255451090218044,2.2,43.11674582198658,32.42632987275968,0.6065035435305486,0.0963770341099669,32.895350444105155,GOOD,64-QAM,HIGH
79.00686790066901,610.2263337243185,1.430184966224022,0.7255451090218044,8.4,43.11674582198658,32.42632987275968,0.6065035435305486,0.3687367392414041,20.985858634180204,GOOD,64-QAM,HIGH
79.00686790066901,610.2263337243185,1.430184966224022,0.7255451090218044,12.5,43.11674582198658,32.42632987275968,0.6065035435305486,0.5491950387673399,17.35278579573078,GOOD,64-QAM,HIGH
72.37055912277646,626.854449644221,2.271447289011647,0.7257451490298059,2.2,14.17305746320396,83.5676013852396,38.77883172177795,0.04758315469700757,32.71062896900375,GOOD,64-QAM,HIGH
72.37055912277646,626.854449644221,2.271447289011647,0.7257451490298059,8.4,14.17305746320396,83.5676013852396,38.77883172177795,0.18146154443261103,20.939618474474628,GOOD,64-QAM,HIGH
72.37055912277646,626.854449644221,2.271447289011647,0.7257451490298059,12.5,14.17305746320396,83.5676013852396,38.77883172177795,0.2709127060988962,17.397552773884854,GOOD,64-QAM,HIGH
58.32295948270763,693.8384652973155,3.9384800481243816,0.7259451890378076,2.2,34.33778601409544,89.89818934403749,26.32327768967657,0.09987422299799031,31.77650470522797,GOOD,64-QAM,HIGH
58.32295948270763,693.8384652973155,3.9384800481243816,0.7259451890378076,8.4,34.33778601409544,89.89818934403749,26.32327768967657,0.37977190914270476,19.859474914289734,GOOD,64-QAM,HIGH
58.32295948270763,693.8384652973155,3.9384800481243816,0.7259451890378076,12.5,34.33778601409544,89.89818934403749,26.32327768967657,0.5636170407864446,16.223015243722514,GOOD,64-QAM,HIGH
68.7725899348016,639.5457130226587,2.7155291141604967,0.7261452290458091,2.2,33.71098162236984,40.88922749152192,35.752256307232656,0.08298258810332541,32.50113195273352,GOOD,64-QAM,HIGH
68.7725899348016,639.5457130226587,2.7155291141604967,0.7261452290458091,8.4,33.71098162236984,40.88922749152192,35.752256307232656,0.3169363505571192,20.630046085486214,GOOD,64-QAM,HIGH
68.7725899348016,639.5457130226587,2.7155291141604967,0.7261452290458091,12.5,33.71098162236984,40.88922749152192,35.752256307232656,0.46930765746901754,17.025060239650827,GOOD,64-QAM,HIGH
17.924128231081802,1481.607304375053,7.135986647892719,0.7263452690538108,2.2,11.074677442982,37.22297788647718,5.193073199436103,0.10409828051835111,25.182785894439633,GOOD,64-QAM,HIGH
17.924128231081802,1481.607304375053,7.135986647892719,0.7263452690538108,8.4,11.074677442982,37.22297788647718,5.193073199436103,0.4040245477846295,13.245727522379823,GOOD,16-QAM,MEDIUM
17.924128231081802,1481.607304375053,7.135986647892719,0.7263452690538108,12.5,11.074677442982,37.22297788647718,5.193073199436103,0.5936073085400764,9.603530222700897,DEGRADED,16-QAM,MEDIUM
43.95750553994391,827.6514121508844,5.3989110637459445,0.7265453090618124,2.2,1.7399599934175058,38.61464780691571,27.09334300432962,0.017424667605755468,30.327172508170662,GOOD,64-QAM,HIGH
43.95750553994391,827.6514121508844,5.3989110637459445,0.7265453090618124,8.4,1.7399599934175058,38.61464780691571,27.09334300432962,0.06696292256729863,18.640502148415592,GOOD,64-QAM,HIGH
43.95750553994391,827.6514121508844,5.3989110637459445,0.7265453090618124,12.5,1.7399599934175058,38.61464780691571,27.09334300432962,0.09891080307752663,15.155939728981878,GOOD,64-QAM,HIGH
34.853647924646374,970.1007122576648,6.154608535130216,0.7267453490698139,2.2,20.462478689269865,69.66162349406203,25.70013542617557,0.09896050295260979,28.866249411622974,GOOD,64-QAM,HIGH
34.853647924646374,970.1007122576648,6.154608535130216,0.7267453490698139,8.4,20.462478689269865,69.66162349406203,25.70013542617557,0.37883541917505675,16.949242390606997,GOOD,64-QAM,HIGH
34.853647924646374,970.1007122576648,6.154608535130216,0.7267453490698139,12.5,20.462478689269865,69.66162349406203,25.70013542617557,0.5650458792800978,13.310417391578483,GOOD,16-QAM,MEDIUM
12.971004731846405,1740.1774717981407,7.308628345459909,0.7269453890778156,2.2,14.459657598293486,69.68645030704648,4.734499271968755,0.20250289507597397,23.687172648204353,GOOD,64-QAM,HIGH
12.971004731846405,1740.1774717981407,7.308628345459909,0.7269453890778156,8.4,14.459657598293486,69.68645030704648,4.734499271968755,0.7832939906940137,11.46924944779279,GOOD,16-QAM,MEDIUM
12.971004731846405,1740.1774717981407,7.308628345459909,0.7269453890778156,12.5,14.459657598293486,69.68645030704648,4.734499271968755,1.1690680535104778,7.630860846052855,DEGRADED,QPSK,LOW
46.32109124326855,799.3499685419647,5.179621737396596,0.7271454290858171,2.2,40.44888748068543,80.87544973670467,17.540816272535267,0.1352923353681838,30.51151480408486,GOOD,64-QAM,HIGH
46.32109124326855,799.3499685419647,5.179621737396596,0.7271454290858171,8.4,40.44888748068543,80.87544973670467,17.540816272535267,0.5169579425901907,18.492717092069327,GOOD,64-QAM,HIGH
46.32109124326855,799.3499685419647,5.179621737396596,0.7271454290858171,12.5,40.44888748068543,80.87544973670467,17.540816272535267,0.774147557741709,14.782912937994325,GOOD,16-QAM,MEDIUM
83.262870279124,603.8094995438141,0.879857420788638,0.7273454690938188,2.2,40.018209422767264,75.1095833055752,21.370755563514763,0.09737518620549396,32.98617237018034,GOOD,64-QAM,HIGH
83.262870279124,603.8094995438141,0.879857420788638,0.7273454690938188,8.4,40.018209422767264,75.1095833055752,21.370755563514763,0.37264919453464024,21.07376625705767,GOOD,64-QAM,HIGH
83.262870279124,603.8094995438141,0.879857420788638,0.7273454690938188,12.5,40.018209422767264,75.1095833055752,21.370755563514763,0.554717912163511,17.43908300050532,GOOD,64-QAM,HIGH
8.40502511930903,2047.41342455608,7.419446377230774,0.7275455091018204,2.2,22.851197609631274,56.98138040216038,14.05659054137325,0.40577119236746984,22.071664260024022,GOOD,64-QAM,HIGH
8.40502511930903,2047.41342455608,7.419446377230774,0.7275455091018204,8.4,22.851197609631274,56.98138040216038,14.05659054137325,1.555549162143706,9.284754185454261,DEGRADED,16-QAM,MEDIUM
8.40502511930903,2047.41342455608,7.419446377230774,0.7275455091018204,12.5,22.851197609631274,56.98138040216038,14.05659054137325,2.281741287878038,5.105947520796448,DEGRADED,QPSK,LOW
29.77417764697248,1080.6061478235242,6.509920079866676,0.7277455491098219,2.2,30.325611266160944,66.77132169391913,31.35893533290064,0.15433550746280195,27.873862195811938,GOOD,64-QAM,HIGH
29.77417764697248,1080.6061478235242,6.509920079866676,0.7277455491098219,8.4,30.325611266160944,66.77132169391913,31.35893533290064,0.5883893601214993,15.802676238359723,GOOD,64-QAM,HIGH
29.77417764697248,1080.6061478235242,6.509920079866676,0.7277455491098219,12.5,30.325611266160944,66.77132169391913,31.35893533290064,0.8786216604027911,12.05982939915495,GOOD,16-QAM,MEDIUM
22.6409795774848,1291.8053714427488,6.922013415103804,0.7279455891178236,2.2,30.21297579934626,71.29708022208047,31.64345208989948,0.1932735633846121,26.28433109924439,GOOD,64-QAM,HIGH
22.6409795774848,1291.8053714427488,6.922013415103804,0.7279455891178236,8.4,30.21297579934626,71.29708022208047,31.64345208989948,0.7423322005251589,14.098140357310328,GOOD,16-QAM,MEDIUM
22.6409795774848,1291.8053714427488,6.922013415103804,0.7279455891178236,12.5,30.21297579934626,71.29708022208047,31.64345208989948,1.0951319478848416,10.292726071027161,GOOD,16-QAM,MEDIUM
25.242465561584183,1205.6906567166488,6.783834238099264,0.7281456291258251,2.2,41.35790742138117,60.76418821711352,32.53002741507784,0.228793803244913,26.84803467155905,GOOD,64-QAM,HIGH
25.242465561584183,1205.6906567166488,6.783834238099264,0.7281456291258251,8.4,41.35790742138117,60.76418821711352,32.53002741507784,0.8654293722795814,14.57426699773086,GOOD,16-QAM,MEDIUM
25.242465561584183,1205.6906567166488,6.783834238099264,0.7281456291258251,12.5,41.35790742138117,60.76418821711352,32.53002741507784,1.2899396723871288,10.697142158699819,GOOD,16-QAM,MEDIUM
82.21693690974689,605.0925303943404,1.0156702248896117,0.7283456691338268,2.2,21.25012070615988,58.5390590670982,30.171178454908144,0.057036549487058344,33.008073998310444,GOOD,64-QAM,HIGH
82.21693690974689,605.0925303943404,1.0156702248896117,0.7283456691338268,8.4,21.25012070615988,58.5390590670982,30.171178454908144,0.21850316394830774,21.209475279055667,GOOD,64-QAM,HIGH
82.21693690974689,605.0925303943404,1.0156702248896117,0.7283456691338268,12.5,21.25012070615988,58.5390590670982,30.171178454908144,0.3268403475354459,17.648523556545044,GOOD,64-QAM,HIGH
44.78586960991466,817.3901800112735,5.323083698515071,0.7285457091418284,2.2,13.772333989525452,68.70584673855919,14.40417385985723,0.060401053145819276,30.39255701309515,GOOD,64-QAM,HIGH
44.78586960991466,817.3901800112735,5.323083698515071,0.7285457091418284,8.4,13.772333989525452,68.70584673855919,14.40417385985723,0.2277426089382667,18.588083352509173,GOOD,64-QAM,HIGH
44.78586960991466,817.3901800112735,5.323083698515071,0.7285457091418284,12.5,13.772333989525452,68.70584673855919,14.40417385985723,0.3431476294877491,15.020063793036215,GOOD,64-QAM,HIGH
44.6354500998846,819.2252730511655,5.336936046886075,0.7287457491498299,2.2,13.251745907027374,63.448472938539226,9.07191490745036,0.05846095145509366,30.3750185961513,GOOD,64-QAM,HIGH
44.6354500998846,819.2252730511655,5.336936046886075,0.7287457491498299,8.4,13.251745907027374,63.448472938539226,9.07191490745036,0.22123224275483527,18.575115200058036,GOOD,64-QAM,HIGH
44.6354500998846,819.2252730511655,5.336936046886075,0.7287457491498299,12.5,13.251745907027374,63.448472938539226,9.07191490745036,0.3325736668964751,15.01115923699291,GOOD,64-QAM,HIGH
69.64892960869899,636.1999933943116,2.608286232312808,0.7289457891578316,2.2,26.80961396411021,68.63653832015461,31.56881418571853,0.07446596287834806,32.55520721543655,GOOD,64-QAM,HIGH
69.64892960869899,636.1999933943116,2.608286232312808,0.7289457891578316,8.4,26.80961396411021,68.63653832015461,31.56881418571853,0.282915829432349,20.709625244089025,GOOD,64-QAM,HIGH
69.64892960869899,636.1999933943116,2.608286232312808,0.7289457891578316,12.5,26.80961396411021,68.63653832015461,31.56881418571853,0.42026148978852607,17.119665044809366,GOOD,64-QAM,HIGH
18.13183734041869,1472.2017094828918,7.127572143267004,0.7291458291658331,2.2,22.45741013661063,66.77128643780183,14.510072927813344,0.19169051023790898,25.150509519567265,GOOD,64-QAM,HIGH
18.13183734041869,1472.2017094828918,7.127572143267004,0.7291458291658331,8.4,22.45741013661063,66.77128643780183,14.510072927813344,0.7278257940684058,12.977242130943253,GOOD,16-QAM,MEDIUM
18.13183734041869,1472.2017094828918,7.127572143267004,0.7291458291658331,12.5,22.45741013661063,66.77128643780183,14.510072927813344,1.0810850373441774,9.171368348743997,DEGRADED,16-QAM,MEDIUM
46.41755509850432,798.2571853401805,5.170482219456495,0.7293458691738348,2.2,22.00603854924681,73.15179363081927,2.318569931399093,0.08234127966415784,30.576348375144782,GOOD,64-QAM,HIGH
46.41755509850432,798.2571853401805,5.170482219456495,0.7293458691738348,8.4,22.00603854924681,73.15179363081927,2.318569931399093,0.31515797720430855,18.706399572811108,GOOD,64-QAM,HIGH
46.41755509850432,798.2571853401805,5.170482219456495,0.7293458691738348,12.5,22.00603854924681,73.15179363081927,2.318569931399093,0.46688046312631115,15.102062547965616,GOOD,64-QAM,HIGH
41.54874320029008,859.7591741516744,5.61293804640446,0.7295459091818364,2.2,4.556866954485361,68.56821052697256,15.367176616110816,0.03647604974479729,29.97753395972672,GOOD,64-QAM,HIGH
41.54874320029008,859.7591741516744,5.61293804640446,0.7295459091818364,8.4,4.556866954485361,68.56821052697256,15.367176616110816,0.1380368714961442,18.238841033181856,GOOD,64-QAM,HIGH
41.54874320029008,859.7591741516744,5.61293804640446,0.7295459091818364,12.5,4.556866954485361,68.56821052697256,15.367176616110816,0.20787013756918876,14.716393228185325,GOOD,16-QAM,MEDIUM
55.73740869646577,712.0254936571346,4.222399239164161,0.7297459491898379,2.2,35.93018703450978,61.18454918623604,-2.9075089040378943,0.1023802768867178,31.54925523515658,GOOD,64-QAM,HIGH
55.73740869646577,712.0254936571346,4.222399239164161,0.7297459491898379,8.4,35.93018703450978,61.18454918623604,-2.9075089040378943,0.391263709130895,19.62323969811888,GOOD,64-QAM,HIGH
55.73740869646577,712.0254936571346,4.222399239164161,0.7297459491898379,12.5,35.93018703450978,61.18454918623604,-2.9075089040378943,0.5806209430260109,15.981267925300287,GOOD,64-QAM,HIGH
89.96240477628729,600.0001180467207,0.0049212029229463,0.7299459891978396,2.2,10.686834399095536,70.9078086770632,24.581474529939943,0.03842836990366136,33.1000912970782,GOOD,64-QAM,HIGH
89.96240477628729,600.0001180467207,0.0049212029229463,0.7299459891978396,8.4,10.686834399095536,70.9078086770632,24.581474529939943,0.14865052798833214,21.352737034200004,GOOD,64-QAM,HIGH
89.96240477628729,600.0001180467207,0.0049212029229463,0.7299459891978396,12.5,10.686834399095536,70.9078086770632,24.581474529939943,0.22210800247461804,17.826665020790244,GOOD,64-QAM,HIGH
70.40315599697401,633.4538202425674,2.515497587441911,0.7301460292058412,2.2,9.847681510436068,56.968917911125686,6.796064081195318,0.03537703088950652,32.63187015990634,GOOD,64-QAM,HIGH
70.40315599697401,633.4538202425674,2.515497587441911,0.7301460292058412,8.4,9.847681510436068,56.968917911125686,6.796064081195318,0.1353976930907217,20.894717392911602,GOOD,64-QAM,HIGH
70.40315599697401,633.4538202425674,2.515497587441911,0.7301460292058412,12.5,9.847681510436068,56.968917911125686,6.796064081195318,0.20089131539301294,17.376609231685833,GOOD,64-QAM,HIGH
38.81858475648131,900.6675719577629,5.843510066038144,0.7303460692138428,2.2,20.63791601386968,44.500273558356064,3.032939922372716,0.08505007276156652,29.5252057809848,GOOD,64-QAM,HIGH
38.81858475648131,900.6675719577629,5.843510066038144,0.7303460692138428,8.4,20.63791601386968,44.500273558356064,3.032939922372716,0.32796318454194207,17.6451605644109,GOOD,64-QAM,HIGH
38.81858475648131,900.6675719577629,5.843510066038144,0.7303460692138428,12.5,20.63791601386968,44.500273558356064,3.032939922372716,0.4884285891254812,14.032080620903884,GOOD,16-QAM,MEDIUM
75.34200944329399,618.3692846242975,1.89786504542022,0.7305461092218444,2.2,11.38891708089007,30.085093208034927,37.82543731173725,0.03300756365678234,32.8435806327891,GOOD,64-QAM,HIGH
75.34200944329399,618.3692846242975,1.89786504542022,0.7305461092218444,8.4,11.38891708089007,30.085093208034927,37.82543731173725,0.12605982058623905,21.113396271066122,GOOD,64-QAM,HIGH
75.34200944329399,618.3692846242975,1.89786504542022,0.7305461092218444,12.5,11.38891708089007,30.085093208034927,37.82543731173725,0.18744335725109623,17.599398195477775,GOOD,64-QAM,HIGH
19.510210881560816,1412.3784578747182,7.069364904252674,0.7307461492298459,2.2,29.19291336540077,63.59784882875059,28.84404978791538,0.22739890416950406,25.475125780997146,GOOD,64-QAM,HIGH
19.510210881560816,1412.3784578747182,7.069364904252674,0.7307461492298459,8.4,29.19291336540077,63.59784882875059,28.84404978791538,0.864797641419723,13.200594938953401,GOOD,16-QAM,MEDIUM
19.510210881560816,1412.3784578747182,7.069364904252674,0.7307461492298459,12.5,29.19291336540077,63.59784882875059,28.84404978791538,1.2861057629978734,9.326672278451767,DEGRADED,16-QAM,MEDIUM
7.589413336261611,2110.37760261985,7.434299704703355,0.7309461892378476,2.2,18.573166966723576,65.43931359651846,29.35347513619658,0.36585166440153943,21.848491337730067,GOOD,64-QAM,HIGH
7.589413336261611,2110.37760261985,7.434299704703355,0.7309461892378476,8.4,18.573166966723576,65.43931359651846,29.35347513619658,1.4034914868844544,9.173719410453643,DEGRADED,16-QAM,MEDIUM
7.589413336261611,2110.37760261985,7.434299704703355,0.7309461892378476,12.5,18.573166966723576,65.43931359651846,29.35347513619658,2.1121558480066858,5.012440510407927,DEGRADED,QPSK,LOW
22.378111659463208,1301.1771834359188,6.93518658018455,0.7311462292458492,2.2,22.445586129639505,88.32293788654286,21.186098463959173,0.161498235354388,26.253319364562756,GOOD,64-QAM,HIGH
22.378111659463208,1301.1771834359188,6.93518658018455,0.7311462292458492,8.4,22.445586129639505,88.32293788654286,21.186098463959173,0.6132654661227275,14.164420029000894,GOOD,16-QAM,MEDIUM
22.378111659463208,1301.1771834359188,6.93518658018455,0.7311462292458492,12.5,22.445586129639505,88.32293788654286,21.186098463959173,0.9057202052895494,10.419350750910581,GOOD,16-QAM,MEDIUM
33.93498226971207,988.1288127959048,6.222536969307382,0.7313462692538508,2.2,26.85846608020144,51.68870004565653,31.95864052551486,0.11557435538597213,28.689700767187617,GOOD,64-QAM,HIGH
33.93498226971207,988.1288127959048,6.222536969307382,0.7313462692538508,8.4,26.85846608020144,51.68870004565653,31.95864052551486,0.4393808601859115,16.72876215759416,GOOD,64-QAM,HIGH
33.93498226971207,988.1288127959048,6.222536969307382,0.7313462692538508,12.5,26.85846608020144,51.68870004565653,31.95864052551486,0.6602587628700524,13.055269715986526,GOOD,16-QAM,MEDIUM
48.399364384062594,776.8144316372218,4.979508812831015,0.7315463092618524,2.2,10.176776124090242,53.6479945696987,27.958124058169066,0.042532465386057684,30.852668212452258,GOOD,64-QAM,HIGH
48.399364384062594,776.8144316372218,4.979508812831015,0.7315463092618524,8.4,10.176776124090242,53.6479945696987,27.958124058169066,0.16321121989374882,19.094857353151042,GOOD,64-QAM,HIGH
48.399364384062594,776.8144316372218,4.979508812831015,0.7315463092618524,12.5,10.176776124090242,53.6479945696987,27.958124058169066,0.2422420883206452,15.56321194580066,GOOD,64-QAM,HIGH
57.28597694600199,700.8751485481862,4.053346970743277,0.7317463492698539,2.2,7.78758114327649,42.107974880531415,19.938685206680827,0.028830300674704445,31.759902859804164,GOOD,64-QAM,HIGH
57.28597694600199,700.8751485481862,4.053346970743277,0.7317463492698539,8.4,7.78758114327649,42.107974880531415,19.938685206680827,0.11036148610312412,20.041239569582217,GOOD,64-QAM,HIGH
57.28597694600199,700.8751485481862,4.053346970743277,0.7317463492698539,12.5,7.78758114327649,42.107974880531415,19.938685206680827,0.16318051651957702,16.53580600024229,GOOD,64-QAM,HIGH
82.40148596322585,604.8523963066682,0.9917301231474244,0.7319463892778556,2.2,44.02109514368024,34.23205771423932,38.05622009258587,0.09787764159639924,32.97068063041601,GOOD,64-QAM,HIGH
82.40148596322585,604.8523963066682,0.9917301231474244,0.7319463892778556,8.4,44.02109514368024,34.23205771423932,38.05622009258587,0.37320348526472863,21.058222681954163,GOOD,64-QAM,HIGH
82.40148596322585,604.8523963066682,0.9917301231474244,0.7319463892778556,12.5,44.02109514368024,34.23205771423932,38.05622009258587,0.5592506251720779,17.41956100312332,GOOD,64-QAM,HIGH
48.3375908117889,777.4546662363591,4.985552659305469,0.7321464292858572,2.2,21.68618514157105,76.36826957170443,-0.4202525157788486,0.0814069835379066,30.80663790976771,GOOD,64-QAM,HIGH
48.3375908117889,777.4546662363591,4.985552659305469,0.7321464292858572,8.4,21.68618514157105,76.36826957170443,-0.4202525157788486,0.30875245771132176,18.942160330800775,GOOD,64-QAM,HIGH
48.3375908117889,777.4546662363591,4.985552659305469,0.7321464292858572,12.5,21.68618514157105,76.36826957170443,-0.4202525157788486,0.46206460229085394,15.33623364729776,GOOD,64-QAM,HIGH
47.608429793187,785.1461967732603,5.056452998173032,0.7323464692938588,2.2,20.60468048162696,44.98086386035951,37.168985949737554,0.07004105742600632,30.73249469975267,GOOD,64-QAM,HIGH
47.608429793187,785.1461967732603,5.056452998173032,0.7323464692938588,8.4,20.60468048162696,44.98086386035951,37.168985949737554,0.26839167365538785,18.897011978729765,GOOD,64-QAM,HIGH
47.608429793187,785.1461967732603,5.056452998173032,0.7323464692938588,12.5,20.60468048162696,44.98086386035951,37.168985949737554,0.40190488361375837,15.310884229847915,GOOD,64-QAM,HIGH
9.27065583495348,1983.3947528505585,7.402037645588609,0.7325465093018604,2.2,1.780607513642074,66.53429166180229,10.071908099943249,0.10842690148230474,22.644936282960728,GOOD,64-QAM,HIGH
9.27065583495348,1983.3947528505585,7.402037645588609,0.7325465093018604,8.4,1.780607513642074,66.53429166180229,10.071908099943249,0.41893280629906615,10.697298273350441,GOOD,16-QAM,MEDIUM
9.27065583495348,1983.3947528505585,7.402037645588609,0.7325465093018604,12.5,1.780607513642074,66.53429166180229,10.071908099943249,0.6282240116491866,7.035392529076844,DEGRADED,QPSK,LOW
7.967481975779024,2080.8674300945786,7.42760172351643,0.7327465493098619,2.2,24.898815129369662,71.26638213272889,16.419949170074332,0.5012815796248183,21.83537655109069,GOOD,64-QAM,HIGH
7.967481975779024,2080.8674300945786,7.42760172351643,0.7327465493098619,8.4,24.898815129369662,71.26638213272889,16.419949170074332,1.928881626807716,8.77064439911426,DEGRADED,16-QAM,MEDIUM
7.967481975779024,2080.8674300945786,7.42760172351643,0.7327465493098619,12.5,24.898815129369662,71.26638213272889,16.419949170074332,2.813046766478555,4.433864720519949,DEGRADED,QPSK,LOW
51.84859676289162,743.7161190876814,4.633062224929239,0.7329465893178636,2.2,27.708486080550003,58.27420123749886,-3.8630340227845528,0.08782318331040702,31.18557931300029,GOOD,64-QAM,HIGH
51.84859676289162,743.7161190876814,4.633062224929239,0.7329465893178636,8.4,27.708486080550003,58.27420123749886,-3.8630340227845528,0.33441912111826844,19.3018512703989,GOOD,64-QAM,HIGH
51.84859676289162,743.7161190876814,4.633062224929239,0.7329465893178636,12.5,27.708486080550003,58.27420123749886,-3.8630340227845528,0.49926459826827435,15.68439125432542,GOOD,64-QAM,HIGH
42.245182126109285,850.1140573000785,5.5520599701759314,0.7331466293258652,2.2,27.942043547733324,82.5811267816315,17.005371946089546,0.10857348906109449,30.003428941786574,GOOD,64-QAM,HIGH
42.245182126109285,850.1140573000785,5.5520599701759314,0.7331466293258652,8.4,27.942043547733324,82.5811267816315,17.005371946089546,0.4161009737772596,18.058769352276883,GOOD,64-QAM,HIGH
42.245182126109285,850.1140573000785,5.5520599701759314,0.7331466293258652,12.5,27.942043547733324,82.5811267816315,17.005371946089546,0.6138084311033951,14.408447356027267,GOOD,16-QAM,MEDIUM
76.33033357332538,615.9266805758452,1.7724281599169611,0.7333466693338668,2.2,35.35155846614422,56.627690458783725,20.56033759290967,0.08486322681985413,32.826102813333485,GOOD,64-QAM,HIGH
76.33033357332538,615.9266805758452,1.7724281599169611,0.7333466693338668,8.4,35.35155846614422,56.627690458783725,20.56033759290967,0.32494583016620565,20.948888105193618,GOOD,64-QAM,HIGH
76.33033357332538,615.9266805758452,1.7724281599169611,0.7333466693338668,12.5,35.35155846614422,56.627690458783725,20.56033759290967,0.4832677855127625,17.337951610923568,GOOD,64-QAM,HIGH
18.65776470050684,1448.851432641848,7.105847689878499,0.7335467093418684,2.2,8.874091749550589,47.09451738250591,39.8850770904262,0.09904459010239658,25.382024702274478,GOOD,64-QAM,HIGH
18.65776470050684,1448.851432641848,7.105847689878499,0.7335467093418684,8.4,8.874091749550589,47.09451738250591,39.8850770904262,0.37975765392747957,13.464179533655866,GOOD,16-QAM,MEDIUM
18.65776470050684,1448.851432641848,7.105847689878499,0.7335467093418684,12.5,8.874091749550589,47.09451738250591,39.8850770904262,0.5684554762953844,9.822867172364482,DEGRADED,16-QAM,MEDIUM
7.122591279949216,2147.5979302074315,7.442123442369801,0.7337467493498699,2.2,12.61115671153094,83.76093137769735,38.759620553576326,0.34498295982748794,21.71750388910874,GOOD,64-QAM,HIGH
7.122591279949216,2147.5979302074315,7.442123442369801,0.7337467493498699,8.4,12.61115671153094,83.76093137769735,38.759620553576326,1.3340077078519137,9.091347036290799,DEGRADED,16-QAM,MEDIUM
7.122591279949216,2147.5979302074315,7.442123442369801,0.7337467493498699,12.5,12.61115671153094,83.76093137769735,38.759620553576326,1.9145597638490925,5.058180441370126,DEGRADED,QPSK,LOW
43.168295274060696,837.7892782228573,5.470104834069425,0.7339467893578716,2.2,40.53652326152064,81.69385705499738,38.31986459371437,0.14375735530864525,30.095093066455185,GOOD,64-QAM,HIGH
43.168295274060696,837.7892782228573,5.470104834069425,0.7339467893578716,8.4,40.53652326152064,81.69385705499738,38.31986459371437,0.5551329015088791,18.046585415461422,GOOD,64-QAM,HIGH
43.168295274060696,837.7892782228573,5.470104834069425,0.7339467893578716,12.5,40.53652326152064,81.69385705499738,38.31986459371437,0.8212822913111458,14.327821486735672,GOOD,16-QAM,MEDIUM
25.185677323941885,1207.4488063894964,6.787000946910343,0.7341468293658732,2.2,47.3585308421697,39.84239682458478,7.419403005102868,0.24366487877385357,26.82050697426324,GOOD,64-QAM,HIGH
25.185677323941885,1207.4488063894964,6.787000946910343,0.7341468293658732,8.4,47.3585308421697,39.84239682458478,7.419403005102868,0.9297258412783836,14.49731390696519,GOOD,16-QAM,MEDIUM
25.185677323941885,1207.4488063894964,6.787000946910343,0.7341468293658732,12.5,47.3585308421697,39.84239682458478,7.419403005102868,1.3853888431876857,10.589036366132405,GOOD,16-QAM,MEDIUM
9.217221733801182,1987.264408033138,7.403161230305533,0.7343468693738747,2.2,6.796637368366032,31.55766110123525,39.563324937252176,0.15888044959206896,22.577552846319875,GOOD,64-QAM,HIGH
9.217221733801182,1987.264408033138,7.403161230305533,0.7343468693738747,8.4,6.796637368366032,31.55766110123525,39.563324937252176,0.5969009033765976,10.502400287741835,GOOD,16-QAM,MEDIUM
9.217221733801182,1987.264408033138,7.403161230305533,0.7343468693738747,12.5,6.796637368366032,31.55766110123525,39.563324937252176,0.8953771339356345,6.751309518259305,DEGRADED,QPSK,LOW
66.59085438204846,648.6226745278582,2.979707839644328,0.7345469093818764,2.2,24.88247772526091,35.39913338097724,12.77390757975554,0.06383864892732502,32.39786520156806,GOOD,64-QAM,HIGH
66.59085438204846,648.6226745278582,2.979707839644328,0.7345469093818764,8.4,24.88247772526091,35.39913338097724,12.77390757975554,0.2446221901131277,20.579949555588726,GOOD,64-QAM,HIGH
66.59085438204846,648.6226745278582,2.979707839644328,0.7345469093818764,12.5,24.88247772526091,35.39913338097724,12.77390757975554,0.36239523327117096,17.009561973507203,GOOD,64-QAM,HIGH
14.485404996366036,1653.669894069482,7.2615854136197,0.734746949389878,2.2,10.708812636979342,47.19284391322903,32.591812938095025,0.12102877704662514,24.21154120825136,GOOD,64-QAM,HIGH
14.485404996366036,1653.669894069482,7.2615854136197,0.734746949389878,8.4,10.708812636979342,47.19284391322903,32.591812938095025,0.4632657854832233,12.232172095021241,GOOD,16-QAM,MEDIUM
14.485404996366036,1653.669894069482,7.2615854136197,0.734746949389878,12.5,10.708812636979342,47.19284391322903,32.591812938095025,0.6881089691225551,8.554714372458434,DEGRADED,16-QAM,MEDIUM
56.70715750066059,704.9510380918555,4.116888022701148,0.7349469893978796,2.2,3.003658417749122,88.33558810450265,0.8159984509485998,0.02971927637040002,31.7086480191291,GOOD,64-QAM,HIGH
56.70715750066059,704.9510380918555,4.116888022701148,0.7349469893978796,8.4,3.003658417749122,88.33558810450265,0.8159984509485998,0.11296849259728499,19.98826669810869,GOOD,64-QAM,HIGH
56.70715750066059,704.9510380918555,4.116888022701148,0.7349469893978796,12.5,3.003658417749122,88.33558810450265,0.8159984509485998,0.16831041386850235,16.480310237913997,GOOD,64-QAM,HIGH
28.88922876418557,1102.83827838544,6.566665241177232,0.7351470294058812,2.2,16.275166906306772,63.5109691896495,15.291658982830118,0.09968693417171554,27.75162281715727,GOOD,64-QAM,HIGH
28.88922876418557,1102.83827838544,6.566665241177232,0.7351470294058812,8.4,16.275166906306772,63.5109691896495,15.291658982830118,0.3795519787951096,15.834625667740355,GOOD,64-QAM,HIGH
28.88922876418557,1102.83827838544,6.566665241177232,0.7351470294058812,12.5,16.275166906306772,63.5109691896495,15.291658982830118,0.565363602535182,12.196199505076791,GOOD,16-QAM,MEDIUM
19.74716428017687,1402.5327853351555,7.058945538725121,0.7353470694138827,2.2,7.184381259210637,52.39570392175613,38.30060480638027,0.07864414737464688,25.684641795567686,GOOD,64-QAM,HIGH
19.74716428017687,1402.5327853351555,7.058945538725121,0.7353470694138827,8.4,7.184381259210637,52.39570392175613,38.30060480638027,0.29019600396984063,13.83595783417897,GOOD,16-QAM,MEDIUM
19.74716428017687,1402.5327853351555,7.058945538725121,0.7353470694138827,12.5,7.184381259210637,52.39570392175613,38.30060480638027,0.4328719162565406,10.24066738296878,GOOD,16-QAM,MEDIUM
37.27887944814199,926.1119603746074,5.967726061268277,0.7355471094218844,2.2,35.49665367171232,83.32296567676478,37.35156984617138,0.1405904431136439,29.22768608080721,GOOD,64-QAM,HIGH
37.27887944814199,926.1119603746074,5.967726061268277,0.7355471094218844,8.4,35.49665367171232,83.32296567676478,37.35156984617138,0.5385929949003236,17.192551424227005,GOOD,64-QAM,HIGH
37.27887944814199,926.1119603746074,5.967726061268277,0.7355471094218844,12.5,35.49665367171232,83.32296567676478,37.35156984617138,0.803223148487972,13.475306731715875,GOOD,16-QAM,MEDIUM
73.12289097895106,624.5407558228544,2.1773992606526646,0.735747149429886,2.2,26.68627068357222,57.18817988870998,24.186743891071337,0.06774448583818096,32.722586207600095,GOOD,64-QAM,HIGH
73.12289097895106,624.5407558228544,2.1773992606526646,0.735747149429886,8.4,26.68627068357222,57.18817988870998,24.186743891071337,0.2587506421518922,20.89444794649286,GOOD,64-QAM,HIGH
73.12289097895106,624.5407558228544,2.1773992606526646,0.735747149429886,12.5,26.68627068357222,57.18817988870998,24.186743891071337,0.3830805483216803,17.317503501399585,GOOD,64-QAM,HIGH
38.32795403688868,908.5790090612109,5.883554198708055,0.7359471894378876,2.2,7.191723549515544,48.91431770406127,29.890716127653,0.04114542377656372,29.49314697836018,GOOD,64-QAM,HIGH
38.32795403688868,908.5790090612109,5.883554198708055,0.7359471894378876,8.4,7.191723549515544,48.91431770406127,29.890716127653,0.15384433284971052,17.743315964493505,GOOD,64-QAM,HIGH
38.32795403688868,908.5790090612109,5.883554198708055,0.7359471894378876,12.5,7.191723549515544,48.91431770406127,29.890716127653,0.23118087221724087,14.213364886202498,GOOD,16-QAM,MEDIUM
68.81542018293973,639.3782720221043,2.7103022844060702,0.7361472294458892,2.2,0.4620794202757183,86.47317172473944,-1.1786651698799293,0.021341785308326654,32.5650471269173,GOOD,64-QAM,HIGH
68.81542018293973,639.3782720221043,2.7103022844060702,0.7361472294458892,8.4,0.4620794202757183,86.47317172473944,-1.1786651698799293,0.08101625820657969,20.868240549225533,GOOD,64-QAM,HIGH
68.81542018293973,639.3782720221043,2.7103022844060702,0.7361472294458892,12.5,0.4620794202757183,86.47317172473944,-1.1786651698799293,0.12134931025007589,17.37529295825854,GOOD,64-QAM,HIGH
15.666335227927808,1590.9446460879335,7.22137930907159,0.7363472694538907,2.2,40.40785245121064,80.97105997156068,26.08292747420787,0.3578327129910591,24.310612281489483,GOOD,64-QAM,HIGH
15.666335227927808,1590.9446460879335,7.22137930907159,0.7363472694538907,8.4,40.40785245121064,80.97105997156068,26.08292747420787,1.377522117036943,11.653790772650083,GOOD,16-QAM,MEDIUM
15.666335227927808,1590.9446460879335,7.22137930907159,0.7363472694538907,12.5,40.40785245121064,80.97105997156068,26.08292747420787,2.023881082348459,7.554817268415093,DEGRADED,QPSK,LOW
70.68557067153172,632.4567829970756,2.480640512938012,0.7365473094618924,2.2,8.809720308212377,80.62010252516646,20.902540416768616,0.037735284679580004,32.643194005385986,GOOD,64-QAM,HIGH
70.68557067153172,632.4567829970756,2.480640512938012,0.7365473094618924,8.4,8.809720308212377,80.62010252516646,20.902540416768616,0.14379969451333988,20.899997490758707,GOOD,64-QAM,HIGH
70.68557067153172,632.4567829970756,2.480640512938012,0.7365473094618924,12.5,8.809720308212377,80.62010252516646,20.902540416768616,0.21405900196245076,17.377123644386103,GOOD,64-QAM,HIGH
25.139332617065136,1208.8874534202346,6.789580347584011,0.736747349469894,2.2,30.31083211103829,60.73708458301279,-5.422413212437696,0.1769594309140602,26.87686954806079,GOOD,64-QAM,HIGH
25.139332617065136,1208.8874534202346,6.789580347584011,0.736747349469894,8.4,30.31083211103829,60.73708458301279,-5.422413212437696,0.6778324148999977,14.73886445928133,GOOD,16-QAM,MEDIUM
25.139332617065136,1208.8874534202346,6.789580347584011,0.736747349469894,12.5,30.31083211103829,60.73708458301279,-5.422413212437696,1.0113073671150263,10.952774968142819,GOOD,16-QAM,MEDIUM
62.57841604055419,668.2904322410359,3.4540065156295863,0.7369473894778956,2.2,16.846095653837278,77.3663039289273,-4.342049670516187,0.05640835757013612,32.145833156487114,GOOD,64-QAM,HIGH
62.57841604055419,668.2904322410359,3.4540065156295863,0.7369473894778956,8.4,16.846095653837278,77.3663039289273,-4.342049670516187,0.21491798355691002,20.35019142570681,GOOD,64-QAM,HIGH
62.57841604055419,668.2904322410359,3.4540065156295863,0.7369473894778956,12.5,16.846095653837278,77.3663039289273,-4.342049670516187,0.3217302605851839,16.79076460975506,GOOD,64-QAM,HIGH
53.09143216148469,732.9816481009793,4.504048507879666,0.7371474294858972,2.2,29.27429691575178,40.76120155587312,-4.577819112436906,0.08577101733762599,31.31391334210651,GOOD,64-QAM,HIGH
53.09143216148469,732.9816481009793,4.504048507879666,0.7371474294858972,8.4,29.27429691575178,40.76120155587312,-4.577819112436906,0.32455739807754613,19.43799485657307,GOOD,64-QAM,HIGH
53.09143216148469,732.9816481009793,4.504048507879666,0.7371474294858972,12.5,29.27429691575178,40.76120155587312,-4.577819112436906,0.48778880854205925,15.822148907185067,GOOD,64-QAM,HIGH
83.97730096299343,603.0413895528818,0.7869184328275353,0.7373474694938987,2.2,15.7826813491162,64.39337745337463,26.217846741491783,0.04758442608022157,33.047019540956285,GOOD,64-QAM,HIGH
83.97730096299343,603.0413895528818,0.7869184328275353,0.7373474694938987,8.4,15.7826813491162,64.39337745337463,26.217846741491783,0.18196709685690596,21.275504765386074,GOOD,64-QAM,HIGH
83.97730096299343,603.0413895528818,0.7869184328275353,0.7373474694938987,12.5,15.7826813491162,64.39337745337463,26.217846741491783,0.27186613642543406,17.73299118689407,GOOD,64-QAM,HIGH
37.922414027901695,915.2554928877212,5.916327877201272,0.7375475095019004,2.2,4.346978034612708,89.03075537085275,-2.9142395876213776,0.04077637902794931,29.429923125105418,GOOD,64-QAM,HIGH
37.922414027901695,915.2554928877212,5.916327877201272,0.7375475095019004,8.4,4.346978034612708,89.03075537085275,-2.9142395876213776,0.15472785574990325,17.678839543589945,GOOD,64-QAM,HIGH
37.922414027901695,915.2554928877212,5.916327877201272,0.7375475095019004,12.5,4.346978034612708,89.03075537085275,-2.9142395876213776,0.23302028027498742,14.147932580141372,GOOD,16-QAM,MEDIUM
10.624041050927438,1888.8873526804173,7.371435580994577,0.737747549509902,2.2,11.14750042788768,47.4575058310777,13.386613555723525,0.17793950060785793,22.999485708291644,GOOD,64-QAM,HIGH
10.624041050927438,1888.8873526804173,7.371435580994577,0.737747549509902,8.4,11.14750042788768,47.4575058310777,13.386613555723525,0.676006992318379,10.864286111787607,GOOD,16-QAM,MEDIUM
10.624041050927438,1888.8873526804173,7.371435580994577,0.737747549509902,12.5,11.14750042788768,47.4575058310777,13.386613555723525,1.0094499078605157,7.078228657321986,DEGRADED,QPSK,LOW
6.6282162718564965,2187.970551818841,7.449870318063501,0.7379475895179036,2.2,9.40292832395378,77.66113975486051,7.849090293887887,0.2750683180832877,21.62564861598007,GOOD,64-QAM,HIGH
6.6282162718564965,2187.970551818841,7.449870318063501,0.7379475895179036,8.4,9.40292832395378,77.66113975486051,7.849090293887887,1.0799173179535257,9.183667511316301,DEGRADED,16-QAM,MEDIUM
6.6282162718564965,2187.970551818841,7.449870318063501,0.7379475895179036,12.5,9.40292832395378,77.66113975486051,7.849090293887887,1.56053351328075,5.250436777065602,DEGRADED,QPSK,LOW
75.28297768268402,618.5210665435543,1.9053397819663664,0.7381476295259052,2.2,21.4009676219822,59.42870443248403,17.525207038510892,0.05823273098074169,32.816223730820944,GOOD,64-QAM,HIGH
75.28297768268402,618.5210665435543,1.9053397819663664,0.7381476295259052,8.4,21.4009676219822,59.42870443248403,17.525207038510892,0.22379918858724765,21.013525168420912,GOOD,64-QAM,HIGH
75.28297768268402,618.5210665435543,1.9053397819663664,0.7381476295259052,12.5,21.4009676219822,59.42870443248403,17.525207038510892,0.3333546714085631,17.45135514667612,GOOD,64-QAM,HIGH
49.602529201221735,764.6886543911396,4.860647129481605,0.7383476695339067,2.2,32.91418917130787,32.38834099332524,25.323824360970143,0.09745738659952592,30.934396063895015,GOOD,64-QAM,HIGH
49.602529201221735,764.6886543911396,4.860647129481605,0.7383476695339067,8.4,32.91418917130787,32.38834099332524,25.323824360970143,0.3722907363631687,19.022430609337846,GOOD,64-QAM,HIGH
49.602529201221735,764.6886543911396,4.860647129481605,0.7383476695339067,12.5,32.91418917130787,32.38834099332524,25.323824360970143,0.5521124240222128,15.389994382755319,GOOD,64-QAM,HIGH
70.89574440597069,631.7257256110215,2.4546606249929424,0.7385477095419084,2.2,13.190303747317875,75.78116386894004,24.2361268610666,0.045789194467891155,32.64518593065545,GOOD,64-QAM,HIGH
70.89574440597069,631.7257256110215,2.4546606249929424,0.7385477095419084,8.4,13.190303747317875,75.78116386894004,24.2361268610666,0.17527637063648793,20.87856664969334,GOOD,64-QAM,HIGH
70.89574440597069,631.7257256110215,2.4546606249929424,0.7385477095419084,12.5,13.190303747317875,75.78116386894004,24.2361268610666,0.2612932227265093,17.33993525867983,GOOD,64-QAM,HIGH
24.92617600097875,1215.5488911597197,6.801386747338207,0.73874774954991,2.2,0.6034967650308976,40.11414866352677,15.775995795718831,0.030237600198571826,26.97586015351996,GOOD,64-QAM,HIGH
24.92617600097875,1215.5488911597197,6.801386747338207,0.73874774954991,8.4,0.6034967650308976,40.11414866352677,15.775995795718831,0.11524629360867482,15.253719355316335,GOOD,64-QAM,HIGH
24.92617600097875,1215.5488911597197,6.801386747338207,0.73874774954991,12.5,0.6034967650308976,40.11414866352677,15.775995795718831,0.16836191705698206,11.747989192944544,GOOD,16-QAM,MEDIUM
34.33211836862487,980.2381792846376,6.193367011466213,0.7389477895579116,2.2,25.946868213237845,67.88841402796501,13.216743680519276,0.11811631577923269,28.756797791048555,GOOD,64-QAM,HIGH
34.33211836862487,980.2381792846376,6.193367011466213,0.7389477895579116,8.4,25.946868213237845,67.88841402796501,13.216743680519276,0.4526558088909172,16.78512619314334,GOOD,64-QAM,HIGH
34.33211836862487,980.2381792846376,6.193367011466213,0.7389477895579116,12.5,25.946868213237845,67.88841402796501,13.216743680519276,0.6719192123917895,13.113248250718996,GOOD,16-QAM,MEDIUM
7.558829137962109,2112.7895388881648,7.434827395743847,0.7391478295659132,2.2,30.287974467948604,35.13985164281837,9.890779756112938,0.5759356768678702,21.628485949283842,GOOD,64-QAM,HIGH
7.558829137962109,2112.7895388881648,7.434827395743847,0.7391478295659132,8.4,30.287974467948604,35.13985164281837,9.890779756112938,2.256685146218212,8.310604375139974,DEGRADED,16-QAM,MEDIUM
7.558829137962109,2112.7895388881648,7.434827395743847,0.7391478295659132,12.5,30.287974467948604,35.13985164281837,9.890779756112938,3.322494515222945,3.7921804672117645,DEGRADED,QPSK,LOW
86.72684758879953,600.8958243977422,0.428221641194803,0.7393478695739147,2.2,48.14352470009048,86.81204384975788,33.09549741521897,0.11491159594898186,33.01065106504957,GOOD,64-QAM,HIGH
86.72684758879953,600.8958243977422,0.428221641194803,0.7393478695739147,8.4,48.14352470009048,86.81204384975788,33.09549741521897,0.43892868940002294,21.049501866805002,GOOD,64-QAM,HIGH
86.72684758879953,600.8958243977422,0.428221641194803,0.7393478695739147,12.5,48.14352470009048,86.81204384975788,33.09549741521897,0.6522349254997037,17.38358109178185,GOOD,64-QAM,HIGH
61.76877206956914,672.7598710053362,3.5477327374394663,0.7395479095819164,2.2,29.47354015466234,47.503433230821656,6.542590243632247,0.07925470325348113,32.065090107760525,GOOD,64-QAM,HIGH
61.76877206956914,672.7598710053362,3.5477327374394663,0.7395479095819164,8.4,29.47354015466234,47.503433230821656,6.542590243632247,0.30133392342837373,20.205878782792112,GOOD,64-QAM,HIGH
61.76877206956914,672.7598710053362,3.5477327374394663,0.7395479095819164,12.5,29.47354015466234,47.503433230821656,6.542590243632247,0.45012881498754015,16.604469352309465,GOOD,64-QAM,HIGH
84.32243245954103,602.7016226775786,0.7419761828072725,0.739747949589918,2.2,23.558627968907093,43.5878815006437,2.968291058374742,0.05774724974516225,33.04175191905445,GOOD,64-QAM,HIGH
84.32243245954103,602.7016226775786,0.7419761828072725,0.739747949589918,8.4,23.558627968907093,43.5878815006437,2.968291058374742,0.22024593135395917,21.24212113265213,GOOD,64-QAM,HIGH
84.32243245954103,602.7016226775786,0.7419761828072725,0.739747949589918,12.5,23.558627968907093,43.5878815006437,2.968291058374742,0.3282640563949072,17.681488468687704,GOOD,64-QAM,HIGH
27.567194631471143,1137.9435587779603,6.648515246387582,0.7399479895979196,2.2,28.67008129488519,37.748184243980056,27.16577468276356,0.14682757494146717,27.432304370933636,GOOD,64-QAM,HIGH
27.567194631471143,1137.9435587779603,6.648515246387582,0.7399479895979196,8.4,28.67008129488519,37.748184243980056,27.16577468276356,0.5654908083216089,15.37650903275997,GOOD,64-QAM,HIGH
27.567194631471143,1137.9435587779603,6.648515246387582,0.7399479895979196,12.5,28.67008129488519,37.748184243980056,27.16577468276356,0.8390613257985761,11.650323976359516,GOOD,16-QAM,MEDIUM
56.97440695418117,703.0557256898792,4.087602003614927,0.7401480296059212,2.2,46.39503149310135,86.76013160034287,7.988173084836323,0.1319062821650836,31.62984511164968,GOOD,64-QAM,HIGH
56.97440695418117,703.0557256898792,4.087602003614927,0.7401480296059212,8.4,46.39503149310135,86.76013160034287,7.988173084836323,0.5031707866829978,19.62144850233824,GOOD,64-QAM,HIGH
56.97440695418117,703.0557256898792,4.087602003614927,0.7401480296059212,12.5,46.39503149310135,86.76013160034287,7.988173084836323,0.749232833486738,15.922771916611012,GOOD,64-QAM,HIGH
62.67249730487421,667.7824367392514,3.443070368114894,0.7403480696139227,2.2,41.41890728008232,72.7142245464783,32.34992998786342,0.11018784443457683,32.098658688226365,GOOD,64-QAM,HIGH
62.67249730487421,667.7824367392514,3.443070368114894,0.7403480696139227,8.4,41.41890728008232,72.7142245464783,32.34992998786342,0.4223480868150257,20.1493663410524,GOOD,64-QAM,HIGH
62.67249730487421,667.7824367392514,3.443070368114894,0.7403480696139227,12.5,41.41890728008232,72.7142245464783,32.34992998786342,0.6256556071820126,16.493444281761924,GOOD,64-QAM,HIGH
31.991724521895016,1028.9908152824933,6.360934693872873,0.7405481096219244,2.2,16.1489366681904,74.49965332308531,6.394435931857238,0.08663082192999652,28.366685595821984,GOOD,64-QAM,HIGH
31.991724521895016,1028.9908152824933,6.360934693872873,0.7405481096219244,8.4,16.1489366681904,74.49965332308531,6.394435931857238,0.33334109283944663,16.48284322011901,GOOD,64-QAM,HIGH
31.991724521895016,1028.9908152824933,6.360934693872873,0.7405481096219244,12.5,16.1489366681904,74.49965332308531,6.394435931857238,0.49552955927577036,12.868040214759205,GOOD,16-QAM,MEDIUM
77.08928497632856,614.175907222263,1.675743034332965,0.740748149629926,2.2,11.862718182856865,59.96427368281468,25.09724122872941,0.03981989539092006,32.89587096779697,GOOD,64-QAM,HIGH
77.08928497632856,614.175907222263,1.675743034332965,0.740748149629926,8.4,11.862718182856865,59.96427368281468,25.09724122872941,0.1532096125084661,21.145349145885902,GOOD,64-QAM,HIGH
77.08928497632856,614.175907222263,1.675743034332965,0.740748149629926,12.5,11.862718182856865,59.96427368281468,25.09724122872941,0.2269275657027075,17.61901665376817,GOOD,64-QAM,HIGH
85.50872434652106,601.6883921883882,0.5873047173013413,0.7409481896379276,2.2,13.13168061830368,58.48366711622901,-7.744549685733196,0.040836100590072734,33.073277620264406,GOOD,64-QAM,HIGH
85.50872434652106,601.6883921883882,0.5873047173013413,0.7409481896379276,8.4,13.13168061830368,58.48366711622901,-7.744549685733196,0.15635632326467228,21.32062529279628,GOOD,64-QAM,HIGH
85.50872434652106,601.6883921883882,0.5873047173013413,0.7409481896379276,12.5,13.13168061830368,58.48366711622901,-7.744549685733196,0.23301022466543225,17.791356852472035,GOOD,64-QAM,HIGH
80.21268500416036,608.083879579207,1.2749349789578546,0.7411482296459292,2.2,25.22105198576065,36.6012745794886,9.278144005516,0.06146025701596584,32.96081631984197,GOOD,64-QAM,HIGH
80.21268500416036,608.083879579207,1.2749349789578546,0.7411482296459292,8.4,25.22105198576065,36.6012745794886,9.278144005516,0.23450161027408464,21.15064286179033,GOOD,64-QAM,HIGH
80.21268500416036,608.083879579207,1.2749349789578546,0.7411482296459292,12.5,25.22105198576065,36.6012745794886,9.278144005516,0.349979308823505,17.58255062431742,GOOD,64-QAM,HIGH
67.82069295484666,643.3727477913562,2.831297809376401,0.7413482696539307,2.2,37.20247256142889,63.59046573503951,7.161508748377575,0.097376521860027,32.43491664254644,GOOD,64-QAM,HIGH
67.82069295484666,643.3727477913562,2.831297809376401,0.7413482696539307,8.4,37.20247256142889,63.59046573503951,7.161508748377575,0.36837276465120267,20.526788294961747,GOOD,64-QAM,HIGH
67.82069295484666,643.3727477913562,2.831297809376401,0.7413482696539307,12.5,37.20247256142889,63.59046573503951,7.161508748377575,0.5529491911314918,16.889597329557972,GOOD,64-QAM,HIGH
28.58449777662109,1110.7243249729029,6.5858434535664045,0.7415483096619324,2.2,25.160960359148103,44.81498970652743,30.83393696379617,0.13247752063243426,27.656943201644182,GOOD,64-QAM,HIGH
28.58449777662109,1110.7243249729029,6.5858434535664045,0.7415483096619324,8.4,25.160960359148103,44.81498970652743,30.83393696379617,0.513664882300997,15.638623735182094,GOOD,64-QAM,HIGH
28.58449777662109,1110.7243249729029,6.5858434535664045,0.7415483096619324,12.5,25.160960359148103,44.81498970652743,30.83393696379617,0.755365833780607,11.944308244779009,GOOD,16-QAM,MEDIUM
28.937363578978697,1101.6035849270338,6.563618879901048,0.741748349669934,2.2,3.389819791405629,88.62871996802434,38.35277016141551,0.053127624960999896,27.807911947250524,GOOD,64-QAM,HIGH
28.937363578978697,1101.6035849270338,6.563618879901048,0.741748349669934,8.4,3.389819791405629,88.62871996802434,38.35277016141551,0.21084036120502092,16.013067106212986,GOOD,64-QAM,HIGH
28.937363578978697,1101.6035849270338,6.563618879901048,0.741748349669934,12.5,3.389819791405629,88.62871996802434,38.35277016141551,0.3003316198213811,12.47096130867314,GOOD,16-QAM,MEDIUM
86.88562723791323,600.8109313311761,0.4074697216684548,0.7419483896779356,2.2,36.17903502199905,77.79485640090884,13.044063834648073,0.0913656166259464,33.03542425193374,GOOD,64-QAM,HIGH
86.88562723791323,600.8109313311761,0.4074697216684548,0.7419483896779356,8.4,36.17903502199905,77.79485640090884,13.044063834648073,0.3484934553508673,21.1411643084153,GOOD,64-QAM,HIGH
86.88562723791323,600.8109313311761,0.4074697216684548,0.7419483896779356,12.5,36.17903502199905,77.79485640090884,13.044063834648073,0.5198556396785045,17.517187585164166,GOOD,64-QAM,HIGH
5.874182154533822,2251.470989798163,7.460617763296623,0.7421484296859372,2.2,40.29850643354769,54.77952361157325,31.2418138576879,0.8885150752073184,20.763704199329283,GOOD,64-QAM,HIGH
5.874182154533822,2251.470989798163,7.460617763296623,0.7421484296859372,8.4,40.29850643354769,54.77952361157325,31.2418138576879,3.4028569825466324,6.612230187196445,DEGRADED,QPSK,LOW
5.874182154533822,2251.470989798163,7.460617763296623,0.7421484296859372,12.5,40.29850643354769,54.77952361157325,31.2418138576879,5.055317560152599,1.5071550706669967,DEGRADED,LINK-OFF,NONE
65.86424772558229,651.8905886509547,3.066749885423746,0.7423484696939388,2.2,14.474893255985982,39.080475521491984,24.984735047868256,0.04123062186732018,32.376821538229855,GOOD,64-QAM,HIGH
65.86424772558229,651.8905886509547,3.066749885423746,0.7423484696939388,8.4,14.474893255985982,39.080475521491984,24.984735047868256,0.1585948130473524,20.622325242256295,GOOD,64-QAM,HIGH
65.86424772558229,651.8905886509547,3.066749885423746,0.7423484696939388,12.5,14.474893255985982,39.080475521491984,24.984735047868256,0.2356064536077255,17.09269906277244,GOOD,64-QAM,HIGH
65.03092381719728,655.7944839734173,3.165967841784496,0.7425485097019404,2.2,33.20628696416752,77.11990146832704,38.36929938318466,0.09151605819373923,32.2746751372491,GOOD,64-QAM,HIGH
65.03092381719728,655.7944839734173,3.165967841784496,0.7425485097019404,8.4,33.20628696416752,77.11990146832704,38.36929938318466,0.35021649766371943,20.378842592985592,GOOD,64-QAM,HIGH
65.03092381719728,655.7944839734173,3.165967841784496,0.7425485097019404,12.5,33.20628696416752,77.11990146832704,38.36929938318466,0.5172856819451336,16.75915886978069,GOOD,64-QAM,HIGH
57.92861098073279,696.4748594708017,3.9823162351768335,0.742748549709942,2.2,21.329595052719668,37.32322602487896,30.55542571714124,0.06046715540109787,31.78297034031077,GOOD,64-QAM,HIGH
57.92861098073279,696.4748594708017,3.9823162351768335,0.742748549709942,8.4,21.329595052719668,37.32322602487896,30.55542571714124,0.22931294266667285,19.97699244825168,GOOD,64-QAM,HIGH
57.92861098073279,696.4748594708017,3.9823162351768335,0.742748549709942,12.5,21.329595052719668,37.32322602487896,30.55542571714124,0.3408049332311776,16.412885918763678,GOOD,64-QAM,HIGH
89.15925191738359,600.0590409564902,0.1100497172249956,0.7429485897179436,2.2,44.45596778637214,41.36002520982423,-6.1260967018134735,0.10102910517205671,33.03663760737338,GOOD,64-QAM,HIGH
89.15925191738359,600.0590409564902,0.1100497172249956,0.7429485897179436,8.4,44.45596778637214,41.36002520982423,-6.1260967018134735,0.3866634455002235,21.113871162251698,GOOD,64-QAM,HIGH
89.15925191738359,600.0590409564902,0.1100497172249956,0.7429485897179436,12.5,44.45596778637214,41.36002520982423,-6.1260967018134735,0.5761124543289798,17.471807614499454,GOOD,64-QAM,HIGH
31.509752039916645,1039.73604019412,6.394134150214622,0.7431486297259452,2.2,42.261277908037,42.69123106465365,25.664086119111808,0.18357427812125734,28.179510143254674,GOOD,64-QAM,HIGH
31.509752039916645,1039.73604019412,6.394134150214622,0.7431486297259452,8.4,42.261277908037,42.69123106465365,25.664086119111808,0.7045915696117165,16.021360746970686,GOOD,64-QAM,HIGH
31.509752039916645,1039.73604019412,6.394134150214622,0.7431486297259452,12.5,42.261277908037,42.69123106465365,25.664086119111808,1.0431356179020377,12.230202159756885,GOOD,16-QAM,MEDIUM
33.897608422426096,988.8791414870816,6.225266738675824,0.7433486697339468,2.2,26.27159991548212,63.413438296385664,16.774985771118683,0.11879882966743535,28.679883226345517,GOOD,64-QAM,HIGH
33.897608422426096,988.8791414870816,6.225266738675824,0.7433486697339468,8.4,26.27159991548212,63.413438296385664,16.774985771118683,0.45367483892558436,16.70787511229385,GOOD,64-QAM,HIGH
33.897608422426096,988.8791414870816,6.225266738675824,0.7433486697339468,12.5,26.27159991548212,63.413438296385664,16.774985771118683,0.6790822827889184,13.029853129507032,GOOD,16-QAM,MEDIUM
11.70984925045722,1817.777868415931,7.343909524820305,0.7435487097419484,2.2,34.57527729067972,77.22339923942198,-9.178197103383642,0.41048400224039505,23.100246150299512,GOOD,64-QAM,HIGH
11.70984925045722,1817.777868415931,7.343909524820305,0.7435487097419484,8.4,34.57527729067972,77.22339923942198,-9.178197103383642,1.5901293291736571,10.28346871857272,GOOD,16-QAM,MEDIUM
11.70984925045722,1817.777868415931,7.343909524820305,0.7435487097419484,12.5,34.57527729067972,77.22339923942198,-9.178197103383642,2.3395987587065927,6.081384750116314,DEGRADED,QPSK,LOW
42.63784160621768,844.8086651058193,5.517374075114853,0.74374874974995,2.2,44.1674850511052,48.85889272348153,2.565647936272184,0.14667318795912876,30.019706001168878,GOOD,64-QAM,HIGH
42.63784160621768,844.8086651058193,5.517374075114853,0.74374874974995,8.4,44.1674850511052,48.85889272348153,2.565647936272184,0.5647923211232538,17.964454763211236,GOOD,64-QAM,HIGH
42.63784160621768,844.8086651058193,5.517374075114853,0.74374874974995,12.5,44.1674850511052,48.85889272348153,2.565647936272184,0.8357314036202674,14.24090114179073,GOOD,16-QAM,MEDIUM
27.18912472996209,1148.421403265986,6.671273390193874,0.7439487897579516,2.2,24.78585050391377,35.08018885651737,36.08776225134465,0.13222201048179522,27.367298815120193,GOOD,64-QAM,HIGH
27.18912472996209,1148.421403265986,6.671273390193874,0.7439487897579516,8.4,24.78585050391377,35.08018885651737,36.08776225134465,0.5104528223684984,15.351935898439976,GOOD,64-QAM,HIGH
27.18912472996209,1148.421403265986,6.671273390193874,0.7439487897579516,12.5,24.78585050391377,35.08018885651737,36.08776225134465,0.7589099934341978,11.650864188450782,GOOD,16-QAM,MEDIUM
34.18786968509976,983.0869103658524,6.203996674657354,0.7441488297659532,2.2,15.662537024441098,57.87230781146515,36.303068639337646,0.07147824661650938,28.778229865264294,GOOD,64-QAM,HIGH
34.18786968509976,983.0869103658524,6.203996674657354,0.7441488297659532,8.4,15.662537024441098,57.87230781146515,36.303068639337646,0.27115367264181806,16.941422334445463,GOOD,64-QAM,HIGH
34.18786968509976,983.0869103658524,6.203996674657354,0.7441488297659532,12.5,15.662537024441098,57.87230781146515,36.303068639337646,0.4031633151518429,13.356798153011951,GOOD,16-QAM,MEDIUM
75.93860217172835,616.8726626980906,1.8222113987046813,0.7443488697739548,2.2,37.68330689547906,74.88661446959614,29.94252301003172,0.09492319186732669,32.802712701784955,GOOD,64-QAM,HIGH
75.93860217172835,616.8726626980906,1.8222113987046813,0.7443488697739548,8.4,37.68330689547906,74.88661446959614,29.94252301003172,0.36297708634373727,20.897526702515023,GOOD,64-QAM,HIGH
75.93860217172835,616.8726626980906,1.8222113987046813,0.7443488697739548,12.5,37.68330689547906,74.88661446959614,29.94252301003172,0.539217227834559,17.268672022100716,GOOD,64-QAM,HIGH
84.51618364983713,602.5197899624309,0.7167344332979434,0.7445489097819564,2.2,11.00331273923459,43.2998305852433,39.08898016389947,0.03155238279455834,33.07056768021053,GOOD,64-QAM,HIGH
84.51618364983713,602.5197899624309,0.7167344332979434,0.7445489097819564,8.4,11.00331273923459,43.2998305852433,39.08898016389947,0.1207598308184868,21.34422812739308,GOOD,64-QAM,HIGH
84.51618364983713,602.5197899624309,0.7167344332979434,0.7445489097819564,12.5,11.00331273923459,43.2998305852433,39.08898016389947,0.18060320317076434,17.83177021611732,GOOD,64-QAM,HIGH
20.787311120440776,1360.7588980045934,7.0117822232019575,0.744748949789958,2.2,19.4265574003021,43.19547288236245,30.327261231210244,0.13632174016659285,25.889600986375243,GOOD,64-QAM,HIGH
20.787311120440776,1360.7588980045934,7.0117822232019575,0.744748949789958,8.4,19.4265574003021,43.19547288236245,30.327261231210244,0.5192734666613873,13.869517155086925,GOOD,16-QAM,MEDIUM
20.787311120440776,1360.7588980045934,7.0117822232019575,0.744748949789958,12.5,19.4265574003021,43.19547288236245,30.327261231210244,0.7725899575165271,10.1635861253083,GOOD,16-QAM,MEDIUM
36.6632591820446,936.8072655950136,6.016190290862169,0.7449489897979596,2.2,43.286361855339685,86.83362164080265,-9.48979063573774,0.17348442991659496,29.09505694694782,GOOD,64-QAM,HIGH
36.6632591820446,936.8072655950136,6.016190290862169,0.7449489897979596,8.4,43.286361855339685,86.83362164080265,-9.48979063573774,0.660587460162287,16.970821811908607,GOOD,64-QAM,HIGH
36.6632591820446,936.8072655950136,6.016190290862169,0.7449489897979596,12.5,43.286361855339685,86.83362164080265,-9.48979063573774,0.9905072981424202,13.188287435004995,GOOD,16-QAM,MEDIUM
83.9335977798085,603.0858651876761,0.7926073605335284,0.7451490298059612,2.2,36.22111701346575,87.24922362715068,4.391717015075589,0.09242361742946992,33.00153976967808,GOOD,64-QAM,HIGH
83.9335977798085,603.0858651876761,0.7926073605335284,0.7451490298059612,8.4,36.22111701346575,87.24922362715068,4.391717015075589,0.35094303998862825,21.105888242325406,GOOD,64-QAM,HIGH
83.9335977798085,603.0858651876761,0.7926073605335284,0.7451490298059612,12.5,36.22111701346575,87.24922362715068,4.391717015075589,0.5255417926056264,17.47867495078492,GOOD,64-QAM,HIGH
10.253719158583923,1914.086209972124,7.380218587346684,0.7453490698139628,2.2,20.190550262374963,89.42794392369458,-8.468790888111856,0.30395085992186477,22.758365635674252,GOOD,64-QAM,HIGH
10.253719158583923,1914.086209972124,7.380218587346684,0.7453490698139628,8.4,20.190550262374963,89.42794392369458,-8.468790888111856,1.1523524804198566,10.272831910382749,GOOD,16-QAM,MEDIUM
10.253719158583923,1914.086209972124,7.380218587346684,0.7453490698139628,12.5,20.190550262374963,89.42794392369458,-8.468790888111856,1.6950865358770242,6.27748331600209,DEGRADED,QPSK,LOW
12.850644889467173,1747.3595482549492,7.31214856663645,0.7455491098219644,2.2,10.73722512041787,78.4595760944868,-5.294601563122027,0.1768658759527353,23.677034957952657,GOOD,64-QAM,HIGH
12.850644889467173,1747.3595482549492,7.31214856663645,0.7455491098219644,8.4,10.73722512041787,78.4595760944868,-5.294601563122027,0.6745882210657791,11.542180508046087,GOOD,16-QAM,MEDIUM
12.850644889467173,1747.3595482549492,7.31214856663645,0.7455491098219644,12.5,10.73722512041787,78.4595760944868,-5.294601563122027,1.0015861505363512,7.762568039652024,DEGRADED,QPSK,LOW
18.8372340825295,1441.0332599639896,7.098297251347423,0.745749149829966,2.2,17.798419541611825,41.291050150076735,0.9420408475388022,0.14576645758209644,25.382299831524207,GOOD,64-QAM,HIGH
18.8372340825295,1441.0332599639896,7.098297251347423,0.745749149829966,8.4,17.798419541611825,41.291050150076735,0.9420408475388022,0.5477441537709645,13.34319003054182,GOOD,16-QAM,MEDIUM
18.8372340825295,1441.0332599639896,7.098297251347423,0.745749149829966,12.5,17.798419541611825,41.291050150076735,0.9420408475388022,0.8079652587074706,9.63035438668183,DEGRADED,16-QAM,MEDIUM
55.593090900784354,713.1051952106791,4.237998726678043,0.7459491898379675,2.2,14.20520746137165,42.71889124795568,15.177927316276122,0.04514038311707577,31.593333991630274,GOOD,64-QAM,HIGH
55.593090900784354,713.1051952106791,4.237998726678043,0.7459491898379675,8.4,14.20520746137165,42.71889124795568,15.177927316276122,0.17081601570867094,19.830526254245157,GOOD,64-QAM,HIGH
55.593090900784354,713.1051952106791,4.237998726678043,0.7459491898379675,12.5,14.20520746137165,42.71889124795568,15.177927316276122,0.2555902652692403,16.293137465761106,GOOD,64-QAM,HIGH
17.790143035509786,1487.730585103512,7.141364770482243,0.7461492298459692,2.2,8.804464397192696,50.41351449134352,32.37660017310089,0.10164433342551395,25.14941622158601,GOOD,64-QAM,HIGH
17.790143035509786,1487.730585103512,7.141364770482243,0.7461492298459692,8.4,8.804464397192696,50.41351449134352,32.37660017310089,0.3921126278117531,13.221815822406242,GOOD,16-QAM,MEDIUM
17.790143035509786,1487.730585103512,7.141364770482243,0.7461492298459692,12.5,8.804464397192696,50.41351449134352,32.37660017310089,0.5780704776989747,9.583243433595541,DEGRADED,16-QAM,MEDIUM
87.28649242331235,600.6154538521769,0.3550645452878582,0.7463492698539708,2.2,37.16664567828283,49.08795188000945,33.0983378078554,0.0864402867703747,33.04317604847133,GOOD,64-QAM,HIGH
87.28649242331235,600.6154538521769,0.3550645452878582,0.7463492698539708,8.4,37.16664567828283,49.08795188000945,33.0983378078554,0.3304346682081311,21.162049562240057,GOOD,64-QAM,HIGH
87.28649242331235,600.6154538521769,0.3550645452878582,0.7463492698539708,12.5,37.16664567828283,49.08795188000945,33.0983378078554,0.4912828514472764,17.54858684007742,GOOD,64-QAM,HIGH
42.97073481697423,840.3839435078453,5.487764648224499,0.7465493098619724,2.2,12.603494342508576,87.39166494468054,20.810092927864822,0.06656193642399653,30.145429524680083,GOOD,64-QAM,HIGH
42.97073481697423,840.3839435078453,5.487764648224499,0.7465493098619724,8.4,12.603494342508576,87.39166494468054,20.810092927864822,0.25608337924438485,18.318775977066167,GOOD,64-QAM,HIGH
42.97073481697423,840.3839435078453,5.487764648224499,0.7465493098619724,12.5,12.603494342508576,87.39166494468054,20.810092927864822,0.380527296065065,14.741717521322002,GOOD,16-QAM,MEDIUM
47.62902662976414,784.9254919883651,5.054461440122422,0.746749349869974,2.2,22.708373508388192,77.34443897290161,36.40879695331175,0.08329840910492878,30.72167929697399,GOOD,64-QAM,HIGH
47.62902662976414,784.9254919883651,5.054461440122422,0.746749349869974,8.4,22.708373508388192,77.34443897290161,36.40879695331175,0.320342298042172,18.847503303243215,GOOD,64-QAM,HIGH
47.62902662976414,784.9254919883651,5.054461440122422,0.746749349869974,12.5,22.708373508388192,77.34443897290161,36.40879695331175,0.4718487745143971,15.24338228784751,GOOD,64-QAM,HIGH
25.96598234345955,1183.7353907644565,6.742906182266345,0.7469493898779755,2.2,19.29297234180545,73.44052752969324,15.003116329510403,0.11680282810571548,27.119650912681365,GOOD,64-QAM,HIGH
25.96598234345955,1183.7353907644565,6.742906182266345,0.7469493898779755,8.4,19.29297234180545,73.44052752969324,15.003116329510403,0.43968696940244373,15.159634666591117,GOOD,64-QAM,HIGH
25.96598234345955,1183.7353907644565,6.742906182266345,0.7469493898779755,12.5,19.29297234180545,73.44052752969324,15.003116329510403,0.654971084255779,11.4917360128143,GOOD,16-QAM,MEDIUM
45.03162145695234,814.4185138698986,5.300373167385104,0.7471494298859772,2.2,49.10386893178154,41.15779344348791,34.45180220666008,0.14938852173447606,30.33520510665968,GOOD,64-QAM,HIGH
45.03162145695234,814.4185138698986,5.300373167385104,0.7471494298859772,8.4,49.10386893178154,41.15779344348791,34.45180220666008,0.5686527595767152,18.278808764023907,GOOD,64-QAM,HIGH
45.03162145695234,814.4185138698986,5.300373167385104,0.7471494298859772,12.5,49.10386893178154,41.15779344348791,34.45180220666008,0.8452541178053561,14.54959286687179,GOOD,16-QAM,MEDIUM
61.26265877414598,675.6440715408098,3.605962916623648,0.7473494698939788,2.2,19.554612207411022,84.57153356173978,12.703262816600606,0.06445765152895122,32.04272932426872,GOOD,64-QAM,HIGH
61.26265877414598,675.6440715408098,3.605962916623648,0.7473494698939788,8.4,19.554612207411022,84.57153356173978,12.703262816600606,0.24521967699804553,20.224835194006104,GOOD,64-QAM,HIGH
61.26265877414598,675.6440715408098,3.605962916623648,0.7473494698939788,12.5,19.554612207411022,84.57153356173978,12.703262816600606,0.36373648026150723,16.65370385181916,GOOD,64-QAM,HIGH
68.85005664109363,639.2431607049875,2.7060742837887863,0.7475495099019804,2.2,3.99912413983774,79.67222277037044,3.8612503710941137,0.026316890185514565,32.56190768967974,GOOD,64-QAM,HIGH
68.85005664109363,639.2431607049875,2.7060742837887863,0.7475495099019804,8.4,3.99912413983774,79.67222277037044,3.8612503710941137,0.100968272589729,20.850124202482007,GOOD,64-QAM,HIGH
68.85005664109363,639.2431607049875,2.7060742837887863,0.7475495099019804,12.5,3.99912413983774,79.67222277037044,3.8612503710941137,0.1489771623680178,17.349500773780235,GOOD,64-QAM,HIGH
69.07878703034261,638.357565840437,2.678128883575458,0.747749549909982,2.2,4.491287628604201,39.81851047967543,35.82064590502139,0.018400251094114233,32.58186593195702,GOOD,64-QAM,HIGH
69.07878703034261,638.357565840437,2.678128883575458,0.747749549909982,8.4,4.491287628604201,39.81851047967543,35.82064590502139,0.07004166502079069,20.893092413236815,GOOD,64-QAM,HIGH
69.07878703034261,638.357565840437,2.678128883575458,0.747749549909982,12.5,4.491287628604201,39.81851047967543,35.82064590502139,0.1043114580487915,17.406208081285328,GOOD,64-QAM,HIGH
54.12074457899751,724.5320177473131,4.395592752420849,0.7479495899179835,2.2,29.53768606765324,82.27021991765835,9.396753783943469,0.09259203328128568,31.407802708064843,GOOD,64-QAM,HIGH
54.12074457899751,724.5320177473131,4.395592752420849,0.7479495899179835,8.4,29.53768606765324,82.27021991765835,9.396753783943469,0.35175884053706935,19.511503796015532,GOOD,64-QAM,HIGH
54.12074457899751,724.5320177473131,4.395592752420849,0.7479495899179835,12.5,29.53768606765324,82.27021991765835,9.396753783943469,0.5190558584853593,15.891592239143762,GOOD,64-QAM,HIGH
81.87058087447787,605.5591840246889,1.0605716361465736,0.7481496299259852,2.2,29.96817758691328,46.33485218222828,15.170205442223082,0.07105349907779676,32.987360982320304,GOOD,64-QAM,HIGH
81.87058087447787,605.5591840246889,1.0605716361465736,0.7481496299259852,8.4,29.96817758691328,46.33485218222828,15.170205442223082,0.2724186665245804,21.148863710079993,GOOD,64-QAM,HIGH
81.87058087447787,605.5591840246889,1.0605716361465736,0.7481496299259852,12.5,29.96817758691328,46.33485218222828,15.170205442223082,0.4044385728312944,17.5642292648498,GOOD,64-QAM,HIGH
74.4796670210193,620.6532440906758,2.006852474565041,0.7483496699339868,2.2,20.937949524132748,34.852184749926366,6.443031626533859,0.05198072717439682,32.79258506148972,GOOD,64-QAM,HIGH
74.4796670210193,620.6532440906758,2.006852474565041,0.7483496699339868,8.4,20.937949524132748,34.852184749926366,6.443031626533859,0.19884282070122702,21.00859086316936,GOOD,64-QAM,HIGH
74.4796670210193,620.6532440906758,2.006852474565041,0.7483496699339868,12.5,20.937949524132748,34.852184749926366,6.443031626533859,0.2973591812804946,17.457459963666608,GOOD,64-QAM,HIGH
69.34908974938317,637.3258263721864,2.64504934877011,0.7485497099419884,2.2,21.59218461560148,69.40933839085261,23.14188001453649,0.06306412438721949,32.55125190389216,GOOD,64-QAM,HIGH
69.34908974938317,637.3258263721864,2.64504934877011,0.7485497099419884,8.4,21.59218461560148,69.40933839085261,23.14188001453649,0.2414862214402099,20.73569770204564,GOOD,64-QAM,HIGH
69.34908974938317,637.3258263721864,2.64504934877011,0.7485497099419884,12.5,21.59218461560148,69.40933839085261,23.14188001453649,0.36013182157907975,17.164437562983295,GOOD,64-QAM,HIGH
9.726469342839152,1950.817226024912,7.392191442425757,0.74874974994999,2.2,2.6966291420435606,69.22827956305983,39.751561250301776,0.11133754534922709,22.785877201697005,GOOD,64-QAM,HIGH
9.726469342839152,1950.817226024912,7.392191442425757,0.74874974994999,8.4,2.6966291420435606,69.22827956305983,39.751561250301776,0.4223074887143252,10.837775153538388,GOOD,16-QAM,MEDIUM
9.726469342839152,1950.817226024912,7.392191442425757,0.74874974994999,12.5,2.6966291420435606,69.22827956305983,39.751561250301776,0.6310560506631573,7.176412052666066,DEGRADED,QPSK,LOW
5.584626788670192,2276.4811203747067,7.464401601997337,0.7489497899579916,2.2,25.82732551946312,35.69592057393709,-8.724322556761518,0.6194693321359854,20.936795993247642,GOOD,64-QAM,HIGH
5.584626788670192,2276.4811203747067,7.464401601997337,0.7489497899579916,8.4,25.82732551946312,35.69592057393709,-8.724322556761518,2.3590456418137946,7.560087578776319,DEGRADED,QPSK,LOW
5.584626788670192,2276.4811203747067,7.464401601997337,0.7489497899579916,12.5,25.82732551946312,35.69592057393709,-8.724322556761518,3.513330822516416,2.953187859150205,DEGRADED,QPSK,LOW
23.058018561615203,1277.200462995947,6.900815410567473,0.7491498299659932,2.2,25.236973769017585,49.131108536194944,34.99240030035507,0.16132092020129882,26.415044117297548,GOOD,64-QAM,HIGH
23.058018561615203,1277.200462995947,6.900815410567473,0.7491498299659932,8.4,25.236973769017585,49.131108536194944,34.99240030035507,0.616605051113282,14.322627881592041,GOOD,16-QAM,MEDIUM
23.058018561615203,1277.200462995947,6.900815410567473,0.7491498299659932,12.5,25.236973769017585,49.131108536194944,34.99240030035507,0.9240420374514322,10.56257635633041,GOOD,16-QAM,MEDIUM
61.39950548264344,674.8572760759116,3.5902457681645776,0.7493498699739948,2.2,7.477465927847227,89.56886773533232,-9.80369715053673,0.03643173075972367,32.080875959631975,GOOD,64-QAM,HIGH
61.39950548264344,674.8572760759116,3.5902457681645776,0.7493498699739948,8.4,7.477465927847227,89.56886773533232,-9.80369715053673,0.13921160825462914,20.34096397734355,GOOD,64-QAM,HIGH
61.39950548264344,674.8572760759116,3.5902457681645776,0.7493498699739948,12.5,7.477465927847227,89.56886773533232,-9.80369715053673,0.20715948526016478,16.820401561414528,GOOD,64-QAM,HIGH
39.9517865550164,883.0646619056715,5.749388001870414,0.7495499099819964,2.2,5.191969305546379,70.70560002052422,8.211394057310553,0.03909538701110155,29.742600882396758,GOOD,64-QAM,HIGH
39.9517865550164,883.0646619056715,5.749388001870414,0.7495499099819964,8.4,5.191969305546379,70.70560002052422,8.211394057310553,0.14851801158844039,17.9960461530259,GOOD,64-QAM,HIGH
39.9517865550164,883.0646619056715,5.749388001870414,0.7495499099819964,12.5,5.191969305546379,70.70560002052422,8.211394057310553,0.22166320649566604,14.47028641919519,GOOD,16-QAM,MEDIUM
39.2045320404415,894.5689545284536,5.811708700325513,0.749749949989998,2.2,6.178624529974525,73.80450999619976,-1.569659685524286,0.04634541062167814,29.62292452948862,GOOD,64-QAM,HIGH
39.2045320404415,894.5689545284536,5.811708700325513,0.749749949989998,8.4,6.178624529974525,73.80450999619976,-1.569659685524286,0.17801231738001536,17.854125517936765,GOOD,64-QAM,HIGH
39.2045320404415,894.5689545284536,5.811708700325513,0.749749949989998,12.5,6.178624529974525,73.80450999619976,-1.569659685524286,0.2644933056970937,14.315029990696203,GOOD,16-QAM,MEDIUM
80.18988549951716,608.1219806958497,1.2778758891407485,0.7499499899979996,2.2,5.051412324562926,42.77503713625834,27.867089033627565,0.01974385355794788,33.00198850277754,GOOD,64-QAM,HIGH
80.18988549951716,608.1219806958497,1.2778758891407485,0.7499499899979996,8.4,5.051412324562926,42.77503713625834,27.867089033627565,0.07489672941563703,21.309703522126327,GOOD,64-QAM,HIGH
80.18988549951716,608.1219806958497,1.2778758891407485,0.7499499899979996,12.5,5.051412324562926,42.77503713625834,27.867089033627565,0.11274396283779313,17.819241749780687,GOOD,64-QAM,HIGH
81.1228420912063,606.6380284959805,1.1573737826427342,0.7501500300060012,2.2,30.48540977683799,34.72692426023486,-7.469457962141326,0.07068604178131647,32.97226771030374,GOOD,64-QAM,HIGH
81.1228420912063,606.6380284959805,1.1573737826427342,0.7501500300060012,8.4,30.48540977683799,34.72692426023486,-7.469457962141326,0.2713008440402974,21.134520803251235,GOOD,64-QAM,HIGH
81.1228420912063,606.6380284959805,1.1573737826427342,0.7501500300060012,12.5,30.48540977683799,34.72692426023486,-7.469457962141326,0.40379211930821307,17.54941498905984,GOOD,64-QAM,HIGH
82.27989744455479,605.0099422855365,1.007504020113038,0.7503500700140028,2.2,9.824132620145932,46.61410138445626,17.674247679216396,0.030404059349009558,33.03589209250403,GOOD,64-QAM,HIGH
82.27989744455479,605.0099422855365,1.007504020113038,0.7503500700140028,8.4,9.824132620145932,46.61410138445626,17.674247679216396,0.11583770871615935,21.31332633834336,GOOD,64-QAM,HIGH
82.27989744455479,605.0099422855365,1.007504020113038,0.7503500700140028,12.5,9.824132620145932,46.61410138445626,17.674247679216396,0.1730425070054154,17.803507001130612,GOOD,64-QAM,HIGH
31.67963650377732,1035.9196941348778,6.382483601951656,0.7505501100220044,2.2,12.571507609373173,44.93390311159152,4.746306692265632,0.07010554177329065,28.324919049155923,GOOD,64-QAM,HIGH
31.67963650377732,1035.9196941348778,6.382483601951656,0.7505501100220044,8.4,12.571507609373173,44.93390311159152,4.746306692265632,0.2674526392594376,16.490439846876257,GOOD,64-QAM,HIGH
31.67963650377732,1035.9196941348778,6.382483601951656,0.7505501100220044,12.5,12.571507609373173,44.93390311159152,4.746306692265632,0.3975692132111847,12.90770873400102,GOOD,16-QAM,MEDIUM
63.73974408283725,662.1818972706678,3.318369171935968,0.750750150030006,2.2,8.678607207571986,44.07264604488319,-3.3164875567648933,0.030343559288396063,32.25165674755989,GOOD,64-QAM,HIGH
63.73974408283725,662.1818972706678,3.318369171935968,0.750750150030006,8.4,8.678607207571986,44.07264604488319,-3.3164875567648933,0.11556036357131258,20.529307838483447,GOOD,64-QAM,HIGH
63.73974408283725,662.1818972706678,3.318369171935968,0.750750150030006,12.5,8.678607207571986,44.07264604488319,-3.3164875567648933,0.17274117177482434,17.01951249135645,GOOD,64-QAM,HIGH
28.088820408321418,1123.8124610173809,6.616640650389244,0.7509501900380076,2.2,47.89176522242515,41.56525931322237,28.59091060513204,0.2256456926581934,27.462023824613397,GOOD,64-QAM,HIGH
28.088820408321418,1123.8124610173809,6.616640650389244,0.7509501900380076,8.4,47.89176522242515,41.56525931322237,28.59091060513204,0.8648762236867797,15.185661188791286,GOOD,64-QAM,HIGH
28.088820408321418,1123.8124610173809,6.616640650389244,0.7509501900380076,12.5,47.89176522242515,41.56525931322237,28.59091060513204,1.2880982452821932,11.30982462827238,GOOD,16-QAM,MEDIUM
21.20183581132823,1344.7457890488486,6.99234160456054,0.7511502300460092,2.2,42.73087315759177,64.48534143932426,0.8708417127628358,0.26397381000906667,25.864768713513,GOOD,64-QAM,HIGH
21.20183581132823,1344.7457890488486,6.99234160456054,0.7511502300460092,8.4,42.73087315759177,64.48534143932426,0.8708417127628358,1.019176707297342,13.472433711431208,GOOD,16-QAM,MEDIUM
21.20183581132823,1344.7457890488486,6.99234160456054,0.7511502300460092,12.5,42.73087315759177,64.48534143932426,0.8708417127628358,1.5112040398820614,9.527791839923012,DEGRADED,16-QAM,MEDIUM
20.69375887452638,1364.4219428722745,7.01611896490901,0.7513502700540108,2.2,11.524741867576044,49.686208550509306,1.1837606027469452,0.09557470590158584,25.90699777382784,GOOD,64-QAM,HIGH
20.69375887452638,1364.4219428722745,7.01611896490901,0.7513502700540108,8.4,11.524741867576044,49.686208550509306,1.1837606027469452,0.36123755219207426,14.004202822743821,GOOD,16-QAM,MEDIUM
20.69375887452638,1364.4219428722745,7.01611896490901,0.7513502700540108,12.5,11.524741867576044,49.686208550509306,1.1837606027469452,0.5329984678402723,10.379827368172144,GOOD,16-QAM,MEDIUM
34.079147773405495,985.2470576558444,6.211982390552008,0.7515503100620124,2.2,16.3783146961063,79.22070090285183,3.75383925689615,0.0779665755120335,28.752676876813766,GOOD,64-QAM,HIGH
34.079147773405495,985.2470576558444,6.211982390552008,0.7515503100620124,8.4,16.3783146961063,79.22070090285183,3.75383925689615,0.3011062390351635,16.892405108497115,GOOD,64-QAM,HIGH
34.079147773405495,985.2470576558444,6.211982390552008,0.7515503100620124,12.5,16.3783146961063,79.22070090285183,3.75383925689615,0.44695371209512036,13.293943096513672,GOOD,16-QAM,MEDIUM
41.54639768128485,859.7921754004246,5.613141679975429,0.751750350070014,2.2,10.494642115249858,41.03684507084304,19.33833819140137,0.04873875746715395,29.964937856663006,GOOD,64-QAM,HIGH
41.54639768128485,859.7921754004246,5.613141679975429,0.751750350070014,8.4,10.494642115249858,41.03684507084304,19.33833819140137,0.18600397474115757,18.190540534595485,GOOD,64-QAM,HIGH
41.54639768128485,859.7921754004246,5.613141679975429,0.751750350070014,12.5,10.494642115249858,41.03684507084304,19.33833819140137,0.27675332455019697,14.647176645862956,GOOD,16-QAM,MEDIUM
75.63067953968081,617.6366562934782,1.8612841123949893,0.7519503900780156,2.2,24.593797973041188,57.87762425211267,22.983296584537413,0.06429792356178171,32.82258719680948,GOOD,64-QAM,HIGH
75.63067953968081,617.6366562934782,1.8612841123949893,0.7519503900780156,8.4,24.593797973041188,57.87762425211267,22.983296584537413,0.24575974123522093,21.00399327434252,GOOD,64-QAM,HIGH
75.63067953968081,617.6366562934782,1.8612841123949893,0.7519503900780156,12.5,24.593797973041188,57.87762425211267,22.983296584537413,0.36636787711959073,17.430770599534668,GOOD,64-QAM,HIGH
15.190742945180528,1615.7257842245035,7.237941320671608,0.7521504300860172,2.2,0.9805266237126796,30.8194701855648,-9.119873814932753,0.04799801875905003,24.48619525215662,GOOD,64-QAM,HIGH
15.190742945180528,1615.7257842245035,7.237941320671608,0.7521504300860172,8.4,0.9805266237126796,30.8194701855648,-9.119873814932753,0.182936027705066,12.714125138417074,GOOD,16-QAM,MEDIUM
15.190742945180528,1615.7257842245035,7.237941320671608,0.7521504300860172,12.5,0.9805266237126796,30.8194701855648,-9.119873814932753,0.27723808033407416,9.167208546864586,DEGRADED,16-QAM,MEDIUM
67.468697028566,644.839757196255,2.8739109562063883,0.7523504700940188,2.2,33.56840044483979,58.90093934731152,2.093481805689516,0.08616214943848416,32.42634811851587,GOOD,64-QAM,HIGH
67.468697028566,644.839757196255,2.8739109562063883,0.7523504700940188,8.4,33.56840044483979,58.90093934731152,2.093481805689516,0.3274256950888724,20.547952468071955,GOOD,64-QAM,HIGH
67.468697028566,644.839757196255,2.8739109562063883,0.7523504700940188,12.5,33.56840044483979,58.90093934731152,2.093481805689516,0.48699564033912557,16.935767983898216,GOOD,64-QAM,HIGH
50.17366770609095,759.1555385784004,4.803470427221979,0.7525505101020205,2.2,26.15790749088208,33.350293252588465,11.548542125264142,0.07880685813111625,31.016124228175244,GOOD,64-QAM,HIGH
50.17366770609095,759.1555385784004,4.803470427221979,0.7525505101020205,8.4,26.15790749088208,33.350293252588465,11.548542125264142,0.3025629541354946,19.15523602737734,GOOD,64-QAM,HIGH
50.17366770609095,759.1555385784004,4.803470427221979,0.7525505101020205,12.5,26.15790749088208,33.350293252588465,11.548542125264142,0.4486592977355132,15.556525144853836,GOOD,64-QAM,HIGH
29.47535412745936,1088.0039391923488,6.529255741543072,0.752750550110022,2.2,44.931946415055165,88.66341071235863,6.598847608061657,0.2117834464445835,27.757153581956246,GOOD,64-QAM,HIGH
29.47535412745936,1088.0039391923488,6.529255741543072,0.752750550110022,8.4,44.931946415055165,88.66341071235863,6.598847608061657,0.8068377336416199,15.524967189965693,GOOD,64-QAM,HIGH
29.47535412745936,1088.0039391923488,6.529255741543072,0.752750550110022,12.5,44.931946415055165,88.66341071235863,6.598847608061657,1.2014614742318515,11.677728910451975,GOOD,16-QAM,MEDIUM
46.88966468529009,792.9761597992256,5.125541048127727,0.7529505901180236,2.2,8.219634216420706,77.43552771902478,34.208532925544304,0.04541752047741326,30.67092624720003,GOOD,64-QAM,HIGH
46.88966468529009,792.9761597992256,5.125541048127727,0.7529505901180236,8.4,8.219634216420706,77.43552771902478,34.208532925544304,0.17472221003362645,18.9044894528503,GOOD,64-QAM,HIGH
46.88966468529009,792.9761597992256,5.125541048127727,0.7529505901180236,12.5,8.219634216420706,77.43552771902478,34.208532925544304,0.2576089787319895,15.368988145228442,GOOD,64-QAM,HIGH
30.495075931046927,1063.2043448131822,6.462545817926349,0.7531506301260252,2.2,40.205462303056585,59.40668859818732,29.38543654432094,0.18449762303362852,27.984713906634333,GOOD,64-QAM,HIGH
30.495075931046927,1063.2043448131822,6.462545817926349,0.7531506301260252,8.4,40.205462303056585,59.40668859818732,29.38543654432094,0.7100347305946294,15.82204469427981,GOOD,64-QAM,HIGH
30.495075931046927,1063.2043448131822,6.462545817926349,0.7531506301260252,12.5,40.205462303056585,59.40668859818732,29.38543654432094,1.0505432848505718,12.028921601100379,GOOD,16-QAM,MEDIUM
55.66696619525601,712.5516215751695,4.230016808349349,0.7533506701340268,2.2,39.59805072333579,35.19524149076101,21.294510776941376,0.10864406492970803,31.536575663523564,GOOD,64-QAM,HIGH
55.66696619525601,712.5516215751695,4.230016808349349,0.7533506701340268,8.4,39.59805072333579,35.19524149076101,21.294510776941376,0.412013951012247,19.596073672647506,GOOD,64-QAM,HIGH
55.66696619525601,712.5516215751695,4.230016808349349,0.7533506701340268,12.5,39.59805072333579,35.19524149076101,21.294510776941376,0.6114783649067648,15.943994719829504,GOOD,64-QAM,HIGH
41.87673344269576,855.1788151814435,5.584370077382413,0.7535507101420285,2.2,6.359059460844346,65.54672644742486,6.902120799851989,0.043445455351169615,30.016962251724344,GOOD,64-QAM,HIGH
41.87673344269576,855.1788151814435,5.584370077382413,0.7535507101420285,8.4,6.359059460844346,65.54672644742486,6.902120799851989,0.1682793572891014,18.254996244992896,GOOD,64-QAM,HIGH
41.87673344269576,855.1788151814435,5.584370077382413,0.7535507101420285,12.5,6.359059460844346,65.54672644742486,6.902120799851989,0.2489540801941521,14.721706983164353,GOOD,16-QAM,MEDIUM
18.974469971704693,1435.1055548778663,7.092476620370513,0.75375075015003,2.2,19.92796120720638,75.52582504211264,25.03361724230799,0.15887786410675514,25.40499161003396,GOOD,64-QAM,HIGH
18.974469971704693,1435.1055548778663,7.092476620370513,0.75375075015003,8.4,19.92796120720638,75.52582504211264,25.03361724230799,0.6181811875286206,13.308556181818574,GOOD,16-QAM,MEDIUM
18.974469971704693,1435.1055548778663,7.092476620370513,0.75375075015003,12.5,19.92796120720638,75.52582504211264,25.03361724230799,0.9005561420290585,9.57356668839465,DEGRADED,16-QAM,MEDIUM
14.90956133723422,1630.679205980523,7.247498672730406,0.7539507901580316,2.2,8.507632057225845,41.44303518028472,32.18190064228972,0.1068920330324665,24.34728368612872,GOOD,64-QAM,HIGH
14.90956133723422,1630.679205980523,7.247498672730406,0.7539507901580316,8.4,8.507632057225845,41.44303518028472,32.18190064228972,0.42361497431365785,12.393428640054012,GOOD,16-QAM,MEDIUM
14.90956133723422,1630.679205980523,7.247498672730406,0.7539507901580316,12.5,8.507632057225845,41.44303518028472,32.18190064228972,0.6115214439010757,8.75290763154311,DEGRADED,16-QAM,MEDIUM
51.46913297613106,747.1138853083903,4.672021212821855,0.7541508301660332,2.2,12.736025022877444,64.09250044724945,19.74151886794933,0.051632328994914656,31.18217789533074,GOOD,64-QAM,HIGH
51.46913297613106,747.1138853083903,4.672021212821855,0.7541508301660332,8.4,12.736025022877444,64.09250044724945,19.74151886794933,0.19827504946733937,19.398403070064788,GOOD,64-QAM,HIGH
51.46913297613106,747.1138853083903,4.672021212821855,0.7541508301660332,12.5,12.736025022877444,64.09250044724945,19.74151886794933,0.29582335223198136,15.848240228376667,GOOD,64-QAM,HIGH
81.70510782931879,605.7895061189292,1.082009893108295,0.7543508701740348,2.2,13.162308741527218,78.85265390297208,29.22307334466896,0.045077046852573834,33.01003441811077,GOOD,64-QAM,HIGH
81.70510782931879,605.7895061189292,1.082009893108295,0.7543508701740348,8.4,13.162308741527218,78.85265390297208,29.22307334466896,0.1728181204775353,21.245161239692294,GOOD,64-QAM,HIGH
81.70510782931879,605.7895061189292,1.082009893108295,0.7543508701740348,12.5,13.162308741527218,78.85265390297208,29.22307334466896,0.2566180414968238,17.708746779749518,GOOD,64-QAM,HIGH
34.23640335740328,982.12623745949,6.200424622044975,0.7545509101820365,2.2,27.81181970128864,76.09486665877898,27.45524806998739,0.12782343122828704,28.73037668521379,GOOD,64-QAM,HIGH
34.23640335740328,982.12623745949,6.200424622044975,0.7545509101820365,8.4,27.81181970128864,76.09486665877898,27.45524806998739,0.48874158147199487,16.732326430176556,GOOD,64-QAM,HIGH
34.23640335740328,982.12623745949,6.200424622044975,0.7545509101820365,12.5,27.81181970128864,76.09486665877898,27.45524806998739,0.7257465351920538,13.042706937533012,GOOD,16-QAM,MEDIUM
67.30500911392298,645.5316161406381,2.89369040600777,0.754750950190038,2.2,20.57054658802328,78.17952107202917,18.58686555801611,0.06248887846562531,32.440707154631916,GOOD,64-QAM,HIGH
67.30500911392298,645.5316161406381,2.89369040600777,0.754750950190038,8.4,20.57054658802328,78.17952107202917,18.58686555801611,0.23872781094673892,20.627336117357274,GOOD,64-QAM,HIGH
67.30500911392298,645.5316161406381,2.89369040600777,0.754750950190038,12.5,20.57054658802328,78.17952107202917,18.58686555801611,0.355602238379311,17.057847151001226,GOOD,64-QAM,HIGH
60.98621516988019,677.2493111412832,3.6376502366732217,0.7549509901980396,2.2,47.38664020031527,82.75940549218319,5.609160841075548,0.1269461227843489,31.959628821446074,GOOD,64-QAM,HIGH
60.98621516988019,677.2493111412832,3.6376502366732217,0.7549509901980396,8.4,47.38664020031527,82.75940549218319,5.609160841075548,0.4853948960474083,19.964047943389488,GOOD,64-QAM,HIGH
60.98621516988019,677.2493111412832,3.6376502366732217,0.7549509901980396,12.5,47.38664020031527,82.75940549218319,5.609160841075548,0.7212134920380306,16.275614808475382,GOOD,64-QAM,HIGH
84.18216771630588,602.8372538119738,0.7602444829468117,0.7551510302060412,2.2,6.318507097350256,86.26092612956822,27.28910790006359,0.031505397103790966,33.066039331083765,GOOD,64-QAM,HIGH
84.18216771630588,602.8372538119738,0.7602444829468117,0.7551510302060412,8.4,6.318507097350256,86.26092612956822,27.28910790006359,0.12126223185820983,21.339150391535824,GOOD,64-QAM,HIGH
84.18216771630588,602.8372538119738,0.7602444829468117,0.7551510302060412,12.5,6.318507097350256,86.26092612956822,27.28910790006359,0.17994010741933336,17.827857977051224,GOOD,64-QAM,HIGH
74.78338647042698,619.8324365016451,1.968517384210102,0.7553510702140428,2.2,48.68460674250994,54.33126931221216,0.3398183178803222,0.1105403845105521,32.74552000708923,GOOD,64-QAM,HIGH
74.78338647042698,619.8324365016451,1.968517384210102,0.7553510702140428,8.4,48.68460674250994,54.33126931221216,0.3398183178803222,0.4218205554514606,20.7971077313548,GOOD,64-QAM,HIGH
74.78338647042698,619.8324365016451,1.968517384210102,0.7553510702140428,12.5,48.68460674250994,54.33126931221216,0.3398183178803222,0.6285092164458199,17.137804531436956,GOOD,64-QAM,HIGH
53.16144700696435,732.3944693647227,4.496716922411189,0.7555511102220445,2.2,11.531932010713197,64.12614615137264,28.974417323576688,0.045042458090624696,31.361602803627157,GOOD,64-QAM,HIGH
53.16144700696435,732.3944693647227,4.496716922411189,0.7555511102220445,8.4,11.531932010713197,64.12614615137264,28.974417323576688,0.17272518830144684,19.59678796862282,GOOD,64-QAM,HIGH
53.16144700696435,732.3944693647227,4.496716922411189,0.7555511102220445,12.5,11.531932010713197,64.12614615137264,28.974417323576688,0.25585084098162175,16.061047777019155,GOOD,64-QAM,HIGH
60.84759234989912,678.0622844264517,3.653508030950786,0.755751150230046,2.2,38.64369681909265,77.43957156273666,30.22733460712665,0.10745402472276532,31.968700589446733,GOOD,64-QAM,HIGH
60.84759234989912,678.0622844264517,3.653508030950786,0.755751150230046,8.4,38.64369681909265,77.43957156273666,30.22733460712665,0.40911015525540717,20.02991235412057,GOOD,64-QAM,HIGH
60.84759234989912,678.0622844264517,3.653508030950786,0.755751150230046,12.5,38.64369681909265,77.43957156273666,30.22733460712665,0.6087312509713937,16.3776767194811,GOOD,64-QAM,HIGH
81.36284965964296,606.281075810105,1.1263231305586745,0.7559511902380476,2.2,16.94849630864107,71.828388836747,31.107243978518653,0.05079032341482205,32.99727580873587,GOOD,64-QAM,HIGH
81.36284965964296,606.281075810105,1.1263231305586745,0.7559511902380476,8.4,16.94849630864107,71.828388836747,31.107243978518653,0.1918227875560208,21.21911123980115,GOOD,64-QAM,HIGH
81.36284965964296,606.281075810105,1.1263231305586745,0.7559511902380476,12.5,16.94849630864107,71.828388836747,31.107243978518653,0.28725627230480016,17.671063216128886,GOOD,64-QAM,HIGH
38.959096689889456,898.4346665214721,5.831962751974601,0.7561512302460492,2.2,7.154069770865696,89.73121369586272,13.64579854892288,0.05089663479903908,29.580919728111844,GOOD,64-QAM,HIGH
38.959096689889456,898.4346665214721,5.831962751974601,0.7561512302460492,8.4,7.154069770865696,89.73121369586272,13.64579854892288,0.19065241500597924,17.804031843111375,GOOD,64-QAM,HIGH
38.959096689889456,898.4346665214721,5.831962751974601,0.7561512302460492,12.5,7.154069770865696,89.73121369586272,13.64579854892288,0.2859311328573003,14.256138586336576,GOOD,16-QAM,MEDIUM
32.77754999791108,1012.003159010122,6.305840959289218,0.7563512702540508,2.2,42.894459262312,30.820659066278647,-0.3759616114789175,0.1779058395746785,28.42000318049604,GOOD,64-QAM,HIGH
32.77754999791108,1012.003159010122,6.305840959289218,0.7563512702540508,8.4,42.894459262312,30.820659066278647,-0.3759616114789175,0.6825186976688647,16.278258217608325,GOOD,64-QAM,HIGH
32.77754999791108,1012.003159010122,6.305840959289218,0.7563512702540508,12.5,42.894459262312,30.820659066278647,-0.3759616114789175,1.0099434301994181,12.498218946154296,GOOD,16-QAM,MEDIUM
5.918942108991689,2247.636030901408,7.460015844920586,0.7565513102620525,2.2,15.44304496182316,51.30799291894744,-5.013819996696563,0.4513020266482104,21.215724647515785,GOOD,64-QAM,HIGH
5.918942108991689,2247.636030901408,7.460015844920586,0.7565513102620525,8.4,15.44304496182316,51.30799291894744,-5.013819996696563,1.7152638694414388,8.314630699929026,DEGRADED,16-QAM,MEDIUM
5.918942108991689,2247.636030901408,7.460015844920586,0.7565513102620525,12.5,15.44304496182316,51.30799291894744,-5.013819996696563,2.515720764643865,4.061559265803126,DEGRADED,QPSK,LOW
75.25684130627445,618.5884814905221,1.9086485842163616,0.756751350270054,2.2,32.94277021134211,46.86167557621215,27.168062524396213,0.07919558842728357,32.79431421704824,GOOD,64-QAM,HIGH
75.25684130627445,618.5884814905221,1.9086485842163616,0.756751350270054,8.4,32.94277021134211,46.86167557621215,27.168062524396213,0.3020825501460022,20.934295150536002,GOOD,64-QAM,HIGH
75.25684130627445,618.5884814905221,1.9086485842163616,0.756751350270054,12.5,32.94277021134211,46.86167557621215,27.168062524396213,0.44869604024902104,17.335067121509496,GOOD,64-QAM,HIGH
73.08335953428602,624.6594951484512,2.182350521845552,0.7569513902780556,2.2,28.32218425433133,45.73895100993208,34.31306922649066,0.07104333258962617,32.71763613370533,GOOD,64-QAM,HIGH
73.08335953428602,624.6594951484512,2.182350521845552,0.7569513902780556,8.4,28.32218425433133,45.73895100993208,34.31306922649066,0.27219403422465,20.879353327276775,GOOD,64-QAM,HIGH
73.08335953428602,624.6594951484512,2.182350521845552,0.7569513902780556,12.5,28.32218425433133,45.73895100993208,34.31306922649066,0.4035891353202812,17.29534368725767,GOOD,64-QAM,HIGH
13.878634038512867,1687.4866571275522,7.281044974884678,0.7571514302860572,2.2,23.58781546954372,43.35178694993314,22.54191794184533,0.2569921243678214,23.899747307749465,GOOD,64-QAM,HIGH
13.878634038512867,1687.4866571275522,7.281044974884678,0.7571514302860572,8.4,23.58781546954372,43.35178694993314,22.54191794184533,0.9807039184540755,11.5389034088697,GOOD,16-QAM,MEDIUM
13.878634038512867,1687.4866571275522,7.281044974884678,0.7571514302860572,12.5,23.58781546954372,43.35178694993314,22.54191794184533,1.4436064638088186,7.623386324591465,DEGRADED,QPSK,LOW
54.03287739627952,725.2381946893775,4.404906947818752,0.7573514702940588,2.2,24.790973632426955,72.54743044891374,-2.79199698058152,0.07977321096161298,31.41215980946324,GOOD,64-QAM,HIGH
54.03287739627952,725.2381946893775,4.404906947818752,0.7573514702940588,8.4,24.790973632426955,72.54743044891374,-2.79199698058152,0.30433471901003667,19.550466196621286,GOOD,64-QAM,HIGH
54.03287739627952,725.2381946893775,4.404906947818752,0.7573514702940588,12.5,24.790973632426955,72.54743044891374,-2.79199698058152,0.45255528047194216,15.949631096235905,GOOD,64-QAM,HIGH
44.43844434418543,821.6474944330957,5.355022938431553,0.7575515103020604,2.2,36.611895704614376,35.085568396519314,36.7448224258787,0.11774329257915528,30.29009238634773,GOOD,64-QAM,HIGH
44.43844434418543,821.6474944330957,5.355022938431553,0.7575515103020604,8.4,36.611895704614376,35.085568396519314,36.7448224258787,0.44753316708554547,18.32317040704781,GOOD,64-QAM,HIGH
44.43844434418543,821.6474944330957,5.355022938431553,0.7575515103020604,12.5,36.611895704614376,35.085568396519314,36.7448224258787,0.6668953286632621,14.651193706546621,GOOD,16-QAM,MEDIUM
15.090273118274474,1621.0427871585916,7.241376313529264,0.757751550310062,2.2,4.388645706172029,74.49653003660029,39.45510072696598,0.08928894475435006,24.416367876172586,GOOD,64-QAM,HIGH
15.090273118274474,1621.0427871585916,7.241376313529264,0.757751550310062,8.4,4.388645706172029,74.49653003660029,39.45510072696598,0.34095973867041535,12.527564977462987,GOOD,16-QAM,MEDIUM
15.090273118274474,1621.0427871585916,7.241376313529264,0.757751550310062,12.5,4.388645706172029,74.49653003660029,39.45510072696598,0.4974538247887212,8.918456352421202,DEGRADED,16-QAM,MEDIUM
88.3482993001615,600.2279181879194,0.2161771714492981,0.7579515903180636,2.2,33.40903309789526,71.60555052097641,11.668930496746096,0.08415781489876219,33.05106473378555,GOOD,64-QAM,HIGH
88.3482993001615,600.2279181879194,0.2161771714492981,0.7579515903180636,8.4,33.40903309789526,71.60555052097641,11.668930496746096,0.3211178094380481,21.17697263445274,GOOD,64-QAM,HIGH
88.3482993001615,600.2279181879194,0.2161771714492981,0.7579515903180636,12.5,33.40903309789526,71.60555052097641,11.668930496746096,0.47681466061266886,17.56866124435463,GOOD,64-QAM,HIGH
23.24915043438521,1270.6130782332684,6.890977973986198,0.7581516303260653,2.2,44.79060506992894,45.048247950053785,19.74126446368856,0.2552138370050916,26.366066123523105,GOOD,64-QAM,HIGH
23.24915043438521,1270.6130782332684,6.890977973986198,0.7581516303260653,8.4,44.79060506992894,45.048247950053785,19.74126446368856,0.9845521999586558,13.99959565577602,GOOD,16-QAM,MEDIUM
23.24915043438521,1270.6130782332684,6.890977973986198,0.7581516303260653,12.5,44.79060506992894,45.048247950053785,19.74126446368856,1.4609271259908225,10.07060619082037,GOOD,16-QAM,MEDIUM
10.714905307697698,1882.779013560234,7.369233470534479,0.7583516703340668,2.2,2.889409850993208,45.17002698990967,28.861426000082886,0.09577622868147599,23.109783179113066,GOOD,64-QAM,HIGH
10.714905307697698,1882.779013560234,7.369233470534479,0.7583516703340668,8.4,2.889409850993208,45.17002698990967,28.861426000082886,0.3606471367935873,11.207780166207428,GOOD,16-QAM,MEDIUM
10.714905307697698,1882.779013560234,7.369233470534479,0.7583516703340668,12.5,2.889409850993208,45.17002698990967,28.861426000082886,0.5394409274591431,7.576371836618392,DEGRADED,QPSK,LOW
55.56202725766232,713.338519649842,4.241352920752722,0.7585517103420684,2.2,7.032666961683337,67.73163512067013,26.81948950250224,0.03316645655844929,31.602466403553038,GOOD,64-QAM,HIGH
55.56202725766232,713.338519649842,4.241352920752722,0.7585517103420684,8.4,7.032666961683337,67.73163512067013,26.81948950250224,0.12553800045662003,19.872962754861348,GOOD,64-QAM,HIGH
55.56202725766232,713.338519649842,4.241352920752722,0.7585517103420684,12.5,7.032666961683337,67.73163512067013,26.81948950250224,0.1837943129962048,16.36209190339828,GOOD,64-QAM,HIGH
67.80366755630777,643.443054714835,2.8333614015329016,0.75875175035007,2.2,35.83159683510157,75.73026632902068,38.38935959667246,0.09325822426082733,32.43808580946578,GOOD,64-QAM,HIGH
67.80366755630777,643.443054714835,2.8333614015329016,0.75875175035007,8.4,35.83159683510157,75.73026632902068,38.38935959667246,0.3558855751814563,20.53832635375163,GOOD,64-QAM,HIGH
67.80366755630777,643.443054714835,2.8333614015329016,0.75875175035007,12.5,35.83159683510157,75.73026632902068,38.38935959667246,0.5276613820269741,16.913936007982628,GOOD,64-QAM,HIGH
7.757692914010892,2097.172949793649,7.431358368517425,0.7589517903580716,2.2,21.86408241223088,82.58913678524193,-4.255845446060555,0.4547952406075343,21.81406619559847,GOOD,64-QAM,HIGH
7.757692914010892,2097.172949793649,7.431358368517425,0.7589517903580716,8.4,21.86408241223088,82.58913678524193,-4.255845446060555,1.7054725031552256,8.926256828257266,DEGRADED,16-QAM,MEDIUM
7.757692914010892,2097.172949793649,7.431358368517425,0.7589517903580716,12.5,21.86408241223088,82.58913678524193,-4.255845446060555,2.5009867951194953,4.678127997369501,DEGRADED,QPSK,LOW
60.99099929179688,677.2213499569498,3.637102575125845,0.7591518303660733,2.2,20.17743104068441,81.12837383126855,19.036243307140285,0.0662030769548354,32.020730483771686,GOOD,64-QAM,HIGH
60.99099929179688,677.2213499569498,3.637102575125845,0.7591518303660733,8.4,20.17743104068441,81.12837383126855,19.036243307140285,0.251259530481477,20.198541925451522,GOOD,64-QAM,HIGH
60.99099929179688,677.2213499569498,3.637102575125845,0.7591518303660733,12.5,20.17743104068441,81.12837383126855,19.036243307140285,0.3735907442753206,16.623596172734196,GOOD,64-QAM,HIGH
50.24480945587363,758.4761088759851,4.796314877558692,0.7593518703740748,2.2,6.848331727211793,87.89297964983119,24.59657098365461,0.04204592052610992,31.060662351787357,GOOD,64-QAM,HIGH
50.24480945587363,758.4761088759851,4.796314877558692,0.7593518703740748,8.4,6.848331727211793,87.89297964983119,24.59657098365461,0.16071544559820203,19.30486072192174,GOOD,64-QAM,HIGH
50.24480945587363,758.4761088759851,4.796314877558692,0.7593518703740748,12.5,6.848331727211793,87.89297964983119,24.59657098365461,0.2399020853499213,15.773059543246532,GOOD,64-QAM,HIGH
13.777525754379116,1693.2298707358275,7.284208273854522,0.7595519103820764,2.2,25.338502035889405,64.88309372019067,34.504921209383504,0.271637435550429,23.855590520436195,GOOD,64-QAM,HIGH
13.777525754379116,1693.2298707358275,7.284208273854522,0.7595519103820764,8.4,25.338502035889405,64.88309372019067,34.504921209383504,1.034049686921808,11.4560461642713,GOOD,16-QAM,MEDIUM
13.777525754379116,1693.2298707358275,7.284208273854522,0.7595519103820764,12.5,25.338502035889405,64.88309372019067,34.504921209383504,1.5251299374039082,7.512351374865716,DEGRADED,QPSK,LOW
19.66452954044077,1405.9521700362702,7.062592890557764,0.759751950390078,2.2,6.327265559818862,84.51933368042157,33.70548138590753,0.08315268187740175,25.658982773673017,GOOD,64-QAM,HIGH
19.66452954044077,1405.9521700362702,7.062592890557764,0.759751950390078,8.4,6.327265559818862,84.51933368042157,33.70548138590753,0.3270968851085825,13.777906465648314,GOOD,16-QAM,MEDIUM
19.66452954044077,1405.9521700362702,7.062592890557764,0.759751950390078,12.5,6.327265559818862,84.51933368042157,33.70548138590753,0.4772738711655957,10.175114940667825,GOOD,16-QAM,MEDIUM
53.27781527186684,731.4226070998047,4.484516601993194,0.7599519903980796,2.2,23.83102281552702,78.51079639562465,38.8999896780645,0.08023745151216662,31.33794134093501,GOOD,64-QAM,HIGH
53.27781527186684,731.4226070998047,4.484516601993194,0.7599519903980796,8.4,23.83102281552702,78.51079639562465,38.8999896780645,0.3055229829214751,19.475523704732183,GOOD,64-QAM,HIGH
53.27781527186684,731.4226070998047,4.484516601993194,0.7599519903980796,12.5,23.83102281552702,78.51079639562465,38.8999896780645,0.45406150740242635,15.874370641327744,GOOD,64-QAM,HIGH
30.19039714862951,1070.483293658841,6.482693224865078,0.7601520304060813,2.2,38.18076494808283,83.68005745884082,15.603922696883952,0.18670673498614326,27.923241769970744,GOOD,64-QAM,HIGH
30.19039714862951,1070.483293658841,6.482693224865078,0.7601520304060813,8.4,38.18076494808283,83.68005745884082,15.603922696883952,0.7096216837573277,15.763194716406034,GOOD,64-QAM,HIGH
30.19039714862951,1070.483293658841,6.482693224865078,0.7601520304060813,12.5,38.18076494808283,83.68005745884082,15.603922696883952,1.0485751293590244,11.97162673188086,GOOD,16-QAM,MEDIUM
84.75683693536186,602.302841690811,0.6853709367373184,0.7603520704140828,2.2,12.913217894358176,30.697596077122,31.53804334066133,0.03532040811704414,33.06992773152824,GOOD,64-QAM,HIGH
84.75683693536186,602.302841690811,0.6853709367373184,0.7603520704140828,8.4,12.913217894358176,30.697596077122,31.53804334066133,0.1356097745022268,21.332506260349533,GOOD,64-QAM,HIGH
84.75683693536186,602.302841690811,0.6853709367373184,0.7603520704140828,12.5,12.913217894358176,30.697596077122,31.53804334066133,0.2022612307400598,17.813240265188213,GOOD,64-QAM,HIGH
74.59291950614431,620.3450833309971,1.9925644228019648,0.7605521104220844,2.2,24.039308408986365,87.95417951194867,11.364085406366383,0.06827890596668643,32.78060058779311,GOOD,64-QAM,HIGH
74.59291950614431,620.3450833309971,1.9925644228019648,0.7605521104220844,8.4,24.039308408986365,87.95417951194867,11.364085406366383,0.2591600089805378,20.95258737998573,GOOD,64-QAM,HIGH
74.59291950614431,620.3450833309971,1.9925644228019648,0.7605521104220844,12.5,24.039308408986365,87.95417951194867,11.364085406366383,0.38804141975999557,17.37109143028279,GOOD,64-QAM,HIGH
88.60321255366135,600.1629823318635,0.1828209390963756,0.760752150430086,2.2,49.60079846984178,58.4118097707887,11.115693892801612,0.11211717873315635,33.02404510663119,GOOD,64-QAM,HIGH
88.60321255366135,600.1629823318635,0.1828209390963756,0.760752150430086,8.4,49.60079846984178,58.4118097707887,11.115693892801612,0.4285316242933763,21.070498556277457,GOOD,64-QAM,HIGH
88.60321255366135,600.1629823318635,0.1828209390963756,0.760752150430086,12.5,49.60079846984178,58.4118097707887,11.115693892801612,0.6377489504231586,17.408666691224184,GOOD,64-QAM,HIGH
27.07202131078519,1151.7078142134917,6.67826362699055,0.7609521904380876,2.2,34.33252116770186,77.89097937449057,2.667418223642951,0.18288727272188243,27.291812841066914,GOOD,64-QAM,HIGH
27.07202131078519,1151.7078142134917,6.67826362699055,0.7609521904380876,8.4,34.33252116770186,77.89097937449057,2.667418223642951,0.6985475372652532,15.13902047173002,GOOD,64-QAM,HIGH
27.07202131078519,1151.7078142134917,6.67826362699055,0.7609521904380876,12.5,34.33252116770186,77.89097937449057,2.667418223642951,1.0437621926696163,11.341191277402174,GOOD,16-QAM,MEDIUM
87.42650878782804,600.5535337563879,0.3367559545816276,0.7611522304460893,2.2,42.06783856525993,37.63224716026685,30.91186435096149,0.09440028818175125,33.03611155988856,GOOD,64-QAM,HIGH
87.42650878782804,600.5535337563879,0.3367559545816276,0.7611522304460893,8.4,42.06783856525993,37.63224716026685,30.91186435096149,0.3606680062368525,21.13271173703994,GOOD,64-QAM,HIGH
87.42650878782804,600.5535337563879,0.3367559545816276,0.7611522304460893,12.5,42.06783856525993,37.63224716026685,30.91186435096149,0.536133427907342,17.50463177644596,GOOD,64-QAM,HIGH
41.65487893228242,858.2695266868013,5.603713702943818,0.7613522704540908,2.2,20.742380328027288,53.75646574883845,39.29075529067578,0.0805529910503474,29.948519533634943,GOOD,64-QAM,HIGH
41.65487893228242,858.2695266868013,5.603713702943818,0.7613522704540908,8.4,20.742380328027288,53.75646574883845,39.29075529067578,0.30891018013801846,18.083030239753754,GOOD,64-QAM,HIGH
41.65487893228242,858.2695266868013,5.603713702943818,0.7613522704540908,12.5,20.742380328027288,53.75646574883845,39.29075529067578,0.4580946294836322,14.481231251484658,GOOD,16-QAM,MEDIUM
34.53909760166914,976.1847330245488,6.178046185685951,0.7615523104620924,2.2,38.39304615629276,46.28763978125946,2.8170864173628942,0.15729766198404832,28.753608496486123,GOOD,64-QAM,HIGH
34.53909760166914,976.1847330245488,6.178046185685951,0.7615523104620924,8.4,38.39304615629276,46.28763978125946,2.8170864173628942,0.5974041092556417,16.676369944421012,GOOD,64-QAM,HIGH
34.53909760166914,976.1847330245488,6.178046185685951,0.7615523104620924,12.5,38.39304615629276,46.28763978125946,2.8170864173628942,0.8876013859408904,12.933558128812265,GOOD,16-QAM,MEDIUM
9.279709792395025,1982.740131620655,7.401846625775206,0.761752350470094,2.2,2.025458647066092,47.49952623005622,-7.193420598946384,0.10021503155329516,22.656015411808,GOOD,64-QAM,HIGH
9.279709792395025,1982.740131620655,7.401846625775206,0.761752350470094,8.4,2.025458647066092,47.49952623005622,-7.193420598946384,0.3690890337947014,10.750009304773059,GOOD,16-QAM,MEDIUM
9.279709792395025,1982.740131620655,7.401846625775206,0.761752350470094,12.5,2.025458647066092,47.49952623005622,-7.193420598946384,0.5549924118065664,7.111491387837717,DEGRADED,QPSK,LOW
9.485046918066224,1967.9759408790776,7.3974648161792675,0.7619523904780956,2.2,6.145559127112249,37.3953371970529,30.777121870950367,0.1444985956951403,22.676652093020593,GOOD,64-QAM,HIGH
9.485046918066224,1967.9759408790776,7.3974648161792675,0.7619523904780956,8.4,6.145559127112249,37.3953371970529,30.777121870950367,0.5505373964618511,10.633481187460362,GOOD,16-QAM,MEDIUM
9.485046918066224,1967.9759408790776,7.3974648161792675,0.7619523904780956,12.5,6.145559127112249,37.3953371970529,30.777121870950367,0.8224316284248793,6.908972416573846,DEGRADED,QPSK,LOW
63.82095675546565,661.767761487733,3.308832285837009,0.7621524304860973,2.2,10.153529646003106,78.34582995258042,21.01150262673781,0.04098620079048608,32.246448055603054,GOOD,64-QAM,HIGH
63.82095675546565,661.767761487733,3.308832285837009,0.7621524304860973,8.4,10.153529646003106,78.34582995258042,21.01150262673781,0.15690037559949443,20.493401776000525,GOOD,64-QAM,HIGH
63.82095675546565,661.767761487733,3.308832285837009,0.7621524304860973,12.5,10.153529646003106,78.34582995258042,21.01150262673781,0.2323794816882043,16.965308130988333,GOOD,64-QAM,HIGH
43.92396452689237,828.0749849650192,5.401957698628215,0.7623524704940988,2.2,20.097596230760978,30.55453887486469,37.98494002755022,0.07674980022216213,30.263403275606436,GOOD,64-QAM,HIGH
43.92396452689237,828.0749849650192,5.401957698628215,0.7623524704940988,8.4,20.097596230760978,30.55453887486469,37.98494002755022,0.29168774092024335,18.411333230114835,GOOD,64-QAM,HIGH
43.92396452689237,828.0749849650192,5.401957698628215,0.7623524704940988,12.5,20.097596230760978,30.55453887486469,37.98494002755022,0.4382429570103945,14.812163475101201,GOOD,16-QAM,MEDIUM
24.254338213068984,1237.0327320190158,6.837982071998758,0.7625525105021004,2.2,42.28724391628816,48.75032741911215,2.6119609538476123,0.23311148232944498,26.620811076030137,GOOD,64-QAM,HIGH
24.254338213068984,1237.0327320190158,6.837982071998758,0.7625525105021004,8.4,42.28724391628816,48.75032741911215,2.6119609538476123,0.8891738705257065,14.327616583040353,GOOD,16-QAM,MEDIUM
24.254338213068984,1237.0327320190158,6.837982071998758,0.7625525105021004,12.5,42.28724391628816,48.75032741911215,2.6119609538476123,1.323413626813647,10.440762287828932,GOOD,16-QAM,MEDIUM
57.18747603764477,701.5611636033946,4.064189490515337,0.762752550510102,2.2,17.313302539396524,40.4646325929849,-6.448617099935946,0.05138923009022634,31.728846358722528,GOOD,64-QAM,HIGH
57.18747603764477,701.5611636033946,4.064189490515337,0.762752550510102,8.4,17.313302539396524,40.4646325929849,-6.448617099935946,0.19734121320554834,19.945762270813688,GOOD,64-QAM,HIGH
57.18747603764477,701.5611636033946,4.064189490515337,0.762752550510102,12.5,17.313302539396524,40.4646325929849,-6.448617099935946,0.29194635147326553,16.39854259362248,GOOD,64-QAM,HIGH
26.49294005125945,1168.250445624827,6.712420012595503,0.7629525905181036,2.2,32.731059675773146,65.34233643650043,14.62211304332508,0.17715583519656963,27.17367144123105,GOOD,64-QAM,HIGH
26.49294005125945,1168.250445624827,6.712420012595503,0.7629525905181036,8.4,32.731059675773146,65.34233643650043,14.62211304332508,0.6834139843214737,15.030281187312625,GOOD,64-QAM,HIGH
26.49294005125945,1168.250445624827,6.712420012595503,0.7629525905181036,12.5,32.731059675773146,65.34233643650043,14.62211304332508,1.0098484417919633,11.251232190918657,GOOD,16-QAM,MEDIUM
54.09869911927592,724.7089324672716,4.397930612235363,0.7631526305261053,2.2,35.46571474017417,45.25514415687263,-5.726698851742626,0.0979628544053858,31.40031124338548,GOOD,64-QAM,HIGH
54.09869911927592,724.7089324672716,4.397930612235363,0.7631526305261053,8.4,35.46571474017417,45.25514415687263,-5.726698851742626,0.3744688150710596,19.486673177926292,GOOD,64-QAM,HIGH
54.09869911927592,724.7089324672716,4.397930612235363,0.7631526305261053,12.5,35.46571474017417,45.25514415687263,-5.726698851742626,0.5589320949522756,15.849595359121594,GOOD,64-QAM,HIGH
35.53274349352868,957.2717308353416,6.103376432095861,0.7633526705341068,2.2,29.30911770441707,45.539907271685976,3.089500055135373,0.11810094281948305,28.962740761449126,GOOD,64-QAM,HIGH
35.53274349352868,957.2717308353416,6.103376432095861,0.7633526705341068,8.4,29.30911770441707,45.539907271685976,3.089500055135373,0.45626655134341393,16.987443048131667,GOOD,64-QAM,HIGH
35.53274349352868,957.2717308353416,6.103376432095861,0.7633526705341068,12.5,29.30911770441707,45.539907271685976,3.089500055135373,0.6761008721053909,13.314994188446207,GOOD,16-QAM,MEDIUM
75.00193926200461,619.2528439735288,1.9408976380424872,0.7635527105421084,2.2,17.86209840850681,59.30028863971913,-3.701106959041586,0.0506974031837894,32.81348878440559,GOOD,64-QAM,HIGH
75.00193926200461,619.2528439735288,1.9408976380424872,0.7635527105421084,8.4,17.86209840850681,59.30028863971913,-3.701106959041586,0.1931251306168975,21.033928952178968,GOOD,64-QAM,HIGH
75.00193926200461,619.2528439735288,1.9408976380424872,0.7635527105421084,12.5,17.86209840850681,59.30028863971913,-3.701106959041586,0.28724298010080074,17.487196563771576,GOOD,64-QAM,HIGH
74.75917366517623,619.8972158679444,1.9715755376269584,0.76375275055011,2.2,28.85266708567721,69.16134236045554,1.2066089830039353,0.07536318385803333,32.77978948334243,GOOD,64-QAM,HIGH
74.75917366517623,619.8972158679444,1.9715755376269584,0.76375275055011,8.4,28.85266708567721,69.16134236045554,1.2066089830039353,0.28831780897671505,20.92970275343022,GOOD,64-QAM,HIGH
74.75917366517623,619.8972158679444,1.9715755376269584,0.76375275055011,12.5,28.85266708567721,69.16134236045554,1.2066089830039353,0.42841547589564316,17.336990547587803,GOOD,64-QAM,HIGH
45.57478384040411,807.9652640345903,5.249832868117816,0.7639527905581116,2.2,17.11327963948731,37.27828227390982,-4.692767358930407,0.060422246421873875,30.49327033655259,GOOD,64-QAM,HIGH
45.57478384040411,807.9652640345903,5.249832868117816,0.7639527905581116,8.4,17.11327963948731,37.27828227390982,-4.692767358930407,0.23064981827785228,18.685910659903087,GOOD,64-QAM,HIGH
45.57478384040411,807.9652640345903,5.249832868117816,0.7639527905581116,12.5,17.11327963948731,37.27828227390982,-4.692767358930407,0.34297635367339535,15.120969585584064,GOOD,64-QAM,HIGH
34.81962429347632,970.7544096382544,6.157152650283371,0.7641528305661133,2.2,4.193686927600604,40.53068714792977,37.69529997136427,0.03119116663933624,28.928167776933684,GOOD,64-QAM,HIGH
34.81962429347632,970.7544096382544,6.157152650283371,0.7641528305661133,8.4,4.193686927600604,40.53068714792977,37.69529997136427,0.11775276240298617,17.204474076376513,GOOD,64-QAM,HIGH
34.81962429347632,970.7544096382544,6.157152650283371,0.7641528305661133,12.5,4.193686927600604,40.53068714792977,37.69529997136427,0.1745288311720933,13.695083468683919,GOOD,16-QAM,MEDIUM
35.81758270752304,952.0123822988394,6.081632034374918,0.7643528705741148,2.2,49.64019890930072,44.83048467567106,3.928135672486775,0.1832856663296645,28.94540877623656,GOOD,64-QAM,HIGH
35.81758270752304,952.0123822988394,6.081632034374918,0.7643528705741148,8.4,49.64019890930072,44.83048467567106,3.928135672486775,0.7006639941524337,16.79089834362027,GOOD,64-QAM,HIGH
35.81758270752304,952.0123822988394,6.081632034374918,0.7643528705741148,12.5,49.64019890930072,44.83048467567106,3.928135672486775,1.0418376781179812,12.997110120731236,GOOD,16-QAM,MEDIUM
73.48573468179852,623.4654643796257,2.13190544805361,0.7645529105821164,2.2,6.3591226816255455,88.42489284707763,12.194879299628273,0.03289535020573923,32.772403001189126,GOOD,64-QAM,HIGH
73.48573468179852,623.4654643796257,2.13190544805361,0.7645529105821164,8.4,6.3591226816255455,88.42489284707763,12.194879299628273,0.12636136916027382,21.041804877441066,GOOD,64-QAM,HIGH
73.48573468179852,623.4654643796257,2.13190544805361,0.7645529105821164,12.5,6.3591226816255455,88.42489284707763,12.194879299628273,0.18733753299214193,17.528214174685715,GOOD,64-QAM,HIGH
32.89525603779702,1009.5139195472934,6.297486264630978,0.764752950590118,2.2,3.617419191802868,53.829149996575225,34.93059038171111,0.03472799021856547,28.58457216269405,GOOD,64-QAM,HIGH
32.89525603779702,1009.5139195472934,6.297486264630978,0.764752950590118,8.4,3.617419191802868,53.829149996575225,34.93059038171111,0.13388567771910698,16.848282370399986,GOOD,64-QAM,HIGH
32.89525603779702,1009.5139195472934,6.297486264630978,0.764752950590118,12.5,3.617419191802868,53.829149996575225,34.93059038171111,0.19753531279578462,13.33201819639983,GOOD,16-QAM,MEDIUM
22.77004676508191,1287.251112004802,6.915492090003728,0.7649529905981196,2.2,43.92653746035779,65.93940543786158,23.866079398073715,0.2627434595633331,26.245537410610858,GOOD,64-QAM,HIGH
22.77004676508191,1287.251112004802,6.915492090003728,0.7649529905981196,8.4,43.92653746035779,65.93940543786158,23.866079398073715,1.008333106421694,13.86281565895898,GOOD,16-QAM,MEDIUM
22.77004676508191,1287.251112004802,6.915492090003728,0.7649529905981196,12.5,43.92653746035779,65.93940543786158,23.866079398073715,1.5019212480346864,9.916612978422492,DEGRADED,16-QAM,MEDIUM
12.19850905940108,1787.0884456467193,7.330660447586224,0.7651530306061213,2.2,15.091733044644757,44.49256876295867,20.90187402808872,0.19872513401613653,23.459900311281558,GOOD,64-QAM,HIGH
12.19850905940108,1787.0884456467193,7.330660447586224,0.7651530306061213,8.4,15.091733044644757,44.49256876295867,20.90187402808872,0.7566209301000464,11.264872410404138,GOOD,16-QAM,MEDIUM
12.19850905940108,1787.0884456467193,7.330660447586224,0.7651530306061213,12.5,15.091733044644757,44.49256876295867,20.90187402808872,1.12159019885222,7.447288602728477,DEGRADED,QPSK,LOW
44.66891527517471,818.8159333328404,5.333857369001589,0.7653530706141228,2.2,32.51484870367538,59.42757150944928,25.27815951804186,0.10925756159051198,30.328563121852994,GOOD,64-QAM,HIGH
44.66891527517471,818.8159333328404,5.333857369001589,0.7653530706141228,8.4,32.51484870367538,59.42757150944928,25.27815951804186,0.416423773857858,18.384264804792124,GOOD,64-QAM,HIGH
44.66891527517471,818.8159333328404,5.333857369001589,0.7653530706141228,12.5,32.51484870367538,59.42757150944928,25.27815951804186,0.6187662512674105,14.729307788459082,GOOD,16-QAM,MEDIUM
45.98122840818656,803.2377497132002,5.211705057404897,0.7655531106221244,2.2,16.450286483111643,34.447150463157485,31.44111285526909,0.05971274923210531,30.544951418511957,GOOD,64-QAM,HIGH
45.98122840818656,803.2377497132002,5.211705057404897,0.7655531106221244,8.4,16.450286483111643,34.447150463157485,31.44111285526909,0.22698739703589865,18.74054466591464,GOOD,64-QAM,HIGH
45.98122840818656,803.2377497132002,5.211705057404897,0.7655531106221244,12.5,16.450286483111643,34.447150463157485,31.44111285526909,0.33941035659125435,15.175507167435796,GOOD,64-QAM,HIGH
76.47724038424711,615.5793747125217,1.753737001172417,0.7657531506301261,2.2,19.57271353972356,32.08452875533962,33.88346339258805,0.049885296793384375,32.86597988367114,GOOD,64-QAM,HIGH
76.47724038424711,615.5793747125217,1.753737001172417,0.7657531506301261,8.4,19.57271353972356,32.08452875533962,33.88346339258805,0.190065332414584,21.08866774325641,GOOD,64-QAM,HIGH
76.47724038424711,615.5793747125217,1.753737001172417,0.7657531506301261,12.5,19.57271353972356,32.08452875533962,33.88346339258805,0.2822650932819978,17.543853443465522,GOOD,64-QAM,HIGH
23.80528919791544,1251.8165165381963,6.861918083278012,0.7659531906381276,2.2,13.105648600839825,58.12401160928761,22.13198353325132,0.10981480208178797,26.640918034251456,GOOD,64-QAM,HIGH
23.80528919791544,1251.8165165381963,6.861918083278012,0.7659531906381276,8.4,13.105648600839825,58.12401160928761,22.13198353325132,0.41721901679492096,14.696381714744803,GOOD,16-QAM,MEDIUM
23.80528919791544,1251.8165165381963,6.861918083278012,0.7659531906381276,12.5,13.105648600839825,58.12401160928761,22.13198353325132,0.6207227098789017,11.04026348273733,GOOD,16-QAM,MEDIUM
37.38425826181399,924.3118455779618,5.959360980924283,0.7661532306461293,2.2,17.15220028965051,53.91955725110472,34.50036373470289,0.07372319668657666,29.311452810846113,GOOD,64-QAM,HIGH
37.38425826181399,924.3118455779618,5.959360980924283,0.7661532306461293,8.4,17.15220028965051,53.91955725110472,34.50036373470289,0.28084157763778655,17.467202325101383,GOOD,64-QAM,HIGH
37.38425826181399,924.3118455779618,5.959360980924283,0.7661532306461293,12.5,17.15220028965051,53.91955725110472,34.50036373470289,0.41925657363312735,13.876172790182565,GOOD,16-QAM,MEDIUM
73.71448780596373,622.800998980445,2.1031800274930257,0.7663532706541308,2.2,20.53502002932716,38.21281918150966,16.769876371273842,0.05187603680478989,32.76268433654469,GOOD,64-QAM,HIGH
73.71448780596373,622.800998980445,2.1031800274930257,0.7663532706541308,8.4,20.53502002932716,38.21281918150966,16.769876371273842,0.19748844217882597,20.979939826377134,GOOD,64-QAM,HIGH
73.71448780596373,622.800998980445,2.1031800274930257,0.7663532706541308,12.5,20.53502002932716,38.21281918150966,16.769876371273842,0.2938130000590079,17.43100072957347,GOOD,64-QAM,HIGH
75.00800691366275,619.2368843313479,1.9401304299984288,0.7665533106621324,2.2,36.020803454617145,71.25608573524403,3.8645428134211706,0.09140582718611154,32.77300421965295,GOOD,64-QAM,HIGH
75.00800691366275,619.2368843313479,1.9401304299984288,0.7665533106621324,8.4,36.020803454617145,71.25608573524403,3.8645428134211706,0.3487818554362551,20.878496086609275,GOOD,64-QAM,HIGH
75.00800691366275,619.2368843313479,1.9401304299984288,0.7665533106621324,12.5,36.020803454617145,71.25608573524403,3.8645428134211706,0.5192779906661832,17.255385412455865,GOOD,64-QAM,HIGH
37.691941458195295,919.1062370008244,5.934821514373926,0.7667533506701341,2.2,25.57680971173959,89.57420945395586,34.00383544419222,0.11313073470042714,29.321101384644926,GOOD,64-QAM,HIGH
37.691941458195295,919.1062370008244,5.934821514373926,0.7667533506701341,8.4,25.57680971173959,89.57420945395586,34.00383544419222,0.43045376588623496,17.36664624866559,GOOD,64-QAM,HIGH
37.691941458195295,919.1062370008244,5.934821514373926,0.7667533506701341,12.5,25.57680971173959,89.57420945395586,34.00383544419222,0.6422910686235098,13.70219440700484,GOOD,16-QAM,MEDIUM
44.02554197936787,826.7941713046221,5.392725419844086,0.7669533906781356,2.2,47.17826085784885,53.73880927180275,17.073641370654357,0.15566824974214638,30.197930007876664,GOOD,64-QAM,HIGH
44.02554197936787,826.7941713046221,5.392725419844086,0.7669533906781356,8.4,47.17826085784885,53.73880927180275,17.073641370654357,0.5944032490125759,18.12206290381272,GOOD,64-QAM,HIGH
44.02554197936787,826.7941713046221,5.392725419844086,0.7669533906781356,12.5,47.17826085784885,53.73880927180275,17.073641370654357,0.8846869901728699,14.37916462372894,GOOD,16-QAM,MEDIUM
30.77930072218905,1056.5120510190227,6.443586201601314,0.7671534306861373,2.2,2.0940196919387755,67.47351815504368,35.306879378361714,0.039971483839228966,28.18408579648925,GOOD,64-QAM,HIGH
30.77930072218905,1056.5120510190227,6.443586201601314,0.7671534306861373,8.4,2.0940196919387755,67.47351815504368,35.306879378361714,0.15149767180783844,16.435427503727126,GOOD,64-QAM,HIGH
30.77930072218905,1056.5120510190227,6.443586201601314,0.7671534306861373,12.5,2.0940196919387755,67.47351815504368,35.306879378361714,0.2223073982642353,12.91200323834724,GOOD,16-QAM,MEDIUM
84.26716466564153,602.7546639349348,0.7491748839089472,0.7673534706941388,2.2,25.153416131601407,87.77855654186914,-7.991609302470939,0.07009664700677573,33.02863814648853,GOOD,64-QAM,HIGH
84.26716466564153,602.7546639349348,0.7491748839089472,0.7673534706941388,8.4,25.153416131601407,87.77855654186914,-7.991609302470939,0.2687350674521305,21.19286762124966,GOOD,64-QAM,HIGH
84.26716466564153,602.7546639349348,0.7491748839089472,0.7673534706941388,12.5,25.153416131601407,87.77855654186914,-7.991609302470939,0.4001955833538048,17.608792566424498,GOOD,64-QAM,HIGH
15.084720088034326,1621.3375033139096,7.241565518487249,0.7675535107021404,2.2,29.211239441585903,79.89209834681252,9.875787577061775,0.2853872665186402,24.218690546532983,GOOD,64-QAM,HIGH
15.084720088034326,1621.3375033139096,7.241565518487249,0.7675535107021404,8.4,29.211239441585903,79.89209834681252,9.875787577061775,1.0844999516459144,11.78244575661219,GOOD,16-QAM,MEDIUM
15.084720088034326,1621.3375033139096,7.241565518487249,0.7675535107021404,12.5,29.211239441585903,79.89209834681252,9.875787577061775,1.6227290974020028,7.791602071932616,DEGRADED,QPSK,LOW
84.36870095512495,602.657618794894,0.735949120673316,0.7677535507101421,2.2,46.00984930371369,57.81313339816114,37.39025091812341,0.10523835396705757,32.99489500396998,GOOD,64-QAM,HIGH
84.36870095512495,602.657618794894,0.735949120673316,0.7677535507101421,8.4,46.00984930371369,57.81313339816114,37.39025091812341,0.4021717417149849,21.060829511428537,GOOD,64-QAM,HIGH
84.36870095512495,602.657618794894,0.735949120673316,0.7677535507101421,12.5,46.00984930371369,57.81313339816114,37.39025091812341,0.5987151733529795,17.411671540867047,GOOD,64-QAM,HIGH
63.128648406004174,665.3524692402843,3.389915594804187,0.7679535907181436,2.2,2.45792618107138,74.24936906759515,2.482504637915138,0.024227946006301068,32.21628297830802,GOOD,64-QAM,HIGH
63.128648406004174,665.3524692402843,3.389915594804187,0.7679535907181436,8.4,2.45792618107138,74.24936906759515,2.482504637915138,0.09332517465069898,20.510053644870098,GOOD,64-QAM,HIGH
63.128648406004174,665.3524692402843,3.389915594804187,0.7679535907181436,12.5,2.45792618107138,74.24936906759515,2.482504637915138,0.13805892755504212,17.01270535304228,GOOD,64-QAM,HIGH
50.18363297837215,759.0602371746836,4.8024685501482445,0.7681536307261452,2.2,28.6749792467608,37.68810241503144,37.07681230192463,0.08898464134601869,31.007036905867594,GOOD,64-QAM,HIGH
50.18363297837215,759.0602371746836,4.8024685501482445,0.7681536307261452,8.4,28.6749792467608,37.68810241503144,37.07681230192463,0.3410501107341059,19.117839331685985,GOOD,64-QAM,HIGH
50.18363297837215,759.0602371746836,4.8024685501482445,0.7681536307261452,12.5,28.6749792467608,37.68810241503144,37.07681230192463,0.5051022083831802,15.501172695113425,GOOD,64-QAM,HIGH
7.77602016668215,2095.741591185706,7.431034157514191,0.7683536707341468,2.2,42.68149642639785,60.72623132782795,37.6951230564625,0.748225159527033,21.526566578030213,GOOD,64-QAM,HIGH
7.77602016668215,2095.741591185706,7.431034157514191,0.7683536707341468,8.4,42.68149642639785,60.72623132782795,37.6951230564625,2.872169005253861,7.7654906275098625,DEGRADED,QPSK,LOW
7.77602016668215,2095.741591185706,7.431034157514191,0.7683536707341468,12.5,42.68149642639785,60.72623132782795,37.6951230564625,4.247990467188017,2.937054626652227,DEGRADED,QPSK,LOW
45.42567630487071,809.7212196652881,5.263754234654191,0.7685537107421484,2.2,12.096386405961828,46.7436166307962,34.10711571129305,0.04954395957803753,30.48529201185702,GOOD,64-QAM,HIGH
45.42567630487071,809.7212196652881,5.263754234654191,0.7685537107421484,8.4,12.096386405961828,46.7436166307962,34.10711571129305,0.19017586747057974,18.70752799917095,GOOD,64-QAM,HIGH
45.42567630487071,809.7212196652881,5.263754234654191,0.7685537107421484,12.5,12.096386405961828,46.7436166307962,34.10711571129305,0.28587726064958524,15.159212067068466,GOOD,64-QAM,HIGH
39.658588925232245,887.5315299017793,5.773957722149359,0.7687537507501501,2.2,43.81461742619688,39.669821273769664,18.183402254664934,0.15616197905962712,29.581708594874748,GOOD,64-QAM,HIGH
39.658588925232245,887.5315299017793,5.773957722149359,0.7687537507501501,8.4,43.81461742619688,39.669821273769664,18.183402254664934,0.6003571320199246,17.500381337120928,GOOD,64-QAM,HIGH
39.658588925232245,887.5315299017793,5.773957722149359,0.7687537507501501,12.5,43.81461742619688,39.669821273769664,18.183402254664934,0.8893026954913824,13.758821234725986,GOOD,16-QAM,MEDIUM
18.703599017885416,1446.8475889418005,7.103926024985224,0.7689537907581516,2.2,0.9521704637145912,55.57685437527209,22.346972454031928,0.05003704303944551,25.443053642361406,GOOD,64-QAM,HIGH
18.703599017885416,1446.8475889418005,7.103926024985224,0.7689537907581516,8.4,0.9521704637145912,55.57685437527209,22.346972454031928,0.19804774009904896,13.657910840508293,GOOD,16-QAM,MEDIUM
18.703599017885416,1446.8475889418005,7.103926024985224,0.7689537907581516,12.5,0.9521704637145912,55.57685437527209,22.346972454031928,0.2888915735157843,10.114452468168068,GOOD,16-QAM,MEDIUM
60.79481629755584,678.3732133841086,3.6595397455309824,0.7691538307661532,2.2,36.62273145668649,37.86087326601687,33.48084992249346,0.09447287161477459,31.977699695987617,GOOD,64-QAM,HIGH
60.79481629755584,678.3732133841086,3.6595397455309824,0.7691538307661532,8.4,36.62273145668649,37.86087326601687,33.48084992249346,0.36199273296701123,20.07304772984186,GOOD,64-QAM,HIGH
60.79481629755584,678.3732133841086,3.6595397455309824,0.7691538307661532,12.5,36.62273145668649,37.86087326601687,33.48084992249346,0.540106718553378,16.442319205332012,GOOD,64-QAM,HIGH
87.5478271263043,600.502541964348,0.3208906944591365,0.7693538707741548,2.2,46.65566105843265,71.93910649046913,28.794854119459224,0.11032458390063146,33.020924796891634,GOOD,64-QAM,HIGH
87.5478271263043,600.502541964348,0.3208906944591365,0.7693538707741548,8.4,46.65566105843265,71.93910649046913,28.794854119459224,0.4226998191962413,21.071417456802507,GOOD,64-QAM,HIGH
87.5478271263043,600.502541964348,0.3208906944591365,0.7693538707741548,12.5,46.65566105843265,71.93910649046913,28.794854119459224,0.6272352497453336,17.414267487329923,GOOD,64-QAM,HIGH
52.78604894048463,735.5643402333662,4.535947841541318,0.7695539107821564,2.2,32.85988308200311,57.37440264320013,21.50469247277058,0.09786071025364221,31.271272339068602,GOOD,64-QAM,HIGH
52.78604894048463,735.5643402333662,4.535947841541318,0.7695539107821564,8.4,32.85988308200311,57.37440264320013,21.50469247277058,0.3744500590515159,19.35755088547721,GOOD,64-QAM,HIGH
52.78604894048463,735.5643402333662,4.535947841541318,0.7695539107821564,12.5,32.85988308200311,57.37440264320013,21.50469247277058,0.558408354447765,15.720978051157473,GOOD,64-QAM,HIGH
65.75402849773539,652.3972927182058,3.079910588310918,0.7697539507901581,2.2,21.9514621990224,61.86867795387983,39.112970393535136,0.06310932535943323,32.34819405497588,GOOD,64-QAM,HIGH
65.75402849773539,652.3972927182058,3.079910588310918,0.7697539507901581,8.4,21.9514621990224,61.86867795387983,39.112970393535136,0.24104126578612128,20.533130009755666,GOOD,64-QAM,HIGH
65.75402849773539,652.3972927182058,3.079910588310918,0.7697539507901581,12.5,21.9514621990224,61.86867795387983,39.112970393535136,0.35965082236595597,16.961905914252355,GOOD,64-QAM,HIGH
10.818288468111426,1875.8645589279924,7.3667054227602256,0.7699539907981596,2.2,2.2440508236359014,38.78255632008942,24.28383181668471,0.09105327495763134,23.146463543234688,GOOD,64-QAM,HIGH
10.818288468111426,1875.8645589279924,7.3667054227602256,0.7699539907981596,8.4,2.2440508236359014,38.78255632008942,24.28383181668471,0.34621074163899396,11.254173971759798,GOOD,16-QAM,MEDIUM
10.818288468111426,1875.8645589279924,7.3667054227602256,0.7699539907981596,12.5,2.2440508236359014,38.78255632008942,24.28383181668471,0.5126202977583356,7.63514987671698,DEGRADED,QPSK,LOW
40.50169464444456,874.8469484343786,5.702900673458911,0.7701540308061612,2.2,46.00569066613144,38.38629966560967,38.77409962238806,0.1562201311750362,29.70668462654855,GOOD,64-QAM,HIGH
40.50169464444456,874.8469484343786,5.702900673458911,0.7701540308061612,8.4,46.00569066613144,38.38629966560967,38.77409962238806,0.6002436962911417,17.625528956638917,GOOD,64-QAM,HIGH
40.50169464444456,874.8469484343786,5.702900673458911,0.7701540308061612,12.5,46.00569066613144,38.38629966560967,38.77409962238806,0.884316360198398,13.88884175380818,GOOD,16-QAM,MEDIUM
14.89047123898215,1631.702682576852,7.248141219469709,0.7703540708141629,2.2,23.51481113457874,65.00492611560745,-7.130576269645463,0.2404152231585245,24.208310609779545,GOOD,64-QAM,HIGH
14.89047123898215,1631.702682576852,7.248141219469709,0.7703540708141629,8.4,23.51481113457874,65.00492611560745,-7.130576269645463,0.914821411926613,11.896772316217934,GOOD,16-QAM,MEDIUM
14.89047123898215,1631.702682576852,7.248141219469709,0.7703540708141629,12.5,23.51481113457874,65.00492611560745,-7.130576269645463,1.366085136091565,7.99289405312949,DEGRADED,QPSK,LOW
57.08764602060339,702.2596013695356,4.07516605617464,0.7705541108221644,2.2,1.4498372167974003,89.10058486976678,-3.051981462889377,0.02511190845429958,31.74648076239101,GOOD,64-QAM,HIGH
57.08764602060339,702.2596013695356,4.07516605617464,0.7705541108221644,8.4,1.4498372167974003,89.10058486976678,-3.051981462889377,0.09605366776634931,20.03840689828543,GOOD,64-QAM,HIGH
57.08764602060339,702.2596013695356,4.07516605617464,0.7705541108221644,12.5,1.4498372167974003,89.10058486976678,-3.051981462889377,0.14140213220695688,16.54044389492134,GOOD,64-QAM,HIGH
84.77098344820314,602.2903952455163,0.6835268897860685,0.7707541508301661,2.2,34.4910535664381,35.775034994263535,12.572942300024527,0.07907497396843603,33.02635265937962,GOOD,64-QAM,HIGH
84.77098344820314,602.2903952455163,0.6835268897860685,0.7707541508301661,8.4,34.4910535664381,35.775034994263535,12.572942300024527,0.30191070873556114,21.166384819818973,GOOD,64-QAM,HIGH
84.77098344820314,602.2903952455163,0.6835268897860685,0.7707541508301661,12.5,34.4910535664381,35.775034994263535,12.572942300024527,0.4488798694243994,17.566801120206648,GOOD,64-QAM,HIGH
61.25110726008927,675.7107234832583,3.607288693439895,0.7709541908381676,2.2,24.09186267881291,47.14388571394687,9.243973044215757,0.06753200802391032,32.03879815146043,GOOD,64-QAM,HIGH
61.25110726008927,675.7107234832583,3.607288693439895,0.7709541908381676,8.4,24.09186267881291,47.14388571394687,9.243973044215757,0.25604416206766817,20.213153892623154,GOOD,64-QAM,HIGH
61.25110726008927,675.7107234832583,3.607288693439895,0.7709541908381676,12.5,24.09186267881291,47.14388571394687,9.243973044215757,0.3814769146153902,16.635106601151946,GOOD,64-QAM,HIGH
11.52825910672583,1829.3872205301984,7.348696907167553,0.7711542308461692,2.2,6.217265872120537,82.16754699227326,29.136742067851387,0.14667993564467152,23.308753629355806,GOOD,64-QAM,HIGH
11.52825910672583,1829.3872205301984,7.348696907167553,0.7711542308461692,8.4,6.217265872120537,82.16754699227326,29.136742067851387,0.5716225657321964,11.246678894474755,GOOD,16-QAM,MEDIUM
11.52825910672583,1829.3872205301984,7.348696907167553,0.7711542308461692,12.5,6.217265872120537,82.16754699227326,29.136742067851387,0.8195294214539959,7.5461574998294765,DEGRADED,QPSK,LOW
35.14662742373204,964.5152218555772,6.132611295713562,0.7713542708541709,2.2,10.71359046551298,34.33632073531422,-1.9692986765398128,0.05298920225738684,28.962375461022013,GOOD,64-QAM,HIGH
35.14662742373204,964.5152218555772,6.132611295713562,0.7713542708541709,8.4,10.71359046551298,34.33632073531422,-1.9692986765398128,0.2023555344172089,17.17587702406867,GOOD,64-QAM,HIGH
35.14662742373204,964.5152218555772,6.132611295713562,0.7713542708541709,12.5,10.71359046551298,34.33632073531422,-1.9692986765398128,0.301591465101553,13.62402655446084,GOOD,16-QAM,MEDIUM
51.80638725247238,744.0912360785205,4.637405889750123,0.7715543108621724,2.2,3.2245340227923136,82.55314328201707,38.80475895557443,0.03019974154830652,31.238822853236137,GOOD,64-QAM,HIGH
51.80638725247238,744.0912360785205,4.637405889750123,0.7715543108621724,8.4,3.2245340227923136,82.55314328201707,38.80475895557443,0.1148193388667915,19.517071151124128,GOOD,64-QAM,HIGH
51.80638725247238,744.0912360785205,4.637405889750123,0.7715543108621724,12.5,3.2245340227923136,82.55314328201707,38.80475895557443,0.16887637128084754,16.010399579786593,GOOD,64-QAM,HIGH
39.27265927132644,893.5036520513772,5.806067714462381,0.7717543508701741,2.2,28.71467698542868,61.45715900248507,5.753293763045701,0.11173125462194335,29.567888489861858,GOOD,64-QAM,HIGH
39.27265927132644,893.5036520513772,5.806067714462381,0.7717543508701741,8.4,28.71467698542868,61.45715900248507,5.753293763045701,0.424150630379985,17.618337009310295,GOOD,64-QAM,HIGH
39.27265927132644,893.5036520513772,5.806067714462381,0.7717543508701741,12.5,28.71467698542868,61.45715900248507,5.753293763045701,0.6348175391407478,13.955055561626054,GOOD,16-QAM,MEDIUM
75.85974089038965,617.0666119967964,1.832223270434776,0.7719543908781756,2.2,31.101473962600465,54.49600643558555,11.446185387007972,0.07716093261150417,32.81774448272252,GOOD,64-QAM,HIGH
75.85974089038965,617.0666119967964,1.832223270434776,0.7719543908781756,8.4,31.101473962600465,54.49600643558555,11.446185387007972,0.2938396239371369,20.96393368660337,GOOD,64-QAM,HIGH
75.85974089038965,617.0666119967964,1.832223270434776,0.7719543908781756,12.5,31.101473962600465,54.49600643558555,11.446185387007972,0.43933078592062497,17.365827985696384,GOOD,64-QAM,HIGH
74.24703540034908,621.294073438703,2.0361768666338858,0.7721544308861772,2.2,25.28711491777221,48.58083386108736,3.737251622001146,0.06372877281014092,32.7718733933086,GOOD,64-QAM,HIGH
74.24703540034908,621.294073438703,2.0361768666338858,0.7721544308861772,8.4,25.28711491777221,48.58083386108736,3.737251622001146,0.24441002149592359,20.9540600398293,GOOD,64-QAM,HIGH
74.24703540034908,621.294073438703,2.0361768666338858,0.7721544308861772,12.5,25.28711491777221,48.58083386108736,3.737251622001146,0.3619749172843191,17.383880605117426,GOOD,64-QAM,HIGH
57.00563670877382,702.8357536370804,4.084173935258604,0.7723544708941789,2.2,40.85510665013074,47.82702948767052,18.96818086632737,0.11221722066194036,31.65225223925929,GOOD,64-QAM,HIGH
57.00563670877382,702.8357536370804,4.084173935258604,0.7723544708941789,8.4,40.85510665013074,47.82702948767052,18.96818086632737,0.4284659596769552,19.69887139545075,GOOD,64-QAM,HIGH
57.00563670877382,702.8357536370804,4.084173935258604,0.7723544708941789,12.5,40.85510665013074,47.82702948767052,18.96818086632737,0.6340283992391403,16.04069441696508,GOOD,64-QAM,HIGH
36.74392533627994,935.388222036001,6.009879332149474,0.7725545109021804,2.2,43.05044106540068,48.34815494696873,-7.0685649788708025,0.16447310904378507,29.117235330968654,GOOD,64-QAM,HIGH
36.74392533627994,935.388222036001,6.009879332149474,0.7725545109021804,8.4,43.05044106540068,48.34815494696873,-7.0685649788708025,0.6311885002149524,17.013387835003968,GOOD,64-QAM,HIGH
36.74392533627994,935.388222036001,6.009879332149474,0.7725545109021804,12.5,43.05044106540068,48.34815494696873,-7.0685649788708025,0.9339375406405139,13.258024255654917,GOOD,16-QAM,MEDIUM
26.70359176987575,1162.176153317606,6.7000741467643925,0.7727545509101821,2.2,30.78121983415633,83.08818485761174,-2.516124721477561,0.1739507171685733,27.22215646819776,GOOD,64-QAM,HIGH
26.70359176987575,1162.176153317606,6.7000741467643925,0.7727545509101821,8.4,30.78121983415633,83.08818485761174,-2.516124721477561,0.6617232973508185,15.097251783221992,GOOD,64-QAM,HIGH
26.70359176987575,1162.176153317606,6.7000741467643925,0.7727545509101821,12.5,30.78121983415633,83.08818485761174,-2.516124721477561,0.991662095146976,11.314698446502348,GOOD,16-QAM,MEDIUM
13.999317048115993,1680.6723491409375,7.277239573933206,0.7729545909181836,2.2,0.6378239853715273,73.42771381048713,27.28988517093621,0.07997716263865794,24.111908120833775,GOOD,64-QAM,HIGH
13.999317048115993,1680.6723491409375,7.277239573933206,0.7729545909181836,8.4,0.6378239853715273,73.42771381048713,27.28988517093621,0.29753647458644866,12.257216704092457,GOOD,16-QAM,MEDIUM
13.999317048115993,1680.6723491409375,7.277239573933206,0.7729545909181836,12.5,0.6378239853715273,73.42771381048713,27.28988517093621,0.4354889550917798,8.66664968466364,DEGRADED,16-QAM,MEDIUM
35.1663030963571,964.142893757732,6.131128271054493,0.7731546309261852,2.2,34.76148278738678,70.18338046986904,-0.674970829759804,0.14408182019521754,28.874636470957405,GOOD,64-QAM,HIGH
35.1663030963571,964.142893757732,6.131128271054493,0.7731546309261852,8.4,34.76148278738678,70.18338046986904,-0.674970829759804,0.5512232478600532,16.83036293849905,GOOD,64-QAM,HIGH
35.1663030963571,964.142893757732,6.131128271054493,0.7731546309261852,12.5,34.76148278738678,70.18338046986904,-0.674970829759804,0.8200840520853155,13.108887595350296,GOOD,16-QAM,MEDIUM
40.11966396265616,880.5339608148333,5.735252190520642,0.7733546709341869,2.2,20.89996084601757,77.92494893712005,1.7757225778331414,0.09109470436076528,29.715529465518607,GOOD,64-QAM,HIGH
40.11966396265616,880.5339608148333,5.735252190520642,0.7733546709341869,8.4,20.89996084601757,77.92494893712005,1.7757225778331414,0.3504072669675908,17.819084798118254,GOOD,64-QAM,HIGH
40.11966396265616,880.5339608148333,5.735252190520642,0.7733546709341869,12.5,20.89996084601757,77.92494893712005,1.7757225778331414,0.5225256237861197,14.19435190237624,GOOD,16-QAM,MEDIUM
62.44494863384626,669.0151218011679,3.469504983379418,0.7735547109421884,2.2,28.27787416131935,45.4268797802487,29.64911178624189,0.07624994028918892,32.11657775784798,GOOD,64-QAM,HIGH
62.44494863384626,669.0151218011679,3.469504983379418,0.7735547109421884,8.4,28.27787416131935,45.4268797802487,29.64911178624189,0.2907256886887509,20.26496990465489,GOOD,64-QAM,HIGH
62.44494863384626,669.0151218011679,3.469504983379418,0.7735547109421884,12.5,28.27787416131935,45.4268797802487,29.64911178624189,0.43214101244737485,16.670940041972784,GOOD,64-QAM,HIGH
60.94358506529375,677.4987486731034,3.642529190364008,0.7737547509501901,2.2,32.45403010094422,67.08256872490534,-5.33494108213732,0.09211830207568707,31.991258133204255,GOOD,64-QAM,HIGH
60.94358506529375,677.4987486731034,3.642529190364008,0.7737547509501901,8.4,32.45403010094422,67.08256872490534,-5.33494108213732,0.3536298537230351,20.092614476763387,GOOD,64-QAM,HIGH
60.94358506529375,677.4987486731034,3.642529190364008,0.7737547509501901,12.5,32.45403010094422,67.08256872490534,-5.33494108213732,0.5240000596204828,16.46962973194246,GOOD,64-QAM,HIGH
10.95919186950684,1866.5011849887428,7.363221266529114,0.7739547909581916,2.2,17.51183071635384,57.603974337477055,11.873691138542046,0.26136854110953106,23.019612442772768,GOOD,64-QAM,HIGH
10.95919186950684,1866.5011849887428,7.363221266529114,0.7739547909581916,8.4,17.51183071635384,57.603974337477055,11.873691138542046,0.9859365642676395,10.657912314821132,GOOD,16-QAM,MEDIUM
10.95919186950684,1866.5011849887428,7.363221266529114,0.7739547909581916,12.5,17.51183071635384,57.603974337477055,11.873691138542046,1.4770977810034507,6.714136559161844,DEGRADED,QPSK,LOW
38.59704181164841,904.2177327889896,5.861645117698097,0.7741548309661932,2.2,45.85492525858971,76.9464981120116,-8.846830650138651,0.17324716731805323,29.402838819938964,GOOD,64-QAM,HIGH
38.59704181164841,904.2177327889896,5.861645117698097,0.7741548309661932,8.4,45.85492525858971,76.9464981120116,-8.846830650138651,0.6579520913866249,17.281001791076875,GOOD,64-QAM,HIGH
38.59704181164841,904.2177327889896,5.861645117698097,0.7741548309661932,12.5,45.85492525858971,76.9464981120116,-8.846830650138651,0.9764013960805551,13.509937947459449,GOOD,16-QAM,MEDIUM
20.451203713475763,1374.0046975805285,7.027275792669553,0.7743548709741949,2.2,6.69874333748906,48.55536662839713,7.340369965895192,0.0717743969797791,25.870007635892733,GOOD,64-QAM,HIGH
20.451203713475763,1374.0046975805285,7.027275792669553,0.7743548709741949,8.4,6.69874333748906,48.55536662839713,7.340369965895192,0.268366973670002,14.036282954408989,GOOD,16-QAM,MEDIUM
20.451203713475763,1374.0046975805285,7.027275792669553,0.7743548709741949,12.5,6.69874333748906,48.55536662839713,7.340369965895192,0.3970690169323622,10.45496637222314,GOOD,16-QAM,MEDIUM
18.329079951928485,1463.366933867461,7.11949493510822,0.7745549109821964,2.2,33.57559036405187,68.59071701219375,24.949070130537727,0.2540521617591185,25.140429471360846,GOOD,64-QAM,HIGH
18.329079951928485,1463.366933867461,7.11949493510822,0.7745549109821964,8.4,33.57559036405187,68.59071701219375,24.949070130537727,0.9761054730109748,12.781244055315469,GOOD,16-QAM,MEDIUM
18.329079951928485,1463.366933867461,7.11949493510822,0.7745549109821964,12.5,33.57559036405187,68.59071701219375,24.949070130537727,1.4442903574446688,8.860444631958288,DEGRADED,16-QAM,MEDIUM
75.3206827276659,618.4240426426768,1.900565715788452,0.7747549509901981,2.2,0.2179789978290214,82.93274470903881,-5.494836014138585,0.020641411605270908,32.85517766344539,GOOD,64-QAM,HIGH
75.3206827276659,618.4240426426768,1.900565715788452,0.7747549509901981,8.4,0.2179789978290214,82.93274470903881,-5.494836014138585,0.07846312242385405,21.16022384783328,GOOD,64-QAM,HIGH
75.3206827276659,618.4240426426768,1.900565715788452,0.7747549509901981,12.5,0.2179789978290214,82.93274470903881,-5.494836014138585,0.11690522579466323,17.669167205538983,GOOD,64-QAM,HIGH
8.56279342088189,2035.532506866336,7.416399580682532,0.7749549909981996,2.2,46.23255527025904,54.12902857169573,34.41673133893801,0.6612370297229343,21.86674850726766,GOOD,64-QAM,HIGH
8.56279342088189,2035.532506866336,7.416399580682532,0.7749549909981996,8.4,46.23255527025904,54.12902857169573,34.41673133893801,2.539260674619378,8.351592757577691,DEGRADED,16-QAM,MEDIUM
8.56279342088189,2035.532506866336,7.416399580682532,0.7749549909981996,12.5,46.23255527025904,54.12902857169573,34.41673133893801,3.7644454371946163,3.6737934560789824,DEGRADED,QPSK,LOW
40.63054445168032,872.9511481232448,5.691932031834803,0.7751550310062012,2.2,5.625206661904575,33.99732524204769,35.4749521470358,0.03073412227667909,29.851013451180158,GOOD,64-QAM,HIGH
40.63054445168032,872.9511481232448,5.691932031834803,0.7751550310062012,8.4,5.625206661904575,33.99732524204769,35.4749521470358,0.11400030123095371,18.130615167432353,GOOD,64-QAM,HIGH
40.63054445168032,872.9511481232448,5.691932031834803,0.7751550310062012,12.5,5.625206661904575,33.99732524204769,35.4749521470358,0.17223562516160443,14.619765304578223,GOOD,16-QAM,MEDIUM
19.29731074015405,1421.331941533484,7.078623477841229,0.7753550710142029,2.2,4.744211507378732,60.96304934050757,-4.750481243743245,0.06749235634665203,25.580143706644293,GOOD,64-QAM,HIGH
19.29731074015405,1421.331941533484,7.078623477841229,0.7753550710142029,8.4,4.744211507378732,60.96304934050757,-4.750481243743245,0.2541422850061481,13.756361673191279,GOOD,16-QAM,MEDIUM
19.29731074015405,1421.331941533484,7.078623477841229,0.7753550710142029,12.5,4.744211507378732,60.96304934050757,-4.750481243743245,0.3704434798203872,10.187445939453568,GOOD,16-QAM,MEDIUM
79.74306833267029,608.8873492694875,1.3354694536937324,0.7755551110222044,2.2,16.65038165261221,50.758349268421554,39.53662181878883,0.046299041476862805,32.96450832410331,GOOD,64-QAM,HIGH
79.74306833267029,608.8873492694875,1.3354694536937324,0.7755551110222044,8.4,16.65038165261221,50.758349268421554,39.53662181878883,0.17819526890737578,21.19547999187928,GOOD,64-QAM,HIGH
79.74306833267029,608.8873492694875,1.3354694536937324,0.7755551110222044,12.5,16.65038165261221,50.758349268421554,39.53662181878883,0.2623891993484502,17.658671522514723,GOOD,64-QAM,HIGH
52.34844362837799,739.3272120708307,4.581433811553612,0.7757551510302061,2.2,18.67831430195403,70.3335228328305,4.876477669774445,0.06535519519929262,31.259457361046053,GOOD,64-QAM,HIGH
52.34844362837799,739.3272120708307,4.581433811553612,0.7757551510302061,8.4,18.67831430195403,70.3335228328305,4.876477669774445,0.24954363424040812,19.438136817211415,GOOD,64-QAM,HIGH
52.34844362837799,739.3272120708307,4.581433811553612,0.7757551510302061,12.5,18.67831430195403,70.3335228328305,4.876477669774445,0.3730600313152607,15.86200588121308,GOOD,64-QAM,HIGH
24.66735409203208,1223.7368667467977,6.815595913123721,0.7759551910382076,2.2,10.715003616143932,87.06197548491636,-5.794916443419698,0.0888959906366716,26.85888951393744,GOOD,64-QAM,HIGH
24.66735409203208,1223.7368667467977,6.815595913123721,0.7759551910382076,8.4,10.715003616143932,87.06197548491636,-5.794916443419698,0.3413607279360073,14.969292671844585,GOOD,16-QAM,MEDIUM
24.66735409203208,1223.7368667467977,6.815595913123721,0.7759551910382076,12.5,10.715003616143932,87.06197548491636,-5.794916443419698,0.5071635929269624,11.35087526793015,GOOD,16-QAM,MEDIUM
47.706319409142,784.0990639916909,5.046981991329804,0.7761552310462092,2.2,29.256083046356235,59.13649907981082,-9.746644275136887,0.09911882019125473,30.71500885490422,GOOD,64-QAM,HIGH
47.706319409142,784.0990639916909,5.046981991329804,0.7761552310462092,8.4,29.256083046356235,59.13649907981082,-9.746644275136887,0.37684443547925334,18.8001511348227,GOOD,64-QAM,HIGH
47.706319409142,784.0990639916909,5.046981991329804,0.7761552310462092,12.5,29.256083046356235,59.13649907981082,-9.746644275136887,0.5612201577787728,15.163160873599693,GOOD,64-QAM,HIGH
67.17634057476485,646.0797883653386,2.9092216713211285,0.7763552710542109,2.2,22.145704902098178,57.971413809332034,10.426144788193128,0.06187129936001296,32.43395198413858,GOOD,64-QAM,HIGH
67.17634057476485,646.0797883653386,2.9092216713211285,0.7763552710542109,8.4,22.145704902098178,57.971413809332034,10.426144788193128,0.23723617008223988,20.62145500862283,GOOD,64-QAM,HIGH
67.17634057476485,646.0797883653386,2.9092216713211285,0.7763552710542109,12.5,22.145704902098178,57.971413809332034,10.426144788193128,0.35288028562643975,17.053196354155148,GOOD,64-QAM,HIGH
86.44003075815188,601.0599241515438,0.465699107938234,0.7765553110622124,2.2,1.7087794520543709,69.27508801148761,21.490499285305884,0.019007000227635462,33.104183938913856,GOOD,64-QAM,HIGH
86.44003075815188,601.0599241515438,0.465699107938234,0.7765553110622124,8.4,1.7087794520543709,69.27508801148761,21.490499285305884,0.07245981767542614,21.41359901667255,GOOD,64-QAM,HIGH
86.44003075815188,601.0599241515438,0.465699107938234,0.7765553110622124,12.5,1.7087794520543709,69.27508801148761,21.490499285305884,0.10758935664735854,17.925854938777135,GOOD,64-QAM,HIGH
23.73791036086061,1254.064817709013,6.86547329931499,0.7767553510702141,2.2,15.982603112765032,36.20985021561406,6.608962495165663,0.11301835623465276,26.62212834613765,GOOD,64-QAM,HIGH
23.73791036086061,1254.064817709013,6.86547329931499,0.7767553510702141,8.4,15.982603112765032,36.20985021561406,6.608962495165663,0.4297099716900385,14.668304625888737,GOOD,16-QAM,MEDIUM
23.73791036086061,1254.064817709013,6.86547329931499,0.7767553510702141,12.5,15.982603112765032,36.20985021561406,6.608962495165663,0.6467549476150297,10.998645111040261,GOOD,16-QAM,MEDIUM
80.32545063099434,607.8967899179988,1.2603863709746514,0.7769553910782157,2.2,40.52164567865852,45.21037133550088,31.835868273731137,0.09230472702099558,32.932644655751155,GOOD,64-QAM,HIGH
80.32545063099434,607.8967899179988,1.2603863709746514,0.7769553910782157,8.4,40.52164567865852,45.21037133550088,31.835868273731137,0.3546113747805419,21.03320590319808,GOOD,64-QAM,HIGH
80.32545063099434,607.8967899179988,1.2603863709746514,0.7769553910782157,12.5,40.52164567865852,45.21037133550088,31.835868273731137,0.5249909064035858,17.410211832651555,GOOD,64-QAM,HIGH
84.41584970423668,602.6131532098616,0.7298069005996873,0.7771554310862172,2.2,34.48507674309343,85.13875953002392,25.830313778252503,0.08728266153550533,33.01349158668683,GOOD,64-QAM,HIGH
84.41584970423668,602.6131532098616,0.7298069005996873,0.7771554310862172,8.4,34.48507674309343,85.13875953002392,25.830313778252503,0.3330720205244586,21.13057012290436,GOOD,64-QAM,HIGH
84.41584970423668,602.6131532098616,0.7298069005996873,0.7771554310862172,12.5,34.48507674309343,85.13875953002392,25.830313778252503,0.49458859093164137,17.516439013573688,GOOD,64-QAM,HIGH
82.89574628522563,604.2383221967029,0.927563613306978,0.7773554710942189,2.2,36.243542678994025,70.19655680182598,7.508076598401633,0.09108529349267944,32.98629577456924,GOOD,64-QAM,HIGH
82.89574628522563,604.2383221967029,0.927563613306978,0.7773554710942189,8.4,36.243542678994025,70.19655680182598,7.508076598401633,0.34653102246183903,21.09371794080657,GOOD,64-QAM,HIGH
82.89574628522563,604.2383221967029,0.927563613306978,0.7773554710942189,12.5,36.243542678994025,70.19655680182598,7.508076598401633,0.5181016366302797,17.46953278771464,GOOD,64-QAM,HIGH
59.01022033326234,689.357419692341,3.861638748964698,0.7775555111022204,2.2,34.90584620417618,30.806642639004977,26.71548333043023,0.09122022209271169,31.841437074476666,GOOD,64-QAM,HIGH
59.01022033326234,689.357419692341,3.861638748964698,0.7775555111022204,8.4,34.90584620417618,30.806642639004977,26.71548333043023,0.3480443835019253,19.947480808273923,GOOD,64-QAM,HIGH
59.01022033326234,689.357419692341,3.861638748964698,0.7775555111022204,12.5,34.90584620417618,30.806642639004977,26.71548333043023,0.5180362693839657,16.324874383468398,GOOD,64-QAM,HIGH
58.53475562695015,692.4422454947962,3.914859427410734,0.7777555511102221,2.2,15.548651069151664,42.27752835354119,37.02438684846249,0.04708454055508969,31.846790721741456,GOOD,64-QAM,HIGH
58.53475562695015,692.4422454947962,3.914859427410734,0.7777555511102221,8.4,15.548651069151664,42.27752835354119,37.02438684846249,0.1784860047746179,20.078257152728412,GOOD,64-QAM,HIGH
58.53475562695015,692.4422454947962,3.914859427410734,0.7777555511102221,12.5,15.548651069151664,42.27752835354119,37.02438684846249,0.26396920805007995,16.540159410529455,GOOD,64-QAM,HIGH
39.27290382062493,893.4998340624306,5.806047450806119,0.7779555911182237,2.2,4.983196103838794,70.97023596173395,-5.345200072849146,0.03929496371950102,29.64036189611508,GOOD,64-QAM,HIGH
39.27290382062493,893.4998340624306,5.806047450806119,0.7779555911182237,8.4,4.983196103838794,70.97023596173395,-5.345200072849146,0.14991470782679553,17.892610047214262,GOOD,64-QAM,HIGH
39.27290382062493,893.4998340624306,5.806047450806119,0.7779555911182237,12.5,4.983196103838794,70.97023596173395,-5.345200072849146,0.22271314274967574,14.367197073367905,GOOD,16-QAM,MEDIUM
68.95381999582197,638.839982412188,2.693402193476843,0.7781556311262252,2.2,13.6233592016548,75.86395215375445,5.305198007880843,0.04664827838416497,32.547056324108325,GOOD,64-QAM,HIGH
68.95381999582197,638.839982412188,2.693402193476843,0.7781556311262252,8.4,13.6233592016548,75.86395215375445,5.305198007880843,0.1791720067475264,20.77740049095145,GOOD,64-QAM,HIGH
68.95381999582197,638.839982412188,2.693402193476843,0.7781556311262252,12.5,13.6233592016548,75.86395215375445,5.305198007880843,0.26672283757663084,17.23723512119885,GOOD,64-QAM,HIGH
50.159991559829216,759.2863970940243,4.804845147319485,0.7783556711342269,2.2,41.58926500925797,80.39157436044252,13.166296955834664,0.12750659242395673,30.96592740321198,GOOD,64-QAM,HIGH
50.159991559829216,759.2863970940243,4.804845147319485,0.7783556711342269,8.4,41.58926500925797,80.39157436044252,13.166296955834664,0.4902094449838617,18.96609244585855,GOOD,64-QAM,HIGH
50.159991559829216,759.2863970940243,4.804845147319485,0.7783556711342269,12.5,41.58926500925797,80.39157436044252,13.166296955834664,0.7292575543712512,15.274429797547683,GOOD,64-QAM,HIGH
62.58223605440503,668.2697602732851,3.453562652671455,0.7785557111422284,2.2,49.023539889153554,47.53060820292269,14.89950638773843,0.11969902755443032,32.08281116790077,GOOD,64-QAM,HIGH
62.58223605440503,668.2697602732851,3.453562652671455,0.7785557111422284,8.4,49.023539889153554,47.53060820292269,14.89950638773843,0.45596714781612635,20.109410942845557,GOOD,64-QAM,HIGH
62.58223605440503,668.2697602732851,3.453562652671455,0.7785557111422284,12.5,49.023539889153554,47.53060820292269,14.89950638773843,0.6803517005277969,16.432411851210404,GOOD,64-QAM,HIGH
41.418921827147614,861.5910501693907,5.624194737650239,0.7787557511502301,2.2,24.692350737078065,85.86171577665377,17.10978224430368,0.09986833517297176,29.89565446733451,GOOD,64-QAM,HIGH
41.418921827147614,861.5910501693907,5.624194737650239,0.7787557511502301,8.4,24.692350737078065,85.86171577665377,17.10978224430368,0.38192733930548856,17.976463358408466,GOOD,64-QAM,HIGH
41.418921827147614,861.5910501693907,5.624194737650239,0.7787557511502301,12.5,24.692350737078065,85.86171577665377,17.10978224430368,0.5676254892503635,14.338150669540113,GOOD,16-QAM,MEDIUM
67.17719944366682,646.0761166207276,2.9091180479049883,0.7789557911582317,2.2,0.485017746152111,63.17681361467354,5.031345326932428,0.016632586152043848,32.47924006038136,GOOD,64-QAM,HIGH
67.17719944366682,646.0761166207276,2.9091180479049883,0.7789557911582317,8.4,0.485017746152111,63.17681361467354,5.031345326932428,0.06341526606402637,20.79532527567585,GOOD,64-QAM,HIGH
67.17719944366682,646.0761166207276,2.9091180479049883,0.7789557911582317,12.5,0.485017746152111,63.17681361467354,5.031345326932428,0.09513421591700258,17.310991786899393,GOOD,64-QAM,HIGH
75.08007899638667,619.0478567317759,1.931015805793335,0.7791558311662332,2.2,7.002240606711451,71.79234134327358,23.36298229911745,0.031141808288064367,32.83592008885122,GOOD,64-QAM,HIGH
75.08007899638667,619.0478567317759,1.931015805793335,0.7791558311662332,8.4,7.002240606711451,71.79234134327358,23.36298229911745,0.1178157215033112,21.112114070842452,GOOD,64-QAM,HIGH
75.08007899638667,619.0478567317759,1.931015805793335,0.7791558311662332,12.5,7.002240606711451,71.79234134327358,23.36298229911745,0.17565344049788745,17.60166181292439,GOOD,64-QAM,HIGH
17.44708181123937,1503.6119954852732,7.154957060972236,0.7793558711742349,2.2,16.10402876581329,65.80433176679448,22.254225176491488,0.1571727985419034,25.001657949787955,GOOD,64-QAM,HIGH
17.44708181123937,1503.6119954852732,7.154957060972236,0.7793558711742349,8.4,16.10402876581329,65.80433176679448,22.254225176491488,0.6105817583361353,12.911116885200187,GOOD,16-QAM,MEDIUM
17.44708181123937,1503.6119954852732,7.154957060972236,0.7793558711742349,12.5,16.10402876581329,65.80433176679448,22.254225176491488,0.8859729962520447,9.18311110836079,DEGRADED,16-QAM,MEDIUM
75.79902582380939,617.2167368125129,1.839929016880652,0.7795559111822364,2.2,28.92926742964749,37.36440328047723,18.891075313580693,0.06948799141386962,32.82330450942782,GOOD,64-QAM,HIGH
75.79902582380939,617.2167368125129,1.839929016880652,0.7795559111822364,8.4,28.92926742964749,37.36440328047723,18.891075313580693,0.26611472464695335,20.989545671401217,GOOD,64-QAM,HIGH
75.79902582380939,617.2167368125129,1.839929016880652,0.7795559111822364,12.5,28.92926742964749,37.36440328047723,18.891075313580693,0.3959554640560421,17.407090393068643,GOOD,64-QAM,HIGH
50.92520520217612,752.0854694181535,4.727507646891116,0.779755951190238,2.2,3.7546822902656976,87.78687956309278,-4.311913914456169,0.031764694060949915,31.144437729059966,GOOD,64-QAM,HIGH
50.92520520217612,752.0854694181535,4.727507646891116,0.779755951190238,8.4,3.7546822902656976,87.78687956309278,-4.311913914456169,0.12163839184923508,19.41743192647816,GOOD,64-QAM,HIGH
50.92520520217612,752.0854694181535,4.727507646891116,0.779755951190238,12.5,3.7546822902656976,87.78687956309278,-4.311913914456169,0.17989780272303255,15.906557976680872,GOOD,64-QAM,HIGH
76.79660227266906,614.8383254035898,1.7130645331999248,0.7799559911982397,2.2,47.16786493549408,37.37253479364916,13.848394554797224,0.10791747179453051,32.818410291078244,GOOD,64-QAM,HIGH
76.79660227266906,614.8383254035898,1.7130645331999248,0.7799559911982397,8.4,47.16786493549408,37.37253479364916,13.848394554797224,0.4108948550837402,20.87830080299551,GOOD,64-QAM,HIGH
76.79660227266906,614.8383254035898,1.7130645331999248,0.7799559911982397,12.5,47.16786493549408,37.37253479364916,13.848394554797224,0.6127271920984582,17.223853927057306,GOOD,64-QAM,HIGH
41.66064503898624,858.1888030592472,5.603212014891172,0.7801560312062412,2.2,18.25418366422004,45.29291738467101,7.811344374468778,0.07237645654739672,29.957513048670997,GOOD,64-QAM,HIGH
41.66064503898624,858.1888030592472,5.603212014891172,0.7801560312062412,8.4,18.25418366422004,45.29291738467101,7.811344374468778,0.2742538924073556,18.11850350801751,GOOD,64-QAM,HIGH
41.66064503898624,858.1888030592472,5.603212014891172,0.7801560312062412,12.5,18.25418366422004,45.29291738467101,7.811344374468778,0.41473085249409797,14.525412009007283,GOOD,16-QAM,MEDIUM
37.21844125755798,927.1483879486344,5.972514600734014,0.7803560712142429,2.2,45.62921089624116,78.8176728133788,14.55192349190613,0.17492980373326722,29.183631629188632,GOOD,64-QAM,HIGH
37.21844125755798,927.1483879486344,5.972514600734014,0.7803560712142429,8.4,45.62921089624116,78.8176728133788,14.55192349190613,0.6688769179200956,17.05255241020828,GOOD,64-QAM,HIGH
37.21844125755798,927.1483879486344,5.972514600734014,0.7803560712142429,12.5,45.62921089624116,78.8176728133788,14.55192349190613,0.9937290429037499,13.275085746301144,GOOD,16-QAM,MEDIUM
82.7801622639639,604.3781414459518,0.9425754727354996,0.7805561112222444,2.2,39.026090137851085,67.11581769006608,36.0933217757513,0.09612279285290319,32.97924861439403,GOOD,64-QAM,HIGH
82.7801622639639,604.3781414459518,0.9425754727354996,0.7805561112222444,8.4,39.026090137851085,67.11581769006608,36.0933217757513,0.36762645852428255,21.070612843929126,GOOD,64-QAM,HIGH
82.7801622639639,604.3781414459518,0.9425754727354996,0.7805561112222444,12.5,39.026090137851085,67.11581769006608,36.0933217757513,0.5470623431794941,17.438562420350436,GOOD,64-QAM,HIGH
26.34938774161411,1172.4274936005131,6.720781345898528,0.780756151230246,2.2,37.771863625779055,80.28894992258142,14.026567157920416,0.20955197346124718,27.11027452696409,GOOD,64-QAM,HIGH
26.34938774161411,1172.4274936005131,6.720781345898528,0.780756151230246,8.4,37.771863625779055,80.28894992258142,14.026567157920416,0.7932546546099545,14.88943974102186,GOOD,16-QAM,MEDIUM
26.34938774161411,1172.4274936005131,6.720781345898528,0.780756151230246,12.5,37.771863625779055,80.28894992258142,14.026567157920416,1.183252121211694,11.046827735496635,GOOD,16-QAM,MEDIUM
76.75804764932217,614.9267751447369,1.717977523348384,0.7809561912382477,2.2,30.3359789891116,60.9441713024427,-9.300960408024409,0.07628403724064302,32.84879427613788,GOOD,64-QAM,HIGH
76.75804764932217,614.9267751447369,1.717977523348384,0.7809561912382477,8.4,30.3359789891116,60.9441713024427,-9.300960408024409,0.29290805978267526,20.995038148802323,GOOD,64-QAM,HIGH
76.75804764932217,614.9267751447369,1.717977523348384,0.7809561912382477,12.5,30.3359789891116,60.9441713024427,-9.300960408024409,0.43665262583670883,17.3986790438248,GOOD,64-QAM,HIGH
46.14174866329935,801.3941709491046,5.196574601273658,0.7811562312462492,2.2,31.339190852592232,52.61959412199809,11.941836904206546,0.10527796268171567,30.519344836725544,GOOD,64-QAM,HIGH
46.14174866329935,801.3941709491046,5.196574601273658,0.7811562312462492,8.4,31.339190852592232,52.61959412199809,11.941836904206546,0.40004117616543894,18.587449518448295,GOOD,64-QAM,HIGH
46.14174866329935,801.3941709491046,5.196574601273658,0.7811562312462492,12.5,31.339190852592232,52.61959412199809,11.941836904206546,0.5947445029824816,14.940131652707777,GOOD,16-QAM,MEDIUM
48.698112616857074,773.7428207576049,4.950198112742229,0.7813562712542509,2.2,31.90016176081241,85.3107299728671,31.03240900246911,0.10771946982634757,30.821894265600832,GOOD,64-QAM,HIGH
48.698112616857074,773.7428207576049,4.950198112742229,0.7813562712542509,8.4,31.90016176081241,85.3107299728671,31.03240900246911,0.41384457710713346,18.878637053526532,GOOD,64-QAM,HIGH
48.698112616857074,773.7428207576049,4.950198112742229,0.7813562712542509,12.5,31.90016176081241,85.3107299728671,31.03240900246911,0.6112601016021342,15.228606990108048,GOOD,64-QAM,HIGH
31.21980392660614,1046.3232885402049,6.413888672132714,0.7815563112622524,2.2,31.436069351279105,32.175139050887694,29.00304616090841,0.1436757153070896,28.164552833524915,GOOD,64-QAM,HIGH
31.21980392660614,1046.3232885402049,6.413888672132714,0.7815563112622524,8.4,31.436069351279105,32.175139050887694,29.00304616090841,0.55573040613279,16.115366037905687,GOOD,64-QAM,HIGH
31.21980392660614,1046.3232885402049,6.413888672132714,0.7815563112622524,12.5,31.436069351279105,32.175139050887694,29.00304616090841,0.81350284963396,12.404979055481036,GOOD,16-QAM,MEDIUM
53.70858705261633,727.8687080645768,4.439192893442682,0.781756351270254,2.2,27.68641156991806,81.36781322118276,15.66950367640905,0.0881092499836282,31.372376154599948,GOOD,64-QAM,HIGH
53.70858705261633,727.8687080645768,4.439192893442682,0.781756351270254,8.4,27.68641156991806,81.36781322118276,15.66950367640905,0.3370061247482831,19.48634717504177,GOOD,64-QAM,HIGH
53.70858705261633,727.8687080645768,4.439192893442682,0.781756351270254,12.5,27.68641156991806,81.36781322118276,15.66950367640905,0.4997349981517634,15.871003762714807,GOOD,64-QAM,HIGH
32.64295168347796,1014.8670693982052,6.315362037948924,0.7819563912782557,2.2,49.32070092414445,43.8490671112669,2.4884506429657645,0.20010089177912177,28.373262278468367,GOOD,64-QAM,HIGH
32.64295168347796,1014.8670693982052,6.315362037948924,0.7819563912782557,8.4,49.32070092414445,43.8490671112669,2.4884506429657645,0.7703654941198124,16.16586557133415,GOOD,64-QAM,HIGH
32.64295168347796,1014.8670693982052,6.315362037948924,0.7819563912782557,12.5,49.32070092414445,43.8490671112669,2.4884506429657645,1.1381099154411018,12.345506611089377,GOOD,16-QAM,MEDIUM
8.337900210540447,2052.4974469634444,7.420725625108744,0.7821564312862572,2.2,36.614528371284806,80.92417966523806,13.254433145727257,0.5970288109668147,21.858865060855734,GOOD,64-QAM,HIGH
8.337900210540447,2052.4974469634444,7.420725625108744,0.7821564312862572,8.4,36.614528371284806,80.92417966523806,13.254433145727257,2.2933138195149922,8.525447947514039,DEGRADED,16-QAM,MEDIUM
8.337900210540447,2052.4974469634444,7.420725625108744,0.7821564312862572,12.5,36.614528371284806,80.92417966523806,13.254433145727257,3.4170512090613308,3.9490960190442195,DEGRADED,QPSK,LOW
28.119881454270264,1122.9826832084373,6.61472529960667,0.7823564712942589,2.2,38.84731941962606,38.35179680501314,18.185110970909584,0.1854727433130447,27.508612453482172,GOOD,64-QAM,HIGH
28.119881454270264,1122.9826832084373,6.61472529960667,0.7823564712942589,8.4,38.84731941962606,38.35179680501314,18.185110970909584,0.7114689158786244,15.345484176123065,GOOD,64-QAM,HIGH
28.119881454270264,1122.9826832084373,6.61472529960667,0.7823564712942589,12.5,38.84731941962606,38.35179680501314,18.185110970909584,1.060147376789387,11.54419117628882,GOOD,16-QAM,MEDIUM
5.542218689560208,2280.173477893669,7.464939777827975,0.7825565113022604,2.2,43.62314075418371,64.81313782143243,39.99357191370669,1.017977124431852,20.524211462747516,GOOD,64-QAM,HIGH
5.542218689560208,2280.173477893669,7.464939777827975,0.7825565113022604,8.4,43.62314075418371,64.81313782143243,39.99357191370669,3.884525871366695,6.020530611019154,DEGRADED,QPSK,LOW
5.542218689560208,2280.173477893669,7.464939777827975,0.7825565113022604,12.5,43.62314075418371,64.81313782143243,39.99357191370669,5.810307045615213,0.6421348978471428,DEGRADED,LINK-OFF,NONE
88.16015689983281,600.2828190270911,0.2407935118120831,0.782756551310262,2.2,10.781988136292458,83.28647514068832,22.20890450846887,0.04012218296750839,33.09430593278816,GOOD,64-QAM,HIGH
88.16015689983281,600.2828190270911,0.2407935118120831,0.782756551310262,8.4,10.781988136292458,83.28647514068832,22.20890450846887,0.1531745076047978,21.344121503357343,GOOD,64-QAM,HIGH
88.16015689983281,600.2828190270911,0.2407935118120831,0.782756551310262,12.5,10.781988136292458,83.28647514068832,22.20890450846887,0.22828255309986328,17.816398918938802,GOOD,64-QAM,HIGH
87.08851283467854,600.7086231907624,0.3809487837039526,0.7829565913182637,2.2,4.190207954753039,58.41237881393343,24.71324650313068,0.022056774212076868,33.10621228328884,GOOD,64-QAM,HIGH
87.08851283467854,600.7086231907624,0.3809487837039526,0.7829565913182637,8.4,4.190207954753039,58.41237881393343,24.71324650313068,0.0850176709373397,21.40611928177006,GOOD,64-QAM,HIGH
87.08851283467854,600.7086231907624,0.3809487837039526,0.7829565913182637,12.5,4.190207954753039,58.41237881393343,24.71324650313068,0.12447613014196826,17.914046283641937,GOOD,64-QAM,HIGH
38.58820028514593,904.3601716259508,5.8623670501974265,0.7831566313262652,2.2,24.14472182992993,74.79400042820357,14.5727071784026,0.10404807548667648,29.47066975614092,GOOD,64-QAM,HIGH
38.58820028514593,904.3601716259508,5.8623670501974265,0.7831566313262652,8.4,24.14472182992993,74.79400042820357,14.5727071784026,0.3991523491194565,17.53843337771461,GOOD,64-QAM,HIGH
38.58820028514593,904.3601716259508,5.8623670501974265,0.7831566313262652,12.5,24.14472182992993,74.79400042820357,14.5727071784026,0.5931765338913909,13.891794654019193,GOOD,16-QAM,MEDIUM
66.91152261886991,647.2200583018457,2.941140941568376,0.7833566713342669,2.2,25.70403478096366,78.28029707133351,7.724477539126493,0.07408849886000644,32.40641851994097,GOOD,64-QAM,HIGH
66.91152261886991,647.2200583018457,2.941140941568376,0.7833566713342669,8.4,25.70403478096366,78.28029707133351,7.724477539126493,0.2835339766049527,20.559840937402498,GOOD,64-QAM,HIGH
66.91152261886991,647.2200583018457,2.941140941568376,0.7833566713342669,12.5,25.70403478096366,78.28029707133351,7.724477539126493,0.4208894854456535,16.969870889638315,GOOD,64-QAM,HIGH
34.39351836488612,979.031551152515,6.188830540382437,0.7835567113422685,2.2,41.45908899749588,74.18965252300674,30.647649182360304,0.17270366046018992,28.7129089632201,GOOD,64-QAM,HIGH
34.39351836488612,979.031551152515,6.188830540382437,0.7835567113422685,8.4,41.45908899749588,74.18965252300674,30.647649182360304,0.6621079828973288,16.58637253598944,GOOD,64-QAM,HIGH
34.39351836488612,979.031551152515,6.188830540382437,0.7835567113422685,12.5,41.45908899749588,74.18965252300674,30.647649182360304,0.9800374844978708,12.81582849546541,GOOD,16-QAM,MEDIUM
62.04291835230797,671.2267713313477,3.516075334677535,0.78375675135027,2.2,22.189178964116785,85.5197842124759,14.746616216961808,0.07283002943906522,32.09133096118382,GOOD,64-QAM,HIGH
62.04291835230797,671.2267713313477,3.516075334677535,0.78375675135027,8.4,22.189178964116785,85.5197842124759,14.746616216961808,0.27823345443250774,20.248795431396857,GOOD,64-QAM,HIGH
62.04291835230797,671.2267713313477,3.516075334677535,0.78375675135027,12.5,22.189178964116785,85.5197842124759,14.746616216961808,0.41453452457598133,16.6598798223299,GOOD,64-QAM,HIGH
73.46155365890823,623.5363099811857,2.134939975253068,0.7839567913582717,2.2,28.54265127721564,56.81005383119572,39.73450649822625,0.07347991702032483,32.73083149579945,GOOD,64-QAM,HIGH
73.46155365890823,623.5363099811857,2.134939975253068,0.7839567913582717,8.4,28.54265127721564,56.81005383119572,39.73450649822625,0.2811146607119729,20.88606464731427,GOOD,64-QAM,HIGH
73.46155365890823,623.5363099811857,2.134939975253068,0.7839567913582717,12.5,28.54265127721564,56.81005383119572,39.73450649822625,0.418919912791878,17.295644856310886,GOOD,64-QAM,HIGH
85.47428079884047,601.7144455260195,0.5917994159064567,0.7841568313662732,2.2,26.35354692567292,40.38752634990935,12.856028713402203,0.06357945551756815,33.05015817113416,GOOD,64-QAM,HIGH
85.47428079884047,601.7144455260195,0.5917994159064567,0.7841568313662732,8.4,26.35354692567292,40.38752634990935,12.856028713402203,0.24366034206320217,21.232945179794996,GOOD,64-QAM,HIGH
85.47428079884047,601.7144455260195,0.5917994159064567,0.7841568313662732,12.5,26.35354692567292,40.38752634990935,12.856028713402203,0.3621314300936813,17.661859552841037,GOOD,64-QAM,HIGH
39.01804344722212,897.5022338600124,5.827108041605479,0.7843568713742749,2.2,1.9101391878695528,32.86866382214879,-6.599985817621131,0.020816567962303044,29.620019051603286,GOOD,64-QAM,HIGH
39.01804344722212,897.5022338600124,5.827108041605479,0.7843568713742749,8.4,1.9101391878695528,32.86866382214879,-6.599985817621131,0.07965999233017346,17.92404352244189,GOOD,64-QAM,HIGH
39.01804344722212,897.5022338600124,5.827108041605479,0.7843568713742749,12.5,1.9101391878695528,32.86866382214879,-6.599985817621131,0.11923745811385612,14.431851517734728,GOOD,16-QAM,MEDIUM
71.58032855126406,629.4086404295122,2.369810980558908,0.7845569113822765,2.2,30.7607448298457,44.78759217825031,24.128906854504137,0.0751802740261355,32.64771209854811,GOOD,64-QAM,HIGH
71.58032855126406,629.4086404295122,2.369810980558908,0.7845569113822765,8.4,30.7607448298457,44.78759217825031,24.128906854504137,0.28760960309803757,20.798150664682694,GOOD,64-QAM,HIGH
71.58032855126406,629.4086404295122,2.369810980558908,0.7845569113822765,12.5,30.7607448298457,44.78759217825031,24.128906854504137,0.42725907737963714,17.205886651477613,GOOD,64-QAM,HIGH
27.603918303730097,1136.936455821383,6.6462892019508,0.784756951390278,2.2,41.40216428871261,38.59185023281452,-7.667927453709447,0.20406646553902863,27.382756071180722,GOOD,64-QAM,HIGH
27.603918303730097,1136.936455821383,6.6462892019508,0.784756951390278,8.4,41.40216428871261,38.59185023281452,-7.667927453709447,0.7812870592246303,15.168403372701604,GOOD,64-QAM,HIGH
27.603918303730097,1136.936455821383,6.6462892019508,0.784756951390278,12.5,41.40216428871261,38.59185023281452,-7.667927453709447,1.1605092526166403,11.33656664038611,GOOD,16-QAM,MEDIUM
89.17824582246011,600.0564032301063,0.1075636825342031,0.7849569913982797,2.2,7.875027403790192,63.47692448606883,2.525079844235165,0.02957237662823317,33.108132517244464,GOOD,64-QAM,HIGH
89.17824582246011,600.0564032301063,0.1075636825342031,0.7849569913982797,8.4,7.875027403790192,63.47692448606883,2.525079844235165,0.11350590539377599,21.387066883685392,GOOD,64-QAM,HIGH
89.17824582246011,600.0564032301063,0.1075636825342031,0.7849569913982797,12.5,7.875027403790192,63.47692448606883,2.525079844235165,0.16793385385604,17.880024396299646,GOOD,64-QAM,HIGH
7.190415894969847,2142.1360700234995,7.441017393369931,0.7851570314062812,2.2,29.716586696329788,41.09672023270392,7.686912638995167,0.5753340310195592,21.50927127114005,GOOD,64-QAM,HIGH
7.190415894969847,2142.1360700234995,7.441017393369931,0.7851570314062812,8.4,29.716586696329788,41.09672023270392,7.686912638995167,2.236230370807054,8.211242826559044,DEGRADED,16-QAM,MEDIUM
7.190415894969847,2142.1360700234995,7.441017393369931,0.7851570314062812,12.5,29.716586696329788,41.09672023270392,7.686912638995167,3.2826430712807824,3.712215587161822,DEGRADED,QPSK,LOW
56.29994855259528,707.8837297134187,4.161338808611363,0.7853570714142829,2.2,29.68052722232072,32.336022437362274,26.974179281066384,0.08233102836251666,31.61997674633031,GOOD,64-QAM,HIGH
56.29994855259528,707.8837297134187,4.161338808611363,0.7853570714142829,8.4,29.68052722232072,32.336022437362274,26.974179281066384,0.3095027767817392,19.755672893117563,GOOD,64-QAM,HIGH
56.29994855259528,707.8837297134187,4.161338808611363,0.7853570714142829,12.5,29.68052722232072,32.336022437362274,26.974179281066384,0.46010623961734326,16.152454891358474,GOOD,64-QAM,HIGH
61.058008440362805,676.8303810405159,3.6294290509101135,0.7855571114222845,2.2,8.209248202817937,32.15938973212007,14.711796320380644,0.02749431200503518,32.06445517666087,GOOD,64-QAM,HIGH
61.058008440362805,676.8303810405159,3.6294290509101135,0.7855571114222845,8.4,8.209248202817937,32.15938973212007,14.711796320380644,0.10715921287534182,20.347658170997036,GOOD,64-QAM,HIGH
61.058008440362805,676.8303810405159,3.6294290509101135,0.7855571114222845,12.5,8.209248202817937,32.15938973212007,14.711796320380644,0.15916512408880423,16.843037720860096,GOOD,64-QAM,HIGH
63.48387235130095,663.4977288298278,3.348372765484806,0.785757151430286,2.2,6.173178686536801,79.8941699018917,-8.56770343448717,0.034309892118084766,32.23044767940645,GOOD,64-QAM,HIGH
63.48387235130095,663.4977288298278,3.348372765484806,0.785757151430286,8.4,6.173178686536801,79.8941699018917,-8.56770343448717,0.13075869063862386,20.49686677609239,GOOD,64-QAM,HIGH
63.48387235130095,663.4977288298278,3.348372765484806,0.785757151430286,12.5,6.173178686536801,79.8941699018917,-8.56770343448717,0.193953524439022,16.98105740336851,GOOD,64-QAM,HIGH
15.232944197072566,1613.5010244766338,7.236491851435553,0.7859571914382877,2.2,49.00259714882424,65.4869958865815,20.84249256379611,0.41256766314516224,24.133593810590156,GOOD,64-QAM,HIGH
15.232944197072566,1613.5010244766338,7.236491851435553,0.7859571914382877,8.4,49.00259714882424,65.4869958865815,20.84249256379611,1.5680363483762576,11.340993020565534,GOOD,16-QAM,MEDIUM
15.232944197072566,1613.5010244766338,7.236491851435553,0.7859571914382877,12.5,49.00259714882424,65.4869958865815,20.84249256379611,2.327948652231223,7.128466177787075,DEGRADED,QPSK,LOW
84.77503159521609,602.286839848829,0.6829991921275781,0.7861572314462892,2.2,19.68595848265188,51.485118113602695,10.571811871333118,0.051637852346037946,33.05384105506288,GOOD,64-QAM,HIGH
84.77503159521609,602.286839848829,0.6829991921275781,0.7861572314462892,8.4,19.68595848265188,51.485118113602695,10.571811871333118,0.19753041095988022,21.270816391655515,GOOD,64-QAM,HIGH
84.77503159521609,602.286839848829,0.6829991921275781,0.7861572314462892,12.5,19.68595848265188,51.485118113602695,10.571811871333118,0.295970367164182,17.71976189652773,GOOD,64-QAM,HIGH
20.40057871925704,1376.0204482032868,7.029588515043217,0.7863572714542909,2.2,11.371086436176464,83.65368256441482,36.09172549835536,0.10901740511700782,25.820031223764886,GOOD,64-QAM,HIGH
20.40057871925704,1376.0204482032868,7.029588515043217,0.7863572714542909,8.4,11.371086436176464,83.65368256441482,36.09172549835536,0.41889016100128457,13.873026363087092,GOOD,16-QAM,MEDIUM
20.40057871925704,1376.0204482032868,7.029588515043217,0.7863572714542909,12.5,11.371086436176464,83.65368256441482,36.09172549835536,0.606750873536274,10.232551111628624,GOOD,16-QAM,MEDIUM
57.93403927538649,696.4382420697375,3.981714096088928,0.7865573114622925,2.2,8.566227222718748,34.21179668446282,14.978115557011767,0.030530229037182954,31.813363942262285,GOOD,64-QAM,HIGH
57.93403927538649,696.4382420697375,3.981714096088928,0.7865573114622925,8.4,8.566227222718748,34.21179668446282,14.978115557011767,0.11555775757432232,20.091204308931623,GOOD,64-QAM,HIGH
57.93403927538649,696.4382420697375,3.981714096088928,0.7865573114622925,12.5,8.566227222718748,34.21179668446282,14.978115557011767,0.1730721179770598,16.581075409605404,GOOD,64-QAM,HIGH
23.92746672546222,1247.7598038099864,6.855447236049838,0.786757351470294,2.2,33.38008567916175,88.81932436366955,25.448757296966946,0.20658077149509457,26.57234579487239,GOOD,64-QAM,HIGH
23.92746672546222,1247.7598038099864,6.855447236049838,0.786757351470294,8.4,33.38008567916175,88.81932436366955,25.448757296966946,0.790816607872031,14.350977853701934,GOOD,16-QAM,MEDIUM
23.92746672546222,1247.7598038099864,6.855447236049838,0.786757351470294,12.5,33.38008567916175,88.81932436366955,25.448757296966946,1.1749555097308289,10.514224412919646,GOOD,16-QAM,MEDIUM
31.113395446808028,1048.7643367857004,6.42109723852519,0.7869573914782957,2.2,30.47226486636394,66.97750741526767,0.9434246164773424,0.14592455320874786,28.142063615221353,GOOD,64-QAM,HIGH
31.113395446808028,1048.7643367857004,6.42109723852519,0.7869573914782957,8.4,30.47226486636394,66.97750741526767,0.9434246164773424,0.5588272181701832,16.0920288454664,GOOD,64-QAM,HIGH
31.113395446808028,1048.7643367857004,6.42109723852519,0.7869573914782957,12.5,30.47226486636394,66.97750741526767,0.9434246164773424,0.8322248006821983,12.3660167240309,GOOD,16-QAM,MEDIUM
51.44897604689057,747.2959837290327,4.674084978171006,0.7871574314862972,2.2,32.177606149370874,41.00785523813091,28.04867822658266,0.0950824583260687,31.13661096146614,GOOD,64-QAM,HIGH
51.44897604689057,747.2959837290327,4.674084978171006,0.7871574314862972,8.4,32.177606149370874,41.00785523813091,28.04867822658266,0.3649197773375867,19.229641537661095,GOOD,64-QAM,HIGH
51.44897604689057,747.2959837290327,4.674084978171006,0.7871574314862972,12.5,32.177606149370874,41.00785523813091,28.04867822658266,0.5413465866718203,15.60060018940338,GOOD,64-QAM,HIGH
40.461440577989,875.4415085862584,5.706321485078204,0.7873574714942989,2.2,4.400301375572613,70.74414593861812,26.047765524183617,0.03796199157903078,29.819041699905632,GOOD,64-QAM,HIGH
40.461440577989,875.4415085862584,5.706321485078204,0.7873574714942989,8.4,4.400301375572613,70.74414593861812,26.047765524183617,0.14461805762906793,18.075253529062067,GOOD,64-QAM,HIGH
40.461440577989,875.4415085862584,5.706321485078204,0.7873574714942989,12.5,4.400301375572613,70.74414593861812,26.047765524183617,0.21724362983426485,14.550013417933386,GOOD,16-QAM,MEDIUM
18.61917608300304,1450.5423324786009,7.107462043368708,0.7875575115023005,2.2,44.676729174921846,75.80287558701376,35.20408542706541,0.3223443240280821,25.148593904943198,GOOD,64-QAM,HIGH
18.61917608300304,1450.5423324786009,7.107462043368708,0.7875575115023005,8.4,44.676729174921846,75.80287558701376,35.20408542706541,1.2395308537376228,12.594275270440136,GOOD,16-QAM,MEDIUM
18.61917608300304,1450.5423324786009,7.107462043368708,0.7875575115023005,12.5,44.676729174921846,75.80287558701376,35.20408542706541,1.8464534901448617,8.534738095109404,DEGRADED,16-QAM,MEDIUM
19.529594205772103,1411.5683581980888,7.068517114969965,0.787757551510302,2.2,19.463319840452414,55.76056700224647,-8.30891791404004,0.14692216753570644,25.560585923508143,GOOD,64-QAM,HIGH
19.529594205772103,1411.5683581980888,7.068517114969965,0.787757551510302,8.4,19.463319840452414,55.76056700224647,-8.30891791404004,0.5627469522577967,13.50762903399253,GOOD,16-QAM,MEDIUM
19.529594205772103,1411.5683581980888,7.068517114969965,0.787757551510302,12.5,19.463319840452414,55.76056700224647,-8.30891791404004,0.8440270232068062,9.773734424120036,DEGRADED,16-QAM,MEDIUM
40.54230699383797,874.2482037267646,5.699446562134116,0.7879575915183037,2.2,15.668470321517896,81.69795637473284,12.375034880872558,0.0676120777678891,29.801239332598854,GOOD,64-QAM,HIGH
40.54230699383797,874.2482037267646,5.699446562134116,0.7879575915183037,8.4,15.668470321517896,81.69795637473284,12.375034880872558,0.2579214289526965,17.973797876620523,GOOD,64-QAM,HIGH
40.54230699383797,874.2482037267646,5.699446562134116,0.7879575915183037,12.5,15.668470321517896,81.69795637473284,12.375034880872558,0.38308542269098345,14.396019343958756,GOOD,16-QAM,MEDIUM
69.36905315341757,637.2502601289452,2.6426038921592263,0.7881576315263052,2.2,23.11807236238696,39.04394443778822,23.95777013698151,0.0577557087359425,32.55759024636676,GOOD,64-QAM,HIGH
69.36905315341757,637.2502601289452,2.6426038921592263,0.7881576315263052,8.4,23.11807236238696,39.04394443778822,23.95777013698151,0.2216602025387264,20.756553647770446,GOOD,64-QAM,HIGH
69.36905315341757,637.2502601289452,2.6426038921592263,0.7881576315263052,12.5,23.11807236238696,39.04394443778822,23.95777013698151,0.3277706260111365,17.19782868537456,GOOD,64-QAM,HIGH
81.32699498206203,606.3337588421209,1.1309630495823288,0.7883576715343069,2.2,19.503303287381414,46.7302550146565,-5.2418049959892485,0.050382513147106095,32.99692888800558,GOOD,64-QAM,HIGH
81.32699498206203,606.3337588421209,1.1309630495823288,0.7883576715343069,8.4,19.503303287381414,46.7302550146565,-5.2418049959892485,0.19280108644720814,21.217378209911956,GOOD,64-QAM,HIGH
81.32699498206203,606.3337588421209,1.1309630495823288,0.7883576715343069,12.5,19.503303287381414,46.7302550146565,-5.2418049959892485,0.28647279539270215,17.67109196204298,GOOD,64-QAM,HIGH
12.15085129204754,1790.0464588219031,7.331976078744246,0.7885577115423085,2.2,43.178850156957296,35.60954169503938,10.530203357445622,0.47606728718391583,23.16819304048191,GOOD,64-QAM,HIGH
12.15085129204754,1790.0464588219031,7.331976078744246,0.7885577115423085,8.4,43.178850156957296,35.60954169503938,10.530203357445622,1.8037044346198745,10.203423788252422,GOOD,16-QAM,MEDIUM
12.15085129204754,1790.0464588219031,7.331976078744246,0.7885577115423085,12.5,43.178850156957296,35.60954169503938,10.530203357445622,2.6858060347251422,5.868707649223666,DEGRADED,QPSK,LOW
38.41383214254909,907.1812198487764,5.876576094075423,0.78875775155031,2.2,46.463048759894605,42.65267043644113,37.10733015330977,0.1676751483521569,29.37999021464306,GOOD,64-QAM,HIGH
38.41383214254909,907.1812198487764,5.876576094075423,0.78875775155031,8.4,46.463048759894605,42.65267043644113,37.10733015330977,0.6414387477959186,17.26909451040578,GOOD,64-QAM,HIGH
38.41383214254909,907.1812198487764,5.876576094075423,0.78875775155031,12.5,46.463048759894605,42.65267043644113,37.10733015330977,0.9524035850255324,13.505515134252676,GOOD,16-QAM,MEDIUM
13.520872916444514,1707.9495077714123,7.292136086015183,0.7889577915583117,2.2,15.17266082248031,44.323728714668704,11.796724544556412,0.17777324802917469,23.874272586223285,GOOD,64-QAM,HIGH
13.520872916444514,1707.9495077714123,7.292136086015183,0.7889577915583117,8.4,15.17266082248031,44.323728714668704,11.796724544556412,0.6849732832082406,11.729940446250694,GOOD,16-QAM,MEDIUM
13.520872916444514,1707.9495077714123,7.292136086015183,0.7889577915583117,12.5,15.17266082248031,44.323728714668704,11.796724544556412,1.0029154108605958,7.959383779674852,DEGRADED,QPSK,LOW
6.41036085377082,2206.076963374166,7.453108094046735,0.7891578315663133,2.2,43.19679037299774,85.05799145530261,39.27023917403157,0.9001054117593617,20.92902777992471,GOOD,64-QAM,HIGH
6.41036085377082,2206.076963374166,7.453108094046735,0.7891578315663133,8.4,43.19679037299774,85.05799145530261,39.27023917403157,3.4707090997118635,6.721291987178674,DEGRADED,QPSK,LOW
6.41036085377082,2206.076963374166,7.453108094046735,0.7891578315663133,12.5,43.19679037299774,85.05799145530261,39.27023917403157,5.128532438210706,1.610854109756346,DEGRADED,LINK-OFF,NONE
61.24608802473631,675.7396958578693,3.607864709536437,0.7893578715743149,2.2,39.07615647665336,34.68658132506937,-7.158046946009019,0.09843664439440493,32.00752109913615,GOOD,64-QAM,HIGH
61.24608802473631,675.7396958578693,3.607864709536437,0.7893578715743149,8.4,39.07615647665336,34.68658132506937,-7.158046946009019,0.37454735670944633,20.094278282027588,GOOD,64-QAM,HIGH
61.24608802473631,675.7396958578693,3.607864709536437,0.7893578715743149,12.5,39.07615647665336,34.68658132506937,-7.158046946009019,0.559641847507877,16.45656925230567,GOOD,64-QAM,HIGH
56.20820256715996,708.5520175813772,4.171324834231672,0.7895579115823165,2.2,46.54038361723809,55.64490721126256,25.891488807044567,0.12870140322103837,31.56541020004736,GOOD,64-QAM,HIGH
56.20820256715996,708.5520175813772,4.171324834231672,0.7895579115823165,8.4,46.54038361723809,55.64490721126256,25.891488807044567,0.4911681794364629,19.565811319038417,GOOD,64-QAM,HIGH
56.20820256715996,708.5520175813772,4.171324834231672,0.7895579115823165,12.5,46.54038361723809,55.64490721126256,25.891488807044567,0.7293307727936525,15.87503418675773,GOOD,64-QAM,HIGH
18.856624674265326,1440.1930580513383,7.097477301508085,0.789757951590318,2.2,12.287515609294392,61.94392123361477,19.050811812413475,0.11643410823352715,25.41669801082736,GOOD,64-QAM,HIGH
18.856624674265326,1440.1930580513383,7.097477301508085,0.789757951590318,8.4,12.287515609294392,61.94392123361477,19.050811812413475,0.44115515857905174,13.454844855688322,GOOD,16-QAM,MEDIUM
18.856624674265326,1440.1930580513383,7.097477301508085,0.789757951590318,12.5,12.287515609294392,61.94392123361477,19.050811812413475,0.650407360697512,9.792978114646374,DEGRADED,16-QAM,MEDIUM
24.87409081291045,1217.1878240280048,6.804257356520338,0.7899579915983197,2.2,28.84795750604896,83.92158322812965,15.026983856606272,0.17306485995842888,26.821329537549815,GOOD,64-QAM,HIGH
24.87409081291045,1217.1878240280048,6.804257356520338,0.7899579915983197,8.4,28.84795750604896,83.92158322812965,15.026983856606272,0.6664528136576198,14.690809479057108,GOOD,16-QAM,MEDIUM
24.87409081291045,1217.1878240280048,6.804257356520338,0.7899579915983197,12.5,28.84795750604896,83.92158322812965,15.026983856606272,0.9815556982628506,10.923092055528386,GOOD,16-QAM,MEDIUM
7.015159059784063,2156.2872225533383,7.443854049445811,0.7901580316063213,2.2,13.727229237022232,89.86177311967282,38.54237007425047,0.382657480810342,21.644756714363865,GOOD,64-QAM,HIGH
7.015159059784063,2156.2872225533383,7.443854049445811,0.7901580316063213,8.4,13.727229237022232,89.86177311967282,38.54237007425047,1.4838386218538353,8.906443468526845,DEGRADED,16-QAM,MEDIUM
7.015159059784063,2156.2872225533383,7.443854049445811,0.7901580316063213,12.5,13.727229237022232,89.86177311967282,38.54237007425047,2.1513800801652225,4.7862874712919705,DEGRADED,QPSK,LOW
75.97051248402431,616.7945182856229,1.8181592276276424,0.7903580716143229,2.2,41.20472452421871,75.20328689519015,-3.5174799754435684,0.10112809434273645,32.79760818319573,GOOD,64-QAM,HIGH
75.97051248402431,616.7945182856229,1.8181592276276424,0.7903580716143229,8.4,41.20472452421871,75.20328689519015,-3.5174799754435684,0.38621271818896125,20.87539145455598,GOOD,64-QAM,HIGH
75.97051248402431,616.7945182856229,1.8181592276276424,0.7903580716143229,12.5,41.20472452421871,75.20328689519015,-3.5174799754435684,0.5753995291685163,17.233590104652933,GOOD,64-QAM,HIGH
87.84870066412688,600.3867291984488,0.2815382617284407,0.7905581116223245,2.2,0.2662095285532129,88.24745943414177,34.79994758404567,0.021402358393856066,33.11152234239759,GOOD,64-QAM,HIGH
87.84870066412688,600.3867291984488,0.2815382617284407,0.7905581116223245,8.4,0.2662095285532129,88.24745943414177,34.79994758404567,0.08130027595331592,21.414492320044616,GOOD,64-QAM,HIGH
87.84870066412688,600.3867291984488,0.2815382617284407,0.7905581116223245,12.5,0.2662095285532129,88.24745943414177,34.79994758404567,0.11985306781402345,17.923324989260422,GOOD,64-QAM,HIGH
16.514060627548716,1548.3217187877274,7.190625055693976,0.790758151630326,2.2,28.240958144319805,77.22606795215242,24.56202055683051,0.2508787052428062,24.653443562005293,GOOD,64-QAM,HIGH
16.514060627548716,1548.3217187877274,7.190625055693976,0.790758151630326,8.4,28.240958144319805,77.22606795215242,24.56202055683051,0.972667264146941,12.294522898307633,GOOD,16-QAM,MEDIUM
16.514060627548716,1548.3217187877274,7.190625055693976,0.790758151630326,12.5,28.240958144319805,77.22606795215242,24.56202055683051,1.4408682351629347,8.373707388368146,DEGRADED,16-QAM,MEDIUM
24.67539317005034,1223.480889796227,6.8151566639451495,0.7909581916383277,2.2,16.9601715635959,87.792158458285,2.949803664981636,0.12016876571304531,26.829433812592796,GOOD,64-QAM,HIGH
24.67539317005034,1223.480889796227,6.8151566639451495,0.7909581916383277,8.4,16.9601715635959,87.792158458285,2.949803664981636,0.4560134516649121,14.856457021847405,GOOD,16-QAM,MEDIUM
24.67539317005034,1223.480889796227,6.8151566639451495,0.7909581916383277,12.5,16.9601715635959,87.792158458285,2.949803664981636,0.6893525040794107,11.170503430509427,GOOD,16-QAM,MEDIUM
78.81480953548939,610.5916939049303,1.454855941489849,0.7911582316463293,2.2,16.134185353891013,72.4362435566673,35.08345728161467,0.04981248179814228,32.93671605893431,GOOD,64-QAM,HIGH
78.81480953548939,610.5916939049303,1.454855941489849,0.7911582316463293,8.4,16.134185353891013,72.4362435566673,35.08345728161467,0.18918480242710503,21.16021163351182,GOOD,64-QAM,HIGH
78.81480953548939,610.5916939049303,1.454855941489849,0.7911582316463293,12.5,16.134185353891013,72.4362435566673,35.08345728161467,0.2820201067193092,17.61476179029613,GOOD,64-QAM,HIGH
83.7494228262757,603.2768862218954,0.8165766641574176,0.7913582716543308,2.2,32.24531619324585,34.78580552706426,11.464745893050662,0.07382551042942427,33.017387149115116,GOOD,64-QAM,HIGH
83.7494228262757,603.2768862218954,0.8165766641574176,0.7913582716543308,8.4,32.24531619324585,34.78580552706426,11.464745893050662,0.2825353588064397,21.171545195944574,GOOD,64-QAM,HIGH
83.7494228262757,603.2768862218954,0.8165766641574176,0.7913582716543308,12.5,32.24531619324585,34.78580552706426,11.464745893050662,0.4200773153396885,17.58138870048785,GOOD,64-QAM,HIGH
40.66832753857888,872.3973479599672,5.68871019747603,0.7915583116623325,2.2,42.5742224656997,54.11521121956059,30.711366403653543,0.1497774844043876,29.73748216560565,GOOD,64-QAM,HIGH
40.66832753857888,872.3973479599672,5.68871019747603,0.7915583116623325,8.4,42.5742224656997,54.11521121956059,30.711366403653543,0.5693380459106093,17.680789499305902,GOOD,64-QAM,HIGH
40.66832753857888,872.3973479599672,5.68871019747603,0.7915583116623325,12.5,42.5742224656997,54.11521121956059,30.711366403653543,0.8426836073385118,13.954829398954516,GOOD,16-QAM,MEDIUM
9.3029101428713,1981.064094191464,7.401356302659786,0.791758351670334,2.2,30.45976956966631,68.79583702814821,9.441825852369998,0.45941117854324404,22.30416467149179,GOOD,64-QAM,HIGH
9.3029101428713,1981.064094191464,7.401356302659786,0.791758351670334,8.4,30.45976956966631,68.79583702814821,9.441825852369998,1.7743563545781489,9.352087390663371,DEGRADED,16-QAM,MEDIUM
9.3029101428713,1981.064094191464,7.401356302659786,0.791758351670334,12.5,30.45976956966631,68.79583702814821,9.441825852369998,2.6509535281675394,5.022875678150498,DEGRADED,QPSK,LOW
8.34830586388965,2051.708184842145,7.420527984080907,0.7919583916783357,2.2,42.65864893233612,51.043110567255056,32.54654137166205,0.6139818370053022,21.845252726966066,GOOD,64-QAM,HIGH
8.34830586388965,2051.708184842145,7.420527984080907,0.7919583916783357,8.4,42.65864893233612,51.043110567255056,32.54654137166205,2.3593749177276115,8.462727541450235,DEGRADED,16-QAM,MEDIUM
8.34830586388965,2051.708184842145,7.420527984080907,0.7919583916783357,12.5,42.65864893233612,51.043110567255056,32.54654137166205,3.4908819511763105,3.878605969078052,DEGRADED,QPSK,LOW
53.78573861586589,727.2394126585286,4.431048812157383,0.7921584316863373,2.2,13.229855594051498,46.40303508682672,21.831455922252434,0.043362202995399585,31.424636032709955,GOOD,64-QAM,HIGH
53.78573861586589,727.2394126585286,4.431048812157383,0.7921584316863373,8.4,13.229855594051498,46.40303508682672,21.831455922252434,0.16650236014059389,19.66436377077123,GOOD,64-QAM,HIGH
53.78573861586589,727.2394126585286,4.431048812157383,0.7921584316863373,12.5,13.229855594051498,46.40303508682672,21.831455922252434,0.24940719435679212,16.128844397631553,GOOD,64-QAM,HIGH
38.396084255920215,907.4696364509588,5.878019297749302,0.7923584716943388,2.2,25.975092738249057,64.64395602798547,-2.9476683208136425,0.10979835448131697,29.435105976231846,GOOD,64-QAM,HIGH
38.396084255920215,907.4696364509588,5.878019297749302,0.7923584716943388,8.4,25.975092738249057,64.64395602798547,-2.9476683208136425,0.41528886142769245,17.492483364491946,GOOD,64-QAM,HIGH
38.396084255920215,907.4696364509588,5.878019297749302,0.7923584716943388,12.5,25.975092738249057,64.64395602798547,-2.9476683208136425,0.623117826700682,13.832039860295481,GOOD,16-QAM,MEDIUM
7.435456344100634,2122.556707642226,7.43693452451788,0.7925585117023405,2.2,22.5268269533538,86.0101126021461,22.483158173476376,0.48548253633940486,21.67887780776958,GOOD,64-QAM,HIGH
7.435456344100634,2122.556707642226,7.43693452451788,0.7925585117023405,8.4,22.5268269533538,86.0101126021461,22.483158173476376,1.8856760619307453,8.64155217738471,DEGRADED,16-QAM,MEDIUM
7.435456344100634,2122.556707642226,7.43693452451788,0.7925585117023405,12.5,22.5268269533538,86.0101126021461,22.483158173476376,2.738523797807027,4.336089902584945,DEGRADED,QPSK,LOW
54.57645334656733,720.9139422193384,4.347120853036735,0.792758551710342,2.2,0.5822449751548109,32.09891241096921,-0.4327618649063698,0.01287267648737655,31.531005212955336,GOOD,64-QAM,HIGH
54.57645334656733,720.9139422193384,4.347120853036735,0.792758551710342,8.4,0.5822449751548109,32.09891241096921,-0.4327618649063698,0.048520748285802995,19.858225036363393,GOOD,64-QAM,HIGH
54.57645334656733,720.9139422193384,4.347120853036735,0.792758551710342,12.5,0.5822449751548109,32.09891241096921,-0.4327618649063698,0.07322512682719871,16.38090611889851,GOOD,64-QAM,HIGH
5.96071561006691,2244.064448923444,7.459449980228592,0.7929585917183437,2.2,27.84060715703701,76.15387221248626,10.596131394708134,0.6362636799037517,21.04457619198854,GOOD,64-QAM,HIGH
5.96071561006691,2244.064448923444,7.459449980228592,0.7929585917183437,8.4,27.84060715703701,76.15387221248626,10.596131394708134,2.454641596659475,7.589066170439295,DEGRADED,QPSK,LOW
5.96071561006691,2244.064448923444,7.459449980228592,0.7929585917183437,12.5,27.84060715703701,76.15387221248626,10.596131394708134,3.687390096825625,2.9037031313496584,DEGRADED,QPSK,LOW
71.9266164426882,628.2735971019365,2.3267612940898155,0.7931586317263453,2.2,33.07621620730875,73.36363668267762,-1.4852207873983136,0.08681314458472056,32.65175705734923,GOOD,64-QAM,HIGH
71.9266164426882,628.2735971019365,2.3267612940898155,0.7931586317263453,8.4,33.07621620730875,73.36363668267762,-1.4852207873983136,0.3321513550570772,20.769286742083352,GOOD,64-QAM,HIGH
71.9266164426882,628.2735971019365,2.3267612940898155,0.7931586317263453,12.5,33.07621620730875,73.36363668267762,-1.4852207873983136,0.48909825936531176,17.15972529885164,GOOD,64-QAM,HIGH
31.046789929786584,1050.2987925582288,6.425598113197854,0.7933586717343468,2.2,29.595720220953503,87.83720552329723,-8.899194216644071,0.14792425549371993,28.127364803812426,GOOD,64-QAM,HIGH
31.046789929786584,1050.2987925582288,6.425598113197854,0.7933586717343468,8.4,29.595720220953503,87.83720552329723,-8.899194216644071,0.5634426640057908,16.074714290506833,GOOD,64-QAM,HIGH
31.046789929786584,1050.2987925582288,6.425598113197854,0.7933586717343468,12.5,29.595720220953503,87.83720552329723,-8.899194216644071,0.832474940362385,12.353067475226752,GOOD,16-QAM,MEDIUM
8.421930255784728,2046.1357774523235,7.41912259848812,0.7935587117423485,2.2,36.813994939171074,85.84267333995261,0.5943269724978748,0.6105749472957289,21.87228245145687,GOOD,64-QAM,HIGH
8.421930255784728,2046.1357774523235,7.41912259848812,0.7935587117423485,8.4,36.813994939171074,85.84267333995261,0.5943269724978748,2.3478191366844716,8.497906157274599,DEGRADED,16-QAM,MEDIUM
8.421930255784728,2046.1357774523235,7.41912259848812,0.7935587117423485,12.5,36.813994939171074,85.84267333995261,0.5943269724978748,3.4741999830921713,3.918910771943416,DEGRADED,QPSK,LOW
55.00993878356803,717.5404985338473,4.30075750443802,0.79375875175035,2.2,28.56697642265385,75.73395372265156,16.818601186206287,0.08907061284192032,31.49554741051203,GOOD,64-QAM,HIGH
55.00993878356803,717.5404985338473,4.30075750443802,0.79375875175035,8.4,28.56697642265385,75.73395372265156,16.818601186206287,0.3414365469075518,19.606049371652887,GOOD,64-QAM,HIGH
55.00993878356803,717.5404985338473,4.30075750443802,0.79375875175035,12.5,28.56697642265385,75.73395372265156,16.818601186206287,0.5045829455292482,15.990288434107697,GOOD,64-QAM,HIGH
38.80317522680965,900.913330777234,5.8447742887726415,0.7939587917583517,2.2,3.3375127425378457,61.22452588095592,14.078048388867302,0.03260417046503904,29.575281949017928,GOOD,64-QAM,HIGH
38.80317522680965,900.913330777234,5.8447742887726415,0.7939587917583517,8.4,3.3375127425378457,61.22452588095592,14.078048388867302,0.12587800198475485,17.844876012704688,GOOD,64-QAM,HIGH
38.80317522680965,900.913330777234,5.8447742887726415,0.7939587917583517,12.5,3.3375127425378457,61.22452588095592,14.078048388867302,0.18206923036912265,14.33607024539684,GOOD,16-QAM,MEDIUM
87.7730351353577,600.4144265080222,0.2914356269912595,0.7941588317663533,2.2,5.822276204235571,42.25605319401119,15.074854776803186,0.02371890061414863,33.10880510806751,GOOD,64-QAM,HIGH
87.7730351353577,600.4144265080222,0.2914356269912595,0.7941588317663533,8.4,5.822276204235571,42.25605319401119,15.074854776803186,0.09056857453062728,21.404823329357512,GOOD,64-QAM,HIGH
87.7730351353577,600.4144265080222,0.2914356269912595,0.7941588317663533,12.5,5.822276204235571,42.25605319401119,15.074854776803186,0.13433702397868263,17.908440340985962,GOOD,64-QAM,HIGH
51.256886312814686,749.0395505748984,4.693723006937786,0.7943588717743548,2.2,29.82372887719762,62.71414309953446,2.384343922330066,0.09437944898113632,31.117071938584097,GOOD,64-QAM,HIGH
51.256886312814686,749.0395505748984,4.693723006937786,0.7943588717743548,8.4,29.82372887719762,62.71414309953446,2.384343922330066,0.36151986682183024,19.212799415949874,GOOD,64-QAM,HIGH
51.256886312814686,749.0395505748984,4.693723006937786,0.7943588717743548,12.5,29.82372887719762,62.71414309953446,2.384343922330066,0.5358095809488921,15.585895162899334,GOOD,64-QAM,HIGH
28.395330388145705,1115.6807425707666,6.597655000248965,0.7945589117823565,2.2,13.74895959868201,75.92111963517922,24.25806003070931,0.09229859020440306,27.658449055009577,GOOD,64-QAM,HIGH
28.395330388145705,1115.6807425707666,6.597655000248965,0.7945589117823565,8.4,13.74895959868201,75.92111963517922,24.25806003070931,0.35182341041259535,15.761792130007862,GOOD,64-QAM,HIGH
28.395330388145705,1115.6807425707666,6.597655000248965,0.7945589117823565,12.5,13.74895959868201,75.92111963517922,24.25806003070931,0.5236383321830609,12.137362669313916,GOOD,16-QAM,MEDIUM
65.30230349388785,654.5046116605072,3.133729111552805,0.794758951790358,2.2,3.982256451738292,83.74015275827358,25.21316434101729,0.027454385587897836,32.35583777895963,GOOD,64-QAM,HIGH
65.30230349388785,654.5046116605072,3.133729111552805,0.794758951790358,8.4,3.982256451738292,83.74015275827358,25.21316434101729,0.10528598143412986,20.640874078319868,GOOD,64-QAM,HIGH
65.30230349388785,654.5046116605072,3.133729111552805,0.794758951790358,12.5,3.982256451738292,83.74015275827358,25.21316434101729,0.15572394339938514,17.13782157743114,GOOD,64-QAM,HIGH
28.076820216130464,1124.133387275141,6.617380110456754,0.7949589917983597,2.2,21.480137172427337,77.38272055263295,7.898391277983279,0.12614662664572351,27.55904282191966,GOOD,64-QAM,HIGH
28.076820216130464,1124.133387275141,6.617380110456754,0.7949589917983597,8.4,21.480137172427337,77.38272055263295,7.898391277983279,0.4791157894924428,15.56894155427942,GOOD,64-QAM,HIGH
28.076820216130464,1124.133387275141,6.617380110456754,0.7949589917983597,12.5,21.480137172427337,77.38272055263295,7.898391277983279,0.7056872532041921,11.889755551644186,GOOD,16-QAM,MEDIUM
81.86067976964303,605.5728310627046,1.061854648107644,0.7951590318063613,2.2,27.71612990418277,41.71601611146324,34.05850442370872,0.06562056309614173,32.992598173057665,GOOD,64-QAM,HIGH
81.86067976964303,605.5728310627046,1.061854648107644,0.7951590318063613,8.4,27.71612990418277,41.71601611146324,34.05850442370872,0.2515728912671039,21.16951374009318,GOOD,64-QAM,HIGH
81.86067976964303,605.5728310627046,1.061854648107644,0.7951590318063613,12.5,27.71612990418277,41.71601611146324,34.05850442370872,0.3735469830377862,17.594925109399014,GOOD,64-QAM,HIGH
36.851367493127,933.5064597003716,6.001455040979468,0.7953590718143628,2.2,16.43729941748033,65.98117885368356,22.2011608317774,0.07295578466394409,29.22624404815474,GOOD,64-QAM,HIGH
36.851367493127,933.5064597003716,6.001455040979468,0.7953590718143628,8.4,16.43729941748033,65.98117885368356,22.2011608317774,0.2807577994058132,17.381309928619345,GOOD,64-QAM,HIGH
36.851367493127,933.5064597003716,6.001455040979468,0.7953590718143628,12.5,16.43729941748033,65.98117885368356,22.2011608317774,0.4184381356804028,13.791015053421276,GOOD,16-QAM,MEDIUM
51.738827835977446,744.6931081796911,4.644353004823625,0.7955591118223645,2.2,36.021685111288896,49.93040757188142,25.651963762931587,0.10338528418572211,31.158614406372266,GOOD,64-QAM,HIGH
51.738827835977446,744.6931081796911,4.644353004823625,0.7955591118223645,8.4,36.021685111288896,49.93040757188142,25.651963762931587,0.3988122586903916,19.226055327074064,GOOD,64-QAM,HIGH
51.738827835977446,744.6931081796911,4.644353004823625,0.7955591118223645,12.5,36.021685111288896,49.93040757188142,25.651963762931587,0.5901644245730031,15.582088622267975,GOOD,64-QAM,HIGH
9.298713825059451,1981.3670950844075,7.401445078790354,0.795759151830366,2.2,32.18853040506223,30.55234004343858,3.866995896946971,0.4707951034986681,22.29145235384219,GOOD,64-QAM,HIGH
9.298713825059451,1981.3670950844075,7.401445078790354,0.795759151830366,8.4,32.18853040506223,30.55234004343858,3.866995896946971,1.7963132050395632,9.328802147507773,DEGRADED,16-QAM,MEDIUM
9.298713825059451,1981.3670950844075,7.401445078790354,0.795759151830366,12.5,32.18853040506223,30.55234004343858,3.866995896946971,2.676119172274931,4.996381641348918,DEGRADED,QPSK,LOW
41.22030522593962,864.4146877572721,5.641360700141906,0.7959591918383677,2.2,16.640918054583597,42.01325614731997,-9.969418242220648,0.06464367406611164,29.902459957164318,GOOD,64-QAM,HIGH
41.22030522593962,864.4146877572721,5.641360700141906,0.7959591918383677,8.4,16.640918054583597,42.01325614731997,-9.969418242220648,0.24946021748799083,18.080511308948914,GOOD,64-QAM,HIGH
41.22030522593962,864.4146877572721,5.641360700141906,0.7959591918383677,12.5,16.640918054583597,42.01325614731997,-9.969418242220648,0.37120818177058457,14.50614880574284,GOOD,16-QAM,MEDIUM
75.75090087118457,617.3362285468729,1.8460354021338392,0.7961592318463693,2.2,37.74362644542803,36.79323899600696,33.26878060510548,0.08791369298076336,32.80319740244586,GOOD,64-QAM,HIGH
75.75090087118457,617.3362285468729,1.8460354021338392,0.7961592318463693,8.4,37.74362644542803,36.79323899600696,33.26878060510548,0.3350839053225702,20.918895085310524,GOOD,64-QAM,HIGH
75.75090087118457,617.3362285468729,1.8460354021338392,0.7961592318463693,12.5,37.74362644542803,36.79323899600696,33.26878060510548,0.4998326645872361,17.301531787122386,GOOD,64-QAM,HIGH
73.48014845588406,623.4818205996453,2.1326065089902446,0.7963592718543708,2.2,32.43475212665177,80.56314741236811,31.121219228990427,0.08573828571838792,32.7193321998738,GOOD,64-QAM,HIGH
73.48014845588406,623.4818205996453,2.1326065089902446,0.7963592718543708,8.4,32.43475212665177,80.56314741236811,31.121219228990427,0.3291924704867575,20.8387459103119,GOOD,64-QAM,HIGH
73.48014845588406,623.4818205996453,2.1326065089902446,0.7963592718543708,12.5,32.43475212665177,80.56314741236811,31.121219228990427,0.4858813851662373,17.229442456708938,GOOD,64-QAM,HIGH
24.067077502549733,1243.1557835565643,6.84801491735784,0.7965593118623725,2.2,31.872268935895104,45.51037512886872,-3.8404055978584895,0.18849364177513228,26.62254164602387,GOOD,64-QAM,HIGH
24.067077502549733,1243.1557835565643,6.84801491735784,0.7965593118623725,8.4,31.872268935895104,45.51037512886872,-3.8404055978584895,0.7169176040182755,14.4569855789872,GOOD,16-QAM,MEDIUM
24.067077502549733,1243.1557835565643,6.84801491735784,0.7965593118623725,12.5,31.872268935895104,45.51037512886872,-3.8404055978584895,1.0682763851823898,10.653012258899608,GOOD,16-QAM,MEDIUM
24.216721035897827,1238.2579522633223,6.840003349273528,0.796759351870374,2.2,27.671385039353403,47.081878133253326,8.705256747815323,0.1609898963120535,26.68433397199383,GOOD,64-QAM,HIGH
24.216721035897827,1238.2579522633223,6.840003349273528,0.796759351870374,8.4,27.671385039353403,47.081878133253326,8.705256747815323,0.6142609522605765,14.59393081125178,GOOD,16-QAM,MEDIUM
24.216721035897827,1238.2579522633223,6.840003349273528,0.796759351870374,12.5,27.671385039353403,47.081878133253326,8.705256747815323,0.9139949331709092,10.841582291417964,GOOD,16-QAM,MEDIUM
74.47095153812512,620.6770623646507,2.007951704777179,0.7969593918783757,2.2,0.5694834044276398,87.59619430793305,23.06696541942913,0.021497229863589953,32.822735234304936,GOOD,64-QAM,HIGH
74.47095153812512,620.6770623646507,2.007951704777179,0.7969593918783757,8.4,0.5694834044276398,87.59619430793305,23.06696541942913,0.08166492937802501,21.125435429996983,GOOD,64-QAM,HIGH
74.47095153812512,620.6770623646507,2.007951704777179,0.7969593918783757,12.5,0.5694834044276398,87.59619430793305,23.06696541942913,0.12123867303698932,17.633247147414536,GOOD,64-QAM,HIGH
84.08386571439267,602.9343101375498,0.7730447808498048,0.7971594318863773,2.2,34.825359173844454,52.74520338293113,22.60554286093641,0.08220529453450495,33.0139411247865,GOOD,64-QAM,HIGH
84.08386571439267,602.9343101375498,0.7730447808498048,0.7971594318863773,8.4,34.825359173844454,52.74520338293113,22.60554286093641,0.3139695525185448,21.145044762008936,GOOD,64-QAM,HIGH
84.08386571439267,602.9343101375498,0.7730447808498048,0.7971594318863773,12.5,34.825359173844454,52.74520338293113,22.60554286093641,0.4673747753173563,17.539025000286642,GOOD,64-QAM,HIGH
13.105678308205302,1732.1960260917892,7.304651251340124,0.7973594718943788,2.2,18.802089555457822,30.57513840866368,33.01751674042782,0.21463420151690993,23.71497142341589,GOOD,64-QAM,HIGH
13.105678308205302,1732.1960260917892,7.304651251340124,0.7973594718943788,8.4,18.802089555457822,30.57513840866368,33.01751674042782,0.8105232487528717,11.48195027138641,GOOD,16-QAM,MEDIUM
13.105678308205302,1732.1960260917892,7.304651251340124,0.7973594718943788,12.5,18.802089555457822,30.57513840866368,33.01751674042782,1.2066430206209315,7.6332159605948675,DEGRADED,QPSK,LOW
43.25498435122915,836.6580186956717,5.462335205771408,0.7975595119023805,2.2,47.13048550793278,47.030768900768194,-2.986591918228573,0.15475885772374967,30.095827970337524,GOOD,64-QAM,HIGH
43.25498435122915,836.6580186956717,5.462335205771408,0.7975595119023805,8.4,47.13048550793278,47.030768900768194,-2.986591918228573,0.588909724464881,18.024544998802867,GOOD,64-QAM,HIGH
43.25498435122915,836.6580186956717,5.462335205771408,0.7975595119023805,12.5,47.13048550793278,47.030768900768194,-2.986591918228573,0.8767748733206056,14.284065311023667,GOOD,16-QAM,MEDIUM
33.68361371195947,993.2013614764272,6.240845779934735,0.7977595519103821,2.2,40.899238553860265,37.15797483610875,11.496987389255938,0.1645515750200836,28.59624868429458,GOOD,64-QAM,HIGH
33.68361371195947,993.2013614764272,6.240845779934735,0.7977595519103821,8.4,40.899238553860265,37.15797483610875,11.496987389255938,0.6305443573208793,16.493123797200255,GOOD,64-QAM,HIGH
33.68361371195947,993.2013614764272,6.240845779934735,0.7977595519103821,12.5,40.899238553860265,37.15797483610875,11.496987389255938,0.9326215104557827,12.738432105141868,GOOD,16-QAM,MEDIUM
79.00851871388234,610.2232222012135,1.429972839944529,0.7979595919183837,2.2,29.38472347656561,36.16851370415124,-5.138779103678761,0.06869374564677995,32.92307802173403,GOOD,64-QAM,HIGH
79.00851871388234,610.2232222012135,1.429972839944529,0.7979595919183837,8.4,29.38472347656561,36.16851370415124,-5.138779103678761,0.26302762960129067,21.091612032985992,GOOD,64-QAM,HIGH
79.00851871388234,610.2232222012135,1.429972839944529,0.7979595919183837,12.5,29.38472347656561,36.16851370415124,-5.138779103678761,0.39170899848300245,17.510316125180807,GOOD,64-QAM,HIGH
12.099617747801595,1793.2348115003222,7.333384764146602,0.7981596319263853,2.2,12.609099090963472,34.64923740814497,9.479762421931408,0.16547115669495202,23.46333200492036,GOOD,64-QAM,HIGH
12.099617747801595,1793.2348115003222,7.333384764146602,0.7981596319263853,8.4,12.609099090963472,34.64923740814497,9.479762421931408,0.6266266803611847,11.365044376460602,GOOD,16-QAM,MEDIUM
12.099617747801595,1793.2348115003222,7.333384764146602,0.7981596319263853,12.5,12.609099090963472,34.64923740814497,9.479762421931408,0.9252724113887936,7.613784106509513,DEGRADED,QPSK,LOW
22.94570511743317,1281.102293594266,6.9065602985375625,0.7983596719343868,2.2,10.185869663883327,65.59556821052263,-9.244627720614782,0.08322268477870015,26.46664752433889,GOOD,64-QAM,HIGH
22.94570511743317,1281.102293594266,6.9065602985375625,0.7983596719343868,8.4,10.185869663883327,65.59556821052263,-9.244627720614782,0.32154892998942536,14.591189174334644,GOOD,16-QAM,MEDIUM
22.94570511743317,1281.102293594266,6.9065602985375625,0.7983596719343868,12.5,10.185869663883327,65.59556821052263,-9.244627720614782,0.4823266214653335,10.977796943935246,GOOD,16-QAM,MEDIUM
68.95980869485203,638.8167854904523,2.6926705541190965,0.7985597119423885,2.2,17.019241883877456,41.36086341779152,34.91365325550635,0.04677634284519723,32.54724365875483,GOOD,64-QAM,HIGH
68.95980869485203,638.8167854904523,2.6926705541190965,0.7985597119423885,8.4,17.019241883877456,41.36086341779152,34.91365325550635,0.17857083026768136,20.77831706653882,GOOD,64-QAM,HIGH
68.95980869485203,638.8167854904523,2.6926705541190965,0.7985597119423885,12.5,17.019241883877456,41.36086341779152,34.91365325550635,0.2653238512765439,17.238949506606474,GOOD,64-QAM,HIGH
9.359977163403324,1976.9500208727247,7.400145067730272,0.7987597519503901,2.2,23.828397179000927,51.67456764246063,16.352199841434054,0.38162263557927983,22.40000994626112,GOOD,64-QAM,HIGH
9.359977163403324,1976.9500208727247,7.400145067730272,0.7987597519503901,8.4,23.828397179000927,51.67456764246063,16.352199841434054,1.4618472661283182,9.68265321091856,DEGRADED,16-QAM,MEDIUM
9.359977163403324,1976.9500208727247,7.400145067730272,0.7987597519503901,12.5,23.828397179000927,51.67456764246063,16.352199841434054,2.190111494144049,5.501774443979343,DEGRADED,QPSK,LOW
46.86550736071459,793.2436965915931,5.127849111912317,0.7989597919583917,2.2,14.803275501947354,81.721062967801,32.490113040117684,0.061436764136628866,30.651977024994267,GOOD,64-QAM,HIGH
46.86550736071459,793.2436965915931,5.127849111912317,0.7989597919583917,8.4,14.803275501947354,81.721062967801,32.490113040117684,0.2351427280311386,18.84113895630624,GOOD,64-QAM,HIGH
46.86550736071459,793.2436965915931,5.127849111912317,0.7989597919583917,12.5,14.803275501947354,81.721062967801,32.490113040117684,0.34904638782816977,15.274620757585723,GOOD,64-QAM,HIGH
42.5790979477762,845.5963972206027,5.52257976754013,0.7991598319663933,2.2,25.74647476962414,55.460288387776544,-7.004764949831812,0.09394904412730294,30.064334860786147,GOOD,64-QAM,HIGH
42.5790979477762,845.5963972206027,5.52257976754013,0.7991598319663933,8.4,25.74647476962414,55.460288387776544,-7.004764949831812,0.36245063723028614,18.158701162889642,GOOD,64-QAM,HIGH
42.5790979477762,845.5963972206027,5.52257976754013,0.7991598319663933,12.5,25.74647476962414,55.460288387776544,-7.004764949831812,0.5362093106987642,14.532327950497674,GOOD,16-QAM,MEDIUM
33.424100214043634,998.5029219130524,6.259621813173413,0.7993598719743948,2.2,8.268521275659296,84.94148100309826,1.3729055236460326,0.05641414652272251,28.658145435395305,GOOD,64-QAM,HIGH
33.424100214043634,998.5029219130524,6.259621813173413,0.7993598719743948,8.4,8.268521275659296,84.94148100309826,1.3729055236460326,0.2199088162333688,16.85751866089113,GOOD,64-QAM,HIGH
33.424100214043634,998.5029219130524,6.259621813173413,0.7993598719743948,12.5,8.268521275659296,84.94148100309826,1.3729055236460326,0.32732484959490743,13.297488088606116,GOOD,16-QAM,MEDIUM
38.53864680210853,905.159567815644,5.866410630385511,0.7995599119823965,2.2,48.885640641275,59.87628320373638,2.968999761059031,0.17824070521573074,29.388802750298566,GOOD,64-QAM,HIGH
38.53864680210853,905.159567815644,5.866410630385511,0.7995599119823965,8.4,48.885640641275,59.87628320373638,2.968999761059031,0.6783736927577694,17.251537657963,GOOD,64-QAM,HIGH
38.53864680210853,905.159567815644,5.866410630385511,0.7995599119823965,12.5,48.885640641275,59.87628320373638,2.968999761059031,1.0155742127131218,13.461722599084169,GOOD,16-QAM,MEDIUM
50.0449498890698,760.3903127324593,4.816398240164622,0.7997599519903981,2.2,5.396227748249693,53.93019689038535,9.3345747319394,0.029007816660006694,31.051807059356967,GOOD,64-QAM,HIGH
50.0449498890698,760.3903127324593,4.816398240164622,0.7997599519903981,8.4,5.396227748249693,53.93019689038535,9.3345747319394,0.10849739079160038,19.335185380431852,GOOD,64-QAM,HIGH
50.0449498890698,760.3903127324593,4.816398240164622,0.7997599519903981,12.5,5.396227748249693,53.93019689038535,9.3345747319394,0.16073965009744032,15.830328582202526,GOOD,64-QAM,HIGH
18.716225463012563,1446.2964366330216,7.103395845706466,0.7999599919983997,2.2,46.5972069827186,75.02333562544209,30.143318619877306,0.33819035116218027,25.15820970849964,GOOD,64-QAM,HIGH
18.716225463012563,1446.2964366330216,7.103395845706466,0.7999599919983997,8.4,46.5972069827186,75.02333562544209,30.143318619877306,1.2954867276380073,12.563781227230294,GOOD,16-QAM,MEDIUM
18.716225463012563,1446.2964366330216,7.103395845706466,0.7999599919983997,12.5,46.5972069827186,75.02333562544209,30.143318619877306,1.920523246073917,8.486130169870904,DEGRADED,16-QAM,MEDIUM
53.61964965410539,728.5968414362987,4.448571093368888,0.8001600320064013,2.2,45.67890057013474,34.390505926080124,9.327893686574631,0.1278434536770681,31.32395724615997,GOOD,64-QAM,HIGH
53.61964965410539,728.5968414362987,4.448571093368888,0.8001600320064013,8.4,45.67890057013474,34.390505926080124,9.327893686574631,0.48834204153648375,19.32632655350703,GOOD,64-QAM,HIGH
53.61964965410539,728.5968414362987,4.448571093368888,0.8001600320064013,12.5,45.67890057013474,34.390505926080124,9.327893686574631,0.7292571502412909,15.632796905878735,GOOD,64-QAM,HIGH
73.46174799049884,623.5357401652627,2.1349155896898324,0.8003600720144028,2.2,26.2680240909749,35.368702978945045,0.23267648231635,0.06386497292495243,32.74045437746063,GOOD,64-QAM,HIGH
73.46174799049884,623.5357401652627,2.1349155896898324,0.8003600720144028,8.4,26.2680240909749,35.368702978945045,0.23267648231635,0.24374719516287907,20.92344005042918,GOOD,64-QAM,HIGH
73.46174799049884,623.5357401652627,2.1349155896898324,0.8003600720144028,12.5,26.2680240909749,35.368702978945045,0.23267648231635,0.3627183243641262,17.351854382304452,GOOD,64-QAM,HIGH
69.61367903216352,636.3313386519376,2.612612000986537,0.8005601120224045,2.2,36.24551359180422,69.11842283537764,-6.750486983061579,0.09392164218318676,32.53395849514713,GOOD,64-QAM,HIGH
69.61367903216352,636.3313386519376,2.612612000986537,0.8005601120224045,8.4,36.24551359180422,69.11842283537764,-6.750486983061579,0.35739336255655263,20.63335466998025,GOOD,64-QAM,HIGH
69.61367903216352,636.3313386519376,2.612612000986537,0.8005601120224045,12.5,36.24551359180422,69.11842283537764,-6.750486983061579,0.5361787406590653,17.001954752954248,GOOD,64-QAM,HIGH
18.08149189897076,1474.4718253094966,7.129620292523287,0.8007601520304061,2.2,21.80241489862939,59.2164427943549,-6.025412582365627,0.18163885724297574,25.147177959794533,GOOD,64-QAM,HIGH
18.08149189897076,1474.4718253094966,7.129620292523287,0.8007601520304061,8.4,21.80241489862939,59.2164427943549,-6.025412582365627,0.6951440604109134,12.996540651833072,GOOD,16-QAM,MEDIUM
18.08149189897076,1474.4718253094966,7.129620292523287,0.8007601520304061,12.5,21.80241489862939,59.2164427943549,-6.025412582365627,1.0328137875694245,9.206256385751075,DEGRADED,16-QAM,MEDIUM
17.686204928025283,1492.5112317940975,7.145509916293083,0.8009601920384077,2.2,31.50172887712191,77.42491501915262,28.00236029804887,0.25722014767335577,24.96597407452313,GOOD,64-QAM,HIGH
17.686204928025283,1492.5112317940975,7.145509916293083,0.8009601920384077,8.4,31.50172887712191,77.42491501915262,28.00236029804887,0.9709794988647684,12.61508261853821,GOOD,16-QAM,MEDIUM
17.686204928025283,1492.5112317940975,7.145509916293083,0.8009601920384077,12.5,31.50172887712191,77.42491501915262,28.00236029804887,1.4499420448086326,8.683505533670854,DEGRADED,16-QAM,MEDIUM
27.79482125831764,1131.7312132527409,6.634673448511018,0.8011602320464093,2.2,17.028796871055935,84.97625024061188,12.24014955183165,0.10804457656815347,27.518635928283167,GOOD,64-QAM,HIGH
27.79482125831764,1131.7312132527409,6.634673448511018,0.8011602320464093,8.4,17.028796871055935,84.97625024061188,12.24014955183165,0.41313697767772567,15.576411422380076,GOOD,64-QAM,HIGH
27.79482125831764,1131.7312132527409,6.634673448511018,0.8011602320464093,12.5,17.028796871055935,84.97625024061188,12.24014955183165,0.6202456355492874,11.916688225585034,GOOD,16-QAM,MEDIUM
35.69135173898816,954.3344123723272,6.091286982886614,0.8013602720544108,2.2,15.057950989272268,53.30201266029285,26.309056100000767,0.06751760867855788,29.0400170879427,GOOD,64-QAM,HIGH
35.69135173898816,954.3344123723272,6.091286982886614,0.8013602720544108,8.4,15.057950989272268,53.30201266029285,26.309056100000767,0.2566087363750639,17.21379385545268,GOOD,64-QAM,HIGH
35.69135173898816,954.3344123723272,6.091286982886614,0.8013602720544108,12.5,15.057950989272268,53.30201266029285,26.309056100000767,0.38251750987590794,13.63527054302834,GOOD,16-QAM,MEDIUM
39.71872441972102,886.6104582514868,5.768930721521464,0.8015603120624125,2.2,28.911489308475684,65.78460159507878,24.11435608818488,0.11419594965361957,29.632693437290513,GOOD,64-QAM,HIGH
39.71872441972102,886.6104582514868,5.768930721521464,0.8015603120624125,8.4,28.911489308475684,65.78460159507878,24.11435608818488,0.4320316065844137,17.677725675566194,GOOD,64-QAM,HIGH
39.71872441972102,886.6104582514868,5.768930721521464,0.8015603120624125,12.5,28.911489308475684,65.78460159507878,24.11435608818488,0.6481617949563746,14.008980948270747,GOOD,16-QAM,MEDIUM
62.774263430834345,667.2355799610823,3.431230469830141,0.8017603520704141,2.2,24.90648370919902,60.0417976677186,-3.2318769119871105,0.07209755168758955,32.143864896757634,GOOD,64-QAM,HIGH
62.774263430834345,667.2355799610823,3.431230469830141,0.8017603520704141,8.4,24.90648370919902,60.0417976677186,-3.2318769119871105,0.2753741025086772,20.303456241143024,GOOD,64-QAM,HIGH
62.774263430834345,667.2355799610823,3.431230469830141,0.8017603520704141,12.5,24.90648370919902,60.0417976677186,-3.2318769119871105,0.40816839828956814,16.718047406438657,GOOD,64-QAM,HIGH
9.817836734096009,1944.379452453577,7.390161471450037,0.8019603920784157,2.2,28.976818457499053,88.89663933854598,-2.8556032903866404,0.40903980768011905,22.51688611689353,GOOD,64-QAM,HIGH
9.817836734096009,1944.379452453577,7.390161471450037,0.8019603920784157,8.4,28.976818457499053,88.89663933854598,-2.8556032903866404,1.5707476192778616,9.718046200502258,DEGRADED,16-QAM,MEDIUM
9.817836734096009,1944.379452453577,7.390161471450037,0.8019603920784157,12.5,28.976818457499053,88.89663933854598,-2.8556032903866404,2.3268198562916367,5.509359424565005,DEGRADED,QPSK,LOW
7.947179859215643,2082.4378264879488,7.427969621759727,0.8021604320864173,2.2,14.33302906435115,79.8650644413957,27.76710077170669,0.32209718519343805,22.00800831987148,GOOD,64-QAM,HIGH
7.947179859215643,2082.4378264879488,7.427969621759727,0.8021604320864173,8.4,14.33302906435115,79.8650644413957,27.76710077170669,1.2430749704736244,9.44989842979777,DEGRADED,16-QAM,MEDIUM
7.947179859215643,2082.4378264879488,7.427969621759727,0.8021604320864173,12.5,14.33302906435115,79.8650644413957,27.76710077170669,1.802456710409432,5.437902150938484,DEGRADED,QPSK,LOW
38.312397850232266,908.8328038225118,5.8848168174412265,0.8023604720944189,2.2,18.347891590849763,84.7042624966412,26.06341467427086,0.08905558750598772,29.442810910621482,GOOD,64-QAM,HIGH
38.312397850232266,908.8328038225118,5.8848168174412265,0.8023604720944189,8.4,18.347891590849763,84.7042624966412,26.06341467427086,0.3308744468975838,17.563859946436366,GOOD,64-QAM,HIGH
38.312397850232266,908.8328038225118,5.8848168174412265,0.8023604720944189,12.5,18.347891590849763,84.7042624966412,26.06341467427086,0.4971589422449615,13.944960912165499,GOOD,16-QAM,MEDIUM
64.25891383172834,659.563314980699,3.257288440326925,0.8025605121024205,2.2,4.194898031445465,45.26040525465625,8.901538343715519,0.019969827759399976,32.29644671351228,GOOD,64-QAM,HIGH
64.25891383172834,659.563314980699,3.257288440326925,0.8025605121024205,8.4,4.194898031445465,45.26040525465625,8.901538343715519,0.07596719105924048,20.60331724541892,GOOD,64-QAM,HIGH
64.25891383172834,659.563314980699,3.257288440326925,0.8025605121024205,12.5,4.194898031445465,45.26040525465625,8.901538343715519,0.11218972022394207,17.114480177330734,GOOD,64-QAM,HIGH
21.442004151301017,1335.6281886715778,6.980910529489698,0.8027605521104221,2.2,2.613818613610286,76.35158538975566,-6.128886833357996,0.057348015192853354,26.130486841529027,GOOD,64-QAM,HIGH
21.442004151301017,1335.6281886715778,6.980910529489698,0.8027605521104221,8.4,2.613818613610286,76.35158538975566,-6.128886833357996,0.22207115886582188,14.32863159306254,GOOD,16-QAM,MEDIUM
21.442004151301017,1335.6281886715778,6.980910529489698,0.8027605521104221,12.5,2.613818613610286,76.35158538975566,-6.128886833357996,0.3281098997934515,10.769978313211425,GOOD,16-QAM,MEDIUM
59.5278809067814,686.0757035044071,3.8033926680010657,0.8029605921184236,2.2,12.672856483650811,45.92839349985893,-9.39509891507739,0.04063086987353871,31.933474721405773,GOOD,64-QAM,HIGH
59.5278809067814,686.0757035044071,3.8033926680010657,0.8029605921184236,8.4,12.672856483650811,45.92839349985893,-9.39509891507739,0.1561426063560598,20.180830880129733,GOOD,64-QAM,HIGH
59.5278809067814,686.0757035044071,3.8033926680010657,0.8029605921184236,12.5,12.672856483650811,45.92839349985893,-9.39509891507739,0.23180267230176044,16.65255627526055,GOOD,64-QAM,HIGH
27.08539172492545,1151.331594481827,6.677466919071573,0.8031606321264253,2.2,3.712342966527288,42.52455200570339,4.407847473087243,0.037964698654750176,27.439573232920083,GOOD,64-QAM,HIGH
27.08539172492545,1151.331594481827,6.677466919071573,0.8031606321264253,8.4,3.712342966527288,42.52455200570339,4.407847473087243,0.14309585846492648,15.697309968316375,GOOD,64-QAM,HIGH
27.08539172492545,1151.331594481827,6.677466919071573,0.8031606321264253,12.5,3.712342966527288,42.52455200570339,4.407847473087243,0.21517513060468904,12.172616157253131,GOOD,16-QAM,MEDIUM
80.3173192491489,607.910205209022,1.2614356160697608,0.8033606721344269,2.2,5.188735431737035,86.65596957933305,-9.538886320638651,0.02788277723320693,32.99687492423137,GOOD,64-QAM,HIGH
80.3173192491489,607.910205209022,1.2614356160697608,0.8033606721344269,8.4,5.188735431737035,86.65596957933305,-9.538886320638651,0.10617593939451313,21.28144965727654,GOOD,64-QAM,HIGH
80.3173192491489,607.910205209022,1.2614356160697608,0.8033606721344269,12.5,5.188735431737035,86.65596957933305,-9.538886320638651,0.15723870745958723,17.77777235028799,GOOD,64-QAM,HIGH
81.1336452626624,606.6217440668061,1.155976569467963,0.8035607121424285,2.2,40.64642026969685,31.158265003072,1.5036310551851706,0.09124711594285252,32.95193980097275,GOOD,64-QAM,HIGH
81.1336452626624,606.6217440668061,1.155976569467963,0.8035607121424285,8.4,40.64642026969685,31.158265003072,1.5036310551851706,0.34975386669341024,21.056300945428674,GOOD,64-QAM,HIGH
81.1336452626624,606.6217440668061,1.155976569467963,0.8035607121424285,12.5,40.64642026969685,31.158265003072,1.5036310551851706,0.5186259737157295,17.434814299482866,GOOD,64-QAM,HIGH
30.26941236391276,1068.585032343763,6.47748579100594,0.8037607521504301,2.2,1.943684850834465,87.92332221980578,10.975037010566924,0.0486030207619536,28.07676162814395,GOOD,64-QAM,HIGH
30.26941236391276,1068.585032343763,6.47748579100594,0.8037607521504301,8.4,1.943684850834465,87.92332221980578,10.975037010566924,0.1945168059589478,16.293715738153423,GOOD,64-QAM,HIGH
30.26941236391276,1068.585032343763,6.47748579100594,0.8037607521504301,12.5,1.943684850834465,87.92332221980578,10.975037010566924,0.27712730859260604,12.758490696596283,GOOD,16-QAM,MEDIUM
24.549469086875444,1227.5027983364844,6.822021646891415,0.8039607921584316,2.2,32.94713969673714,38.95571381932837,-3.9292117344022905,0.19042613951625142,26.730670426905974,GOOD,64-QAM,HIGH
24.549469086875444,1227.5027983364844,6.822021646891415,0.8039607921584316,8.4,32.94713969673714,38.95571381932837,-3.9292117344022905,0.7282901406799444,14.555674320948754,GOOD,16-QAM,MEDIUM
24.549469086875444,1227.5027983364844,6.822021646891415,0.8039607921584316,12.5,32.94713969673714,38.95571381932837,-3.9292117344022905,1.0711096420509887,10.76024028065423,GOOD,16-QAM,MEDIUM
39.96083762562966,882.9277225587416,5.748627130703133,0.8041608321664333,2.2,13.627887440770026,79.1662849075961,-4.786112108422688,0.06536464081810439,29.717678678630733,GOOD,64-QAM,HIGH
39.96083762562966,882.9277225587416,5.748627130703133,0.8041608321664333,8.4,13.627887440770026,79.1662849075961,-4.786112108422688,0.24834461591828286,17.89756659873703,GOOD,64-QAM,HIGH
39.96083762562966,882.9277225587416,5.748627130703133,0.8041608321664333,12.5,13.627887440770026,79.1662849075961,-4.786112108422688,0.37370059217772056,14.319596083554103,GOOD,16-QAM,MEDIUM
25.44518474031264,1199.456382197854,6.772475580763352,0.8043608721744349,2.2,43.57728403540632,46.55535318408619,34.82187178593683,0.22740950931421633,26.89444768169045,GOOD,64-QAM,HIGH
25.44518474031264,1199.456382197854,6.772475580763352,0.8043608721744349,8.4,43.57728403540632,46.55535318408619,34.82187178593683,0.8662550565789252,14.61847002963222,GOOD,16-QAM,MEDIUM
25.44518474031264,1199.456382197854,6.772475580763352,0.8043608721744349,12.5,43.57728403540632,46.55535318408619,34.82187178593683,1.288549680591447,10.743560866696214,GOOD,16-QAM,MEDIUM
62.15262667979481,670.6189425718658,3.503384028355056,0.8045609121824365,2.2,24.24961422887498,51.04213964584365,19.273501451144465,0.06821760764195366,32.1038124454672,GOOD,64-QAM,HIGH
62.15262667979481,670.6189425718658,3.503384028355056,0.8045609121824365,8.4,24.24961422887498,51.04213964584365,19.273501451144465,0.2609637192789198,20.273934229036712,GOOD,64-QAM,HIGH
62.15262667979481,670.6189425718658,3.503384028355056,0.8045609121824365,12.5,24.24961422887498,51.04213964584365,19.273501451144465,0.3878735338943924,16.694409875497755,GOOD,64-QAM,HIGH
75.21549818660426,618.6953875810941,1.913881712224452,0.8047609521904381,2.2,15.278822966391289,43.005462679319095,36.72278433813907,0.0413256872541679,32.830683129596416,GOOD,64-QAM,HIGH
75.21549818660426,618.6953875810941,1.913881712224452,0.8047609521904381,8.4,15.278822966391289,43.005462679319095,36.72278433813907,0.1576395584416194,21.077237153615442,GOOD,64-QAM,HIGH
75.21549818660426,618.6953875810941,1.913881712224452,0.8047609521904381,12.5,15.278822966391289,43.005462679319095,36.72278433813907,0.234061885494684,17.548200287638892,GOOD,64-QAM,HIGH
62.21283112745345,670.2867608514844,3.496413980908568,0.8049609921984396,2.2,25.88194678447173,65.13084254886478,7.29130818928396,0.07568768206030972,32.10064587101109,GOOD,64-QAM,HIGH
62.21283112745345,670.2867608514844,3.496413980908568,0.8049609921984396,8.4,25.88194678447173,65.13084254886478,7.29130818928396,0.2901365162506923,20.24906493202718,GOOD,64-QAM,HIGH
62.21283112745345,670.2867608514844,3.496413980908568,0.8049609921984396,12.5,25.88194678447173,65.13084254886478,7.29130818928396,0.42737808235026153,16.659208827004136,GOOD,64-QAM,HIGH
75.0697880161947,619.0747862709986,1.932317445967188,0.8051610322064413,2.2,19.09790095226344,50.88573285047244,23.857246866458155,0.05149701649970122,32.81518703922452,GOOD,64-QAM,HIGH
75.0697880161947,619.0747862709986,1.932317445967188,0.8051610322064413,8.4,19.09790095226344,50.88573285047244,23.857246866458155,0.196581001926168,21.032970949004536,GOOD,64-QAM,HIGH
75.0697880161947,619.0747862709986,1.932317445967188,0.8051610322064413,12.5,19.09790095226344,50.88573285047244,23.857246866458155,0.29255145752373884,17.48438595448347,GOOD,64-QAM,HIGH
38.7443337876353,901.8533743399248,5.849597845452923,0.8053610722144429,2.2,28.21505323349151,69.4435823696798,0.2345837310895184,0.11586321313295521,29.482964479258598,GOOD,64-QAM,HIGH
38.7443337876353,901.8533743399248,5.849597845452923,0.8053610722144429,8.4,28.21505323349151,69.4435823696798,0.2345837310895184,0.43692879400827667,17.524766793589748,GOOD,64-QAM,HIGH
38.7443337876353,901.8533743399248,5.849597845452923,0.8053610722144429,12.5,28.21505323349151,69.4435823696798,0.2345837310895184,0.6529241996879898,13.856156848986558,GOOD,16-QAM,MEDIUM
18.286942510253173,1465.246457351067,7.121227580025752,0.8055611122224445,2.2,5.726643416317412,30.93883907652396,20.91701586399706,0.06973792409299838,25.313594858966354,GOOD,64-QAM,HIGH
18.286942510253173,1465.246457351067,7.121227580025752,0.8055611122224445,8.4,5.726643416317412,30.93883907652396,20.91701586399706,0.2645566769242781,13.481644001341564,GOOD,16-QAM,MEDIUM
18.286942510253173,1465.246457351067,7.121227580025752,0.8055611122224445,12.5,5.726643416317412,30.93883907652396,20.91701586399706,0.3808728787745702,9.912713260567784,DEGRADED,16-QAM,MEDIUM
67.72583052879534,643.7653243472068,2.842792580572234,0.8057611522304461,2.2,49.84952514062756,33.86249301090238,-3.520713499500779,0.11375619724476815,32.413238581824245,GOOD,64-QAM,HIGH
67.72583052879534,643.7653243472068,2.842792580572234,0.8057611522304461,8.4,49.84952514062756,33.86249301090238,-3.520713499500779,0.43378713051170337,20.456075543763788,GOOD,64-QAM,HIGH
67.72583052879534,643.7653243472068,2.842792580572234,0.8057611522304461,12.5,49.84952514062756,33.86249301090238,-3.520713499500779,0.6482614701482983,16.78898666520371,GOOD,64-QAM,HIGH
35.640332937032085,955.2768444082468,6.095180838704308,0.8059611922384476,2.2,21.27779388483588,35.97966916387492,-9.895968041185712,0.08900947838794139,29.00995189076584,GOOD,64-QAM,HIGH
35.640332937032085,955.2768444082468,6.095180838704308,0.8059611922384476,8.4,21.27779388483588,35.97966916387492,-9.895968041185712,0.343013256822766,17.11881600753749,GOOD,64-QAM,HIGH
35.640332937032085,955.2768444082468,6.095180838704308,0.8059611922384476,12.5,21.27779388483588,35.97966916387492,-9.895968041185712,0.5083651550500754,13.500849570386706,GOOD,16-QAM,MEDIUM
62.05802014447627,671.1429088362911,3.5143290894373496,0.8061612322464493,2.2,17.411531985368434,55.13962111861386,36.57659007047895,0.05337083795180814,32.111875428044236,GOOD,64-QAM,HIGH
62.05802014447627,671.1429088362911,3.5143290894373496,0.8061612322464493,8.4,17.411531985368434,55.13962111861386,36.57659007047895,0.20256671960773598,20.325547441594793,GOOD,64-QAM,HIGH
62.05802014447627,671.1429088362911,3.5143290894373496,0.8061612322464493,12.5,17.411531985368434,55.13962111861386,36.57659007047895,0.30423731608140714,16.771262306197627,GOOD,64-QAM,HIGH
28.00473506845008,1126.0652834319058,6.621815936428886,0.8063612722544509,2.2,35.510492415813246,78.88777035959856,17.744718808760467,0.18123825356242787,27.489036742202657,GOOD,64-QAM,HIGH
28.00473506845008,1126.0652834319058,6.621815936428886,0.8063612722544509,8.4,35.510492415813246,78.88777035959856,17.744718808760467,0.6888772870351941,15.344265603936364,GOOD,64-QAM,HIGH
28.00473506845008,1126.0652834319058,6.621815936428886,0.8063612722544509,12.5,35.510492415813246,78.88777035959856,17.744718808760467,1.0239149799456955,11.556613372102376,GOOD,16-QAM,MEDIUM
11.904518958567175,1805.4561776708256,7.33869538941534,0.8065613122624525,2.2,18.194970324766626,83.29067462270297,36.34703313910197,0.24796218607954926,23.321845165002173,GOOD,64-QAM,HIGH
11.904518958567175,1805.4561776708256,7.33869538941534,0.8065613122624525,8.4,18.194970324766626,83.29067462270297,36.34703313910197,0.9526415453824048,10.980033700905793,GOOD,16-QAM,MEDIUM
11.904518958567175,1805.4561776708256,7.33869538941534,0.8065613122624525,12.5,18.194970324766626,83.29067462270297,36.34703313910197,1.4161832140706039,7.063877493294115,DEGRADED,QPSK,LOW
89.36945261645988,600.0332079897644,0.0825367934267835,0.8067613522704541,2.2,41.663715251437885,44.688644403654045,6.691576185103603,0.09428462488872293,33.043756029407014,GOOD,64-QAM,HIGH
89.36945261645988,600.0332079897644,0.0825367934267835,0.8067613522704541,8.4,41.663715251437885,44.688644403654045,6.691576185103603,0.3612087946512521,21.139699754850966,GOOD,64-QAM,HIGH
89.36945261645988,600.0332079897644,0.0825367934267835,0.8067613522704541,12.5,41.663715251437885,44.688644403654045,6.691576185103603,0.5372557837675233,17.51103822681121,GOOD,64-QAM,HIGH
18.277128174100937,1465.684834270483,7.121630581669256,0.8069613922784556,2.2,22.713536218021265,64.46218345434085,6.389303458087838,0.18826174148693892,25.192472759189457,GOOD,64-QAM,HIGH
18.277128174100937,1465.684834270483,7.121630581669256,0.8069613922784556,8.4,22.713536218021265,64.46218345434085,6.389303458087838,0.712370699277595,13.031231696605275,GOOD,16-QAM,MEDIUM
18.277128174100937,1465.684834270483,7.121630581669256,0.8069613922784556,12.5,22.713536218021265,64.46218345434085,6.389303458087838,1.0550332207937645,9.23595463616563,DEGRADED,16-QAM,MEDIUM
89.01578448689588,600.0809122516521,0.1288271735255408,0.8071614322864573,2.2,35.977920663271746,76.10189956155602,10.032750088651586,0.08984351304592246,33.04750661699505,GOOD,64-QAM,HIGH
89.01578448689588,600.0809122516521,0.1288271735255408,0.8071614322864573,8.4,35.977920663271746,76.10189956155602,10.032750088651586,0.34084661938134964,21.159371405866096,GOOD,64-QAM,HIGH
89.01578448689588,600.0809122516521,0.1288271735255408,0.8071614322864573,12.5,35.977920663271746,76.10189956155602,10.032750088651586,0.5087709639662301,17.538832522357737,GOOD,64-QAM,HIGH
88.06879426814803,600.3116163735258,0.252746375808825,0.8073614722944589,2.2,5.372660822094328,47.32976579517652,25.302049197908417,0.02155912864296631,33.11245230923103,GOOD,64-QAM,HIGH
88.06879426814803,600.3116163735258,0.252746375808825,0.8073614722944589,8.4,5.372660822094328,47.32976579517652,25.302049197908417,0.08206373914068339,21.414815593939792,GOOD,64-QAM,HIGH
88.06879426814803,600.3116163735258,0.252746375808825,0.8073614722944589,12.5,5.372660822094328,47.32976579517652,25.302049197908417,0.12115925021889062,17.923105543938092,GOOD,64-QAM,HIGH
72.47453883218337,626.5278639746439,2.2584718776886525,0.8075615123024605,2.2,42.30595927775559,54.5404642041764,18.29043170930871,0.10017003078411396,32.662568544449755,GOOD,64-QAM,HIGH
72.47453883218337,626.5278639746439,2.2584718776886525,0.8075615123024605,8.4,42.30595927775559,54.5404642041764,18.29043170930871,0.38135417845535585,20.744252291984992,GOOD,64-QAM,HIGH
72.47453883218337,626.5278639746439,2.2584718776886525,0.8075615123024605,12.5,42.30595927775559,54.5404642041764,18.29043170930871,0.5681180182269505,17.104873913289907,GOOD,64-QAM,HIGH
61.0509517769698,676.8714945657093,3.630237375773968,0.8077615523104621,2.2,36.78589933890549,61.438452161142834,36.2677453549559,0.0998456314696442,31.991576255736895,GOOD,64-QAM,HIGH
61.0509517769698,676.8714945657093,3.630237375773968,0.8077615523104621,8.4,36.78589933890549,61.438452161142834,36.2677453549559,0.38086413616650283,20.073425646246505,GOOD,64-QAM,HIGH
61.0509517769698,676.8714945657093,3.630237375773968,0.8077615523104621,12.5,36.78589933890549,61.438452161142834,36.2677453549559,0.5687598218954616,16.432915421594075,GOOD,64-QAM,HIGH
54.1135992713422,724.5893396282554,4.39635056375977,0.8079615923184637,2.2,10.585838923098285,38.09249078448286,-8.727954943378032,0.03627430629309791,31.463433271718614,GOOD,64-QAM,HIGH
54.1135992713422,724.5893396282554,4.39635056375977,0.8079615923184637,8.4,10.585838923098285,38.09249078448286,-8.727954943378032,0.138091036517052,19.724484436701132,GOOD,64-QAM,HIGH
54.1135992713422,724.5893396282554,4.39635056375977,0.8079615923184637,12.5,10.585838923098285,38.09249078448286,-8.727954943378032,0.20458575859726286,16.20537517569744,GOOD,64-QAM,HIGH
78.61863135711594,610.9717834605144,1.480039250992936,0.8081616323264653,2.2,7.264300487289333,31.55893762354681,25.409796898626823,0.02234697761619541,32.958776332688046,GOOD,64-QAM,HIGH
78.61863135711594,610.9717834605144,1.480039250992936,0.8081616323264653,8.4,7.264300487289333,31.55893762354681,25.409796898626823,0.0864725263265828,21.25751867918413,GOOD,64-QAM,HIGH
78.61863135711594,610.9717834605144,1.480039250992936,0.8081616323264653,12.5,7.264300487289333,31.55893762354681,25.409796898626823,0.1293344085113955,17.762042258075837,GOOD,64-QAM,HIGH
29.60235933765648,1084.8463073028224,6.521059418445024,0.8083616723344669,2.2,15.81461743628122,39.168348559097,6.516384468327715,0.08706802498702533,27.907114057886808,GOOD,64-QAM,HIGH
29.60235933765648,1084.8463073028224,6.521059418445024,0.8083616723344669,8.4,15.81461743628122,39.168348559097,6.516384468327715,0.3338685517593147,16.023181426321003,GOOD,64-QAM,HIGH
29.60235933765648,1084.8463073028224,6.521059418445024,0.8083616723344669,12.5,15.81461743628122,39.168348559097,6.516384468327715,0.5028874148002986,12.40154802435653,GOOD,16-QAM,MEDIUM
44.75290306121455,817.7913091724913,5.3261227778259,0.8085617123424685,2.2,48.80352930159522,67.611217275212,-0.9883174090769417,0.15626972682564844,30.292426838514196,GOOD,64-QAM,HIGH
44.75290306121455,817.7913091724913,5.3261227778259,0.8085617123424685,8.4,48.80352930159522,67.611217275212,-0.9883174090769417,0.5973399372109995,18.214224523335318,GOOD,64-QAM,HIGH
44.75290306121455,817.7913091724913,5.3261227778259,0.8085617123424685,12.5,48.80352930159522,67.611217275212,-0.9883174090769417,0.8889230636645605,14.470026857958274,GOOD,16-QAM,MEDIUM
57.648147396152666,698.3792864521729,4.013378184682056,0.8087617523504701,2.2,12.841578728352932,34.4170956920209,15.519781126004949,0.04086022482485729,31.77885915969844,GOOD,64-QAM,HIGH
57.648147396152666,698.3792864521729,4.013378184682056,0.8087617523504701,8.4,12.841578728352932,34.4170956920209,15.519781126004949,0.15792875248909147,20.02465852724069,GOOD,64-QAM,HIGH
57.648147396152666,698.3792864521729,4.013378184682056,0.8087617523504701,12.5,12.841578728352932,34.4170956920209,15.519781126004949,0.2333399145474471,16.496632826258846,GOOD,64-QAM,HIGH
39.95119044890674,883.0736827651749,5.749438108028368,0.8089617923584717,2.2,22.806360447331663,41.3817818910077,15.2531892089998,0.08446427195609585,29.697143268060515,GOOD,64-QAM,HIGH
39.95119044890674,883.0736827651749,5.749438108028368,0.8089617923584717,8.4,22.806360447331663,41.3817818910077,15.2531892089998,0.3235729220651942,17.82090251315789,GOOD,64-QAM,HIGH
39.95119044890674,883.0736827651749,5.749438108028368,0.8089617923584717,12.5,22.806360447331663,41.3817818910077,15.2531892089998,0.4825753145157043,14.209285581783902,GOOD,16-QAM,MEDIUM
41.33634859767277,862.7618571757966,5.631339566301097,0.8091618323664733,2.2,1.5010112858668156,50.27123314171823,-3.14944856557858,0.021899941576717145,29.961827709294965,GOOD,64-QAM,HIGH
41.33634859767277,862.7618571757966,5.631339566301097,0.8091618323664733,8.4,1.5010112858668156,50.27123314171823,-3.14944856557858,0.08438330696117732,18.26221223911699,GOOD,64-QAM,HIGH
41.33634859767277,862.7618571757966,5.631339566301097,0.8091618323664733,12.5,1.5010112858668156,50.27123314171823,-3.14944856557858,0.12361070103192491,14.770370306122757,GOOD,16-QAM,MEDIUM
33.07419673767717,1005.7567230517302,6.284734272810799,0.8093618723744749,2.2,19.861376478311627,34.67220385838198,0.094802806644493,0.09006715232345439,28.56162034473067,GOOD,64-QAM,HIGH
33.07419673767717,1005.7567230517302,6.284734272810799,0.8093618723744749,8.4,19.861376478311627,34.67220385838198,0.094802806644493,0.3441632036941474,16.670392188566453,GOOD,64-QAM,HIGH
33.07419673767717,1005.7567230517302,6.284734272810799,0.8093618723744749,12.5,19.861376478311627,34.67220385838198,0.094802806644493,0.5083484116489552,13.053592441688167,GOOD,16-QAM,MEDIUM
52.95970441818557,734.0913763832705,4.517824103249997,0.8095619123824765,2.2,28.566000771655137,41.50195626969807,10.408233245077746,0.08451022392235143,31.302033713653557,GOOD,64-QAM,HIGH
52.95970441818557,734.0913763832705,4.517824103249997,0.8095619123824765,8.4,28.566000771655137,41.50195626969807,10.408233245077746,0.32081269347937114,19.428599139303017,GOOD,64-QAM,HIGH
52.95970441818557,734.0913763832705,4.517824103249997,0.8095619123824765,12.5,28.566000771655137,41.50195626969807,10.408233245077746,0.4819053287974238,15.814891965061477,GOOD,64-QAM,HIGH
77.29883488128486,613.7114220101766,1.6489953146717111,0.8097619523904781,2.2,47.65623062539825,84.67618733901067,10.440570619615766,0.11671818926347456,32.825544070806025,GOOD,64-QAM,HIGH
77.29883488128486,613.7114220101766,1.6489953146717111,0.8097619523904781,8.4,47.65623062539825,84.67618733901067,10.440570619615766,0.445781013907816,20.859349141368156,GOOD,64-QAM,HIGH
77.29883488128486,613.7114220101766,1.6489953146717111,0.8097619523904781,12.5,47.65623062539825,84.67618733901067,10.440570619615766,0.6627981255169972,17.18971749083549,GOOD,64-QAM,HIGH
22.129912130536592,1310.1460699794998,6.947490682765778,0.8099619923984797,2.2,25.83680224700322,31.157947933619084,5.877906980984236,0.16366070882830855,26.19149130589357,GOOD,64-QAM,HIGH
22.129912130536592,1310.1460699794998,6.947490682765778,0.8099619923984797,8.4,25.83680224700322,31.157947933619084,5.877906980984236,0.6259785602150333,14.092041349713327,GOOD,16-QAM,MEDIUM
22.129912130536592,1310.1460699794998,6.947490682765778,0.8099619923984797,12.5,25.83680224700322,31.157947933619084,5.877906980984236,0.9272995219562673,10.338105849048603,GOOD,16-QAM,MEDIUM
84.42680829404252,602.6028725257565,0.7283792187208019,0.8101620324064813,2.2,40.95536630888439,69.20591545046173,-2.5727424245009534,0.09800088265545796,33.00292154960299,GOOD,64-QAM,HIGH
84.42680829404252,602.6028725257565,0.7283792187208019,0.8101620324064813,8.4,40.95536630888439,69.20591545046173,-2.5727424245009534,0.3754767655503759,21.088313561914546,GOOD,64-QAM,HIGH
84.42680829404252,602.6028725257565,0.7283792187208019,0.8101620324064813,12.5,40.95536630888439,69.20591545046173,-2.5727424245009534,0.5592447463982938,17.451931042143144,GOOD,64-QAM,HIGH
63.57245056859952,663.0403098801889,3.337993584892149,0.8103620724144829,2.2,27.356382128445027,53.0645358549111,-9.781316044951025,0.07370428850991197,32.19704344772375,GOOD,64-QAM,HIGH
63.57245056859952,663.0403098801889,3.337993584892149,0.8103620724144829,8.4,27.356382128445027,53.0645358549111,-9.781316044951025,0.280440660218992,20.35317497122115,GOOD,64-QAM,HIGH
63.57245056859952,663.0403098801889,3.337993584892149,0.8103620724144829,12.5,27.356382128445027,53.0645358549111,-9.781316044951025,0.41685662877073043,16.76414446374592,GOOD,64-QAM,HIGH
74.97822307780257,619.3152923269654,1.943896158861235,0.8105621124224845,2.2,2.039250671775905,70.35892436594227,38.51175312140103,0.020491628965612962,32.84281867704634,GOOD,64-QAM,HIGH
74.97822307780257,619.3152923269654,1.943896158861235,0.8105621124224845,8.4,2.039250671775905,70.35892436594227,38.51175312140103,0.07902542374906563,21.147152777469373,GOOD,64-QAM,HIGH
74.97822307780257,619.3152923269654,1.943896158861235,0.8105621124224845,12.5,2.039250671775905,70.35892436594227,38.51175312140103,0.11655119722687096,17.657012465068078,GOOD,64-QAM,HIGH
52.27620887355099,739.9554393505314,4.588916474740509,0.8107621524304861,2.2,15.7504137594887,65.32150322180428,37.17496148519635,0.05759796936944717,31.259837074347224,GOOD,64-QAM,HIGH
52.27620887355099,739.9554393505314,4.588916474740509,0.8107621524304861,8.4,15.7504137594887,65.32150322180428,37.17496148519635,0.2176847555910114,19.46261818333214,GOOD,64-QAM,HIGH
52.27620887355099,739.9554393505314,4.588916474740509,0.8107621524304861,12.5,15.7504137594887,65.32150322180428,37.17496148519635,0.325035187057482,15.902653212942184,GOOD,64-QAM,HIGH
71.2589196210454,630.4843326494038,2.4096903479898333,0.8109621924384877,2.2,28.777475391555164,43.40992526127866,14.18251895880676,0.07164932848698508,32.63641107601302,GOOD,64-QAM,HIGH
71.2589196210454,630.4843326494038,2.4096903479898333,0.8109621924384877,8.4,28.777475391555164,43.40992526127866,14.18251895880676,0.2737506444597176,20.797177655246756,GOOD,64-QAM,HIGH
71.2589196210454,630.4843326494038,2.4096903479898333,0.8109621924384877,12.5,28.777475391555164,43.40992526127866,14.18251895880676,0.40603865190799815,17.212275108875005,GOOD,64-QAM,HIGH
6.377033773854713,2208.863980171129,7.453593900865686,0.8111622324464893,2.2,47.52969829655622,80.83256925440331,39.75258766375028,0.9459625317666276,20.872204387053117,GOOD,64-QAM,HIGH
6.377033773854713,2208.863980171129,7.453593900865686,0.8111622324464893,8.4,47.52969829655622,80.83256925440331,39.75258766375028,3.6277723063213654,6.553262507704858,DEGRADED,QPSK,LOW
6.377033773854713,2208.863980171129,7.453593900865686,0.8111622324464893,12.5,47.52969829655622,80.83256925440331,39.75258766375028,5.430206521852226,1.2982137532505078,DEGRADED,LINK-OFF,NONE
74.56233610626049,620.4280552079872,1.996423626092513,0.8113622724544909,2.2,42.95651798756167,59.5164229565614,23.682716539112164,0.10283300014193096,32.74488482345386,GOOD,64-QAM,HIGH
74.56233610626049,620.4280552079872,1.996423626092513,0.8113622724544909,8.4,42.95651798756167,59.5164229565614,23.682716539112164,0.3931377386414104,20.81744798016085,GOOD,64-QAM,HIGH
74.56233610626049,620.4280552079872,1.996423626092513,0.8113622724544909,12.5,42.95651798756167,59.5164229565614,23.682716539112164,0.5842461387837827,17.173725041094997,GOOD,64-QAM,HIGH
8.411803022256155,2046.901035487254,7.419316639761525,0.8115623124624926,2.2,11.417780708942384,79.35216113480831,-6.557123119622923,0.2428674085273271,22.236742061014155,GOOD,64-QAM,HIGH
8.411803022256155,2046.901035487254,7.419316639761525,0.8115623124624926,8.4,11.417780708942384,79.35216113480831,-6.557123119622923,0.9337547082751608,9.908722656472804,DEGRADED,16-QAM,MEDIUM
8.411803022256155,2046.901035487254,7.419316639761525,0.8115623124624926,12.5,11.417780708942384,79.35216113480831,-6.557123119622923,1.3633313309821198,6.026531494842359,DEGRADED,QPSK,LOW
80.64263699084331,607.3826309166807,1.2194381521386686,0.8117623524704941,2.2,11.005491500958176,54.36075217129315,-4.114090045868632,0.03562192901964912,32.99667708632551,GOOD,64-QAM,HIGH
80.64263699084331,607.3826309166807,1.2194381521386686,0.8117623524704941,8.4,11.005491500958176,54.36075217129315,-4.114090045868632,0.136227993573571,21.258938916978067,GOOD,64-QAM,HIGH
80.64263699084331,607.3826309166807,1.2194381521386686,0.8117623524704941,12.5,11.005491500958176,54.36075217129315,-4.114090045868632,0.20416465586927482,17.738387715758876,GOOD,64-QAM,HIGH
89.31683351528469,600.0389819421216,0.0894241647915558,0.8119623924784957,2.2,10.058648355695038,89.08113323491435,35.805542193481884,0.03857030627020715,33.09938676653206,GOOD,64-QAM,HIGH
89.31683351528469,600.0389819421216,0.0894241647915558,0.8119623924784957,8.4,10.058648355695038,89.08113323491435,35.805542193481884,0.14753808079551123,21.35328688721323,GOOD,64-QAM,HIGH
89.31683351528469,600.0389819421216,0.0894241647915558,0.8119623924784957,12.5,10.058648355695038,89.08113323491435,35.805542193481884,0.21943967274259374,17.828770756342664,GOOD,64-QAM,HIGH
29.99573428502612,1075.1916809002669,6.495469700774052,0.8121624324864973,2.2,46.124944815125154,76.22936151007778,21.50261010748142,0.21470426542134646,27.857124209168063,GOOD,64-QAM,HIGH
29.99573428502612,1075.1916809002669,6.495469700774052,0.8121624324864973,8.4,46.124944815125154,76.22936151007778,21.50261010748142,0.81269047227973,15.62200589751616,GOOD,64-QAM,HIGH
29.99573428502612,1075.1916809002669,6.495469700774052,0.8121624324864973,12.5,46.124944815125154,76.22936151007778,21.50261010748142,1.2180816664763292,11.76400016439608,GOOD,16-QAM,MEDIUM
22.87707728429246,1283.4978162758084,6.910057584956586,0.8123624724944989,2.2,42.63330765508604,87.95701230675441,32.159181332867554,0.267139082424197,26.266504619013972,GOOD,64-QAM,HIGH
22.87707728429246,1283.4978162758084,6.910057584956586,0.8123624724944989,8.4,42.63330765508604,87.95701230675441,32.159181332867554,1.0281370245372903,13.868374572107356,GOOD,16-QAM,MEDIUM
22.87707728429246,1283.4978162758084,6.910057584956586,0.8123624724944989,12.5,42.63330765508604,87.95701230675441,32.159181332867554,1.5227051889067102,9.921191868814446,DEGRADED,16-QAM,MEDIUM
70.05588592793346,634.7030858502385,2.5582755806093824,0.8125625125025006,2.2,38.74417161264744,60.859588734591526,34.91348248169221,0.09804002196417967,32.55209416545679,GOOD,64-QAM,HIGH
70.05588592793346,634.7030858502385,2.5582755806093824,0.8125625125025006,8.4,38.74417161264744,60.859588734591526,34.91348248169221,0.3721571827445561,20.640844899882893,GOOD,64-QAM,HIGH
70.05588592793346,634.7030858502385,2.5582755806093824,0.8125625125025006,12.5,38.74417161264744,60.859588734591526,34.91348248169221,0.5582189192437796,17.002168624460182,GOOD,64-QAM,HIGH
26.507238978221523,1167.8360553820808,6.711584850306445,0.8127625525105021,2.2,19.63675571121138,58.42146793744203,12.397100564119306,0.11314041435519148,27.24076838148691,GOOD,64-QAM,HIGH
26.507238978221523,1167.8360553820808,6.711584850306445,0.8127625525105021,8.4,19.63675571121138,58.42146793744203,12.397100564119306,0.4261598572976449,15.290616833750931,GOOD,64-QAM,HIGH
26.507238978221523,1167.8360553820808,6.711584850306445,0.8127625525105021,12.5,19.63675571121138,58.42146793744203,12.397100564119306,0.6349188047515195,11.629243347373574,GOOD,16-QAM,MEDIUM
78.57280256963729,611.0615811085336,1.4859197837191824,0.8129625925185037,2.2,25.21903521493834,75.32722855951548,-7.573702421165348,0.06869196994815568,32.91115482453504,GOOD,64-QAM,HIGH
78.57280256963729,611.0615811085336,1.4859197837191824,0.8129625925185037,8.4,25.21903521493834,75.32722855951548,-7.573702421165348,0.26317863657498447,21.079536053114694,GOOD,64-QAM,HIGH
78.57280256963729,611.0615811085336,1.4859197837191824,0.8129625925185037,12.5,25.21903521493834,75.32722855951548,-7.573702421165348,0.39148213390290115,17.49861801686329,GOOD,64-QAM,HIGH
13.74162033338552,1695.2769234758784,7.285326162340996,0.8131626325265053,2.2,23.21658723975764,82.81747578080581,-0.5859825551338975,0.26885078221652003,23.847882594637625,GOOD,64-QAM,HIGH
13.74162033338552,1695.2769234758784,7.285326162340996,0.8131626325265053,8.4,23.21658723975764,82.81747578080581,-0.5859825551338975,1.0247083887562605,11.454892883304353,GOOD,16-QAM,MEDIUM
13.74162033338552,1695.2769234758784,7.285326162340996,0.8131626325265053,12.5,23.21658723975764,82.81747578080581,-0.5859825551338975,1.511806821611174,7.515179911525962,DEGRADED,QPSK,LOW
15.706191692245453,1588.896660264906,7.2199687369167185,0.8133626725345069,2.2,12.669905377968632,87.84874775193347,-6.671402634878245,0.15465840995566033,24.524974929844632,GOOD,64-QAM,HIGH
15.706191692245453,1588.896660264906,7.2199687369167185,0.8133626725345069,8.4,12.669905377968632,87.84874775193347,-6.671402634878245,0.5902383712568157,12.45226286374995,GOOD,16-QAM,MEDIUM
15.706191692245453,1588.896660264906,7.2199687369167185,0.8133626725345069,12.5,12.669905377968632,87.84874775193347,-6.671402634878245,0.8813253974373938,8.70856129864589,DEGRADED,16-QAM,MEDIUM
88.22788218355232,600.2623739857172,0.2319326969840566,0.8135627125425086,2.2,25.251402307438347,49.47311436194998,-0.5630077150746331,0.06267203000559372,33.072051923631186,GOOD,64-QAM,HIGH
88.22788218355232,600.2623739857172,0.2319326969840566,0.8135627125425086,8.4,25.251402307438347,49.47311436194998,-0.5630077150746331,0.23985914815526446,21.257732700687995,GOOD,64-QAM,HIGH
88.22788218355232,600.2623739857172,0.2319326969840566,0.8135627125425086,12.5,25.251402307438347,49.47311436194998,-0.5630077150746331,0.35734833147265427,17.687628978447123,GOOD,64-QAM,HIGH
62.27630635295039,669.9375852927769,3.4890610852521537,0.8137627525505101,2.2,1.5248273926377232,77.92227443055833,10.52664632279384,0.022839005759229005,32.15802050663323,GOOD,64-QAM,HIGH
62.27630635295039,669.9375852927769,3.4890610852521537,0.8137627525505101,8.4,1.5248273926377232,77.92227443055833,10.52664632279384,0.08640982021110967,20.45731758738782,GOOD,64-QAM,HIGH
62.27630635295039,669.9375852927769,3.4890610852521537,0.8137627525505101,12.5,1.5248273926377232,77.92227443055833,10.52664632279384,0.1286892528890482,16.962423615786406,GOOD,64-QAM,HIGH
76.98541407646098,614.4091685723834,1.6889932107622847,0.8139627925585117,2.2,6.590518674872959,42.6387358581322,-4.090159474250728,0.025357844890035865,32.90703478131252,GOOD,64-QAM,HIGH
76.98541407646098,614.4091685723834,1.6889932107622847,0.8139627925585117,8.4,6.590518674872959,42.6387358581322,-4.090159474250728,0.09710931613231423,21.198151205276716,GOOD,64-QAM,HIGH
76.98541407646098,614.4091685723834,1.6889932107622847,0.8139627925585117,12.5,6.590518674872959,42.6387358581322,-4.090159474250728,0.1424137736567425,17.700232208828808,GOOD,64-QAM,HIGH
32.56799707487903,1016.4700270258036,6.320648995894328,0.8141628325665133,2.2,44.32947980844732,62.73446080472672,-1.663337609732837,0.1913588524809027,28.368295991401368,GOOD,64-QAM,HIGH
32.56799707487903,1016.4700270258036,6.320648995894328,0.8141628325665133,8.4,44.32947980844732,62.73446080472672,-1.663337609732837,0.7303084033341889,16.192214335754556,GOOD,64-QAM,HIGH
32.56799707487903,1016.4700270258036,6.320648995894328,0.8141628325665133,12.5,44.32947980844732,62.73446080472672,-1.663337609732837,1.085109384903564,12.384798815261703,GOOD,16-QAM,MEDIUM
62.50111870925137,668.709557705658,3.462984705890612,0.8143628725745149,2.2,37.583988351571165,40.79088890455195,12.29108910358396,0.0942260725943374,32.102569700734634,GOOD,64-QAM,HIGH
62.50111870925137,668.709557705658,3.462984705890612,0.8143628725745149,8.4,37.583988351571165,40.79088890455195,12.29108910358396,0.36098336476731613,20.19868030376813,GOOD,64-QAM,HIGH
62.50111870925137,668.709557705658,3.462984705890612,0.8143628725745149,12.5,37.583988351571165,40.79088890455195,12.29108910358396,0.5355782707194356,16.571470858892525,GOOD,64-QAM,HIGH
55.51055532123076,713.7258572795272,4.246908019328215,0.8145629125825165,2.2,21.143420452954352,50.84384170502033,7.008547519424479,0.06369014534144332,31.567227619864546,GOOD,64-QAM,HIGH
55.51055532123076,713.7258572795272,4.246908019328215,0.8145629125825165,8.4,21.143420452954352,50.84384170502033,7.008547519424479,0.24409612822134855,19.749689532191127,GOOD,64-QAM,HIGH
55.51055532123076,713.7258572795272,4.246908019328215,0.8145629125825165,12.5,21.143420452954352,50.84384170502033,7.008547519424479,0.36365728709485473,16.177513834394134,GOOD,64-QAM,HIGH
56.2677602104505,708.1178756418949,4.164843541861483,0.8147629525905181,2.2,25.857518114193866,85.88150203238756,13.382906209402048,0.08124433289597474,31.618190894612184,GOOD,64-QAM,HIGH
56.2677602104505,708.1178756418949,4.164843541861483,0.8147629525905181,8.4,25.857518114193866,85.88150203238756,13.382906209402048,0.310070351911889,19.75223277080275,GOOD,64-QAM,HIGH
56.2677602104505,708.1178756418949,4.164843541861483,0.8147629525905181,12.5,25.857518114193866,85.88150203238756,13.382906209402048,0.4628028935608225,16.146885690230334,GOOD,64-QAM,HIGH
63.015259060706335,665.9514146204801,3.4031489252051346,0.8149629925985197,2.2,18.49994429799888,38.76544198638516,11.458601387953102,0.05146230077554471,32.18123316699924,GOOD,64-QAM,HIGH
63.015259060706335,665.9514146204801,3.4031489252051346,0.8149629925985197,8.4,18.49994429799888,38.76544198638516,11.458601387953102,0.19796724700094068,20.39759611598032,GOOD,64-QAM,HIGH
63.015259060706335,665.9514146204801,3.4031489252051346,0.8149629925985197,12.5,18.49994429799888,38.76544198638516,11.458601387953102,0.2930411794941176,16.84990764456367,GOOD,64-QAM,HIGH
53.90552971597338,726.2666274074181,4.418387805685454,0.8151630326065213,2.2,37.03899335803362,67.9440537081118,22.22390129899417,0.10987508219314902,31.369749533260695,GOOD,64-QAM,HIGH
53.90552971597338,726.2666274074181,4.418387805685454,0.8151630326065213,8.4,37.03899335803362,67.9440537081118,22.22390129899417,0.41871998844433783,19.423772522215984,GOOD,64-QAM,HIGH
53.90552971597338,726.2666274074181,4.418387805685454,0.8151630326065213,12.5,37.03899335803362,67.9440537081118,22.22390129899417,0.6246647718868908,15.765213199849953,GOOD,64-QAM,HIGH
41.47030139072661,860.864753810888,5.619743112395335,0.8153630726145229,2.2,39.20935896160398,65.5772563756442,36.85947744379273,0.14129868081857946,29.861549163497017,GOOD,64-QAM,HIGH
41.47030139072661,860.864753810888,5.619743112395335,0.8153630726145229,8.4,39.20935896160398,65.5772563756442,36.85947744379273,0.5402541007390691,17.82546163878301,GOOD,64-QAM,HIGH
41.47030139072661,860.864753810888,5.619743112395335,0.8153630726145229,12.5,39.20935896160398,65.5772563756442,36.85947744379273,0.8014743466073376,14.111626853991254,GOOD,16-QAM,MEDIUM
28.45342902234648,1114.1534719784015,6.594034987627715,0.8155631126225245,2.2,38.164259510157954,37.24430116253919,-4.606783077787876,0.1818896245609656,27.580756399286372,GOOD,64-QAM,HIGH
28.45342902234648,1114.1534719784015,6.594034987627715,0.8155631126225245,8.4,38.164259510157954,37.24430116253919,-4.606783077787876,0.706179969481593,15.41933394957222,GOOD,64-QAM,HIGH
28.45342902234648,1114.1534719784015,6.594034987627715,0.8155631126225245,12.5,38.164259510157954,37.24430116253919,-4.606783077787876,1.0442893301731793,11.628610049957146,GOOD,16-QAM,MEDIUM
70.32941312762217,633.7169501126527,2.5245892841118525,0.8157631526305261,2.2,36.13058624172248,49.55874262612873,-5.036992534540254,0.08860991318852131,32.57503000209502,GOOD,64-QAM,HIGH
70.32941312762217,633.7169501126527,2.5245892841118525,0.8157631526305261,8.4,36.13058624172248,49.55874262612873,-5.036992534540254,0.3389287587893456,20.687579051700666,GOOD,64-QAM,HIGH
70.32941312762217,633.7169501126527,2.5245892841118525,0.8157631526305261,12.5,36.13058624172248,49.55874262612873,-5.036992534540254,0.505417788200988,17.068475483365546,GOOD,64-QAM,HIGH
24.233156550270827,1237.722339950839,6.839120585251715,0.8159631926385277,2.2,10.225216934639793,63.77889027091594,32.6403055545451,0.08207036892451984,26.76701142065579,GOOD,64-QAM,HIGH
24.233156550270827,1237.722339950839,6.839120585251715,0.8159631926385277,8.4,10.225216934639793,63.77889027091594,32.6403055545451,0.3169462533008792,14.895003431485904,GOOD,16-QAM,MEDIUM
24.233156550270827,1237.722339950839,6.839120585251715,0.8159631926385277,12.5,10.225216934639793,63.77889027091594,32.6403055545451,0.4705216682111356,11.28881347765217,GOOD,16-QAM,MEDIUM
63.8501160231252,661.6194771370983,3.305406460672033,0.8161632326465293,2.2,16.89849896202394,41.23071653930941,15.319835232622957,0.04826873395904283,32.24111201469686,GOOD,64-QAM,HIGH
63.8501160231252,661.6194771370983,3.305406460672033,0.8161632326465293,8.4,16.89849896202394,41.23071653930941,15.319835232622957,0.18447952688731772,20.467769116975063,GOOD,64-QAM,HIGH
63.8501160231252,661.6194771370983,3.305406460672033,0.8161632326465293,12.5,16.89849896202394,41.23071653930941,15.319835232622957,0.2729013043904274,16.926732800548464,GOOD,64-QAM,HIGH
24.83328992519277,1218.4747715948988,6.80650211831237,0.8163632726545309,2.2,23.492271749183747,78.03741938476892,28.32025117842211,0.150790168823478,26.83442538298064,GOOD,64-QAM,HIGH
24.83328992519277,1218.4747715948988,6.80650211831237,0.8163632726545309,8.4,23.492271749183747,78.03741938476892,28.32025117842211,0.5831213321216892,14.764962114888903,GOOD,16-QAM,MEDIUM
24.83328992519277,1218.4747715948988,6.80650211831237,0.8163632726545309,12.5,23.492271749183747,78.03741938476892,28.32025117842211,0.8554127194223791,11.040056188664735,GOOD,16-QAM,MEDIUM
58.15306444612858,694.9684007033502,3.957388752489792,0.8165633126625325,2.2,16.539649571382782,88.32939057208499,0.7710951803640711,0.059570419380205415,31.802674799341872,GOOD,64-QAM,HIGH
58.15306444612858,694.9684007033502,3.957388752489792,0.8165633126625325,8.4,16.539649571382782,88.32939057208499,0.7710951803640711,0.2257434445226937,19.999369669405866,GOOD,64-QAM,HIGH
58.15306444612858,694.9684007033502,3.957388752489792,0.8165633126625325,12.5,16.539649571382782,88.32939057208499,0.7710951803640711,0.3392388107492975,16.43325976425578,GOOD,64-QAM,HIGH
68.50165270596746,640.6143495003544,2.7485579139567182,0.8167633526705341,2.2,37.74701000791645,42.88556399774832,31.44312865837759,0.0909610000127231,32.478652134419946,GOOD,64-QAM,HIGH
68.50165270596746,640.6143495003544,2.7485579139567182,0.8167633526705341,8.4,37.74701000791645,42.88556399774832,31.44312865837759,0.3467718600957162,20.585709169543435,GOOD,64-QAM,HIGH
68.50165270596746,640.6143495003544,2.7485579139567182,0.8167633526705341,12.5,37.74701000791645,42.88556399774832,31.44312865837759,0.5168718574428165,16.962994633272842,GOOD,64-QAM,HIGH
23.59068055705584,1259.0052176074414,6.873208771480674,0.8169633926785357,2.2,16.467676212497732,41.21471788743456,36.1923312096348,0.11562543795827675,26.58537034703962,GOOD,64-QAM,HIGH
23.59068055705584,1259.0052176074414,6.873208771480674,0.8169633926785357,8.4,16.467676212497732,41.21471788743456,36.1923312096348,0.4392368608264144,14.624626819377966,GOOD,16-QAM,MEDIUM
23.59068055705584,1259.0052176074414,6.873208771480674,0.8169633926785357,12.5,16.467676212497732,41.21471788743456,36.1923312096348,0.6563017098814828,10.954947431399404,GOOD,16-QAM,MEDIUM
10.095180573211204,1925.0246248553008,7.383884455801266,0.8171634326865373,2.2,6.911604339266858,57.29610430784668,21.77415077732441,0.16396296632019491,22.848857630003764,GOOD,64-QAM,HIGH
10.095180573211204,1925.0246248553008,7.383884455801266,0.8171634326865373,8.4,6.911604339266858,57.29610430784668,21.77415077732441,0.6080944819507663,10.767594009579668,GOOD,16-QAM,MEDIUM
10.095180573211204,1925.0246248553008,7.383884455801266,0.8171634326865373,12.5,6.911604339266858,57.29610430784668,21.77415077732441,0.8906652835433856,7.032408669063571,DEGRADED,QPSK,LOW
16.132768154504795,1567.2514233603383,7.204652980568711,0.8173634726945389,2.2,19.952022602415205,74.86591662840192,-4.706048926309888,0.18996178737534536,24.608811137528505,GOOD,64-QAM,HIGH
16.132768154504795,1567.2514233603383,7.204652980568711,0.8173634726945389,8.4,19.952022602415205,74.86591662840192,-4.706048926309888,0.7320236497275809,12.429617170382755,GOOD,16-QAM,MEDIUM
16.132768154504795,1567.2514233603383,7.204652980568711,0.8173634726945389,12.5,19.952022602415205,74.86591662840192,-4.706048926309888,1.091997650046827,8.61702863114003,DEGRADED,16-QAM,MEDIUM
56.50974221803717,706.3660146171242,4.138463914310028,0.8175635127025405,2.2,48.99572163911902,46.89603661411508,34.76474070781694,0.12911504710605282,31.591835419150996,GOOD,64-QAM,HIGH
56.50974221803717,706.3660146171242,4.138463914310028,0.8175635127025405,8.4,48.99572163911902,46.89603661411508,34.76474070781694,0.491511594326495,19.592306767137032,GOOD,64-QAM,HIGH
56.50974221803717,706.3660146171242,4.138463914310028,0.8175635127025405,12.5,48.99572163911902,46.89603661411508,34.76474070781694,0.7359582458129708,15.895245576727078,GOOD,64-QAM,HIGH
77.20294452918752,613.9229604090278,1.6612378703650057,0.8177635527105421,2.2,11.294070646678794,31.192794521836824,29.624386368503565,0.0327032586762422,32.906565603308074,GOOD,64-QAM,HIGH
77.20294452918752,613.9229604090278,1.6612378703650057,0.8177635527105421,8.4,11.294070646678794,31.192794521836824,29.624386368503565,0.12518190229477588,21.176954854896024,GOOD,64-QAM,HIGH
77.20294452918752,613.9229604090278,1.6612378703650057,0.8177635527105421,12.5,11.294070646678794,31.192794521836824,29.624386368503565,0.18578620818323716,17.66373601008408,GOOD,64-QAM,HIGH
8.82472980501107,2016.017871282487,7.411216936382148,0.8179635927185437,2.2,30.60793294716145,62.47323768197364,27.54388882572449,0.48006883825439495,22.131589992163384,GOOD,64-QAM,HIGH
8.82472980501107,2016.017871282487,7.411216936382148,0.8179635927185437,8.4,30.60793294716145,62.47323768197364,27.54388882572449,1.8468522573548238,9.127674468269433,DEGRADED,16-QAM,MEDIUM
8.82472980501107,2016.017871282487,7.411216936382148,0.8179635927185437,12.5,30.60793294716145,62.47323768197364,27.54388882572449,2.756009157304676,4.7659030293960996,DEGRADED,QPSK,LOW
67.40285701853993,645.1173029143101,2.881869651575113,0.8181636327265454,2.2,21.64865249198532,87.39603406603845,-8.163590554704221,0.06620326984137441,32.44256930545901,GOOD,64-QAM,HIGH
67.40285701853993,645.1173029143101,2.881869651575113,0.8181636327265454,8.4,21.64865249198532,87.39603406603845,-8.163590554704221,0.2521235713194096,20.619516899187445,GOOD,64-QAM,HIGH
67.40285701853993,645.1173029143101,2.881869651575113,0.8181636327265454,12.5,21.64865249198532,87.39603406603845,-8.163590554704221,0.3751735672199003,17.043852364363474,GOOD,64-QAM,HIGH
34.012084905754435,986.5851164749238,6.216897062756119,0.8183636727345469,2.2,3.5512283824663315,53.47661132441674,29.94812626284856,0.032641422898288835,28.78621377161513,GOOD,64-QAM,HIGH
34.012084905754435,986.5851164749238,6.216897062756119,0.8183636727345469,8.4,3.5512283824663315,53.47661132441674,29.94812626284856,0.12398862756322176,17.057734462156674,GOOD,64-QAM,HIGH
34.012084905754435,986.5851164749238,6.216897062756119,0.8183636727345469,12.5,3.5512283824663315,53.47661132441674,29.94812626284856,0.18311712888196824,13.545991421914437,GOOD,16-QAM,MEDIUM
45.67491144315942,806.7926647631875,5.240464533836745,0.8185637127425485,2.2,24.393830299902973,55.208073250986025,-3.1024494765821498,0.0855370999677081,30.480770463208742,GOOD,64-QAM,HIGH
45.67491144315942,806.7926647631875,5.240464533836745,0.8185637127425485,8.4,24.393830299902973,55.208073250986025,-3.1024494765821498,0.3213300246611393,18.607845433721792,GOOD,64-QAM,HIGH
45.67491144315942,806.7926647631875,5.240464533836745,0.8185637127425485,12.5,24.393830299902973,55.208073250986025,-3.1024494765821498,0.4804289094361268,14.996132010023317,GOOD,16-QAM,MEDIUM
83.95306173687308,603.066016862369,0.7900737564335258,0.8187637527505501,2.2,35.108216432415624,88.13410302684227,1.1193088098444193,0.08762500033473795,33.00662425518739,GOOD,64-QAM,HIGH
83.95306173687308,603.066016862369,0.7900737564335258,0.8187637527505501,8.4,35.108216432415624,88.13410302684227,1.1193088098444193,0.3346600054067165,21.12245714532189,GOOD,64-QAM,HIGH
83.95306173687308,603.066016862369,0.7900737564335258,0.8187637527505501,12.5,35.108216432415624,88.13410302684227,1.1193088098444193,0.4962975156530193,17.508205096152096,GOOD,64-QAM,HIGH
33.217577902546864,1002.7695033204004,6.2744721443683416,0.8189637927585517,2.2,25.66099879139093,71.6764566976037,18.85674174346288,0.11938259347026864,28.5581414395488,GOOD,64-QAM,HIGH
33.217577902546864,1002.7695033204004,6.2744721443683416,0.8189637927585517,8.4,25.66099879139093,71.6764566976037,18.85674174346288,0.4563143231729633,16.584077605052585,GOOD,64-QAM,HIGH
33.217577902546864,1002.7695033204004,6.2744721443683416,0.8189637927585517,12.5,25.66099879139093,71.6764566976037,18.85674174346288,0.6755912199205263,12.912186169381542,GOOD,16-QAM,MEDIUM
44.55363938485632,820.2285545324312,5.344454675539791,0.8191638327665534,2.2,43.605303187329056,73.15031537052751,3.249038645844152,0.14511721409163583,30.27773148418749,GOOD,64-QAM,HIGH
44.55363938485632,820.2285545324312,5.344454675539791,0.8191638327665534,8.4,43.605303187329056,73.15031537052751,3.249038645844152,0.5561719471890839,18.229544646296517,GOOD,64-QAM,HIGH
44.55363938485632,820.2285545324312,5.344454675539791,0.8191638327665534,12.5,43.605303187329056,73.15031537052751,3.249038645844152,0.8207942421653204,14.512307812396799,GOOD,16-QAM,MEDIUM
6.163005254657894,2226.8711709978206,7.456653673285639,0.8193638727745549,2.2,14.446850832879132,63.76212032226406,23.067410315595986,0.38514162648264666,21.362502898144825,GOOD,64-QAM,HIGH
6.163005254657894,2226.8711709978206,7.456653673285639,0.8193638727745549,8.4,14.446850832879132,63.76212032226406,23.067410315595986,1.5049029409929966,8.605609478840961,DEGRADED,16-QAM,MEDIUM
6.163005254657894,2226.8711709978206,7.456653673285639,0.8193638727745549,12.5,14.446850832879132,63.76212032226406,23.067410315595986,2.208202796865124,4.449695084045345,DEGRADED,QPSK,LOW
11.93589120041126,1803.482378167566,7.337847170839693,0.8195639127825565,2.2,4.312458565198246,88.47655265179449,20.40352238495408,0.12221665506713751,23.45709166484359,GOOD,64-QAM,HIGH
11.93589120041126,1803.482378167566,7.337847170839693,0.8195639127825565,8.4,4.312458565198246,88.47655265179449,20.40352238495408,0.4757883829198231,11.466387832197384,GOOD,16-QAM,MEDIUM
11.93589120041126,1803.482378167566,7.337847170839693,0.8195639127825565,12.5,4.312458565198246,88.47655265179449,20.40352238495408,0.684008176700721,7.805553499493001,DEGRADED,QPSK,LOW
26.98028524645664,1154.2960157864543,6.683720128741518,0.8197639527905581,2.2,46.82828058290031,71.33198906553336,-4.592520099336869,0.2364431613855439,27.218759289501527,GOOD,64-QAM,HIGH
26.98028524645664,1154.2960157864543,6.683720128741518,0.8197639527905581,8.4,46.82828058290031,71.33198906553336,-4.592520099336869,0.9021189695464149,14.915951376547127,GOOD,16-QAM,MEDIUM
26.98028524645664,1154.2960157864543,6.683720128741518,0.8197639527905581,12.5,46.82828058290031,71.33198906553336,-4.592520099336869,1.3397087717550789,11.02574703541498,GOOD,16-QAM,MEDIUM
7.367440469791324,2127.967295104378,7.438081447958431,0.8199639927985597,2.2,18.90981747641095,83.70196509631018,22.80072897957532,0.41182892578139907,21.730418478404957,GOOD,64-QAM,HIGH
7.367440469791324,2127.967295104378,7.438081447958431,0.8199639927985597,8.4,18.90981747641095,83.70196509631018,22.80072897957532,1.5913115212913624,8.913803778101467,DEGRADED,16-QAM,MEDIUM
7.367440469791324,2127.967295104378,7.438081447958431,0.8199639927985597,12.5,18.90981747641095,83.70196509631018,22.80072897957532,2.3429907026072754,4.709510057862062,DEGRADED,QPSK,LOW
58.66690271410133,691.5780181277842,3.900094567251652,0.8201640328065614,2.2,28.82027757268167,71.96273194399328,36.1977454912465,0.0869399405337288,31.817782828414273,GOOD,64-QAM,HIGH
58.66690271410133,691.5780181277842,3.900094567251652,0.8201640328065614,8.4,28.82027757268167,71.96273194399328,36.1977454912465,0.33319332946330543,19.934397334691184,GOOD,64-QAM,HIGH
58.66690271410133,691.5780181277842,3.900094567251652,0.8201640328065614,12.5,28.82027757268167,71.96273194399328,36.1977454912465,0.4955542177838902,16.319421907447108,GOOD,64-QAM,HIGH
41.24386032813791,864.0784811088197,5.639328427531317,0.8203640728145629,2.2,39.6001563065098,74.10694949042376,-1.944504740708343,0.1448073645673718,29.8256752257859,GOOD,64-QAM,HIGH
41.24386032813791,864.0784811088197,5.639328427531317,0.8203640728145629,8.4,39.6001563065098,74.10694949042376,-1.944504740708343,0.5543750514721916,17.778975434087556,GOOD,64-QAM,HIGH
41.24386032813791,864.0784811088197,5.639328427531317,0.8203640728145629,12.5,39.6001563065098,74.10694949042376,-1.944504740708343,0.8261959105334924,14.054540036102765,GOOD,16-QAM,MEDIUM
51.59234223188187,746.0043534968772,4.659393884408001,0.8205641128225645,2.2,16.21568319377903,47.42465532853479,19.85310104714437,0.053857600725921495,31.192861544525286,GOOD,64-QAM,HIGH
51.59234223188187,746.0043534968772,4.659393884408001,0.8205641128225645,8.4,16.21568319377903,47.42465532853479,19.85310104714437,0.20449560078251922,19.40509143967516,GOOD,64-QAM,HIGH
51.59234223188187,746.0043534968772,4.659393884408001,0.8205641128225645,12.5,16.21568319377903,47.42465532853479,19.85310104714437,0.30627990248787407,15.850692599046326,GOOD,64-QAM,HIGH
19.84501080118801,1398.5034532439263,7.054607779897172,0.8207641528305661,2.2,35.80822690888056,48.20872188082914,7.0932685968347045,0.25237147613465777,25.53590404567744,GOOD,64-QAM,HIGH
19.84501080118801,1398.5034532439263,7.054607779897172,0.8207641528305661,8.4,35.80822690888056,48.20872188082914,7.0932685968347045,0.9625419161543942,13.18860150086418,GOOD,16-QAM,MEDIUM
19.84501080118801,1398.5034532439263,7.054607779897172,0.8207641528305661,12.5,35.80822690888056,48.20872188082914,7.0932685968347045,1.432965035277087,9.265563842817997,DEGRADED,16-QAM,MEDIUM
30.15422250211237,1071.3548334362183,6.485073171957778,0.8209641928385677,2.2,6.770942490891402,76.97907897456176,12.980583588680195,0.061059161529133196,28.041820556441905,GOOD,64-QAM,HIGH
30.15422250211237,1071.3548334362183,6.485073171957778,0.8209641928385677,8.4,6.770942490891402,76.97907897456176,12.980583588680195,0.24070820270043414,16.22503941047708,GOOD,64-QAM,HIGH
30.15422250211237,1071.3548334362183,6.485073171957778,0.8209641928385677,12.5,6.770942490891402,76.97907897456176,12.980583588680195,0.3537231697675835,12.659409904486452,GOOD,16-QAM,MEDIUM
61.42508036248164,674.7108071443345,3.58730616224153,0.8211642328465694,2.2,14.564687360275263,47.80237735019398,4.350008953948496,0.04389930813636438,32.07529374542579,GOOD,64-QAM,HIGH
61.42508036248164,674.7108071443345,3.58730616224153,0.8211642328465694,8.4,14.564687360275263,47.80237735019398,4.350008953948496,0.1663754632261819,20.315685485542446,GOOD,64-QAM,HIGH
61.42508036248164,674.7108071443345,3.58730616224153,0.8211642328465694,12.5,14.564687360275263,47.80237735019398,4.350008953948496,0.24847631980086632,16.780970090044278,GOOD,64-QAM,HIGH
87.05073150858398,600.7271509902266,0.3858878807801665,0.8213642728545709,2.2,7.235531806825995,63.766204248091896,7.706531817384764,0.02898815474204147,33.09901300592268,GOOD,64-QAM,HIGH
87.05073150858398,600.7271509902266,0.3858878807801665,0.8213642728545709,8.4,7.235531806825995,63.766204248091896,7.706531817384764,0.11057782473833327,21.380291231132873,GOOD,64-QAM,HIGH
87.05073150858398,600.7271509902266,0.3858878807801665,0.8213642728545709,12.5,7.235531806825995,63.766204248091896,7.706531817384764,0.16473208321917038,17.873522433728553,GOOD,64-QAM,HIGH
9.28542575618778,1982.327012662805,7.4017259355603136,0.8215643128625725,2.2,40.56152792006789,44.96113865440212,-8.554408836672136,0.5495760171873172,22.208464385782577,GOOD,64-QAM,HIGH
9.28542575618778,1982.327012662805,7.4017259355603136,0.8215643128625725,8.4,40.56152792006789,44.96113865440212,-8.554408836672136,2.1130831961402423,9.007825102036136,DEGRADED,16-QAM,MEDIUM
9.28542575618778,1982.327012662805,7.4017259355603136,0.8215643128625725,12.5,40.56152792006789,44.96113865440212,-8.554408836672136,3.130942940648808,4.537350818604082,DEGRADED,QPSK,LOW
80.68266727269761,607.3190066421921,1.2142676290897405,0.8217643528705741,2.2,11.132461761339268,79.01900284854416,39.07758689586103,0.04106790496996762,32.99214101847101,GOOD,64-QAM,HIGH
80.68266727269761,607.3190066421921,1.2142676290897405,0.8217643528705741,8.4,11.132461761339268,79.01900284854416,39.07758689586103,0.1558581384557023,21.24021868019176,GOOD,64-QAM,HIGH
80.68266727269761,607.3190066421921,1.2142676290897405,0.8217643528705741,12.5,11.132461761339268,79.01900284854416,39.07758689586103,0.23310929435044603,17.710352985373532,GOOD,64-QAM,HIGH
54.03490211145272,725.2218909448075,4.404692438219692,0.8219643928785757,2.2,35.87017777026051,36.6300810736614,21.239996103637413,0.09819038158375426,31.393937904505314,GOOD,64-QAM,HIGH
54.03490211145272,725.2218909448075,4.404692438219692,0.8219643928785757,8.4,35.87017777026051,36.6300810736614,21.239996103637413,0.375551758994821,19.47944442230073,GOOD,64-QAM,HIGH
54.03490211145272,725.2218909448075,4.404692438219692,0.8219643928785757,12.5,35.87017777026051,36.6300810736614,21.239996103637413,0.5566201830344333,15.845761459337623,GOOD,64-QAM,HIGH
52.933163174228014,734.315762680093,4.5205967992644105,0.8221644328865774,2.2,47.16491986228263,79.76679838569987,15.035279524694264,0.1395984323245984,31.244290935447303,GOOD,64-QAM,HIGH
52.933163174228014,734.315762680093,4.5205967992644105,0.8221644328865774,8.4,47.16491986228263,79.76679838569987,15.035279524694264,0.5334708944542884,19.213286368524095,GOOD,64-QAM,HIGH
52.933163174228014,734.315762680093,4.5205967992644105,0.8221644328865774,12.5,47.16491986228263,79.76679838569987,15.035279524694264,0.7959629457254914,15.498179778329401,GOOD,64-QAM,HIGH
47.52367549265963,786.0565096398323,5.064641217538022,0.8223644728945789,2.2,26.38861045344385,66.16378803045612,9.185767475016334,0.09055688999158017,30.701914121311113,GOOD,64-QAM,HIGH
47.52367549265963,786.0565096398323,5.064641217538022,0.8223644728945789,8.4,26.38861045344385,66.16378803045612,9.185767475016334,0.3489390439873387,18.80639986252183,GOOD,64-QAM,HIGH
47.52367549265963,786.0565096398323,5.064641217538022,0.8223644728945789,12.5,26.38861045344385,66.16378803045612,9.185767475016334,0.5179358907855948,15.184788476800094,GOOD,64-QAM,HIGH
10.898497301855588,1870.525951887632,7.36472753827972,0.8225645129025805,2.2,27.001459613034385,41.21457208962464,16.968727941201383,0.33560749054104905,22.926664132483708,GOOD,64-QAM,HIGH
10.898497301855588,1870.525951887632,7.36472753827972,0.8225645129025805,8.4,27.001459613034385,41.21457208962464,16.968727941201383,1.2771946020697786,10.347944916161453,GOOD,16-QAM,MEDIUM
10.898497301855588,1870.525951887632,7.36472753827972,0.8225645129025805,12.5,27.001459613034385,41.21457208962464,16.968727941201383,1.894630420283748,6.277894559024006,DEGRADED,QPSK,LOW
12.639532397573657,1760.0693867658524,7.318245129393658,0.8227645529105821,2.2,23.0516784048906,62.52212313036709,9.005299935790198,0.29368492257300827,23.49726567634157,GOOD,64-QAM,HIGH
12.639532397573657,1760.0693867658524,7.318245129393658,0.8227645529105821,8.4,23.0516784048906,62.52212313036709,9.005299935790198,1.1210869397639642,11.032731554357085,GOOD,16-QAM,MEDIUM
12.639532397573657,1760.0693867658524,7.318245129393658,0.8227645529105821,12.5,23.0516784048906,62.52212313036709,9.005299935790198,1.67953645393786,7.021667501259714,DEGRADED,QPSK,LOW
56.07752048102232,709.5087461249414,4.185530358066359,0.8229645929185837,2.2,16.294507169682138,46.94993021084043,7.995396374683665,0.05218633212895778,31.630204983805456,GOOD,64-QAM,HIGH
56.07752048102232,709.5087461249414,4.185530358066359,0.8229645929185837,8.4,16.294507169682138,46.94993021084043,7.995396374683665,0.1988528391374311,19.846406372003457,GOOD,64-QAM,HIGH
56.07752048102232,709.5087461249414,4.185530358066359,0.8229645929185837,12.5,16.294507169682138,46.94993021084043,7.995396374683665,0.29739098763677435,16.29525368458063,GOOD,64-QAM,HIGH
33.98147857202245,987.1972131147328,6.219137204086562,0.8231646329265854,2.2,23.78275154624585,49.4080400838298,13.197327086100657,0.10063459272241314,28.712833377524234,GOOD,64-QAM,HIGH
33.98147857202245,987.1972131147328,6.219137204086562,0.8231646329265854,8.4,23.78275154624585,49.4080400838298,13.197327086100657,0.38183141966405243,16.794504445789073,GOOD,64-QAM,HIGH
33.98147857202245,987.1972131147328,6.219137204086562,0.8231646329265854,12.5,23.78275154624585,49.4080400838298,13.197327086100657,0.5727278026307362,13.150993523898904,GOOD,16-QAM,MEDIUM
82.96778565910286,604.1523442178341,0.9182053464694806,0.8233646729345869,2.2,30.14037661333797,51.09168249581282,3.79915168355954,0.07249301621488835,33.00612406807553,GOOD,64-QAM,HIGH
82.96778565910286,604.1523442178341,0.9182053464694806,0.8233646729345869,8.4,30.14037661333797,51.09168249581282,3.79915168355954,0.27667052836160166,21.164814451135285,GOOD,64-QAM,HIGH
82.96778565910286,604.1523442178341,0.9182053464694806,0.8233646729345869,12.5,30.14037661333797,51.09168249581282,3.79915168355954,0.41296117091189555,17.57590926966151,GOOD,64-QAM,HIGH
39.56019567555514,889.0440789569893,5.782169143335604,0.8235647129425885,2.2,49.29957860853297,33.799154818339254,-0.997505001660727,0.16663749014693904,29.556443015439584,GOOD,64-QAM,HIGH
39.56019567555514,889.0440789569893,5.782169143335604,0.8235647129425885,8.4,49.29957860853297,33.799154818339254,-0.997505001660727,0.6394316647022704,17.44651673609073,GOOD,64-QAM,HIGH
39.56019567555514,889.0440789569893,5.782169143335604,0.8235647129425885,12.5,49.29957860853297,33.799154818339254,-0.997505001660727,0.9543107457122896,13.679023116157225,GOOD,16-QAM,MEDIUM
17.178923989724492,1516.2321609750406,7.165403043347921,0.8237647529505902,2.2,46.88822796591121,89.15770106408505,17.830294909014675,0.35932075094901395,24.726911547175973,GOOD,64-QAM,HIGH
17.178923989724492,1516.2321609750406,7.165403043347921,0.8237647529505902,8.4,46.88822796591121,89.15770106408505,17.830294909014675,1.363230648015117,12.085869545316356,GOOD,16-QAM,MEDIUM
17.178923989724492,1516.2321609750406,7.165403043347921,0.8237647529505902,12.5,46.88822796591121,89.15770106408505,17.830294909014675,2.0261586011690973,7.97032705323889,DEGRADED,QPSK,LOW
65.75110084767306,652.4107916223857,3.0802600085536143,0.8239647929585917,2.2,43.10764791465609,31.89207768787345,32.13827180751505,0.10263114425665029,32.30849251617447,GOOD,64-QAM,HIGH
65.75110084767306,652.4107916223857,3.0802600085536143,0.8239647929585917,8.4,43.10764791465609,31.89207768787345,32.13827180751505,0.3933583681724936,20.380633187465094,GOOD,64-QAM,HIGH
65.75110084767306,652.4107916223857,3.0802600085536143,0.8239647929585917,12.5,43.10764791465609,31.89207768787345,32.13827180751505,0.5835128778078331,16.737864138906275,GOOD,64-QAM,HIGH
29.93504082248584,1076.6690110151435,6.499437921264524,0.8241648329665934,2.2,44.456526785242914,69.74981239105671,-2.358591113705385,0.20684997723233559,27.85305214134243,GOOD,64-QAM,HIGH
29.93504082248584,1076.6690110151435,6.499437921264524,0.8241648329665934,8.4,44.456526785242914,69.74981239105671,-2.358591113705385,0.7873951863981228,15.635374827383117,GOOD,64-QAM,HIGH
29.93504082248584,1076.6690110151435,6.499437921264524,0.8241648329665934,12.5,44.456526785242914,69.74981239105671,-2.358591113705385,1.178464424663166,11.7916910501946,GOOD,16-QAM,MEDIUM
49.66497612525092,764.0768179830302,4.854418980069812,0.8243648729745949,2.2,23.392459164602148,52.27365886544583,-8.363282969789068,0.07503809160701194,30.963767823339623,GOOD,64-QAM,HIGH
49.66497612525092,764.0768179830302,4.854418980069812,0.8243648729745949,8.4,23.392459164602148,52.27365886544583,-8.363282969789068,0.288675450666628,19.112998359486483,GOOD,64-QAM,HIGH
49.66497612525092,764.0768179830302,4.854418980069812,0.8243648729745949,12.5,23.392459164602148,52.27365886544583,-8.363282969789068,0.42900761121214137,15.520051660017486,GOOD,64-QAM,HIGH
64.31578676793944,659.2805988127839,3.250580950543477,0.8245649129825965,2.2,32.87221635887324,68.76061745680194,2.340587257701808,0.08886507150036525,32.231275400170276,GOOD,64-QAM,HIGH
64.31578676793944,659.2805988127839,3.250580950543477,0.8245649129825965,8.4,32.87221635887324,68.76061745680194,2.340587257701808,0.34130381432844464,20.341704552548677,GOOD,64-QAM,HIGH
64.31578676793944,659.2805988127839,3.250580950543477,0.8245649129825965,12.5,32.87221635887324,68.76061745680194,2.340587257701808,0.5050464709185818,16.725347357035048,GOOD,64-QAM,HIGH
81.52244945217598,606.0493001789237,1.1056641503083735,0.8247649529905982,2.2,44.75333614681071,51.37489518525503,38.98603217269054,0.10267742202765807,32.94870988002463,GOOD,64-QAM,HIGH
81.52244945217598,606.0493001789237,1.1056641503083735,0.8247649529905982,8.4,44.75333614681071,51.37489518525503,38.98603217269054,0.39213832326789894,21.022116873990868,GOOD,64-QAM,HIGH
81.52244945217598,606.0493001789237,1.1056641503083735,0.8247649529905982,12.5,44.75333614681071,51.37489518525503,38.98603217269054,0.5839770734959633,17.377663584839325,GOOD,64-QAM,HIGH
72.33625155814246,626.9626868690902,2.2757268192819806,0.8249649929985997,2.2,19.647538249567653,70.42503877553153,31.437903687166965,0.05776112277856284,32.698951361836244,GOOD,64-QAM,HIGH
72.33625155814246,626.9626868690902,2.2757268192819806,0.8249649929985997,8.4,19.647538249567653,70.42503877553153,31.437903687166965,0.21933753586085572,20.900242843960427,GOOD,64-QAM,HIGH
72.33625155814246,626.9626868690902,2.2757268192819806,0.8249649929985997,12.5,19.647538249567653,70.42503877553153,31.437903687166965,0.32791507262099845,17.339050768276806,GOOD,64-QAM,HIGH
62.49069076918155,668.7662220679449,3.464195443185284,0.8251650330066013,2.2,48.08812391727344,73.75413056810166,19.79330267642983,0.12396479216291245,32.07209499715055,GOOD,64-QAM,HIGH
62.49069076918155,668.7662220679449,3.464195443185284,0.8251650330066013,8.4,48.08812391727344,73.75413056810166,19.79330267642983,0.4734332838574684,20.08549440066247,GOOD,64-QAM,HIGH
62.49069076918155,668.7662220679449,3.464195443185284,0.8251650330066013,12.5,48.08812391727344,73.75413056810166,19.79330267642983,0.7046456281610799,16.401667517435385,GOOD,64-QAM,HIGH
62.76882050358721,667.2647592808462,3.431863997158405,0.8253650730146029,2.2,20.78930310345915,71.43315842397868,36.4624457621568,0.06404553726298158,32.1515370711121,GOOD,64-QAM,HIGH
62.76882050358721,667.2647592808462,3.431863997158405,0.8253650730146029,8.4,20.78930310345915,71.43315842397868,36.4624457621568,0.24568152329580698,20.332768980285763,GOOD,64-QAM,HIGH
62.76882050358721,667.2647592808462,3.431863997158405,0.8253650730146029,12.5,20.78930310345915,71.43315842397868,36.4624457621568,0.36505649289785436,16.76077947176023,GOOD,64-QAM,HIGH
85.40359474272735,601.7685419080372,0.6010228962613305,0.8255651130226045,2.2,30.05413326966078,36.83771888148914,12.26395584186223,0.06934003365715416,33.043616734088815,GOOD,64-QAM,HIGH
85.40359474272735,601.7685419080372,0.6010228962613305,0.8255651130226045,8.4,30.05413326966078,36.83771888148914,12.26395584186223,0.26394869068432286,21.211875972268132,GOOD,64-QAM,HIGH
85.40359474272735,601.7685419080372,0.6010228962613305,0.8255651130226045,12.5,30.05413326966078,36.83771888148914,12.26395584186223,0.39410516345489977,17.629104960574068,GOOD,64-QAM,HIGH
30.145048287205565,1071.5761119684498,6.485676336993612,0.8257651530306062,2.2,35.4902356636186,69.41359407928107,39.1640301287587,0.16896040220085165,27.9321255100284,GOOD,64-QAM,HIGH
30.145048287205565,1071.5761119684498,6.485676336993612,0.8257651530306062,8.4,35.4902356636186,69.41359407928107,39.1640301287587,0.6427408357851578,15.821212971650567,GOOD,64-QAM,HIGH
30.145048287205565,1071.5761119684498,6.485676336993612,0.8257651530306062,12.5,35.4902356636186,69.41359407928107,39.1640301287587,0.9588932870126902,12.05244598149956,GOOD,16-QAM,MEDIUM
5.0945280066759295,2319.61335854075,7.470371629919142,0.8259651930386077,2.2,47.52960065379692,46.79925296724584,4.815102255964202,1.0669625909170188,20.32627176935442,GOOD,64-QAM,HIGH
5.0945280066759295,2319.61335854075,7.470371629919142,0.8259651930386077,8.4,47.52960065379692,46.79925296724584,4.815102255964202,4.064580705858347,5.691521549619566,DEGRADED,QPSK,LOW
5.0945280066759295,2319.61335854075,7.470371629919142,0.8259651930386077,12.5,47.52960065379692,46.79925296724584,4.815102255964202,6.049928013098798,0.25355970345563605,DEGRADED,LINK-OFF,NONE
28.116137548846886,1123.0826306280828,6.614956267134391,0.8261652330466093,2.2,12.230813702613302,31.728082234160013,2.0152874757969546,0.07840611503675098,27.614906056814,GOOD,64-QAM,HIGH
28.116137548846886,1123.0826306280828,6.614956267134391,0.8261652330466093,8.4,12.230813702613302,31.728082234160013,2.0152874757969546,0.29698094038092665,15.759199126676293,GOOD,64-QAM,HIGH
28.116137548846886,1123.0826306280828,6.614956267134391,0.8261652330466093,12.5,12.230813702613302,31.728082234160013,2.0152874757969546,0.44664629937696676,12.156919228756777,GOOD,16-QAM,MEDIUM
23.52076726827324,1261.3645563071575,6.876866135059356,0.8263652730546109,2.2,37.30654891193211,54.88984031333724,21.90241005735055,0.2189989100432722,26.465735005952205,GOOD,64-QAM,HIGH
23.52076726827324,1261.3645563071575,6.876866135059356,0.8263652730546109,8.4,37.30654891193211,54.88984031333724,21.90241005735055,0.8314181789126026,14.216183632289358,GOOD,16-QAM,MEDIUM
23.52076726827324,1261.3645563071575,6.876866135059356,0.8263652730546109,12.5,37.30654891193211,54.88984031333724,21.90241005735055,1.2398013074501806,10.355185964828294,GOOD,16-QAM,MEDIUM
61.255939734689846,675.682835733136,3.606734084172072,0.8265653130626125,2.2,26.040779307204108,56.01258616822806,8.907698397518018,0.07359068127026788,32.03309796729847,GOOD,64-QAM,HIGH
61.255939734689846,675.682835733136,3.606734084172072,0.8265653130626125,8.4,26.040779307204108,56.01258616822806,8.907698397518018,0.28128567775450464,20.1882708660207,GOOD,64-QAM,HIGH
61.255939734689846,675.682835733136,3.606734084172072,0.8265653130626125,12.5,26.040779307204108,56.01258616822806,8.907698397518018,0.4194150513312842,16.597526953520443,GOOD,64-QAM,HIGH
58.86548598006997,690.2892449220171,3.877867770745251,0.8267653530706142,2.2,13.427857031032053,58.0304480011468,21.31827709881289,0.04699178921281154,31.873932456358418,GOOD,64-QAM,HIGH
58.86548598006997,690.2892449220171,3.877867770745251,0.8267653530706142,8.4,13.427857031032053,58.0304480011468,21.31827709881289,0.17850296707785943,20.105289173699845,GOOD,64-QAM,HIGH
58.86548598006997,690.2892449220171,3.877867770745251,0.8267653530706142,12.5,13.427857031032053,58.0304480011468,21.31827709881289,0.26818989069572335,16.5629877111585,GOOD,64-QAM,HIGH
55.44421752990152,714.2263962486531,4.254062456505698,0.8269653930786157,2.2,38.83034198981953,72.28944992344297,5.24977591513429,0.1139606664829508,31.510867782483373,GOOD,64-QAM,HIGH
55.44421752990152,714.2263962486531,4.254062456505698,0.8269653930786157,8.4,38.83034198981953,72.28944992344297,5.24977591513429,0.43296346158881877,19.55473288258399,GOOD,64-QAM,HIGH
55.44421752990152,714.2263962486531,4.254062456505698,0.8269653930786157,12.5,38.83034198981953,72.28944992344297,5.24977591513429,0.6469576131893031,15.888124192060019,GOOD,64-QAM,HIGH
6.380692672803565,2208.5577777096496,7.453540688549416,0.8271654330866173,2.2,27.61111400869233,48.53062854854755,20.895912841899552,0.590486015920501,21.228885062672646,GOOD,64-QAM,HIGH
6.380692672803565,2208.5577777096496,7.453540688549416,0.8271654330866173,8.4,27.61111400869233,48.53062854854755,20.895912841899552,2.254139687931363,7.928099285868271,DEGRADED,QPSK,LOW
6.380692672803565,2208.5577777096496,7.453540688549416,0.8271654330866173,12.5,27.61111400869233,48.53062854854755,20.895912841899552,3.3727857456574672,3.3568386892186766,DEGRADED,QPSK,LOW
66.94613462830503,647.0700989285697,2.936972611188265,0.8273654730946189,2.2,33.04869103248379,48.91683078623535,3.787313029251818,0.08415933567723696,32.39836041661324,GOOD,64-QAM,HIGH
66.94613462830503,647.0700989285697,2.936972611188265,0.8273654730946189,8.4,33.04869103248379,48.91683078623535,3.787313029251818,0.32208994076800107,20.523297706728954,GOOD,64-QAM,HIGH
66.94613462830503,647.0700989285697,2.936972611188265,0.8273654730946189,12.5,33.04869103248379,48.91683078623535,3.787313029251818,0.47599080885639256,16.91678229971707,GOOD,64-QAM,HIGH
32.50008506126678,1017.9274122577184,6.325429861030522,0.8275655131026205,2.2,16.14505342889505,33.63313537447564,-7.451396559055503,0.074874196600546,28.4723359900033,GOOD,64-QAM,HIGH
32.50008506126678,1017.9274122577184,6.325429861030522,0.8275655131026205,8.4,16.14505342889505,33.63313537447564,-7.451396559055503,0.28953268030484175,16.62054540150548,GOOD,64-QAM,HIGH
32.50008506126678,1017.9274122577184,6.325429861030522,0.8275655131026205,12.5,16.14505342889505,33.63313537447564,-7.451396559055503,0.4322752947393774,13.025188248147458,GOOD,16-QAM,MEDIUM
61.529759065563645,674.1131808021264,3.5752668290069414,0.8277655531106222,2.2,24.06369759138025,71.20927295953776,35.60679509615917,0.07326911222012024,32.053620893411846,GOOD,64-QAM,HIGH
61.529759065563645,674.1131808021264,3.5752668290069414,0.8277655531106222,8.4,24.06369759138025,71.20927295953776,35.60679509615917,0.28033317045064987,20.209424730387795,GOOD,64-QAM,HIGH
61.529759065563645,674.1131808021264,3.5752668290069414,0.8277655531106222,12.5,24.06369759138025,71.20927295953776,35.60679509615917,0.4161145128411355,16.621028849073824,GOOD,64-QAM,HIGH
52.30916642268304,739.6685557153787,4.585503367888194,0.8279655931186237,2.2,30.86771254940336,64.06956548397504,34.16026009367311,0.09653791837320004,31.224265331905997,GOOD,64-QAM,HIGH
52.30916642268304,739.6685557153787,4.585503367888194,0.8279655931186237,8.4,30.86771254940336,64.06956548397504,34.16026009367311,0.3688487433936713,19.314822402092005,GOOD,64-QAM,HIGH
52.30916642268304,739.6685557153787,4.585503367888194,0.8279655931186237,12.5,30.86771254940336,64.06956548397504,34.16026009367311,0.5467808904490681,15.68427571611312,GOOD,64-QAM,HIGH
34.13212866137211,984.1930001054428,6.208093692118198,0.8281656331266253,2.2,20.2455407134922,50.96550676162728,38.5399074636336,0.09211812339629938,28.747822822796415,GOOD,64-QAM,HIGH
34.13212866137211,984.1930001054428,6.208093692118198,0.8281656331266253,8.4,20.2455407134922,50.96550676162728,38.5399074636336,0.3505479707064008,16.85226087069279,GOOD,64-QAM,HIGH
34.13212866137211,984.1930001054428,6.208093692118198,0.8281656331266253,12.5,20.2455407134922,50.96550676162728,38.5399074636336,0.5205951688105105,13.22959913366519,GOOD,16-QAM,MEDIUM
16.43898270384916,1552.018283003123,7.193412405105998,0.828365673134627,2.2,9.918626992385066,72.31133873504129,25.82635881107024,0.11892762571367563,24.7646820977416,GOOD,64-QAM,HIGH
16.43898270384916,1552.018283003123,7.193412405105998,0.828365673134627,8.4,9.918626992385066,72.31133873504129,25.82635881107024,0.45599305747747176,12.790484561184272,GOOD,16-QAM,MEDIUM
16.43898270384916,1552.018283003123,7.193412405105998,0.828365673134627,12.5,9.918626992385066,72.31133873504129,25.82635881107024,0.675388156592963,9.1184749231453,DEGRADED,16-QAM,MEDIUM
13.02560630114088,1736.9345528132203,7.307020752352816,0.8285657131426285,2.2,48.0820246157652,62.24146495361263,24.13605888676515,0.4738341487158512,23.43204314151761,GOOD,64-QAM,HIGH
13.02560630114088,1736.9345528132203,7.307020752352816,0.8285657131426285,8.4,48.0820246157652,62.24146495361263,24.13605888676515,1.8102765214019458,10.458468664037994,GOOD,16-QAM,MEDIUM
13.02560630114088,1736.9345528132203,7.307020752352816,0.8285657131426285,12.5,48.0820246157652,62.24146495361263,24.13605888676515,2.685307210290163,6.130823436226294,DEGRADED,QPSK,LOW
75.679058314539,617.5154291599065,1.855148795896784,0.8287657531506302,2.2,25.57337700213087,58.15469675223238,17.950153503741536,0.06555056015802582,32.82303955754778,GOOD,64-QAM,HIGH
75.679058314539,617.5154291599065,1.855148795896784,0.8287657531506302,8.4,25.57337700213087,58.15469675223238,17.950153503741536,0.2500871639843976,21.001370848927877,GOOD,64-QAM,HIGH
75.679058314539,617.5154291599065,1.855148795896784,0.8287657531506302,12.5,25.57337700213087,58.15469675223238,17.950153503741536,0.37175860226106927,17.42708487172773,GOOD,64-QAM,HIGH
83.06379107693243,604.0391540718038,0.905731519672796,0.8289657931586317,2.2,36.696018514385024,60.67947261966759,-3.7028791823738665,0.08992461408033729,32.990319955787974,GOOD,64-QAM,HIGH
83.06379107693243,604.0391540718038,0.905731519672796,0.8289657931586317,8.4,36.696018514385024,60.67947261966759,-3.7028791823738665,0.34231120618300276,21.100801258891792,GOOD,64-QAM,HIGH
83.06379107693243,604.0391540718038,0.905731519672796,0.8289657931586317,12.5,36.696018514385024,60.67947261966759,-3.7028791823738665,0.5157871507210219,17.47471077543028,GOOD,64-QAM,HIGH
60.231983974965466,681.7381253076937,3.723671060007933,0.8291658331666333,2.2,20.552359677802905,68.18088751602339,-0.5382344525364982,0.06508947904904255,31.96410526400485,GOOD,64-QAM,HIGH
60.231983974965466,681.7381253076937,3.723671060007933,0.8291658331666333,8.4,20.552359677802905,68.18088751602339,-0.5382344525364982,0.24776557027225019,20.14429706798812,GOOD,64-QAM,HIGH
60.231983974965466,681.7381253076937,3.723671060007933,0.8291658331666333,12.5,20.552359677802905,68.18088751602339,-0.5382344525364982,0.37076190797104863,16.568686191365842,GOOD,64-QAM,HIGH
13.791899763141087,1692.4114826161774,7.283759947977257,0.829365873174635,2.2,17.756588201285815,69.60015627447598,4.47348443362681,0.20878947672715828,23.922637641713465,GOOD,64-QAM,HIGH
13.791899763141087,1692.4114826161774,7.283759947977257,0.829365873174635,8.4,17.756588201285815,69.60015627447598,4.47348443362681,0.7932390184440287,11.701055995203077,GOOD,16-QAM,MEDIUM
13.791899763141087,1692.4114826161774,7.283759947977257,0.829365873174635,12.5,17.756588201285815,69.60015627447598,4.47348443362681,1.18737628012246,7.854304194601156,DEGRADED,QPSK,LOW
39.17231343550046,895.073921016281,5.814373563720772,0.8295659131826365,2.2,20.35821492335625,47.33746914844304,34.50781812866972,0.08327306822350508,29.581095242225885,GOOD,64-QAM,HIGH
39.17231343550046,895.073921016281,5.814373563720772,0.8295659131826365,8.4,20.35821492335625,47.33746914844304,34.50781812866972,0.32045240838718425,17.706783797268685,GOOD,64-QAM,HIGH
39.17231343550046,895.073921016281,5.814373563720772,0.8295659131826365,12.5,20.35821492335625,47.33746914844304,34.50781812866972,0.47596959991272236,14.098652066819668,GOOD,16-QAM,MEDIUM
66.95983200893836,647.0108308568488,2.9353227371449817,0.8297659531906382,2.2,20.45983218928249,38.4446018034692,-1.351523769846244,0.05418444381811742,32.42913092475655,GOOD,64-QAM,HIGH
66.95983200893836,647.0108308568488,2.9353227371449817,0.8297659531906382,8.4,20.45983218928249,38.4446018034692,-1.351523769846244,0.20622287915090354,20.639960384630243,GOOD,64-QAM,HIGH
66.95983200893836,647.0108308568488,2.9353227371449817,0.8297659531906382,12.5,20.45983218928249,38.4446018034692,-1.351523769846244,0.30876009010342714,17.084808634754225,GOOD,64-QAM,HIGH
71.28477514085579,630.3970051203605,2.406485067689063,0.8299659931986397,2.2,27.20900579709768,39.39805087143112,36.14365872439453,0.06571117066161941,32.64355238794672,GOOD,64-QAM,HIGH
71.28477514085579,630.3970051203605,2.406485067689063,0.8299659931986397,8.4,27.20900579709768,39.39805087143112,36.14365872439453,0.2513208879371493,20.820810565877665,GOOD,64-QAM,HIGH
71.28477514085579,630.3970051203605,2.406485067689063,0.8299659931986397,12.5,27.20900579709768,39.39805087143112,36.14365872439453,0.37365675873002296,17.245860156161314,GOOD,64-QAM,HIGH
15.04858289474253,1623.2575739425545,7.2427951369252,0.8301660332066413,2.2,27.17349349906816,68.36345315418009,16.13928665257086,0.2604796944883616,24.233317930664697,GOOD,64-QAM,HIGH
15.04858289474253,1623.2575739425545,7.2427951369252,0.8301660332066413,8.4,27.17349349906816,68.36345315418009,16.13928665257086,0.9946351774044238,11.862030342955123,GOOD,16-QAM,MEDIUM
15.04858289474253,1623.2575739425545,7.2427951369252,0.8301660332066413,12.5,27.17349349906816,68.36345315418009,16.13928665257086,1.4862788345622935,7.917772146873759,DEGRADED,QPSK,LOW
5.0026111018575055,2327.8154565020704,7.471430438756159,0.830366073214643,2.2,24.857690794143583,82.37239714602757,25.77848177365361,0.65889573196161,20.703679700762635,GOOD,64-QAM,HIGH
5.0026111018575055,2327.8154565020704,7.471430438756159,0.830366073214643,8.4,24.857690794143583,82.37239714602757,25.77848177365361,2.523605685512716,7.201837642417999,DEGRADED,QPSK,LOW
5.0026111018575055,2327.8154565020704,7.471430438756159,0.830366073214643,12.5,24.857690794143583,82.37239714602757,25.77848177365361,3.768495381878289,2.5043334071289394,DEGRADED,QPSK,LOW
65.53164889985143,653.428530008824,3.106429029582757,0.8305661132226445,2.2,6.7392892458719045,54.56977670073311,-4.487775665971673,0.028630945964077354,32.36895358304644,GOOD,64-QAM,HIGH
65.53164889985143,653.428530008824,3.106429029582757,0.8305661132226445,8.4,6.7392892458719045,54.56977670073311,-4.487775665971673,0.10852817312789445,20.6519242510891,GOOD,64-QAM,HIGH
65.53164889985143,653.428530008824,3.106429029582757,0.8305661132226445,12.5,6.7392892458719045,54.56977670073311,-4.487775665971673,0.1619810005362916,17.145856884757222,GOOD,64-QAM,HIGH
35.31067495882748,961.421509423883,6.120224350684607,0.8307661532306462,2.2,24.80377392502656,40.171209619767744,3.451677438795546,0.10124242555122123,28.94202727472117,GOOD,64-QAM,HIGH
35.31067495882748,961.421509423883,6.120224350684607,0.8307661532306462,8.4,24.80377392502656,40.171209619767744,3.451677438795546,0.3914819249586989,17.01465567052017,GOOD,64-QAM,HIGH
35.31067495882748,961.421509423883,6.120224350684607,0.8307661532306462,12.5,24.80377392502656,40.171209619767744,3.451677438795546,0.578786908340394,13.374736148214993,GOOD,16-QAM,MEDIUM
26.63091318755212,1164.2645151358588,6.704343931158306,0.8309661932386477,2.2,8.455195021032575,75.39614989763128,37.92593040907131,0.07958746996956317,27.300925691963563,GOOD,64-QAM,HIGH
26.63091318755212,1164.2645151358588,6.704343931158306,0.8309661932386477,8.4,8.455195021032575,75.39614989763128,37.92593040907131,0.30381026313331777,15.439570794006286,GOOD,64-QAM,HIGH
26.63091318755212,1164.2645151358588,6.704343931158306,0.8309661932386477,12.5,8.455195021032575,75.39614989763128,37.92593040907131,0.4535119777038252,11.83725454051229,GOOD,16-QAM,MEDIUM
6.096284932109662,2232.523252885229,7.457586241673024,0.8311662332466493,2.2,6.306789314788258,79.94936846516691,3.307497346486569,0.22761195186712077,21.49801461196958,GOOD,64-QAM,HIGH
6.096284932109662,2232.523252885229,7.457586241673024,0.8311662332466493,8.4,6.306789314788258,79.94936846516691,3.307497346486569,0.8928492895849662,9.195645169458203,DEGRADED,16-QAM,MEDIUM
6.096284932109662,2232.523252885229,7.457586241673024,0.8311662332466493,12.5,6.306789314788258,79.94936846516691,3.307497346486569,1.2822782128594579,5.353601707260239,DEGRADED,QPSK,LOW
50.92544957472747,752.0832086949395,4.727482813576385,0.831366273254651,2.2,46.63228586705839,82.834946587258,4.826086019557305,0.14116233894298025,31.03506619347352,GOOD,64-QAM,HIGH
50.92544957472747,752.0832086949395,4.727482813576385,0.831366273254651,8.4,46.63228586705839,82.834946587258,4.826086019557305,0.5399149058579596,18.999181521765024,GOOD,64-QAM,HIGH
50.92544957472747,752.0832086949395,4.727482813576385,0.831366273254651,12.5,46.63228586705839,82.834946587258,4.826086019557305,0.8051443974041889,15.281337491295304,GOOD,64-QAM,HIGH
77.34781251120845,613.6040322589279,1.6427404367297382,0.8315663132626525,2.2,30.247500657385213,66.409885734824,-0.1201307579460255,0.07716924256423102,32.86661304322765,GOOD,64-QAM,HIGH
77.34781251120845,613.6040322589279,1.6427404367297382,0.8315663132626525,8.4,30.247500657385213,66.409885734824,-0.1201307579460255,0.2954136341365388,21.011236546861824,GOOD,64-QAM,HIGH
77.34781251120845,613.6040322589279,1.6427404367297382,0.8315663132626525,12.5,30.247500657385213,66.409885734824,-0.1201307579460255,0.43994600455115307,17.41408963752373,GOOD,64-QAM,HIGH
86.39868993316998,601.0847188954458,0.4711000453026648,0.8317663532706542,2.2,32.97450290622921,81.64371356328508,-3.5463167346585243,0.08453178052008153,33.03830085829472,GOOD,64-QAM,HIGH
86.39868993316998,601.0847188954458,0.4711000453026648,0.8317663532706542,8.4,32.97450290622921,81.64371356328508,-3.5463167346585243,0.3227735550875955,21.162926978933683,GOOD,64-QAM,HIGH
86.39868993316998,601.0847188954458,0.4711000453026648,0.8317663532706542,12.5,32.97450290622921,81.64371356328508,-3.5463167346585243,0.47935401118280935,17.553731983914986,GOOD,64-QAM,HIGH
53.08832080212959,733.0077841713892,4.504374157026388,0.8319663932786557,2.2,20.089683516668188,30.92489750690446,1.6628820726998974,0.061132040617294194,31.33824260987781,GOOD,64-QAM,HIGH
53.08832080212959,733.0077841713892,4.504374157026388,0.8319663932786557,8.4,20.089683516668188,30.92489750690446,1.6628820726998974,0.2332203129053165,19.529022232796265,GOOD,64-QAM,HIGH
53.08832080212959,733.0077841713892,4.504374157026388,0.8319663932786557,12.5,20.089683516668188,30.92489750690446,1.6628820726998974,0.3486145363635674,15.961013470414528,GOOD,64-QAM,HIGH
48.72921285789101,773.4253972703955,4.947139066828902,0.8321664332866573,2.2,45.44904459574321,36.43414810617141,22.11634459753992,0.13615332118803952,30.79702448100965,GOOD,64-QAM,HIGH
48.72921285789101,773.4253972703955,4.947139066828902,0.8321664332866573,8.4,45.44904459574321,36.43414810617141,22.11634459753992,0.5206947647157959,18.77535093268837,GOOD,64-QAM,HIGH
48.72921285789101,773.4253972703955,4.947139066828902,0.8321664332866573,12.5,45.44904459574321,36.43414810617141,22.11634459753992,0.7770138899635421,15.066417268517142,GOOD,64-QAM,HIGH
12.229792766585494,1785.1508201349957,7.329794078180676,0.832366473294659,2.2,31.89652447898328,35.55456402312593,12.768386675178178,0.35424401045589415,23.313804097632854,GOOD,64-QAM,HIGH
12.229792766585494,1785.1508201349957,7.329794078180676,0.832366473294659,8.4,31.89652447898328,35.55456402312593,12.768386675178178,1.3604601634167492,10.670455839878485,GOOD,16-QAM,MEDIUM
12.229792766585494,1785.1508201349957,7.329794078180676,0.832366473294659,12.5,31.89652447898328,35.55456402312593,12.768386675178178,2.011827136933707,6.566474327438044,DEGRADED,QPSK,LOW
51.65418813112098,745.44970510654,4.653047367342967,0.8325665133026605,2.2,38.45849347617937,72.75628105528398,17.68779181689493,0.11620096023958756,31.136978477771827,GOOD,64-QAM,HIGH
51.65418813112098,745.44970510654,4.653047367342967,0.8325665133026605,8.4,38.45849347617937,72.75628105528398,17.68779181689493,0.4428699073916485,19.17317742582624,GOOD,64-QAM,HIGH
51.65418813112098,745.44970510654,4.653047367342967,0.8325665133026605,12.5,38.45849347617937,72.75628105528398,17.68779181689493,0.6608912936479314,15.502541500646473,GOOD,64-QAM,HIGH
37.29822171205854,925.7808858460088,5.966192163910415,0.8327665533106622,2.2,18.42812345138569,34.17490701261474,-3.8817585616987857,0.0772836972707491,29.294098488896033,GOOD,64-QAM,HIGH
37.29822171205854,925.7808858460088,5.966192163910415,0.8327665533106622,8.4,18.42812345138569,34.17490701261474,-3.8817585616987857,0.2981421046673174,17.43610797670594,GOOD,64-QAM,HIGH
37.29822171205854,925.7808858460088,5.966192163910415,0.8327665533106622,12.5,18.42812345138569,34.17490701261474,-3.8817585616987857,0.4419119349554161,13.839723607494363,GOOD,16-QAM,MEDIUM
56.60649887510404,705.6709183269822,4.127895318367156,0.8329665933186637,2.2,48.00059404095627,59.78186234797842,30.105822358145005,0.12962320785285486,31.599878777151083,GOOD,64-QAM,HIGH
56.60649887510404,705.6709183269822,4.127895318367156,0.8329665933186637,8.4,48.00059404095627,59.78186234797842,30.105822358145005,0.4955150691386991,19.596854811071708,GOOD,64-QAM,HIGH
56.60649887510404,705.6709183269822,4.127895318367156,0.8329665933186637,12.5,48.00059404095627,59.78186234797842,30.105822358145005,0.7375044139446603,15.902250927342266,GOOD,64-QAM,HIGH
38.04173956950647,913.2779476814504,5.906715296425526,0.8331666333266653,2.2,41.02306450791575,58.36241391817735,29.204735028992403,0.15424034978378756,29.335246610713952,GOOD,64-QAM,HIGH
38.04173956950647,913.2779476814504,5.906715296425526,0.8331666333266653,8.4,41.02306450791575,58.36241391817735,29.204735028992403,0.5890101708389368,17.263344684865288,GOOD,64-QAM,HIGH
38.04173956950647,913.2779476814504,5.906715296425526,0.8331666333266653,12.5,41.02306450791575,58.36241391817735,29.204735028992403,0.8810326413147487,13.51870767546599,GOOD,16-QAM,MEDIUM
25.42542549328117,1200.0611803765723,6.773586452131884,0.833366673334667,2.2,42.69742315072718,48.64221141349446,-8.92050444286623,0.22883845038210068,26.88864018517721,GOOD,64-QAM,HIGH
25.42542549328117,1200.0611803765723,6.773586452131884,0.833366673334667,8.4,42.69742315072718,48.64221141349446,-8.92050444286623,0.871513681027437,14.608832849738349,GOOD,16-QAM,MEDIUM
25.42542549328117,1200.0611803765723,6.773586452131884,0.833366673334667,12.5,42.69742315072718,48.64221141349446,-8.92050444286623,1.297219561243807,10.730512430598495,GOOD,16-QAM,MEDIUM
13.072048394412002,1734.1837089661026,7.305648169939499,0.8335667133426685,2.2,8.609713371287715,82.22431019652599,9.175754725515247,0.1555348854547695,23.764109455779433,GOOD,64-QAM,HIGH
13.072048394412002,1734.1837089661026,7.305648169939499,0.8335667133426685,8.4,8.609713371287715,82.22431019652599,9.175754725515247,0.586513768017916,11.695998468422772,GOOD,16-QAM,MEDIUM
13.072048394412002,1734.1837089661026,7.305648169939499,0.8335667133426685,12.5,8.609713371287715,82.22431019652599,9.175754725515247,0.854474942247289,7.9754227552699035,DEGRADED,QPSK,LOW
31.768067790056136,1033.9456448318674,6.37639683857751,0.8337667533506702,2.2,13.548160393560975,40.22599211279976,-6.561469901442609,0.07093453607552908,28.340657682961478,GOOD,64-QAM,HIGH
31.768067790056136,1033.9456448318674,6.37639683857751,0.8337667533506702,8.4,13.548160393560975,40.22599211279976,-6.561469901442609,0.2729858301032812,16.5014742841402,GOOD,64-QAM,HIGH
31.768067790056136,1033.9456448318674,6.37639683857751,0.8337667533506702,12.5,13.548160393560975,40.22599211279976,-6.561469901442609,0.40694284092145283,12.914902734398538,GOOD,16-QAM,MEDIUM
13.214810914458944,1725.7704383142968,7.301398813674429,0.8339667933586717,2.2,14.281329984178852,51.14776706395439,29.605288970747907,0.1839090046229231,23.777976870050495,GOOD,64-QAM,HIGH
13.214810914458944,1725.7704383142968,7.301398813674429,0.8339667933586717,8.4,14.281329984178852,51.14776706395439,29.605288970747907,0.7026764923846321,11.622077277495265,GOOD,16-QAM,MEDIUM
13.214810914458944,1725.7704383142968,7.301398813674429,0.8339667933586717,12.5,14.281329984178852,51.14776706395439,29.605288970747907,1.043776213845535,7.828363017110874,DEGRADED,QPSK,LOW
20.036240820038635,1390.6892071136122,7.046070732621391,0.8341668333666733,2.2,13.54546116234356,76.45029000137575,26.863484156285217,0.12272541073714154,25.7142192891059,GOOD,64-QAM,HIGH
20.036240820038635,1390.6892071136122,7.046070732621391,0.8341668333666733,8.4,13.54546116234356,76.45029000137575,26.863484156285217,0.4743511189194838,13.725461476130022,GOOD,16-QAM,MEDIUM
20.036240820038635,1390.6892071136122,7.046070732621391,0.8341668333666733,12.5,13.54546116234356,76.45029000137575,26.863484156285217,0.7015592218785469,10.045638834247484,GOOD,16-QAM,MEDIUM
88.9235734792614,600.0967857794885,0.1408956133472009,0.834366873374675,2.2,42.7704081052144,31.825338863597054,35.0994047146578,0.09470579061161084,33.04241458060085,GOOD,64-QAM,HIGH
88.9235734792614,600.0967857794885,0.1408956133472009,0.834366873374675,8.4,42.7704081052144,31.825338863597054,35.0994047146578,0.36208614935936234,21.137902117059582,GOOD,64-QAM,HIGH
88.9235734792614,600.0967857794885,0.1408956133472009,0.834366873374675,12.5,42.7704081052144,31.825338863597054,35.0994047146578,0.5395493405137975,17.507824386981653,GOOD,64-QAM,HIGH
42.748802337062585,843.3264117396811,5.5075252376769415,0.8345669133826765,2.2,1.5942397604296057,70.37702401478212,1.8201979476557304,0.02623550531269982,30.155396838185666,GOOD,64-QAM,HIGH
42.748802337062585,843.3264117396811,5.5075252376769415,0.8345669133826765,8.4,1.5942397604296057,70.37702401478212,1.8201979476557304,0.10083715234793424,18.443663086356906,GOOD,64-QAM,HIGH
42.748802337062585,843.3264117396811,5.5075252376769415,0.8345669133826765,12.5,1.5942397604296057,70.37702401478212,1.8201979476557304,0.1523331403067836,14.939552559474578,GOOD,16-QAM,MEDIUM
50.20910015292641,758.8168772779882,4.799907500697797,0.8347669533906782,2.2,3.804999449038715,78.98386358169424,12.814794156389944,0.030809453938020055,31.067997295322584,GOOD,64-QAM,HIGH
50.20910015292641,758.8168772779882,4.799907500697797,0.8347669533906782,8.4,3.804999449038715,78.98386358169424,12.814794156389944,0.11839720343005979,19.343277441037017,GOOD,64-QAM,HIGH
50.20910015292641,758.8168772779882,4.799907500697797,0.8347669533906782,12.5,3.804999449038715,78.98386358169424,12.814794156389944,0.17746456956569726,15.831595535977897,GOOD,64-QAM,HIGH
79.25757494266331,609.7594186975193,1.397956101609396,0.8349669933986797,2.2,13.695743531495186,85.93607033029004,-0.7756061417801128,0.04692804300311427,32.95144799251377,GOOD,64-QAM,HIGH
79.25757494266331,609.7594186975193,1.397956101609396,0.8349669933986797,8.4,13.695743531495186,85.93607033029004,-0.7756061417801128,0.17887804177055586,21.182365888952802,GOOD,64-QAM,HIGH
79.25757494266331,609.7594186975193,1.397956101609396,0.8349669933986797,12.5,13.695743531495186,85.93607033029004,-0.7756061417801128,0.2659364509591486,17.642692940840732,GOOD,64-QAM,HIGH
89.62335654170846,600.0118482992048,0.0493021583145282,0.8351670334066813,2.2,9.993648732472185,82.57779842948909,8.561746723705973,0.03790650645657413,33.10044334942112,GOOD,64-QAM,HIGH
89.62335654170846,600.0118482992048,0.0493021583145282,0.8351670334066813,8.4,9.993648732472185,82.57779842948909,8.561746723705973,0.14429837490746386,21.356919376176705,GOOD,64-QAM,HIGH
89.62335654170846,600.0118482992048,0.0493021583145282,0.8351670334066813,12.5,9.993648732472185,82.57779842948909,8.561746723705973,0.21556234343796477,17.83304086872272,GOOD,64-QAM,HIGH
54.53072819429793,721.2736370709135,4.351996915653195,0.835367073414683,2.2,11.59298069414242,49.16304701002111,16.1121625783442,0.03909167930321571,31.500453528463687,GOOD,64-QAM,HIGH
54.53072819429793,721.2736370709135,4.351996915653195,0.835367073414683,8.4,11.59298069414242,49.16304701002111,16.1121625783442,0.14875021458874407,19.75366288838464,GOOD,64-QAM,HIGH
54.53072819429793,721.2736370709135,4.351996915653195,0.835367073414683,12.5,11.59298069414242,49.16304701002111,16.1121625783442,0.2220658299224429,16.227732734127457,GOOD,64-QAM,HIGH
74.0602747887546,621.8161975705616,2.059694718045433,0.8355671134226845,2.2,39.897159462665,65.18184847937715,-7.333460508070551,0.09805011215729012,32.73025565723925,GOOD,64-QAM,HIGH
74.0602747887546,621.8161975705616,2.059694718045433,0.8355671134226845,8.4,39.897159462665,65.18184847937715,-7.333460508070551,0.37445892907353107,20.816714735529487,GOOD,64-QAM,HIGH
74.0602747887546,621.8161975705616,2.059694718045433,0.8355671134226845,12.5,39.897159462665,65.18184847937715,-7.333460508070551,0.5569386960945908,17.18162042958494,GOOD,64-QAM,HIGH
32.78998706861739,1011.7394704089734,6.304959441292488,0.8357671534306862,2.2,28.156329694602345,34.63760958902795,25.74352053386926,0.12450003444883002,28.47567248500968,GOOD,64-QAM,HIGH
32.78998706861739,1011.7394704089734,6.304959441292488,0.8357671534306862,8.4,28.156329694602345,34.63760958902795,25.74352053386926,0.4852882159670251,16.477752198697956,GOOD,64-QAM,HIGH
32.78998706861739,1011.7394704089734,6.304959441292488,0.8357671534306862,12.5,28.156329694602345,34.63760958902795,25.74352053386926,0.7120067578810266,12.798419117860476,GOOD,16-QAM,MEDIUM
30.988236383019743,1051.65190049202,6.429547703130785,0.8359671934386878,2.2,0.2885330646483997,45.47220021288052,17.164668018553762,0.027343366144533216,28.236762797346174,GOOD,64-QAM,HIGH
30.988236383019743,1051.65190049202,6.429547703130785,0.8359671934386878,8.4,0.2885330646483997,45.47220021288052,17.164668018553762,0.10829977428097637,16.518674284416207,GOOD,64-QAM,HIGH
30.988236383019743,1051.65190049202,6.429547703130785,0.8359671934386878,12.5,0.2885330646483997,45.47220021288052,17.164668018553762,0.15781292093390314,13.016546598839795,GOOD,16-QAM,MEDIUM
39.22981628453762,894.1731957767925,5.809616104374044,0.8361672334466893,2.2,21.46613828520976,35.65334272485045,31.447950860533663,0.08448702300535738,29.58862641897101,GOOD,64-QAM,HIGH
39.22981628453762,894.1731957767925,5.809616104374044,0.8361672334466893,8.4,21.46613828520976,35.65334272485045,31.447950860533663,0.3251038843398655,17.71087745284298,GOOD,64-QAM,HIGH
39.22981628453762,894.1731957767925,5.809616104374044,0.8361672334466893,12.5,21.46613828520976,35.65334272485045,31.447950860533663,0.4838471539533082,14.099519644306056,GOOD,16-QAM,MEDIUM
62.163117327260174,670.5609897524691,3.5021697730567105,0.836367273454691,2.2,20.394246342517945,48.91123740923783,3.5890250595598623,0.05778192922490422,32.114998764095404,GOOD,64-QAM,HIGH
62.163117327260174,670.5609897524691,3.5021697730567105,0.836367273454691,8.4,20.394246342517945,48.91123740923783,3.5890250595598623,0.22073861660476501,20.31490997192202,GOOD,64-QAM,HIGH
62.163117327260174,670.5609897524691,3.5021697730567105,0.836367273454691,12.5,20.394246342517945,48.91123740923783,3.5890250595598623,0.33021113162178345,16.75282291798152,GOOD,64-QAM,HIGH
62.9862935866834,666.104954548292,3.4065272635986585,0.8365673134626925,2.2,5.697263472227176,82.51123280752374,35.166055263462724,0.031210860680357767,32.199482243073234,GOOD,64-QAM,HIGH
62.9862935866834,666.104954548292,3.4065272635986585,0.8365673134626925,8.4,5.697263472227176,82.51123280752374,35.166055263462724,0.1214800369924937,20.472080961967578,GOOD,64-QAM,HIGH
62.9862935866834,666.104954548292,3.4065272635986585,0.8365673134626925,12.5,5.697263472227176,82.51123280752374,35.166055263462724,0.17891862015831503,16.962027839878274,GOOD,64-QAM,HIGH
31.79535194520332,1033.3382999803448,6.374515791587992,0.8367673534706941,2.2,33.80708943007286,50.83001038045756,39.93471265152217,0.15106490960769214,28.265630943613253,GOOD,64-QAM,HIGH
31.79535194520332,1033.3382999803448,6.374515791587992,0.8367673534706941,8.4,33.80708943007286,50.83001038045756,39.93471265152217,0.5742961245667403,16.205267623860678,GOOD,64-QAM,HIGH
31.79535194520332,1033.3382999803448,6.374515791587992,0.8367673534706941,12.5,33.80708943007286,50.83001038045756,39.93471265152217,0.8554815229954598,12.471467686508475,GOOD,16-QAM,MEDIUM
16.32284355161344,1557.7661692978425,7.197699864205786,0.8369673934786958,2.2,35.10485941897456,63.71388618008558,35.964921918883725,0.3016362291418231,24.54986479763207,GOOD,64-QAM,HIGH
16.32284355161344,1557.7661692978425,7.197699864205786,0.8369673934786958,8.4,35.10485941897456,63.71388618008558,35.964921918883725,1.1643509385247321,12.050017983455632,GOOD,16-QAM,MEDIUM
16.32284355161344,1557.7661692978425,7.197699864205786,0.8369673934786958,12.5,35.10485941897456,63.71388618008558,35.964921918883725,1.7221225941348843,8.039631788921994,DEGRADED,16-QAM,MEDIUM
58.75368179956823,691.0133714682797,3.8903874064415054,0.8371674334866973,2.2,36.044660952604886,56.00285088689645,28.894623791657708,0.0991743901865857,31.812642967775254,GOOD,64-QAM,HIGH
58.75368179956823,691.0133714682797,3.8903874064415054,0.8371674334866973,8.4,36.044660952604886,56.00285088689645,28.894623791657708,0.37898682213924306,19.895698431029075,GOOD,64-QAM,HIGH
58.75368179956823,691.0133714682797,3.8903874064415054,0.8371674334866973,12.5,36.044660952604886,56.00285088689645,28.894623791657708,0.5626266265967664,16.259444087648063,GOOD,64-QAM,HIGH
15.907698286044983,1578.6096816181994,7.212783686907078,0.837367473494699,2.2,36.4235472779296,57.53499145792412,30.618440143689035,0.31158174990895887,24.42446939350785,GOOD,64-QAM,HIGH
15.907698286044983,1578.6096816181994,7.212783686907078,0.837367473494699,8.4,36.4235472779296,57.53499145792412,30.618440143689035,1.2036341733101974,11.895284865313087,GOOD,16-QAM,MEDIUM
15.907698286044983,1578.6096816181994,7.212783686907078,0.837367473494699,12.5,36.4235472779296,57.53499145792412,30.618440143689035,1.7731035532831156,7.873200946416674,DEGRADED,QPSK,LOW
54.17186319949305,724.122464369807,4.390169261273825,0.8375675135027005,2.2,0.00264134661484,88.1743231101935,18.687212127229323,0.023799519040330203,31.481506449346647,GOOD,64-QAM,HIGH
54.17186319949305,724.122464369807,4.390169261273825,0.8375675135027005,8.4,0.00264134661484,88.1743231101935,18.687212127229323,0.09118167003398156,19.77699219355948,GOOD,64-QAM,HIGH
54.17186319949305,724.122464369807,4.390169261273825,0.8375675135027005,12.5,0.00264134661484,88.1743231101935,18.687212127229323,0.13469010676539286,16.28086921790458,GOOD,64-QAM,HIGH
63.94088088478626,661.1592933888787,3.2947373236935347,0.8377675535107021,2.2,47.696040192336106,47.76926809583148,-0.4923068543694757,0.11814714542941306,32.17727710120301,GOOD,64-QAM,HIGH
63.94088088478626,661.1592933888787,3.2947373236935347,0.8377675535107021,8.4,47.696040192336106,47.76926809583148,-0.4923068543694757,0.4515238524862201,20.20676828935268,GOOD,64-QAM,HIGH
63.94088088478626,661.1592933888787,3.2947373236935347,0.8377675535107021,12.5,47.696040192336106,47.76926809583148,-0.4923068543694757,0.6716066822366976,16.534070920678715,GOOD,64-QAM,HIGH
64.55197719352839,658.1151655291196,3.222690889694511,0.8379675935187038,2.2,40.71043835273315,67.63946817139028,23.852034257385867,0.10733690372266144,32.22817150489927,GOOD,64-QAM,HIGH
64.55197719352839,658.1151655291196,3.222690889694511,0.8379675935187038,8.4,40.71043835273315,67.63946817139028,23.852034257385867,0.4107026935987114,20.287673610229703,GOOD,64-QAM,HIGH
64.55197719352839,658.1151655291196,3.222690889694511,0.8379675935187038,12.5,40.71043835273315,67.63946817139028,23.852034257385867,0.607530216676054,16.638231548228873,GOOD,64-QAM,HIGH
69.04512940606573,638.4871579751607,2.682243731651175,0.8381676335267053,2.2,45.19908482946426,55.20376017476683,25.637650102996574,0.11045680356054884,32.488046247352365,GOOD,64-QAM,HIGH
69.04512940606573,638.4871579751607,2.682243731651175,0.8381676335267053,8.4,45.19908482946426,55.20376017476683,25.637650102996574,0.4204087438311511,20.54096220228824,GOOD,64-QAM,HIGH
69.04512940606573,638.4871579751607,2.682243731651175,0.8381676335267053,12.5,45.19908482946426,55.20376017476683,25.637650102996574,0.6277120093295309,16.881044397866376,GOOD,64-QAM,HIGH
79.19305083308149,609.878505999036,1.4062533805836792,0.838367673534707,2.2,0.7821647653717068,33.66877086286117,39.26925701339528,0.012659652361331208,32.98402017620656,GOOD,64-QAM,HIGH
79.19305083308149,609.878505999036,1.4062533805836792,0.838367673534707,8.4,0.7821647653717068,33.66877086286117,39.26925701339528,0.04798833524162037,21.311559388532743,GOOD,64-QAM,HIGH
79.19305083308149,609.878505999036,1.4062533805836792,0.838367673534707,12.5,0.7821647653717068,33.66877086286117,39.26925701339528,0.07173467298845906,17.83519851186243,GOOD,64-QAM,HIGH
47.49651431700702,786.3489640708494,5.067262948837188,0.8385677135427085,2.2,46.69293978928697,59.35984989745416,17.06506581281609,0.14626952304112692,30.64297048075906,GOOD,64-QAM,HIGH
47.49651431700702,786.3489640708494,5.067262948837188,0.8385677135427085,8.4,46.69293978928697,59.35984989745416,17.06506581281609,0.5594708497054457,18.592637049301217,GOOD,64-QAM,HIGH
47.49651431700702,786.3489640708494,5.067262948837188,0.8385677135427085,12.5,46.69293978928697,59.35984989745416,17.06506581281609,0.8354414319754462,14.864051928107742,GOOD,16-QAM,MEDIUM
67.07118111001355,646.5306442192359,2.92190432170565,0.8387677535507101,2.2,40.48942643440523,78.8005997427065,3.5684507512528203,0.10655111736464255,32.3832129788495,GOOD,64-QAM,HIGH
67.07118111001355,646.5306442192359,2.92190432170565,0.8387677535507101,8.4,40.48942643440523,78.8005997427065,3.5684507512528203,0.4064198601225821,20.44621213129804,GOOD,64-QAM,HIGH
67.07118111001355,646.5306442192359,2.92190432170565,0.8387677535507101,12.5,40.48942643440523,78.8005997427065,3.5684507512528203,0.6046743011325918,16.79534315136455,GOOD,64-QAM,HIGH
57.62968250609613,698.5055331229441,4.015419845348689,0.8389677935587118,2.2,41.86095714793493,35.9251781209013,24.183626086975337,0.11050278765628711,31.707646582450508,GOOD,64-QAM,HIGH
57.62968250609613,698.5055331229441,4.015419845348689,0.8389677935587118,8.4,41.86095714793493,35.9251781209013,24.183626086975337,0.4210077208973029,19.760009544415965,GOOD,64-QAM,HIGH
57.62968250609613,698.5055331229441,4.015419845348689,0.8389677935587118,12.5,41.86095714793493,35.9251781209013,24.183626086975337,0.6256775477943958,16.102725178595392,GOOD,64-QAM,HIGH
20.86439488280302,1357.7543596854252,7.008194852857097,0.8391678335667133,2.2,4.664369236098426,34.17551084377854,38.96879098332273,0.05217315089644094,25.992949113338028,GOOD,64-QAM,HIGH
20.86439488280302,1357.7543596854252,7.008194852857097,0.8391678335667133,8.4,4.664369236098426,34.17551084377854,38.96879098332273,0.20166216368328804,14.206327995757647,GOOD,16-QAM,MEDIUM
20.86439488280302,1357.7543596854252,7.008194852857097,0.8391678335667133,12.5,4.664369236098426,34.17551084377854,38.96879098332273,0.2951396599751485,10.660235960542309,GOOD,16-QAM,MEDIUM
7.183619813899695,2142.6825200871426,7.441128690451386,0.839367873574715,2.2,36.938901445929886,39.217891223596,-1.1393045865453004,0.7322500956564575,21.350139754496766,GOOD,64-QAM,HIGH
7.183619813899695,2142.6825200871426,7.441128690451386,0.839367873574715,8.4,36.938901445929886,39.217891223596,-1.1393045865453004,2.7829404586104376,7.662317286749257,DEGRADED,QPSK,LOW
7.183619813899695,2142.6825200871426,7.441128690451386,0.839367873574715,12.5,36.938901445929886,39.217891223596,-1.1393045865453004,4.145930451348624,2.8467127550875944,DEGRADED,QPSK,LOW
29.18601778253937,1095.2725418143982,6.547808298484648,0.8395679135827165,2.2,47.99583448210455,75.86400668335835,6.299895926780135,0.2272090355878314,27.683893344748526,GOOD,64-QAM,HIGH
29.18601778253937,1095.2725418143982,6.547808298484648,0.8395679135827165,8.4,47.99583448210455,75.86400668335835,6.299895926780135,0.8716716958284519,15.402298579714383,GOOD,64-QAM,HIGH
29.18601778253937,1095.2725418143982,6.547808298484648,0.8395679135827165,12.5,47.99583448210455,75.86400668335835,6.299895926780135,1.294710144246191,11.526645592373157,GOOD,16-QAM,MEDIUM
42.65786503869765,844.5406352441069,5.515598331019468,0.8397679535907181,2.2,33.92736707090803,73.43972304868427,17.094047688634053,0.12491743702318367,30.044217934994407,GOOD,64-QAM,HIGH
42.65786503869765,844.5406352441069,5.515598331019468,0.8397679535907181,8.4,33.92736707090803,73.43972304868427,17.094047688634053,0.4753441220554495,18.056659145168624,GOOD,64-QAM,HIGH
42.65786503869765,844.5406352441069,5.515598331019468,0.8397679535907181,12.5,33.92736707090803,73.43972304868427,17.094047688634053,0.7146792258565293,14.364709502444057,GOOD,16-QAM,MEDIUM
57.45400527643579,699.7120346906077,4.034823566485349,0.8399679935987198,2.2,28.528070231230323,63.90106613436663,-1.4892682558997592,0.08651744816806374,31.7166420629825,GOOD,64-QAM,HIGH
57.45400527643579,699.7120346906077,4.034823566485349,0.8399679935987198,8.4,28.528070231230323,63.90106613436663,-1.4892682558997592,0.3281560244402156,19.837871381916827,GOOD,64-QAM,HIGH
57.45400527643579,699.7120346906077,4.034823566485349,0.8399679935987198,12.5,28.528070231230323,63.90106613436663,-1.4892682558997592,0.4876689821340317,16.225743885299536,GOOD,64-QAM,HIGH
77.24654309277246,613.8265687820585,1.6556721099465503,0.8401680336067213,2.2,47.28148388744985,58.09358424555794,-8.888968024003082,0.11008266818169436,32.830550066507435,GOOD,64-QAM,HIGH
77.24654309277246,613.8265687820585,1.6556721099465503,0.8401680336067213,8.4,47.28148388744985,58.09358424555794,-8.888968024003082,0.4194949416736703,20.884005688221933,GOOD,64-QAM,HIGH
77.24654309277246,613.8265687820585,1.6556721099465503,0.8401680336067213,12.5,47.28148388744985,58.09358424555794,-8.888968024003082,0.6249889121532235,17.225897178818897,GOOD,64-QAM,HIGH
21.68088592002408,1326.6739305129097,6.969419015172061,0.840368073614723,2.2,22.1468560867218,83.29954888215732,6.849156122062531,0.1663311992296894,26.079931279863217,GOOD,64-QAM,HIGH
21.68088592002408,1326.6739305129097,6.969419015172061,0.840368073614723,8.4,22.1468560867218,83.29954888215732,6.849156122062531,0.6311647532030504,13.977965621096331,GOOD,16-QAM,MEDIUM
21.68088592002408,1326.6739305129097,6.969419015172061,0.840368073614723,12.5,22.1468560867218,83.29954888215732,6.849156122062531,0.9433385341694016,10.2131773012065,GOOD,16-QAM,MEDIUM
15.671732141370551,1590.6670727085077,7.221188509814597,0.8405681136227245,2.2,29.964678315523933,76.00186943000895,33.268540075052904,0.27660120770290975,24.39335935307507,GOOD,64-QAM,HIGH
15.671732141370551,1590.6670727085077,7.221188509814597,0.8405681136227245,8.4,29.964678315523933,76.00186943000895,33.268540075052904,1.0568957360209408,11.975932719963524,GOOD,16-QAM,MEDIUM
15.671732141370551,1590.6670727085077,7.221188509814597,0.8405681136227245,12.5,29.964678315523933,76.00186943000895,33.268540075052904,1.5951678421891518,7.985046074871818,DEGRADED,QPSK,LOW
86.89579553531784,600.805639164194,0.4061406540704828,0.8407681536307261,2.2,23.81691467471831,78.71653507810831,-7.826580033814259,0.06536681754127588,33.06149955991398,GOOD,64-QAM,HIGH
86.89579553531784,600.805639164194,0.4061406540704828,0.8407681536307261,8.4,23.81691467471831,78.71653507810831,-7.826580033814259,0.24963955027494095,21.2400947223868,GOOD,64-QAM,HIGH
86.89579553531784,600.805639164194,0.4061406540704828,0.8407681536307261,12.5,23.81691467471831,78.71653507810831,-7.826580033814259,0.37242958298761175,17.664690150750644,GOOD,64-QAM,HIGH
14.183787546994605,1670.3415349012485,7.271360425724484,0.8409681936387278,2.2,46.64231106801496,78.79573808103925,11.446452950845874,0.4531012086719641,23.792339565611684,GOOD,64-QAM,HIGH
14.183787546994605,1670.3415349012485,7.271360425724484,0.8409681936387278,8.4,46.64231106801496,78.79573808103925,11.446452950845874,1.7268012210287809,10.881507448461349,GOOD,16-QAM,MEDIUM
14.183787546994605,1670.3415349012485,7.271360425724484,0.8409681936387278,12.5,46.64231106801496,78.79573808103925,11.446452950845874,2.570285038924759,6.585409091641878,DEGRADED,QPSK,LOW
45.67174095911108,806.8297141225958,5.240761422364717,0.8411682336467293,2.2,3.804236338275363,68.56302928473349,28.11003864630413,0.032529117811148,30.533379582965694,GOOD,64-QAM,HIGH
45.67174095911108,806.8297141225958,5.240761422364717,0.8411682336467293,8.4,3.804236338275363,68.56302928473349,28.11003864630413,0.1259208671669753,18.802855728816354,GOOD,64-QAM,HIGH
45.67174095911108,806.8297141225958,5.240761422364717,0.8411682336467293,12.5,3.804236338275363,68.56302928473349,28.11003864630413,0.1872074041500444,15.288954652909794,GOOD,64-QAM,HIGH
54.77291694743066,719.37686822039,4.326138800282297,0.841368273654731,2.2,25.05598504126741,57.48087745895676,37.65912984554426,0.07679560563407017,31.485621401175926,GOOD,64-QAM,HIGH
54.77291694743066,719.37686822039,4.326138800282297,0.841368273654731,8.4,25.05598504126741,57.48087745895676,37.65912984554426,0.29279977083345554,19.632485131183017,GOOD,64-QAM,HIGH
54.77291694743066,719.37686822039,4.326138800282297,0.841368273654731,12.5,25.05598504126741,57.48087745895676,37.65912984554426,0.43590248705052875,16.03676787604246,GOOD,64-QAM,HIGH
51.016825777132254,751.2395951804174,4.718191073887177,0.8415683136627325,2.2,34.347622069271914,81.88066515513901,39.27376995022161,0.10812540709479336,31.07785157673161,GOOD,64-QAM,HIGH
51.016825777132254,751.2395951804174,4.718191073887177,0.8415683136627325,8.4,34.347622069271914,81.88066515513901,39.27376995022161,0.41597770985574684,19.132867169177132,GOOD,64-QAM,HIGH
51.016825777132254,751.2395951804174,4.718191073887177,0.8415683136627325,12.5,34.347622069271914,81.88066515513901,39.27376995022161,0.6125045381066901,15.48372580200271,GOOD,64-QAM,HIGH
12.312733347800172,1780.0293461488257,7.327486550105235,0.8417683536707341,2.2,39.59532692111185,85.56044505619505,11.098469030437084,0.4461836220732259,23.246819515693062,GOOD,64-QAM,HIGH
12.312733347800172,1780.0293461488257,7.327486550105235,0.8417683536707341,8.4,39.59532692111185,85.56044505619505,11.098469030437084,1.7133137241672625,10.342557308805496,GOOD,16-QAM,MEDIUM
12.312733347800172,1780.0293461488257,7.327486550105235,0.8417683536707341,12.5,39.59532692111185,85.56044505619505,11.098469030437084,2.559488397433298,6.0437680966159775,DEGRADED,QPSK,LOW
9.847287690307644,1942.3108539540683,7.389503134358969,0.8419683936787358,2.2,29.150932372206817,31.42836259550058,37.51921471895588,0.40082108272721634,22.534350559180353,GOOD,64-QAM,HIGH
9.847287690307644,1942.3108539540683,7.389503134358969,0.8419683936787358,8.4,29.150932372206817,31.42836259550058,37.51921471895588,1.5449390529715417,9.753100484142507,DEGRADED,16-QAM,MEDIUM
9.847287690307644,1942.3108539540683,7.389503134358969,0.8419683936787358,12.5,29.150932372206817,31.42836259550058,37.51921471895588,2.271815327497309,5.5736096706932585,DEGRADED,QPSK,LOW
13.966091334188032,1682.54400761166,7.278290475335602,0.8421684336867373,2.2,45.4458872060727,33.09329239597508,-8.229051335956813,0.42541733448490837,23.756800405261146,GOOD,64-QAM,HIGH
13.966091334188032,1682.54400761166,7.278290475335602,0.8421684336867373,8.4,45.4458872060727,33.09329239597508,-8.229051335956813,1.6071445151495534,10.937941119802971,GOOD,16-QAM,MEDIUM
13.966091334188032,1682.54400761166,7.278290475335602,0.8421684336867373,12.5,45.4458872060727,33.09329239597508,-8.229051335956813,2.3794575369671693,6.713013559061878,DEGRADED,QPSK,LOW
54.77495312917206,719.3610088350897,4.325921072019997,0.842368473694739,2.2,47.09957234419358,87.52459781450624,27.295846899927817,0.13636829308640805,31.426240204991927,GOOD,64-QAM,HIGH
54.77495312917206,719.3610088350897,4.325921072019997,0.842368473694739,8.4,47.09957234419358,87.52459781450624,27.295846899927817,0.5179327173025434,19.407543675982268,GOOD,64-QAM,HIGH
54.77495312917206,719.3610088350897,4.325921072019997,0.842368473694739,12.5,47.09957234419358,87.52459781450624,27.295846899927817,0.7687642935663305,15.704097560794992,GOOD,64-QAM,HIGH
51.26931544891729,748.9262817879644,4.692453925377906,0.8425685137027406,2.2,3.215961159679176,46.62963683065169,22.137301731680644,0.021230024294406995,31.191534931529013,GOOD,64-QAM,HIGH
51.26931544891729,748.9262817879644,4.692453925377906,0.8425685137027406,8.4,3.215961159679176,46.62963683065169,22.137301731680644,0.07903991680688496,19.496592934223003,GOOD,64-QAM,HIGH
51.26931544891729,748.9262817879644,4.692453925377906,0.8425685137027406,12.5,3.215961159679176,46.62963683065169,22.137301731680644,0.11934951447836582,16.003668797628038,GOOD,64-QAM,HIGH
24.86796732312326,1217.3807986528495,6.804594475555263,0.8427685537107421,2.2,20.11852697706872,82.40216637896512,2.4760928793076147,0.13064635956830808,26.86237107424933,GOOD,64-QAM,HIGH
24.86796732312326,1217.3807986528495,6.804594475555263,0.8427685537107421,8.4,20.11852697706872,82.40216637896512,2.4760928793076147,0.48749071613274725,14.868394612891365,GOOD,16-QAM,MEDIUM
24.86796732312326,1217.3807986528495,6.804594475555263,0.8427685537107421,12.5,20.11852697706872,82.40216637896512,2.4760928793076147,0.7338051676937246,11.169465622406904,GOOD,16-QAM,MEDIUM
59.21080205687528,688.0763947316045,3.8391068610701136,0.8429685937187438,2.2,1.172951086057722,53.32770713768416,15.365925033982446,0.015237416465675401,31.933575784690852,GOOD,64-QAM,HIGH
59.21080205687528,688.0763947316045,3.8391068610701136,0.8429685937187438,8.4,1.172951086057722,53.32770713768416,15.365925033982446,0.058845861817964244,20.252835234545046,GOOD,64-QAM,HIGH
59.21080205687528,688.0763947316045,3.8391068610701136,0.8429685937187438,12.5,1.172951086057722,53.32770713768416,15.365925033982446,0.0866365073622839,16.772430050077233,GOOD,64-QAM,HIGH
74.7057376747302,620.0405811960509,1.9783234244529413,0.8431686337267453,2.2,16.470832868722145,37.14600345656134,-3.522313111975219,0.0427471694145841,32.81039692053892,GOOD,64-QAM,HIGH
74.7057376747302,620.0405811960509,1.9783234244529413,0.8431686337267453,8.4,16.470832868722145,37.14600345656134,-3.522313111975219,0.16433235861571457,21.05167962654427,GOOD,64-QAM,HIGH
74.7057376747302,620.0405811960509,1.9783234244529413,0.8431686337267453,12.5,16.470832868722145,37.14600345656134,-3.522313111975219,0.2443482770749913,17.519049169161505,GOOD,64-QAM,HIGH
8.53421158696047,2037.6777904872888,7.416955720081286,0.843368673734747,2.2,26.843410898530102,34.826592012560056,33.57985754757805,0.41847191180450455,22.100364233361674,GOOD,64-QAM,HIGH
8.53421158696047,2037.6777904872888,7.416955720081286,0.843368673734747,8.4,26.843410898530102,34.826592012560056,33.57985754757805,1.5931376667467754,9.288566373625883,DEGRADED,16-QAM,MEDIUM
8.53421158696047,2037.6777904872888,7.416955720081286,0.843368673734747,12.5,26.843410898530102,34.826592012560056,33.57985754757805,2.3767189693773183,5.052370532071848,DEGRADED,QPSK,LOW
47.3410452015836,788.0297746585584,5.082247666937337,0.8435687137427486,2.2,45.53974652549744,39.39047394482739,7.8949042772823965,0.13709622051351175,30.633597622245674,GOOD,64-QAM,HIGH
47.3410452015836,788.0297746585584,5.082247666937337,0.8435687137427486,8.4,45.53974652549744,39.39047394482739,7.8949042772823965,0.5218619055773033,18.611699832388354,GOOD,64-QAM,HIGH
47.3410452015836,788.0297746585584,5.082247666937337,0.8435687137427486,12.5,45.53974652549744,39.39047394482739,7.8949042772823965,0.7809328680409782,14.900014331001202,GOOD,16-QAM,MEDIUM
63.59138502872867,662.9427937406808,3.3357738977435383,0.8437687537507501,2.2,42.32771612327014,44.99359169204188,21.30222352328583,0.10459333273947664,32.167431967929055,GOOD,64-QAM,HIGH
63.59138502872867,662.9427937406808,3.3357738977435383,0.8437687537507501,8.4,42.32771612327014,44.99359169204188,21.30222352328583,0.4009380205631563,20.23395517531185,GOOD,64-QAM,HIGH
63.59138502872867,662.9427937406808,3.3357738977435383,0.8437687537507501,12.5,42.32771612327014,44.99359169204188,21.30222352328583,0.592624264808573,16.589654392142947,GOOD,64-QAM,HIGH
26.4465138009234,1169.5979918647545,6.715128763835918,0.8439687937587518,2.2,6.374986333599287,59.31110123584958,-2.061185685636887,0.061183990420069466,27.279630114040764,GOOD,64-QAM,HIGH
26.4465138009234,1169.5979918647545,6.715128763835918,0.8439687937587518,8.4,6.374986333599287,59.31110123584958,-2.061185685636887,0.23781846364848103,15.46586353601883,GOOD,64-QAM,HIGH
26.4465138009234,1169.5979918647545,6.715128763835918,0.8439687937587518,12.5,6.374986333599287,59.31110123584958,-2.061185685636887,0.34612006995092964,11.904947390792898,GOOD,16-QAM,MEDIUM
31.160526949917674,1047.6815505954914,6.417907079385474,0.8441688337667533,2.2,4.6515187370447855,72.08987403394701,0.3082422315603548,0.05164149935038443,28.24531896094058,GOOD,64-QAM,HIGH
31.160526949917674,1047.6815505954914,6.417907079385474,0.8441688337667533,8.4,4.6515187370447855,72.08987403394701,0.3082422315603548,0.1985723940726122,16.461255961424826,GOOD,64-QAM,HIGH
31.160526949917674,1047.6815505954914,6.417907079385474,0.8441688337667533,12.5,4.6515187370447855,72.08987403394701,0.3082422315603548,0.29504786642424125,12.912165950149713,GOOD,16-QAM,MEDIUM
57.15922175409762,701.758514309121,4.067297374529529,0.844368873774755,2.2,29.46336693783336,89.18391458911799,39.5978185401576,0.0910370546124804,31.686755517846684,GOOD,64-QAM,HIGH
57.15922175409762,701.758514309121,4.067297374529529,0.844368873774755,8.4,29.46336693783336,89.18391458911799,39.5978185401576,0.3460646696447968,19.794595798020836,GOOD,64-QAM,HIGH
57.15922175409762,701.758514309121,4.067297374529529,0.844368873774755,12.5,29.46336693783336,89.18391458911799,39.5978185401576,0.5100954177235613,16.177950511018594,GOOD,64-QAM,HIGH
81.32449994271764,606.3374333120328,1.131285913740959,0.8445689137827566,2.2,26.605898622939133,56.49040459735026,27.654319722066468,0.06631010698767319,32.980948656582214,GOOD,64-QAM,HIGH
81.32449994271764,606.3374333120328,1.131285913740959,0.8445689137827566,8.4,26.605898622939133,56.49040459735026,27.654319722066468,0.2536060118041501,21.15652064697221,GOOD,64-QAM,HIGH
81.32449994271764,606.3374333120328,1.131285913740959,0.8445689137827566,12.5,26.605898622939133,56.49040459735026,27.654319722066468,0.3766282354586401,17.58088388439424,GOOD,64-QAM,HIGH
73.84357572574645,622.4306012800707,2.0869551282759726,0.8447689537907581,2.2,13.318882071501193,61.09109654058659,38.09859348870354,0.04228980231034291,32.77743785661374,GOOD,64-QAM,HIGH
73.84357572574645,622.4306012800707,2.0869551282759726,0.8447689537907581,8.4,13.318882071501193,61.09109654058659,38.09859348870354,0.16166473358658376,21.020930820543967,GOOD,64-QAM,HIGH
73.84357572574645,622.4306012800707,2.0869551282759726,0.8447689537907581,12.5,13.318882071501193,61.09109654058659,38.09859348870354,0.24018593929993373,17.48979507590714,GOOD,64-QAM,HIGH
54.5660686234646,720.995568223032,4.348228507654939,0.8449689937987598,2.2,44.97265422769176,61.30894208299534,4.792558260602206,0.127205455220156,31.415689023744584,GOOD,64-QAM,HIGH
54.5660686234646,720.995568223032,4.348228507654939,0.8449689937987598,8.4,44.97265422769176,61.30894208299534,4.792558260602206,0.48049279484422025,19.425269579326994,GOOD,64-QAM,HIGH
54.5660686234646,720.995568223032,4.348228507654939,0.8449689937987598,12.5,44.97265422769176,61.30894208299534,4.792558260602206,0.7196490930006604,15.733498742247079,GOOD,64-QAM,HIGH
67.06884600936618,646.540684680147,2.9221858325966985,0.8451690338067613,2.2,46.36832047307768,62.36606132927616,-1.771856169008981,0.11288206802231504,32.376747139522564,GOOD,64-QAM,HIGH
67.06884600936618,646.540684680147,2.9221858325966985,0.8451690338067613,8.4,46.36832047307768,62.36606132927616,-1.771856169008981,0.4307667464482783,20.421730356303073,GOOD,64-QAM,HIGH
67.06884600936618,646.540684680147,2.9221858325966985,0.8451690338067613,12.5,46.36832047307768,62.36606132927616,-1.771856169008981,0.6430497591201382,16.75683280470774,GOOD,64-QAM,HIGH
36.00990996766289,948.500995394158,6.06686488513111,0.845369073814763,2.2,20.130571917008133,61.06443942626774,15.153423173941547,0.0925991955663301,29.068191368177757,GOOD,64-QAM,HIGH
36.00990996766289,948.500995394158,6.06686488513111,0.845369073814763,8.4,20.130571917008133,61.06443942626774,15.153423173941547,0.3548210742854247,17.16883738466514,GOOD,64-QAM,HIGH
36.00990996766289,948.500995394158,6.06686488513111,0.845369073814763,12.5,20.130571917008133,61.06443942626774,15.153423173941547,0.5235206694931543,13.547523250533928,GOOD,16-QAM,MEDIUM
59.482069888394406,686.362926819369,3.8085598191615695,0.8455691138227646,2.2,44.51512785567601,30.52648530371507,14.733414111367168,0.1157910372657274,31.854678996114636,GOOD,64-QAM,HIGH
59.482069888394406,686.362926819369,3.8085598191615695,0.8455691138227646,8.4,44.51512785567601,30.52648530371507,14.733414111367168,0.43877343619785203,19.894564492388994,GOOD,64-QAM,HIGH
59.482069888394406,686.362926819369,3.8085598191615695,0.8455691138227646,12.5,44.51512785567601,30.52648530371507,14.733414111367168,0.6564932398089056,16.22423014985445,GOOD,64-QAM,HIGH
44.62543524584234,819.3478922261938,5.337857024162698,0.8457691538307661,2.2,19.19744471314863,30.10348932659044,-1.2526743121006074,0.0721293271537562,30.360050239900836,GOOD,64-QAM,HIGH
44.62543524584234,819.3478922261938,5.337857024162698,0.8457691538307661,8.4,19.19744471314863,30.10348932659044,-1.2526743121006074,0.27509768645886024,18.519949775802203,GOOD,64-QAM,HIGH
44.62543524584234,819.3478922261938,5.337857024162698,0.8457691538307661,12.5,19.19744471314863,30.10348932659044,-1.2526743121006074,0.41624980456361166,14.926183118773977,GOOD,16-QAM,MEDIUM
21.14457159889268,1346.9369539947534,6.995049025708524,0.8459691938387678,2.2,36.84084159148501,35.859979087567375,26.660978479070508,0.22446349529630255,25.89013752425234,GOOD,64-QAM,HIGH
21.14457159889268,1346.9369539947534,6.995049025708524,0.8459691938387678,8.4,36.84084159148501,35.859979087567375,26.660978479070508,0.8588570156681514,13.618611899086972,GOOD,16-QAM,MEDIUM
21.14457159889268,1346.9369539947534,6.995049025708524,0.8459691938387678,12.5,36.84084159148501,35.859979087567375,26.660978479070508,1.2757961567373464,9.749058219094294,DEGRADED,16-QAM,MEDIUM
64.64775327956687,657.6465460609215,3.211365734582845,0.8461692338467693,2.2,23.797110877386206,36.09339620575073,8.088876721936703,0.06272756371698526,32.27896794872364,GOOD,64-QAM,HIGH
64.64775327956687,657.6465460609215,3.211365734582845,0.8461692338467693,8.4,23.797110877386206,36.09339620575073,8.088876721936703,0.24065319295618645,20.463910214690912,GOOD,64-QAM,HIGH
64.64775327956687,657.6465460609215,3.211365734582845,0.8461692338467693,12.5,23.797110877386206,36.09339620575073,8.088876721936703,0.35712693054372546,16.894821938179888,GOOD,64-QAM,HIGH
52.29949417464987,739.7527054463271,4.586505190010999,0.846369273854771,2.2,6.129157825359149,72.29381453728777,-0.6817384534741358,0.03686801638256423,31.2829471241593,GOOD,64-QAM,HIGH
52.29949417464987,739.7527054463271,4.586505190010999,0.846369273854771,8.4,6.129157825359149,72.29381453728777,-0.6817384534741358,0.14265149139277042,19.54003154435557,GOOD,64-QAM,HIGH
52.29949417464987,739.7527054463271,4.586505190010999,0.846369273854771,12.5,6.129157825359149,72.29381453728777,-0.6817384534741358,0.20987275006798378,16.02019574675687,GOOD,64-QAM,HIGH
35.482834466055266,958.2005798219792,6.10717093176628,0.8465693138627726,2.2,46.396710061851074,42.29496195095999,6.599169727164419,0.17622836606083817,28.896189431084863,GOOD,64-QAM,HIGH
35.482834466055266,958.2005798219792,6.10717093176628,0.8465693138627726,8.4,46.396710061851074,42.29496195095999,6.599169727164419,0.6734107592130957,16.761874933139083,GOOD,64-QAM,HIGH
35.482834466055266,958.2005798219792,6.10717093176628,0.8465693138627726,12.5,46.396710061851074,42.29496195095999,6.599169727164419,0.9959713262337209,12.986699827194983,GOOD,16-QAM,MEDIUM
82.46383115668361,604.7726079477725,0.9836402325816178,0.8467693538707741,2.2,22.70482966887683,83.68284628533678,18.18293498175076,0.0647198617689497,33.004984274256415,GOOD,64-QAM,HIGH
82.46383115668361,604.7726079477725,0.9836402325816178,0.8467693538707741,8.4,22.70482966887683,83.68284628533678,18.18293498175076,0.24755405434156127,21.18501797689028,GOOD,64-QAM,HIGH
82.46383115668361,604.7726079477725,0.9836402325816178,0.8467693538707741,12.5,22.70482966887683,83.68284628533678,18.18293498175076,0.3697022814164388,17.61025521089192,GOOD,64-QAM,HIGH
6.779400015272328,2175.5191531150203,7.447560109503302,0.8469693938787758,2.2,36.72435201612018,85.71637977462117,26.32354660902216,0.7758040730319645,21.174484087661455,GOOD,64-QAM,HIGH
6.779400015272328,2175.5191531150203,7.447560109503302,0.8469693938787758,8.4,36.72435201612018,85.71637977462117,26.32354660902216,2.979056060180598,7.334099995719299,DEGRADED,QPSK,LOW
6.779400015272328,2175.5191531150203,7.447560109503302,0.8469693938787758,12.5,36.72435201612018,85.71637977462117,26.32354660902216,4.393268251038761,2.4672732659376493,DEGRADED,QPSK,LOW
31.84071785620716,1032.3302441100468,6.371384937399212,0.8471694338867773,2.2,18.358690721564606,88.55360027375391,14.094544302874226,0.10340180502171396,28.321771558067447,GOOD,64-QAM,HIGH
31.84071785620716,1032.3302441100468,6.371384937399212,0.8471694338867773,8.4,18.358690721564606,88.55360027375391,14.094544302874226,0.3966187643055719,16.391422493990063,GOOD,64-QAM,HIGH
31.84071785620716,1032.3302441100468,6.371384937399212,0.8471694338867773,12.5,18.358690721564606,88.55360027375391,14.094544302874226,0.5826680042020339,12.752758715170117,GOOD,16-QAM,MEDIUM
9.834918811099955,1943.1792417493,7.389779862069201,0.847369473894779,2.2,0.944043928811733,86.3448782932212,16.279749491418674,0.12004794909932362,22.81124118610137,GOOD,64-QAM,HIGH
9.834918811099955,1943.1792417493,7.389779862069201,0.847369473894779,8.4,0.944043928811733,86.3448782932212,16.279749491418674,0.45102290391752686,10.843134126489645,GOOD,16-QAM,MEDIUM
9.834918811099955,1943.1792417493,7.389779862069201,0.847369473894779,12.5,0.944043928811733,86.3448782932212,16.279749491418674,0.6631341525595856,7.178408338924115,DEGRADED,QPSK,LOW
70.1548218788383,634.3445498424426,2.5460977942736776,0.8475695139027806,2.2,5.026517934591795,46.31329931511148,-3.05270320286258,0.020607516695581755,32.63443460986064,GOOD,64-QAM,HIGH
70.1548218788383,634.3445498424426,2.5460977942736776,0.8475695139027806,8.4,5.026517934591795,46.31329931511148,-3.05270320286258,0.07787571820319023,20.940034303559514,GOOD,64-QAM,HIGH
70.1548218788383,634.3445498424426,2.5460977942736776,0.8475695139027806,12.5,5.026517934591795,46.31329931511148,-3.05270320286258,0.11722390119673307,17.44807158164248,GOOD,64-QAM,HIGH
64.67913359967237,657.4935025547102,3.2076531787660088,0.8477695539107821,2.2,24.81097397449622,60.58661068221075,35.73454623541161,0.06914855742271127,32.2745685176829,GOOD,64-QAM,HIGH
64.67913359967237,657.4935025547102,3.2076531787660088,0.8477695539107821,8.4,24.81097397449622,60.58661068221075,35.73454623541161,0.2633379953764045,20.44324697493569,GOOD,64-QAM,HIGH
64.67913359967237,657.4935025547102,3.2076531787660088,0.8477695539107821,12.5,24.81097397449622,60.58661068221075,35.73454623541161,0.3927630920558605,16.86120733933275,GOOD,64-QAM,HIGH
33.16493859258695,1003.8637969931164,6.278244232229556,0.8479695939187838,2.2,34.49821785631812,40.52729821181646,36.43620989960222,0.15067667739306506,28.51737386087875,GOOD,64-QAM,HIGH
33.16493859258695,1003.8637969931164,6.278244232229556,0.8479695939187838,8.4,34.49821785631812,40.52729821181646,36.43620989960222,0.5713905265114921,16.459527906966798,GOOD,64-QAM,HIGH
33.16493859258695,1003.8637969931164,6.278244232229556,0.8479695939187838,12.5,34.49821785631812,40.52729821181646,36.43620989960222,0.8565914326756234,12.721712461879179,GOOD,16-QAM,MEDIUM
62.431346687601206,669.0892423898358,3.4710834093848377,0.8481696339267853,2.2,16.736766328963952,78.372579310346,24.171329520900187,0.05656498179987002,32.13530045469168,GOOD,64-QAM,HIGH
62.431346687601206,669.0892423898358,3.4710834093848377,0.8481696339267853,8.4,16.736766328963952,78.372579310346,24.171329520900187,0.21539842905806655,20.339334902639962,GOOD,64-QAM,HIGH
62.431346687601206,669.0892423898358,3.4710834093848377,0.8481696339267853,12.5,16.736766328963952,78.372579310346,24.171329520900187,0.321590237355267,16.78052855541928,GOOD,64-QAM,HIGH
38.65466422665574,903.2908491145572,5.856936686639108,0.8483696739347869,2.2,34.77442295888252,83.30590230864576,-9.118429553298764,0.13812678567459058,29.446867386129604,GOOD,64-QAM,HIGH
38.65466422665574,903.2908491145572,5.856936686639108,0.8483696739347869,8.4,34.77442295888252,83.30590230864576,-9.118429553298764,0.5246101063632443,17.423251960647434,GOOD,64-QAM,HIGH
38.65466422665574,903.2908491145572,5.856936686639108,0.8483696739347869,12.5,34.77442295888252,83.30590230864576,-9.118429553298764,0.7798633506595886,13.715384177427609,GOOD,16-QAM,MEDIUM
69.28157227090692,637.5820408715217,2.6533176544048365,0.8485697139427886,2.2,34.9317794715978,81.07733035785088,16.853710795166304,0.09020271941066703,32.520622153229894,GOOD,64-QAM,HIGH
69.28157227090692,637.5820408715217,2.6533176544048365,0.8485697139427886,8.4,34.9317794715978,81.07733035785088,16.853710795166304,0.345720455103905,20.62797231274314,GOOD,64-QAM,HIGH
69.28157227090692,637.5820408715217,2.6533176544048365,0.8485697139427886,12.5,34.9317794715978,81.07733035785088,16.853710795166304,0.5087384041693538,17.012339824754207,GOOD,64-QAM,HIGH
43.605611332620015,832.1272604766373,5.4307823941996825,0.8487697539507901,2.2,35.19679536639154,56.002016921810096,21.46094860443068,0.12018702283034038,30.177564366249108,GOOD,64-QAM,HIGH
43.605611332620015,832.1272604766373,5.4307823941996825,0.8487697539507901,8.4,35.19679536639154,56.002016921810096,21.46094860443068,0.4576884355761145,18.202930848709812,GOOD,64-QAM,HIGH
43.605611332620015,832.1272604766373,5.4307823941996825,0.8487697539507901,12.5,35.19679536639154,56.002016921810096,21.46094860443068,0.683662700227705,14.524342045134745,GOOD,16-QAM,MEDIUM
40.04377686569157,881.6755248507607,5.741648230583125,0.8489697939587918,2.2,24.62609270102542,75.52043308120686,39.7327111479055,0.10092535721887343,29.694445325832127,GOOD,64-QAM,HIGH
40.04377686569157,881.6755248507607,5.741648230583125,0.8489697939587918,8.4,24.62609270102542,75.52043308120686,39.7327111479055,0.38595810778934647,17.772280470468132,GOOD,64-QAM,HIGH
40.04377686569157,881.6755248507607,5.741648230583125,0.8489697939587918,12.5,24.62609270102542,75.52043308120686,39.7327111479055,0.5723027932327316,14.13332124610126,GOOD,16-QAM,MEDIUM
84.45204281650558,602.579276849272,0.7250915712696963,0.8491698339667934,2.2,45.7443075060752,35.85475017457617,39.80334775973984,0.10201962707453696,32.999242918820684,GOOD,64-QAM,HIGH
84.45204281650558,602.579276849272,0.7250915712696963,0.8491698339667934,8.4,45.7443075060752,35.85475017457617,39.80334775973984,0.3908960544111779,21.07323438669053,GOOD,64-QAM,HIGH
84.45204281650558,602.579276849272,0.7250915712696963,0.8491698339667934,12.5,45.7443075060752,35.85475017457617,39.80334775973984,0.5817806767816754,17.42973522539654,GOOD,64-QAM,HIGH
26.32472349070952,1173.1482599684075,6.722213691828577,0.8493698739747949,2.2,24.45982589903078,32.41468623715504,32.88056176627787,0.13535695697313238,27.17913141074522,GOOD,64-QAM,HIGH
26.32472349070952,1173.1482599684075,6.722213691828577,0.8493698739747949,8.4,24.45982589903078,32.41468623715504,32.88056176627787,0.5157505339494125,15.161605728975417,GOOD,64-QAM,HIGH
26.32472349070952,1173.1482599684075,6.722213691828577,0.8493698739747949,12.5,24.45982589903078,32.41468623715504,32.88056176627787,0.7738944852000202,11.45084723880133,GOOD,16-QAM,MEDIUM
15.23802389970806,1613.2335751495434,7.236317116225158,0.8495699139827966,2.2,22.513259674831907,75.19418485852566,-6.8084503986943234,0.23193959755311122,24.315661743808406,GOOD,64-QAM,HIGH
15.23802389970806,1613.2335751495434,7.236317116225158,0.8495699139827966,8.4,22.513259674831907,75.19418485852566,-6.8084503986943234,0.8926017411011492,12.017867495466845,GOOD,16-QAM,MEDIUM
15.23802389970806,1613.2335751495434,7.236317116225158,0.8495699139827966,12.5,22.513259674831907,75.19418485852566,-6.8084503986943234,1.3203280967457323,8.13752660089878,DEGRADED,16-QAM,MEDIUM
54.68616462705395,720.0539166948656,4.335410119294258,0.8497699539907981,2.2,9.96904095053135,55.52131645972102,37.663819538936494,0.03870538536737639,31.515540657163925,GOOD,64-QAM,HIGH
54.68616462705395,720.0539166948656,4.335410119294258,0.8497699539907981,8.4,9.96904095053135,55.52131645972102,37.663819538936494,0.14836690167199892,19.768747036065776,GOOD,64-QAM,HIGH
54.68616462705395,720.0539166948656,4.335410119294258,0.8497699539907981,12.5,9.96904095053135,55.52131645972102,37.663819538936494,0.220129789114962,16.244369609699334,GOOD,64-QAM,HIGH
87.39235404415521,600.568334834129,0.3412222309081251,0.8499699939987998,2.2,15.382754367816826,89.73295588437415,20.63306235759996,0.049789982822369606,33.080507797831224,GOOD,64-QAM,HIGH
87.39235404415521,600.568334834129,0.3412222309081251,0.8499699939987998,8.4,15.382754367816826,89.73295588437415,20.63306235759996,0.18958305183767107,21.303582624022397,GOOD,64-QAM,HIGH
87.39235404415521,600.568334834129,0.3412222309081251,0.8499699939987998,12.5,15.382754367816826,89.73295588437415,20.63306235759996,0.2827711968209082,17.757779940115682,GOOD,64-QAM,HIGH
37.11633316681087,928.9060555682316,5.98058956053211,0.8501700340068014,2.2,2.116724625915168,35.835252951331945,30.04433852395897,0.022356882789419316,29.31975361941621,GOOD,64-QAM,HIGH
37.11633316681087,928.9060555682316,5.98058956053211,0.8501700340068014,8.4,2.116724625915168,35.835252951331945,30.04433852395897,0.08419330682360776,17.620785090588498,GOOD,64-QAM,HIGH
37.11633316681087,928.9060555682316,5.98058956053211,0.8501700340068014,12.5,2.116724625915168,35.835252951331945,30.04433852395897,0.12508571370691274,14.127278144781712,GOOD,16-QAM,MEDIUM
10.27312490844643,1912.75353385318,7.37976598840318,0.8503700740148029,2.2,31.67676468080851,81.33766089211403,10.359642484292678,0.42726238250602044,22.641103740947685,GOOD,64-QAM,HIGH
10.27312490844643,1912.75353385318,7.37976598840318,0.8503700740148029,8.4,31.67676468080851,81.33766089211403,10.359642484292678,1.642270526079366,9.788963492580805,DEGRADED,16-QAM,MEDIUM
10.27312490844643,1912.75353385318,7.37976598840318,0.8503700740148029,12.5,31.67676468080851,81.33766089211403,10.359642484292678,2.4755396360118502,5.503079843724848,DEGRADED,QPSK,LOW
33.840947721313235,990.0192463408166,6.22940015911558,0.8505701140228046,2.2,12.426787196354644,58.7989839317395,5.98347356172949,0.0669473902728625,28.721726242779148,GOOD,64-QAM,HIGH
33.840947721313235,990.0192463408166,6.22940015911558,0.8505701140228046,8.4,12.426787196354644,58.7989839317395,5.98347356172949,0.25550545969472993,16.89603606856376,GOOD,64-QAM,HIGH
33.840947721313235,990.0192463408166,6.22940015911558,0.8505701140228046,12.5,12.426787196354644,58.7989839317395,5.98347356172949,0.3763094107543715,13.322617578580633,GOOD,16-QAM,MEDIUM
48.00419061716247,780.9406052200511,5.018071881800274,0.8507701540308061,2.2,15.207762724273255,79.62901173023262,13.1622072741904,0.06158858051327639,30.787597709519105,GOOD,64-QAM,HIGH
48.00419061716247,780.9406052200511,5.018071881800274,0.8507701540308061,8.4,15.207762724273255,79.62901173023262,13.1622072741904,0.23525337208359995,18.97680081315525,GOOD,64-QAM,HIGH
48.00419061716247,780.9406052200511,5.018071881800274,0.8507701540308061,12.5,15.207762724273255,79.62901173023262,13.1622072741904,0.34644394723752847,15.41299569907784,GOOD,64-QAM,HIGH
18.76345556373817,1444.2381262258414,7.101409614667545,0.8509701940388078,2.2,38.54072608321606,79.0276369302087,-2.656274351558654,0.2903223526894748,25.218447917167495,GOOD,64-QAM,HIGH
18.76345556373817,1444.2381262258414,7.101409614667545,0.8509701940388078,8.4,38.54072608321606,79.0276369302087,-2.656274351558654,1.1131597014049925,12.758478463658449,GOOD,16-QAM,MEDIUM
18.76345556373817,1444.2381262258414,7.101409614667545,0.8509701940388078,12.5,38.54072608321606,79.0276369302087,-2.656274351558654,1.6596255085369795,8.759398117602984,DEGRADED,16-QAM,MEDIUM
60.93868853480183,677.5274318229576,3.6430894621257743,0.8511702340468094,2.2,16.361059158072695,84.95952008172463,7.853306937665302,0.05741916218444224,32.02558954784011,GOOD,64-QAM,HIGH
60.93868853480183,677.5274318229576,3.6430894621257743,0.8511702340468094,8.4,16.361059158072695,84.95952008172463,7.853306937665302,0.2185088462472377,20.227367758983803,GOOD,64-QAM,HIGH
60.93868853480183,677.5274318229576,3.6430894621257743,0.8511702340468094,12.5,16.361059158072695,84.95952008172463,7.853306937665302,0.3248361460161217,16.668425920291426,GOOD,64-QAM,HIGH
89.80869806586705,600.0030565320067,0.0250413180939457,0.8513702740548109,2.2,12.109794600657109,47.871000677166165,32.88087498841393,0.03439867721292435,33.10407845094999,GOOD,64-QAM,HIGH
89.80869806586705,600.0030565320067,0.0250413180939457,0.8513702740548109,8.4,12.109794600657109,47.871000677166165,32.88087498841393,0.13202122954007572,21.369323793829324,GOOD,64-QAM,HIGH
89.80869806586705,600.0030565320067,0.0250413180939457,0.8513702740548109,12.5,12.109794600657109,47.871000677166165,32.88087498841393,0.19750235859152349,17.85122812585439,GOOD,64-QAM,HIGH
43.397855458422725,834.8032182480538,5.449502907558524,0.8515703140628126,2.2,8.452887456685287,86.98796120772019,-8.102475686955925,0.04759259342068146,30.22227149724825,GOOD,64-QAM,HIGH
43.397855458422725,834.8032182480538,5.449502907558524,0.8515703140628126,8.4,8.452887456685287,86.98796120772019,-8.102475686955925,0.18426070928183352,18.44847127659358,GOOD,64-QAM,HIGH
43.397855458422725,834.8032182480538,5.449502907558524,0.8515703140628126,12.5,8.452887456685287,86.98796120772019,-8.102475686955925,0.2701526605217885,14.909964786430137,GOOD,16-QAM,MEDIUM
35.15192732206808,964.4148962280242,6.132211894890597,0.8517703540708141,2.2,38.7429201090978,39.10001762145722,-2.4560976587697763,0.15648409082639028,28.859784096454653,GOOD,64-QAM,HIGH
35.15192732206808,964.4148962280242,6.132211894890597,0.8517703540708141,8.4,38.7429201090978,39.10001762145722,-2.4560976587697763,0.59529704555921,16.783839036928313,GOOD,64-QAM,HIGH
35.15192732206808,964.4148962280242,6.132211894890597,0.8517703540708141,12.5,38.7429201090978,39.10001762145722,-2.4560976587697763,0.8855046658591643,13.041016877704877,GOOD,16-QAM,MEDIUM
39.05985418092966,896.8423977984639,5.823660872922671,0.8519703940788158,2.2,6.485312899501344,34.918126655609434,-3.744192017525724,0.037329338226261194,29.609894422577106,GOOD,64-QAM,HIGH
39.05985418092966,896.8423977984639,5.823660872922671,0.8519703940788158,8.4,6.485312899501344,34.918126655609434,-3.744192017525724,0.14076716359246005,17.86932449241739,GOOD,64-QAM,HIGH
39.05985418092966,896.8423977984639,5.823660872922671,0.8519703940788158,12.5,6.485312899501344,34.918126655609434,-3.744192017525724,0.2113880449975277,14.34608907208883,GOOD,16-QAM,MEDIUM
14.787425163592095,1637.245534692861,7.251595714399167,0.8521704340868174,2.2,22.687688012517675,55.89693104234095,10.153777135011405,0.23750415602278627,24.18176593476224,GOOD,64-QAM,HIGH
14.787425163592095,1637.245534692861,7.251595714399167,0.8521704340868174,8.4,22.687688012517675,55.89693104234095,10.153777135011405,0.9030659668690815,11.879072019122432,GOOD,16-QAM,MEDIUM
14.787425163592095,1637.245534692861,7.251595714399167,0.8521704340868174,12.5,22.687688012517675,55.89693104234095,10.153777135011405,1.3468323818097645,7.982691065258265,DEGRADED,QPSK,LOW
80.07825612122902,608.3098624699014,1.292272043413001,0.8523704740948189,2.2,25.34650580385972,79.69937811851057,39.849345044543085,0.0695264224779697,32.94952280717589,GOOD,64-QAM,HIGH
80.07825612122902,608.3098624699014,1.292272043413001,0.8523704740948189,8.4,25.34650580385972,79.69937811851057,39.849345044543085,0.26554363339618997,21.116373491464145,GOOD,64-QAM,HIGH
80.07825612122902,608.3098624699014,1.292272043413001,0.8523704740948189,12.5,25.34650580385972,79.69937811851057,39.849345044543085,0.3964800934340848,17.532822492502774,GOOD,64-QAM,HIGH
40.26018071931492,878.430623737363,5.723382373921618,0.8525705141028206,2.2,34.36949563428573,58.405267838006736,-1.3321034894308657,0.1283512818235752,29.699045747947075,GOOD,64-QAM,HIGH
40.26018071931492,878.430623737363,5.723382373921618,0.8525705141028206,8.4,34.36949563428573,58.405267838006736,-1.3321034894308657,0.48947718301176574,17.700787741965357,GOOD,64-QAM,HIGH
40.26018071931492,878.430623737363,5.723382373921618,0.8525705141028206,12.5,34.36949563428573,58.405267838006736,-1.3321034894308657,0.727127747556703,14.010522638496937,GOOD,16-QAM,MEDIUM
37.91832497111151,915.3234540321388,5.916656827348851,0.8527705541108221,2.2,31.66417411664977,79.75720065183084,-2.725867520036992,0.1299779131292703,29.340076655147776,GOOD,64-QAM,HIGH
37.91832497111151,915.3234540321388,5.916656827348851,0.8527705541108221,8.4,31.66417411664977,79.75720065183084,-2.725867520036992,0.49173253918142235,17.3411899243021,GOOD,64-QAM,HIGH
37.91832497111151,915.3234540321388,5.916656827348851,0.8527705541108221,12.5,31.66417411664977,79.75720065183084,-2.725867520036992,0.7318564298686967,13.648451494691344,GOOD,16-QAM,MEDIUM
61.07367319909032,676.7391646320066,3.6276344914196974,0.8529705941188238,2.2,40.53603364725874,73.78120834765832,35.75278648880772,0.10932257440873219,31.98379759020984,GOOD,64-QAM,HIGH
61.07367319909032,676.7391646320066,3.6276344914196974,0.8529705941188238,8.4,40.53603364725874,73.78120834765832,35.75278648880772,0.4170667972095213,20.03892126261553,GOOD,64-QAM,HIGH
61.07367319909032,676.7391646320066,3.6276344914196974,0.8529705941188238,12.5,40.53603364725874,73.78120834765832,35.75278648880772,0.6213360384702332,16.38203748243133,GOOD,64-QAM,HIGH
42.5728407791455,845.6804269785589,5.5231339176418,0.8531706341268254,2.2,2.237571696311908,42.565703168336015,34.102525848298285,0.019952018008995903,30.137468783722213,GOOD,64-QAM,HIGH
42.5728407791455,845.6804269785589,5.5231339176418,0.8531706341268254,8.4,2.237571696311908,42.565703168336015,34.102525848298285,0.07550528186865693,18.444783415069026,GOOD,64-QAM,HIGH
42.5728407791455,845.6804269785589,5.5231339176418,0.8531706341268254,12.5,2.237571696311908,42.565703168336015,34.102525848298285,0.11360710060859593,14.95406705740561,GOOD,16-QAM,MEDIUM
60.09984484866691,682.541221264637,3.7386756541732287,0.8533706741348269,2.2,14.82203623896986,86.93289749396783,-8.387981500172279,0.05405315296427553,31.9649155265286,GOOD,64-QAM,HIGH
60.09984484866691,682.541221264637,3.7386756541732287,0.8533706741348269,8.4,14.82203623896986,86.93289749396783,-8.387981500172279,0.2057910592462529,20.176045515453097,GOOD,64-QAM,HIGH
60.09984484866691,682.541221264637,3.7386756541732287,0.8533706741348269,12.5,14.82203623896986,86.93289749396783,-8.387981500172279,0.3075420300026998,16.62168000577317,GOOD,64-QAM,HIGH
10.222934661116938,1916.203095871936,7.380934835219801,0.8535707141428286,2.2,14.006705938768988,33.6468701177642,27.58529800896575,0.22434268360275184,22.828372950175336,GOOD,64-QAM,HIGH
10.222934661116938,1916.203095871936,7.380934835219801,0.8535707141428286,8.4,14.006705938768988,33.6468701177642,27.58529800896575,0.8588544724417079,10.556729056542864,GOOD,16-QAM,MEDIUM
10.222934661116938,1916.203095871936,7.380934835219801,0.8535707141428286,12.5,14.006705938768988,33.6468701177642,27.58529800896575,1.2746667838082488,6.6883022062528426,DEGRADED,QPSK,LOW
74.16648421638934,621.518431403706,2.046322951558206,0.8537707541508301,2.2,7.3008452796054115,83.89678245262769,22.77328507382148,0.03356753268557085,32.79889860360242,GOOD,64-QAM,HIGH
74.16648421638934,621.518431403706,2.046322951558206,0.8537707541508301,8.4,7.3008452796054115,83.89678245262769,22.77328507382148,0.12850573367299103,21.066828297821473,GOOD,64-QAM,HIGH
74.16648421638934,621.518431403706,2.046322951558206,0.8537707541508301,12.5,7.3008452796054115,83.89678245262769,22.77328507382148,0.1905249828985583,17.552194509672432,GOOD,64-QAM,HIGH
84.94283599474922,602.1419114441969,0.6611220207019385,0.8539707941588318,2.2,14.458912692822157,48.266606939422445,28.38704049263545,0.03941505631880061,33.06815418998778,GOOD,64-QAM,HIGH
84.94283599474922,602.1419114441969,0.6611220207019385,0.8539707941588318,8.4,14.458912692822157,48.266606939422445,28.38704049263545,0.15064711296014496,21.319790028552916,GOOD,64-QAM,HIGH
84.94283599474922,602.1419114441969,0.6611220207019385,0.8539707941588318,12.5,14.458912692822157,48.266606939422445,28.38704049263545,0.22481981589442707,17.793002786695155,GOOD,64-QAM,HIGH
60.14505782354781,682.2658676910532,3.733543887645944,0.8541708341668334,2.2,15.488265707145173,60.00888498986396,14.725122739796106,0.0517115209635367,31.97076196269309,GOOD,64-QAM,HIGH
60.14505782354781,682.2658676910532,3.733543887645944,0.8541708341668334,8.4,15.488265707145173,60.00888498986396,14.725122739796106,0.19612158881137726,20.189219790051723,GOOD,64-QAM,HIGH
60.14505782354781,682.2658676910532,3.733543887645944,0.8541708341668334,12.5,15.488265707145173,60.00888498986396,14.725122739796106,0.2922559181025211,16.640470921837093,GOOD,64-QAM,HIGH
86.13810395299892,601.2476377697358,0.5051383221104071,0.8543708741748349,2.2,26.09422309637392,55.34111236204407,39.56896092241478,0.06505733055007108,33.05542139112553,GOOD,64-QAM,HIGH
86.13810395299892,601.2476377697358,0.5051383221104071,0.8543708741748349,8.4,26.09422309637392,55.34111236204407,39.56896092241478,0.2494907338616078,21.233855883020468,GOOD,64-QAM,HIGH
86.13810395299892,601.2476377697358,0.5051383221104071,0.8543708741748349,12.5,26.09422309637392,55.34111236204407,39.56896092241478,0.36879828335228604,17.6619337946063,GOOD,64-QAM,HIGH
17.871746721446883,1483.9959380705627,7.138093872306493,0.8545709141828366,2.2,33.1852239463128,40.31007341501497,-7.807649064451841,0.2503623954812125,25.02252974382307,GOOD,64-QAM,HIGH
17.871746721446883,1483.9959380705627,7.138093872306493,0.8545709141828366,8.4,33.1852239463128,40.31007341501497,-7.807649064451841,0.9532788636741446,12.68248117083661,GOOD,16-QAM,MEDIUM
17.871746721446883,1483.9959380705627,7.138093872306493,0.8545709141828366,12.5,33.1852239463128,40.31007341501497,-7.807649064451841,1.4237494683568737,8.759396027230395,DEGRADED,16-QAM,MEDIUM
45.58037610583006,807.8996343799454,5.249310056114427,0.8547709541908382,2.2,19.055025680590703,51.48881198410159,1.7185793201902868,0.06994971629050409,30.484448435494947,GOOD,64-QAM,HIGH
45.58037610583006,807.8996343799454,5.249310056114427,0.8547709541908382,8.4,19.055025680590703,51.48881198410159,1.7185793201902868,0.26649306690591423,18.650772980086018,GOOD,64-QAM,HIGH
45.58037610583006,807.8996343799454,5.249310056114427,0.8547709541908382,12.5,19.055025680590703,51.48881198410159,1.7185793201902868,0.39858293691463437,15.066068571153806,GOOD,64-QAM,HIGH
56.15357238536302,708.9512761617207,4.177265938166635,0.8549709941988398,2.2,35.97351156566906,41.57606617756772,9.827299348680754,0.09641975330706154,31.59279885807493,GOOD,64-QAM,HIGH
56.15357238536302,708.9512761617207,4.177265938166635,0.8549709941988398,8.4,35.97351156566906,41.57606617756772,9.827299348680754,0.36768416409329335,19.684402342495176,GOOD,64-QAM,HIGH
56.15357238536302,708.9512761617207,4.177265938166635,0.8549709941988398,12.5,35.97351156566906,41.57606617756772,9.827299348680754,0.5443800937320356,16.055091873932952,GOOD,64-QAM,HIGH
54.44761503080087,721.9293411792423,4.360852880456882,0.8551710342068414,2.2,16.808266928979,42.23318852763143,12.48889707828516,0.05273559727286069,31.47891692457543,GOOD,64-QAM,HIGH
54.44761503080087,721.9293411792423,4.360852880456882,0.8551710342068414,8.4,16.808266928979,42.23318852763143,12.48889707828516,0.20252450757023963,19.69199590948452,GOOD,64-QAM,HIGH
54.44761503080087,721.9293411792423,4.360852880456882,0.8551710342068414,12.5,16.808266928979,42.23318852763143,12.48889707828516,0.29956406333656416,16.14234181479472,GOOD,64-QAM,HIGH
39.124251222568674,895.828601205138,5.818345465464519,0.8553710742148429,2.2,14.514183865738016,41.22341016158282,36.068370134975936,0.06064842707025662,29.596399474658845,GOOD,64-QAM,HIGH
39.124251222568674,895.828601205138,5.818345465464519,0.8553710742148429,8.4,14.514183865738016,41.22341016158282,36.068370134975936,0.230204378883221,17.789711418052363,GOOD,64-QAM,HIGH
39.124251222568674,895.828601205138,5.818345465464519,0.8553710742148429,12.5,14.514183865738016,41.22341016158282,36.068370134975936,0.3445088963842037,14.222792361627896,GOOD,16-QAM,MEDIUM
33.73717479613222,992.115377595896,6.236954635818026,0.8555711142228446,2.2,27.059402792851216,59.34104282079566,18.000218203862943,0.12066459955722657,28.64963816068353,GOOD,64-QAM,HIGH
33.73717479613222,992.115377595896,6.236954635818026,0.8555711142228446,8.4,27.059402792851216,59.34104282079566,18.000218203862943,0.4567382335470584,16.676432421900174,GOOD,64-QAM,HIGH
33.73717479613222,992.115377595896,6.236954635818026,0.8555711142228446,12.5,27.059402792851216,59.34104282079566,18.000218203862943,0.6865417815178405,12.9940143350059,GOOD,16-QAM,MEDIUM
15.780041916785596,1585.113574237353,7.217345847680595,0.8557711542308462,2.2,1.1858180152895303,77.87588205067894,-7.744450223980306,0.07262282718441866,24.627715854350228,GOOD,64-QAM,HIGH
15.780041916785596,1585.113574237353,7.217345847680595,0.8557711542308462,8.4,1.1858180152895303,77.87588205067894,-7.744450223980306,0.2789653674937504,12.78424120924737,GOOD,16-QAM,MEDIUM
15.780041916785596,1585.113574237353,7.217345847680595,0.8557711542308462,12.5,1.1858180152895303,77.87588205067894,-7.744450223980306,0.40849562539578244,9.202096412421852,DEGRADED,16-QAM,MEDIUM
38.29810829779365,909.0660950984447,5.88597624748186,0.8559711942388478,2.2,3.989456181700018,64.13820202567446,10.393148171283094,0.036268347148800624,29.49336882756733,GOOD,64-QAM,HIGH
38.29810829779365,909.0660950984447,5.88597624748186,0.8559711942388478,8.4,3.989456181700018,64.13820202567446,10.393148171283094,0.13887508669433732,17.753629983228265,GOOD,64-QAM,HIGH
38.29810829779365,909.0660950984447,5.88597624748186,0.8559711942388478,12.5,3.989456181700018,64.13820202567446,10.393148171283094,0.20640349519509535,14.233487035804032,GOOD,16-QAM,MEDIUM
18.82616928396624,1441.5130944225457,7.098764772690028,0.8561712342468494,2.2,20.89847717932636,83.59239531305052,10.824520618453494,0.17356361568395262,25.351610932109196,GOOD,64-QAM,HIGH
18.82616928396624,1441.5130944225457,7.098764772690028,0.8561712342468494,8.4,20.89847717932636,83.59239531305052,10.824520618453494,0.6636380120680446,13.224404430931571,GOOD,16-QAM,MEDIUM
18.82616928396624,1441.5130944225457,7.098764772690028,0.8561712342468494,12.5,20.89847717932636,83.59239531305052,10.824520618453494,0.9726707167501839,9.462757187325948,DEGRADED,16-QAM,MEDIUM
67.42108250183855,645.0403746090724,2.879666948080759,0.8563712742548509,2.2,47.145635569587824,68.19266931460345,38.27454692188924,0.11821653842756054,32.39159186494527,GOOD,64-QAM,HIGH
67.42108250183855,645.0403746090724,2.879666948080759,0.8563712742548509,8.4,47.145635569587824,68.19266931460345,38.27454692188924,0.45140892707808916,20.421267371501216,GOOD,64-QAM,HIGH
67.42108250183855,645.0403746090724,2.879666948080759,0.8563712742548509,12.5,47.145635569587824,68.19266931460345,38.27454692188924,0.6734859834796894,16.74657577617613,GOOD,64-QAM,HIGH
22.75062951704015,1287.9342934967954,6.916475420740214,0.8565713142628526,2.2,36.075588992171184,71.36040693795627,19.959854551055408,0.21908915309765362,26.284583086436783,GOOD,64-QAM,HIGH
22.75062951704015,1287.9342934967954,6.916475420740214,0.8565713142628526,8.4,36.075588992171184,71.36040693795627,19.959854551055408,0.836249170066167,14.030290964674748,GOOD,16-QAM,MEDIUM
22.75062951704015,1287.9342934967954,6.916475420740214,0.8565713142628526,12.5,36.075588992171184,71.36040693795627,19.959854551055408,1.2504910862672465,10.163434509550186,GOOD,16-QAM,MEDIUM
9.978050949185375,1933.1644946349231,7.386556518369768,0.8567713542708542,2.2,4.406328475027888,70.05643378362018,21.78255355794694,0.11623216367615813,22.859938018017857,GOOD,64-QAM,HIGH
9.978050949185375,1933.1644946349231,7.386556518369768,0.8567713542708542,8.4,4.406328475027888,70.05643378362018,21.78255355794694,0.4536585674612391,10.885379509439261,GOOD,16-QAM,MEDIUM
9.978050949185375,1933.1644946349231,7.386556518369768,0.8567713542708542,12.5,4.406328475027888,70.05643378362018,21.78255355794694,0.6750095241994915,7.211414013777514,DEGRADED,QPSK,LOW
51.95112171446492,742.807909565955,4.622501197198885,0.8569713942788558,2.2,42.31590063904368,56.96755159102448,25.66265156256354,0.12178242965625913,31.162233562976645,GOOD,64-QAM,HIGH
51.95112171446492,742.807909565955,4.622501197198885,0.8569713942788558,8.4,42.31590063904368,56.96755159102448,25.66265156256354,0.46331767422557446,19.1835662136138,GOOD,64-QAM,HIGH
51.95112171446492,742.807909565955,4.622501197198885,0.8569713942788558,12.5,42.31590063904368,56.96755159102448,25.66265156256354,0.6918916472750354,15.502377701640853,GOOD,64-QAM,HIGH
55.594527281149134,713.0944142427943,4.237843598872912,0.8571714342868574,2.2,36.61503853040905,71.36032933200497,28.50196578410616,0.10789363413951364,31.530712057846472,GOOD,64-QAM,HIGH
55.594527281149134,713.0944142427943,4.237843598872912,0.8571714342868574,8.4,36.61503853040905,71.36032933200497,28.50196578410616,0.41152256236850443,19.58995102482396,GOOD,64-QAM,HIGH
55.594527281149134,713.0944142427943,4.237843598872912,0.8571714342868574,12.5,36.61503853040905,71.36032933200497,28.50196578410616,0.6130295551610372,15.935829493107946,GOOD,64-QAM,HIGH
79.11261020884297,610.028018927328,1.4165948958673231,0.8573714742948589,2.2,30.54732628513266,34.18246478813767,21.75255351012446,0.07147436548494754,32.92307636093524,GOOD,64-QAM,HIGH
79.11261020884297,610.028018927328,1.4165948958673231,0.8573714742948589,8.4,30.54732628513266,34.18246478813767,21.75255351012446,0.27285018830533514,21.084568433321323,GOOD,64-QAM,HIGH
79.11261020884297,610.028018927328,1.4165948958673231,0.8573714742948589,12.5,30.54732628513266,34.18246478813767,21.75255351012446,0.40779888257127095,17.49700520013191,GOOD,64-QAM,HIGH
54.04343705550296,725.1531807511255,4.403788138264441,0.8575715143028606,2.2,41.01464803045887,81.59108831493978,1.859717556696776,0.1192263491537007,31.37372490910503,GOOD,64-QAM,HIGH
54.04343705550296,725.1531807511255,4.403788138264441,0.8575715143028606,8.4,41.01464803045887,81.59108831493978,1.859717556696776,0.45706520130559997,19.39875395215961,GOOD,64-QAM,HIGH
54.04343705550296,725.1531807511255,4.403788138264441,0.8575715143028606,12.5,41.01464803045887,81.59108831493978,1.859717556696776,0.680670827853343,15.722533786688373,GOOD,64-QAM,HIGH
34.36587256649288,979.5744064182328,6.190873999663322,0.8577715543108622,2.2,20.205492387147856,76.66872860663504,33.702295717058206,0.09957453008948847,28.781223259826014,GOOD,64-QAM,HIGH
34.36587256649288,979.5744064182328,6.190873999663322,0.8577715543108622,8.4,20.205492387147856,76.66872860663504,33.702295717058206,0.37956487708162506,16.864100808040362,GOOD,64-QAM,HIGH
34.36587256649288,979.5744064182328,6.190873999663322,0.8577715543108622,12.5,20.205492387147856,76.66872860663504,33.702295717058206,0.5662944353621392,13.22475671083636,GOOD,16-QAM,MEDIUM
73.25600992973725,624.1432080452678,2.1607186796772577,0.8579715943188638,2.2,11.075052542692635,44.71379749390073,26.605990020531507,0.034120994379181875,32.76174041193531,GOOD,64-QAM,HIGH
73.25600992973725,624.1432080452678,2.1607186796772577,0.8579715943188638,8.4,11.075052542692635,44.71379749390073,26.605990020531507,0.129929076037486,21.02880022548348,GOOD,64-QAM,HIGH
73.25600992973725,624.1432080452678,2.1607186796772577,0.8579715943188638,12.5,11.075052542692635,44.71379749390073,26.605990020531507,0.19481110900342072,17.511303653594055,GOOD,64-QAM,HIGH
50.92370592093079,752.0993400076213,4.727660003049077,0.8581716343268654,2.2,25.601169455437965,76.08194725524494,27.0935242548478,0.08762324081093036,31.088418991343303,GOOD,64-QAM,HIGH
50.92370592093079,752.0993400076213,4.727660003049077,0.8581716343268654,8.4,25.601169455437965,76.08194725524494,27.0935242548478,0.33500189677053915,19.203908230590173,GOOD,64-QAM,HIGH
50.92370592093079,752.0993400076213,4.727660003049077,0.8581716343268654,12.5,25.601169455437965,76.08194725524494,27.0935242548478,0.49930882276232763,15.586986765674894,GOOD,64-QAM,HIGH
11.7388241936513,1815.9357959693,7.343138813427348,0.8583716743348669,2.2,27.44208777967369,30.75855608400111,39.82783696173746,0.3182337777127302,23.201302814092955,GOOD,64-QAM,HIGH
11.7388241936513,1815.9357959693,7.343138813427348,0.8583716743348669,8.4,27.44208777967369,30.75855608400111,39.82783696173746,1.2143695315989347,10.668034955413233,GOOD,16-QAM,MEDIUM
11.7388241936513,1815.9357959693,7.343138813427348,0.8583716743348669,12.5,27.44208777967369,30.75855608400111,39.82783696173746,1.8016094194010384,6.6281805286876505,DEGRADED,QPSK,LOW
53.097297626625966,732.932386852819,4.503434565264357,0.8585717143428686,2.2,26.916318600495604,43.03479434885283,30.1263267431658,0.07951623302278632,31.320751895666916,GOOD,64-QAM,HIGH
53.097297626625966,732.932386852819,4.503434565264357,0.8585717143428686,8.4,26.916318600495604,43.03479434885283,30.1263267431658,0.30157880610342275,19.46155721779276,GOOD,64-QAM,HIGH
53.097297626625966,732.932386852819,4.503434565264357,0.8585717143428686,12.5,26.916318600495604,43.03479434885283,30.1263267431658,0.45210881989855184,15.858412665074141,GOOD,64-QAM,HIGH
82.1815763608413,605.1392162770662,1.020256076361855,0.8587717543508702,2.2,28.253689574005264,33.908234320253754,31.45757015775765,0.06643256813418003,32.99800784615159,GOOD,64-QAM,HIGH
82.1815763608413,605.1392162770662,1.020256076361855,0.8587717543508702,8.4,28.253689574005264,33.908234320253754,31.45757015775765,0.25435938561790106,21.172948923874344,GOOD,64-QAM,HIGH
82.1815763608413,605.1392162770662,1.020256076361855,0.8587717543508702,12.5,28.253689574005264,33.908234320253754,31.45757015775765,0.3789495702109136,17.595744200357842,GOOD,64-QAM,HIGH
38.68657316734875,902.7786402530955,5.854326800971008,0.8589717943588718,2.2,47.43524591195904,76.81361499707367,37.57027578550792,0.17757709632781488,29.412343784872427,GOOD,64-QAM,HIGH
38.68657316734875,902.7786402530955,5.854326800971008,0.8589717943588718,8.4,47.43524591195904,76.81361499707367,37.57027578550792,0.675941201107985,17.27684757529873,GOOD,64-QAM,HIGH
38.68657316734875,902.7786402530955,5.854326800971008,0.8589717943588718,12.5,47.43524591195904,76.81361499707367,37.57027578550792,1.0057678876048115,13.494406349878432,GOOD,16-QAM,MEDIUM
30.187693161483004,1070.548385673026,6.482871210830494,0.8591718343668734,2.2,45.11228115481157,75.35244907070323,-2.4433000075553064,0.20595492796036757,27.903465437168272,GOOD,64-QAM,HIGH
30.187693161483004,1070.548385673026,6.482871210830494,0.8591718343668734,8.4,45.11228115481157,75.35244907070323,-2.4433000075553064,0.7845670968674225,15.6877211634677,GOOD,64-QAM,HIGH
30.187693161483004,1070.548385673026,6.482871210830494,0.8591718343668734,12.5,45.11228115481157,75.35244907070323,-2.4433000075553064,1.168120679441182,11.851553041970448,GOOD,16-QAM,MEDIUM
17.194903846531705,1515.4749816324588,7.1647849499608345,0.8593718743748749,2.2,43.78585182794697,78.81816142810985,14.886368823903393,0.3392525606350514,24.751318399526383,GOOD,64-QAM,HIGH
17.194903846531705,1515.4749816324588,7.1647849499608345,0.8593718743748749,8.4,43.78585182794697,78.81816142810985,14.886368823903393,1.2931251281143978,12.160313727253524,GOOD,16-QAM,MEDIUM
17.194903846531705,1515.4749816324588,7.1647849499608345,0.8593718743748749,12.5,43.78585182794697,78.81816142810985,14.886368823903393,1.9227197804446459,8.078104535999785,DEGRADED,16-QAM,MEDIUM
17.87286936450537,1483.944674017665,7.138048772727251,0.8595719143828766,2.2,40.07084054543136,30.26890159953173,19.02835117953938,0.29313179023987845,24.98006040487016,GOOD,64-QAM,HIGH
17.87286936450537,1483.944674017665,7.138048772727251,0.8595719143828766,8.4,40.07084054543136,30.26890159953173,19.02835117953938,1.122069275505143,12.513990814811365,GOOD,16-QAM,MEDIUM
17.87286936450537,1483.944674017665,7.138048772727251,0.8595719143828766,12.5,40.07084054543136,30.26890159953173,19.02835117953938,1.6621073805804742,8.521338170812541,DEGRADED,16-QAM,MEDIUM
41.78557616905461,856.44498579021,5.5923282837727895,0.8597719543908782,2.2,47.17140536326427,60.07396360070448,6.463786461122883,0.1595625371859858,29.887994425268467,GOOD,64-QAM,HIGH
41.78557616905461,856.44498579021,5.5923282837727895,0.8597719543908782,8.4,47.17140536326427,60.07396360070448,6.463786461122883,0.6074246541335446,17.80300020352739,GOOD,64-QAM,HIGH
41.78557616905461,856.44498579021,5.5923282837727895,0.8597719543908782,12.5,47.17140536326427,60.07396360070448,6.463786461122883,0.9043569244587581,14.05345339427869,GOOD,16-QAM,MEDIUM
55.63278505373001,712.8075227120535,4.233710813477983,0.8599719943988797,2.2,4.924732083970163,72.29017185104018,31.97016719472528,0.030908220893775075,31.61119267387322,GOOD,64-QAM,HIGH
55.63278505373001,712.8075227120535,4.233710813477983,0.8599719943988797,8.4,4.924732083970163,72.29017185104018,31.97016719472528,0.11709349956586257,19.887875290407607,GOOD,64-QAM,HIGH
55.63278505373001,712.8075227120535,4.233710813477983,0.8599719943988797,12.5,4.924732083970163,72.29017185104018,31.97016719472528,0.17393385686658588,16.378420394183408,GOOD,64-QAM,HIGH
11.85230943941615,1808.7482824162223,7.340102112579156,0.8601720344068814,2.2,13.256163072286975,39.32406772434093,28.12098108228617,0.18201460999317354,23.37196913912048,GOOD,64-QAM,HIGH
11.85230943941615,1808.7482824162223,7.340102112579156,0.8601720344068814,8.4,13.256163072286975,39.32406772434093,28.12098108228617,0.6929354904461454,11.223916153873986,GOOD,16-QAM,MEDIUM
11.85230943941615,1808.7482824162223,7.340102112579156,0.8601720344068814,12.5,13.256163072286975,39.32406772434093,28.12098108228617,1.0246400141992005,7.439597091197442,DEGRADED,QPSK,LOW
84.86333006713909,602.2099822841574,0.6714881693977985,0.860372074414883,2.2,24.752797282729244,68.98744365075748,26.044153725406204,0.06689895082339804,33.03968842995505,GOOD,64-QAM,HIGH
84.86333006713909,602.2099822841574,0.6714881693977985,0.860372074414883,8.4,24.752797282729244,68.98744365075748,26.044153725406204,0.25615028920759747,21.21330498677733,GOOD,64-QAM,HIGH
84.86333006713909,602.2099822841574,0.6714881693977985,0.860372074414883,12.5,24.752797282729244,68.98744365075748,26.044153725406204,0.3816402020326975,17.635200535028744,GOOD,64-QAM,HIGH
69.18635748284166,637.9450547509668,2.664971555474392,0.8605721144228846,2.2,42.32672465617026,35.04660595858114,39.85747198790834,0.09742383991315155,32.508457039628546,GOOD,64-QAM,HIGH
69.18635748284166,637.9450547509668,2.664971555474392,0.8605721144228846,8.4,42.32672465617026,35.04660595858114,39.85747198790834,0.3719149566590466,20.596833818089138,GOOD,64-QAM,HIGH
69.18635748284166,637.9450547509668,2.664971555474392,0.8605721144228846,12.5,42.32672465617026,35.04660595858114,39.85747198790834,0.5539730916692629,16.96216114415543,GOOD,64-QAM,HIGH
54.86303305411133,718.676364238826,4.316497487757699,0.8607721544308862,2.2,25.258285576136625,40.8795513662588,2.969068670419526,0.07441670851708647,31.496462433934077,GOOD,64-QAM,HIGH
54.86303305411133,718.676364238826,4.316497487757699,0.8607721544308862,8.4,25.258285576136625,40.8795513662588,2.969068670419526,0.2832856882228189,19.65046134943482,GOOD,64-QAM,HIGH
54.86303305411133,718.676364238826,4.316497487757699,0.8607721544308862,12.5,25.258285576136625,40.8795513662588,2.969068670419526,0.4226393312995555,16.058493167434605,GOOD,64-QAM,HIGH
75.41728702981422,618.1766996152983,1.8883303037459152,0.8609721944388877,2.2,37.40173696707944,58.54780889967606,26.772862583771065,0.09226870178049705,32.78702505057508,GOOD,64-QAM,HIGH
75.41728702981422,618.1766996152983,1.8883303037459152,0.8609721944388877,8.4,37.40173696707944,58.54780889967606,26.772862583771065,0.3515461700468289,20.890615477515226,GOOD,64-QAM,HIGH
75.41728702981422,618.1766996152983,1.8883303037459152,0.8609721944388877,12.5,37.40173696707944,58.54780889967606,26.772862583771065,0.5264070532515128,17.263140055387055,GOOD,64-QAM,HIGH
11.81587432902963,1811.0511479030672,7.341080202434508,0.8611722344468894,2.2,6.947995262445811,69.21390916086612,17.57022374529503,0.149408359572826,23.393523706400018,GOOD,64-QAM,HIGH
11.81587432902963,1811.0511479030672,7.341080202434508,0.8611722344468894,8.4,6.947995262445811,69.21390916086612,17.57022374529503,0.5638116619048746,11.341988299274448,GOOD,16-QAM,MEDIUM
11.81587432902963,1811.0511479030672,7.341080202434508,0.8611722344468894,12.5,6.947995262445811,69.21390916086612,17.57022374529503,0.8164561279101981,7.636729294345642,DEGRADED,QPSK,LOW
45.531304607315576,808.4760868626372,5.2538959660975895,0.861372274454891,2.2,12.62069064882801,38.75214761723377,5.649459124693804,0.049811410087916994,30.498391396404095,GOOD,64-QAM,HIGH
45.531304607315576,808.4760868626372,5.2538959660975895,0.861372274454891,8.4,12.62069064882801,38.75214761723377,5.649459124693804,0.1898868889082092,18.721183812790287,GOOD,64-QAM,HIGH
45.531304607315576,808.4760868626372,5.2538959660975895,0.861372274454891,12.5,12.62069064882801,38.75214761723377,5.649459124693804,0.2854737247769958,15.172982437998016,GOOD,64-QAM,HIGH
58.55791578324139,692.2903972189588,3.912273234408999,0.8615723144628926,2.2,36.58880475188362,41.11339984985627,-1.9706564638437083,0.09672493288918664,31.799055299840276,GOOD,64-QAM,HIGH
58.55791578324139,692.2903972189588,3.912273234408999,0.8615723144628926,8.4,36.58880475188362,41.11339984985627,-1.9706564638437083,0.3705556631951635,19.88809246474078,GOOD,64-QAM,HIGH
58.55791578324139,692.2903972189588,3.912273234408999,0.8615723144628926,12.5,36.58880475188362,41.11339984985627,-1.9706564638437083,0.5498837563928953,16.256149832619556,GOOD,64-QAM,HIGH
75.43549702005458,618.130275271762,1.8860233161561908,0.8617723544708942,2.2,8.236700444386202,42.26678202393978,34.79419185337736,0.026962608465032383,32.8529834684877,GOOD,64-QAM,HIGH
75.43549702005458,618.130275271762,1.8860233161561908,0.8617723544708942,8.4,8.236700444386202,42.26678202393978,34.79419185337736,0.10367245712228611,21.139141515036926,GOOD,64-QAM,HIGH
75.43549702005458,618.130275271762,1.8860233161561908,0.8617723544708942,12.5,8.236700444386202,42.26678202393978,34.79419185337736,0.15583794225566058,17.63436149098007,GOOD,64-QAM,HIGH
71.59491260418775,629.3603385603992,2.367999660889952,0.8619723944788957,2.2,17.567796732746338,44.32204828193871,19.772774135392265,0.04606843660926876,32.677490531204676,GOOD,64-QAM,HIGH
71.59491260418775,629.3603385603992,2.367999660889952,0.8619723944788957,8.4,17.567796732746338,44.32204828193871,19.772774135392265,0.17589782924555844,20.910529033774864,GOOD,64-QAM,HIGH
71.59491260418775,629.3603385603992,2.367999660889952,0.8619723944788957,12.5,17.567796732746338,44.32204828193871,19.772774135392265,0.2613962250733686,17.372416099023567,GOOD,64-QAM,HIGH
28.55088622563897,1111.6015519926705,6.587947395532324,0.8621724344868974,2.2,13.24331289067857,43.59323091157748,31.24669188203973,0.08454116706782465,27.698022327332396,GOOD,64-QAM,HIGH
28.55088622563897,1111.6015519926705,6.587947395532324,0.8621724344868974,8.4,13.24331289067857,43.59323091157748,31.24669188203973,0.32546183780029847,15.819969551806395,GOOD,64-QAM,HIGH
28.55088622563897,1111.6015519926705,6.587947395532324,0.8621724344868974,12.5,13.24331289067857,43.59323091157748,31.24669188203973,0.485921843024211,12.206895007659,GOOD,16-QAM,MEDIUM
84.97481441253237,602.1148351254978,0.6569522477751236,0.862372474494899,2.2,17.493084711123924,53.70894650985821,17.26724920007724,0.0477375447378058,33.06022228591339,GOOD,64-QAM,HIGH
84.97481441253237,602.1148351254978,0.6569522477751236,0.862372474494899,8.4,17.493084711123924,53.70894650985821,17.26724920007724,0.18260188444498432,21.288225841412697,GOOD,64-QAM,HIGH
84.97481441253237,602.1148351254978,0.6569522477751236,0.862372474494899,12.5,17.493084711123924,53.70894650985821,17.26724920007724,0.2709439468760011,17.747269240058188,GOOD,64-QAM,HIGH
15.56939652162398,1595.9441925545211,7.224795509504141,0.8625725145029006,2.2,35.416202453898514,69.22737905020338,0.9988540327009776,0.32057160503012666,24.320620763662333,GOOD,64-QAM,HIGH
15.56939652162398,1595.9441925545211,7.224795509504141,0.8625725145029006,8.4,35.416202453898514,69.22737905020338,0.9988540327009776,1.2239949625363706,11.78006530136257,GOOD,16-QAM,MEDIUM
15.56939652162398,1595.9441925545211,7.224795509504141,0.8625725145029006,12.5,35.416202453898514,69.22737905020338,0.9988540327009776,1.8211715617475235,7.730274163227932,DEGRADED,QPSK,LOW
79.38635758279793,609.523972431517,1.3813904048533376,0.8627725545109022,2.2,18.39235905714005,56.28190698806818,6.877440655016262,0.051242398387562706,32.950488165407954,GOOD,64-QAM,HIGH
79.38635758279793,609.523972431517,1.3813904048533376,0.8627725545109022,8.4,18.39235905714005,56.28190698806818,6.877440655016262,0.19666432675021214,21.167934132251787,GOOD,64-QAM,HIGH
79.38635758279793,609.523972431517,1.3813904048533376,0.8627725545109022,12.5,18.39235905714005,56.28190698806818,6.877440655016262,0.29383034870160424,17.618153571376908,GOOD,64-QAM,HIGH
87.52992121639258,600.5099127899839,0.3232324105514787,0.8629725945189037,2.2,27.76316613039701,76.55843452499329,9.076942123677329,0.0726968608322064,33.05844590628131,GOOD,64-QAM,HIGH
87.52992121639258,600.5099127899839,0.3232324105514787,0.8629725945189037,8.4,27.76316613039701,76.55843452499329,9.076942123677329,0.27757029845755365,21.216440363862446,GOOD,64-QAM,HIGH
87.52992121639258,600.5099127899839,0.3232324105514787,0.8629725945189037,12.5,27.76316613039701,76.55843452499329,9.076942123677329,0.4140221344221205,17.627373988974384,GOOD,64-QAM,HIGH
20.058049473923173,1389.803103577021,7.045092144949648,0.8631726345269054,2.2,4.9965938527204825,73.15611035691688,38.64674062518512,0.07539002716150435,25.767090812995733,GOOD,64-QAM,HIGH
20.058049473923173,1389.803103577021,7.045092144949648,0.8631726345269054,8.4,4.9965938527204825,73.15611035691688,38.64674062518512,0.29077681294501395,13.914571922418702,GOOD,16-QAM,MEDIUM
20.058049473923173,1389.803103577021,7.045092144949648,0.8631726345269054,12.5,4.9965938527204825,73.15611035691688,38.64674062518512,0.42685353993517583,10.32588065650505,GOOD,16-QAM,MEDIUM
66.37561545732174,649.5776709636866,3.0055424370894115,0.863372674534907,2.2,40.25088466173139,37.59161484294454,-9.718336080930875,0.09785962267578732,32.35106500591992,GOOD,64-QAM,HIGH
66.37561545732174,649.5776709636866,3.0055424370894115,0.863372674534907,8.4,40.25088466173139,37.59161484294454,-9.718336080930875,0.37370931971200283,20.438083204090177,GOOD,64-QAM,HIGH
66.37561545732174,649.5776709636866,3.0055424370894115,0.863372674534907,12.5,40.25088466173139,37.59161484294454,-9.718336080930875,0.5559707140993198,16.80320727077938,GOOD,64-QAM,HIGH
8.42426909612987,2045.959100698686,7.419077752557058,0.8635727145429086,2.2,18.494431282406243,32.93049739924464,39.28330115122535,0.33458243338641275,22.14902499430265,GOOD,64-QAM,HIGH
8.42426909612987,2045.959100698686,7.419077752557058,0.8635727145429086,8.4,18.494431282406243,32.93049739924464,39.28330115122535,1.2683469155101306,9.578128407385407,DEGRADED,16-QAM,MEDIUM
8.42426909612987,2045.959100698686,7.419077752557058,0.8635727145429086,12.5,18.494431282406243,32.93049739924464,39.28330115122535,1.9183940932302346,5.4754666907418255,DEGRADED,QPSK,LOW
39.46094013682817,890.576830080121,5.790435250051972,0.8637727545509102,2.2,32.42670795166712,82.67649383997636,39.02308175549153,0.12499136363659123,29.583127179744984,GOOD,64-QAM,HIGH
39.46094013682817,890.576830080121,5.790435250051972,0.8637727545509102,8.4,32.42670795166712,82.67649383997636,39.02308175549153,0.475971546156611,17.595014892431436,GOOD,64-QAM,HIGH
39.46094013682817,890.576830080121,5.790435250051972,0.8637727545509102,12.5,32.42670795166712,82.67649383997636,39.02308175549153,0.7021552308357489,13.916216668828824,GOOD,16-QAM,MEDIUM
48.88408043180229,771.8512601994189,4.931884478712665,0.8639727945589117,2.2,36.26948008309163,34.78986399377241,39.80753952650683,0.1082909777739186,30.842583054463887,GOOD,64-QAM,HIGH
48.88408043180229,771.8512601994189,4.931884478712665,0.8639727945589117,8.4,36.26948008309163,34.78986399377241,39.80753952650683,0.41648593138899004,18.897255996055293,GOOD,64-QAM,HIGH
48.88408043180229,771.8512601994189,4.931884478712665,0.8639727945589117,12.5,36.26948008309163,34.78986399377241,39.80753952650683,0.623230773827389,15.237896614693412,GOOD,64-QAM,HIGH
54.354844202318894,722.6641383354927,4.3707270608849305,0.8641728345669134,2.2,10.48304610558502,38.90035084318279,13.829408945981733,0.03612821183407184,31.48668809740979,GOOD,64-QAM,HIGH
54.354844202318894,722.6641383354927,4.3707270608849305,0.8641728345669134,8.4,10.48304610558502,38.90035084318279,13.829408945981733,0.13736175255287925,19.748322451897465,GOOD,64-QAM,HIGH
54.354844202318894,722.6641383354927,4.3707270608849305,0.8641728345669134,12.5,10.48304610558502,38.90035084318279,13.829408945981733,0.20438571236446634,16.22868395316239,GOOD,64-QAM,HIGH
84.55466610112755,602.484436050041,0.7117199856646123,0.864372874574915,2.2,44.2337492476675,31.327996533487084,38.19044848104998,0.10037389023695331,33.00225584763025,GOOD,64-QAM,HIGH
84.55466610112755,602.484436050041,0.7117199856646123,0.864372874574915,8.4,44.2337492476675,31.327996533487084,38.19044848104998,0.38350032269193546,21.08199731038175,GOOD,64-QAM,HIGH
84.55466610112755,602.484436050041,0.7117199856646123,0.864372874574915,12.5,44.2337492476675,31.327996533487084,38.19044848104998,0.572518076955733,17.440365017194466,GOOD,64-QAM,HIGH
62.14130842000655,670.6815004887312,3.504693945135915,0.8645729145829166,2.2,30.811212580347647,67.70018191791922,9.779959092491367,0.08716033669744234,32.08405950097475,GOOD,64-QAM,HIGH
62.14130842000655,670.6815004887312,3.504693945135915,0.8645729145829166,8.4,30.811212580347647,67.70018191791922,9.779959092491367,0.3341938710585616,20.199893861820115,GOOD,64-QAM,HIGH
62.14130842000655,670.6815004887312,3.504693945135915,0.8645729145829166,12.5,30.811212580347647,67.70018191791922,9.779959092491367,0.494764562626901,16.586708631328293,GOOD,64-QAM,HIGH
45.90862585363514,804.0759380635527,5.218535063382085,0.8647729545909182,2.2,21.43625708757408,64.9422337895009,-8.685277966580664,0.0786992306167435,30.516905831586932,GOOD,64-QAM,HIGH
45.90862585363514,804.0759380635527,5.218535063382085,0.8647729545909182,8.4,21.43625708757408,64.9422337895009,-8.685277966580664,0.29841722426997125,18.660055733140183,GOOD,64-QAM,HIGH
45.90862585363514,804.0759380635527,5.218535063382085,0.8647729545909182,12.5,21.43625708757408,64.9422337895009,-8.685277966580664,0.44362029718304313,15.062238121303622,GOOD,64-QAM,HIGH
73.8223780826006,622.4911989958418,2.0896201626849207,0.8649729945989197,2.2,9.116759178910977,89.21421998611534,1.217359318588226,0.038399199055342316,32.78048287250444,GOOD,64-QAM,HIGH
73.8223780826006,622.4911989958418,2.0896201626849207,0.8649729945989197,8.4,9.116759178910977,89.21421998611534,1.217359318588226,0.14638688633719155,21.035363080429065,GOOD,64-QAM,HIGH
73.8223780826006,622.4911989958418,2.0896201626849207,0.8649729945989197,12.5,9.116759178910977,89.21421998611534,1.217359318588226,0.2185378241374453,17.510597603705335,GOOD,64-QAM,HIGH
85.79528978112477,601.4794121152809,0.5499013870067972,0.8651730346069214,2.2,47.11504689506034,83.21594377903031,37.26481224686923,0.11316176713618757,33.00396928490572,GOOD,64-QAM,HIGH
85.79528978112477,601.4794121152809,0.5499013870067972,0.8651730346069214,8.4,47.11504689506034,83.21594377903031,37.26481224686923,0.4318476362056534,21.04815131104273,GOOD,64-QAM,HIGH
85.79528978112477,601.4794121152809,0.5499013870067972,0.8651730346069214,12.5,47.11504689506034,83.21594377903031,37.26481224686923,0.6413408840107996,17.386043524314104,GOOD,64-QAM,HIGH
6.875622637994722,2167.6426676881056,7.446062745906514,0.865373074614923,2.2,37.75341020658126,54.65059064885458,-9.31176533323,0.7526412179225354,21.229151344853932,GOOD,64-QAM,HIGH
6.875622637994722,2167.6426676881056,7.446062745906514,0.865373074614923,8.4,37.75341020658126,54.65059064885458,-9.31176533323,2.8708216822217216,7.473838775761223,DEGRADED,QPSK,LOW
6.875622637994722,2167.6426676881056,7.446062745906514,0.865373074614923,12.5,37.75341020658126,54.65059064885458,-9.31176533323,4.279447525552141,2.6125983935073123,DEGRADED,QPSK,LOW
88.5143081417633,600.1843950973671,0.1944548166365358,0.8655731146229246,2.2,10.401228136662445,52.2951504547521,17.299706771148752,0.033339011596962606,33.1025133819452,GOOD,64-QAM,HIGH
88.5143081417633,600.1843950973671,0.1944548166365358,0.8655731146229246,8.4,10.401228136662445,52.2951504547521,17.299706771148752,0.128668768542226,21.370051520206417,GOOD,64-QAM,HIGH
88.5143081417633,600.1843950973671,0.1944548166365358,0.8655731146229246,12.5,10.401228136662445,52.2951504547521,17.299706771148752,0.19277437349571802,17.853331376329436,GOOD,64-QAM,HIGH
12.321231820412828,1779.505856372035,7.3272492428401215,0.8657731546309262,2.2,16.885538736211224,47.81112205679911,-6.219920555266048,0.22463198104950086,23.470925970310134,GOOD,64-QAM,HIGH
12.321231820412828,1779.505856372035,7.3272492428401215,0.8657731546309262,8.4,16.885538736211224,47.81112205679911,-6.219920555266048,0.8581994131052761,11.200226433460827,GOOD,16-QAM,MEDIUM
12.321231820412828,1779.505856372035,7.3272492428401215,0.8657731546309262,12.5,16.885538736211224,47.81112205679911,-6.219920555266048,1.293836382321828,7.311974925320797,DEGRADED,QPSK,LOW
74.22287623784472,621.36123029181,2.039220335516748,0.8659731946389277,2.2,40.48371290440366,39.14441520227288,4.3198289213789245,0.09329784600012751,32.74136549659556,GOOD,64-QAM,HIGH
74.22287623784472,621.36123029181,2.039220335516748,0.8659731946389277,8.4,40.48371290440366,39.14441520227288,4.3198289213789245,0.35781001222099834,20.839721225581172,GOOD,64-QAM,HIGH
74.22287623784472,621.36123029181,2.039220335516748,0.8659731946389277,12.5,40.48371290440366,39.14441520227288,4.3198289213789245,0.5304486992000135,17.214467999678675,GOOD,64-QAM,HIGH
28.82845396687006,1104.4014526290591,6.570504942722348,0.8661732346469294,2.2,34.78388316076695,38.28501939612055,-5.595357464405667,0.1709618231720047,27.668045176403893,GOOD,64-QAM,HIGH
28.82845396687006,1104.4014526290591,6.570504942722348,0.8661732346469294,8.4,34.78388316076695,38.28501939612055,-5.595357464405667,0.6593320718802894,15.542542822902092,GOOD,64-QAM,HIGH
28.82845396687006,1104.4014526290591,6.570504942722348,0.8661732346469294,12.5,34.78388316076695,38.28501939612055,-5.595357464405667,0.9653249575561845,11.783935398302702,GOOD,16-QAM,MEDIUM
16.235270909079098,1562.1241717220084,7.200913189679483,0.866373274654931,2.2,38.289214635786216,37.93702248057632,32.97643105565282,0.31878997143330223,24.50844536098562,GOOD,64-QAM,HIGH
16.235270909079098,1562.1241717220084,7.200913189679483,0.866373274654931,8.4,38.289214635786216,37.93702248057632,32.97643105565282,1.2136826920609676,11.97642053556443,GOOD,16-QAM,MEDIUM
16.235270909079098,1562.1241717220084,7.200913189679483,0.866373274654931,12.5,38.289214635786216,37.93702248057632,32.97643105565282,1.7879815013108047,7.949507187391106,DEGRADED,QPSK,LOW
42.38772937567597,848.1771377990344,5.53949800630789,0.8665733146629326,2.2,22.06005511064662,36.84688543120672,19.55353548238529,0.0801947591858044,30.051620382658754,GOOD,64-QAM,HIGH
42.38772937567597,848.1771377990344,5.53949800630789,0.8665733146629326,8.4,22.06005511064662,36.84688543120672,19.55353548238529,0.30632856859754376,18.188354468453483,GOOD,64-QAM,HIGH
42.38772937567597,848.1771377990344,5.53949800630789,0.8665733146629326,12.5,22.06005511064662,36.84688543120672,19.55353548238529,0.4557845100200899,14.586283988107454,GOOD,16-QAM,MEDIUM
59.73630925304715,684.776680213311,3.77985281217109,0.8667733546709342,2.2,35.82381313210835,44.43072254433221,35.105323285915645,0.09387223802871632,31.896694901488765,GOOD,64-QAM,HIGH
59.73630925304715,684.776680213311,3.77985281217109,0.8667733546709342,8.4,35.82381313210835,44.43072254433221,35.105323285915645,0.3585888740044151,19.994846160719547,GOOD,64-QAM,HIGH
59.73630925304715,684.776680213311,3.77985281217109,0.8667733546709342,12.5,35.82381313210835,44.43072254433221,35.105323285915645,0.53219018860529,16.36863030719519,GOOD,64-QAM,HIGH
37.38090682699538,924.3689596841328,5.959627331836594,0.8669733946789357,2.2,19.324686143195684,48.40011781878698,24.41765997701141,0.0830583508081842,29.301580963941518,GOOD,64-QAM,HIGH
37.38090682699538,924.3689596841328,5.959627331836594,0.8669733946789357,8.4,19.324686143195684,48.40011781878698,24.41765997701141,0.32129236721635857,17.426214842739824,GOOD,64-QAM,HIGH
37.38090682699538,924.3689596841328,5.959627331836594,0.8669733946789357,12.5,19.324686143195684,48.40011781878698,24.41765997701141,0.4753962628630063,13.819496408169698,GOOD,16-QAM,MEDIUM
9.638059704029413,1957.0758196910087,7.394137804073778,0.8671734346869374,2.2,10.56314584690982,87.69473826233495,38.55145656225498,0.2203488859687336,22.649044475121272,GOOD,64-QAM,HIGH
9.638059704029413,1957.0758196910087,7.394137804073778,0.8671734346869374,8.4,10.56314584690982,87.69473826233495,38.55145656225498,0.841120630776723,10.391140625519753,GOOD,16-QAM,MEDIUM
9.638059704029413,1957.0758196910087,7.394137804073778,0.8671734346869374,12.5,10.56314584690982,87.69473826233495,38.55145656225498,1.2443513715602754,6.535295345812727,DEGRADED,QPSK,LOW
55.95419687099091,710.4168266528777,4.198916025974544,0.867373474694939,2.2,31.633851742068,64.70839506011315,15.493882738020329,0.09482263340469187,31.57645896174624,GOOD,64-QAM,HIGH
55.95419687099091,710.4168266528777,4.198916025974544,0.867373474694939,8.4,31.633851742068,64.70839506011315,15.493882738020329,0.3606717222128171,19.673477768144593,GOOD,64-QAM,HIGH
55.95419687099091,710.4168266528777,4.198916025974544,0.867373474694939,12.5,31.633851742068,64.70839506011315,15.493882738020329,0.537086063338804,16.04444888809512,GOOD,64-QAM,HIGH
81.70427846940736,605.790672539636,1.0821173202388326,0.8675735147029406,2.2,48.80069627993971,89.25574647079685,21.935529088143728,0.11729483408809832,32.93779990659779,GOOD,64-QAM,HIGH
81.70427846940736,605.790672539636,1.0821173202388326,0.8675735147029406,8.4,48.80069627993971,89.25574647079685,21.935529088143728,0.44720082685121126,20.97076180904115,GOOD,64-QAM,HIGH
81.70427846940736,605.790672539636,1.0821173202388326,0.8675735147029406,12.5,48.80069627993971,89.25574647079685,21.935529088143728,0.6661920753666648,17.299156021602215,GOOD,64-QAM,HIGH
37.5733061055164,921.1045607418488,5.944303663215901,0.8677735547109422,2.2,15.53004856976648,52.3480168695404,18.81544099445283,0.06452157445578983,29.350846155744968,GOOD,64-QAM,HIGH
37.5733061055164,921.1045607418488,5.944303663215901,0.8677735547109422,8.4,15.53004856976648,52.3480168695404,18.81544099445283,0.24610064391763045,17.532134981489605,GOOD,64-QAM,HIGH
37.5733061055164,921.1045607418488,5.944303663215901,0.8677735547109422,12.5,15.53004856976648,52.3480168695404,18.81544099445283,0.36681015436657805,13.958810932117174,GOOD,16-QAM,MEDIUM
23.3882860986203,1265.8590925631574,6.883768513944883,0.8679735947189438,2.2,23.04847961062698,57.45759795536647,14.213021472330638,0.1513312760972626,26.502507798383114,GOOD,64-QAM,HIGH
23.3882860986203,1265.8590925631574,6.883768513944883,0.8679735947189438,8.4,23.04847961062698,57.45759795536647,14.213021472330638,0.5764768885978859,14.44023008108897,GOOD,16-QAM,MEDIUM
23.3882860986203,1265.8590925631574,6.883768513944883,0.8679735947189438,12.5,23.04847961062698,57.45759795536647,14.213021472330638,0.8547698448474641,10.7093225859159,GOOD,16-QAM,MEDIUM
42.61907440428931,845.0600995289733,5.519037800778349,0.8681736347269454,2.2,33.70006855349268,49.47471954991675,32.29796827115063,0.11880705636457811,30.04498739753128,GOOD,64-QAM,HIGH
42.61907440428931,845.0600995289733,5.519037800778349,0.8681736347269454,8.4,33.70006855349268,49.47471954991675,32.29796827115063,0.4506664169627918,18.07599593213955,GOOD,64-QAM,HIGH
42.61907440428931,845.0600995289733,5.519037800778349,0.8681736347269454,12.5,33.70006855349268,49.47471954991675,32.29796827115063,0.6751885540947602,14.398859256084094,GOOD,16-QAM,MEDIUM
9.110830439146374,1995.0010816058104,7.405379197451001,0.868373674734947,2.2,27.07531410612439,40.97325905379316,22.22625678351801,0.4078601670717551,22.294823506902873,GOOD,64-QAM,HIGH
9.110830439146374,1995.0010816058104,7.405379197451001,0.868373674734947,8.4,27.07531410612439,40.97325905379316,22.22625678351801,1.5518404978783082,9.513711071302808,DEGRADED,16-QAM,MEDIUM
9.110830439146374,1995.0010816058104,7.405379197451001,0.868373674734947,12.5,27.07531410612439,40.97325905379316,22.22625678351801,2.3290609658041554,5.283876064453466,DEGRADED,QPSK,LOW
74.74144468082336,619.9447202843212,1.973814540823397,0.8685737147429486,2.2,42.17138978545246,38.58988246665475,30.06561324277364,0.09634643972379374,32.758140629538495,GOOD,64-QAM,HIGH
74.74144468082336,619.9447202843212,1.973814540823397,0.8685737147429486,8.4,42.17138978545246,38.58988246665475,30.06561324277364,0.3681521353270491,20.849202829141717,GOOD,64-QAM,HIGH
74.74144468082336,619.9447202843212,1.973814540823397,0.8685737147429486,12.5,42.17138978545246,38.58988246665475,30.06561324277364,0.5463975981086233,17.218342827436658,GOOD,64-QAM,HIGH
75.23896893076588,618.6346560891925,1.910910955264544,0.8687737547509502,2.2,38.0871353234758,86.70475186846991,29.318196830120662,0.09697390307213327,32.77588756750546,GOOD,64-QAM,HIGH
75.23896893076588,618.6346560891925,1.910910955264544,0.8687737547509502,8.4,38.0871353234758,86.70475186846991,29.318196830120662,0.36902951034096,20.866699855443102,GOOD,64-QAM,HIGH
75.23896893076588,618.6346560891925,1.910910955264544,0.8687737547509502,12.5,38.0871353234758,86.70475186846991,29.318196830120662,0.5489224520189976,17.234192374841584,GOOD,64-QAM,HIGH
54.98003939151842,717.7710691287512,4.30396332275138,0.8689737947589518,2.2,2.914860193117852,89.20864090792534,-0.4477419672352347,0.030073632963689895,31.55175376178606,GOOD,64-QAM,HIGH
54.98003939151842,717.7710691287512,4.30396332275138,0.8689737947589518,8.4,2.914860193117852,89.20864090792534,-0.4477419672352347,0.11453839333885336,19.830156896617382,GOOD,64-QAM,HIGH
54.98003939151842,717.7710691287512,4.30396332275138,0.8689737947589518,12.5,2.914860193117852,89.20864090792534,-0.4477419672352347,0.16873266928081476,16.32334808175193,GOOD,64-QAM,HIGH
35.01374555976311,967.0389075614088,6.142608125283213,0.8691738347669534,2.2,49.9210616961887,32.69456979052389,22.508176625882182,0.1874133607461625,28.805254068568544,GOOD,64-QAM,HIGH
35.01374555976311,967.0389075614088,6.142608125283213,0.8691738347669534,8.4,49.9210616961887,32.69456979052389,22.508176625882182,0.7157273736364321,16.63980795088476,GOOD,64-QAM,HIGH
35.01374555976311,967.0389075614088,6.142608125283213,0.8691738347669534,12.5,49.9210616961887,32.69456979052389,22.508176625882182,1.0704196463772777,12.832501139220426,GOOD,16-QAM,MEDIUM
72.98158597789158,624.9666293517739,2.1950927394203488,0.869373874774955,2.2,37.62012268597336,39.020752483906,-0.0175990409332946,0.08921248715270236,32.69519732793129,GOOD,64-QAM,HIGH
72.98158597789158,624.9666293517739,2.1950927394203488,0.869373874774955,8.4,37.62012268597336,39.020752483906,-0.0175990409332946,0.33980938928055765,20.807468321009907,GOOD,64-QAM,HIGH
72.98158597789158,624.9666293517739,2.1950927394203488,0.869373874774955,12.5,37.62012268597336,39.020752483906,-0.0175990409332946,0.508630734492998,17.186032436873987,GOOD,64-QAM,HIGH
52.14839710701121,741.0719918105433,4.602138378686739,0.8695739147829566,2.2,43.19516581470566,55.41144553806136,19.166023912188543,0.1221680298278698,31.182170358045532,GOOD,64-QAM,HIGH
52.14839710701121,741.0719918105433,4.602138378686739,0.8695739147829566,8.4,43.19516581470566,55.41144553806136,19.166023912188543,0.4644543834623761,19.202751899617496,GOOD,64-QAM,HIGH
52.14839710701121,741.0719918105433,4.602138378686739,0.8695739147829566,12.5,43.19516581470566,55.41144553806136,19.166023912188543,0.6931381577285765,15.52145358642781,GOOD,64-QAM,HIGH
75.20424622675138,618.7245399741487,1.91530579002434,0.8697739547909582,2.2,32.55988560476732,41.18000858066444,23.871734222315027,0.07611047976514537,32.795489075098985,GOOD,64-QAM,HIGH
75.20424622675138,618.7245399741487,1.91530579002434,0.8697739547909582,8.4,32.55988560476732,41.18000858066444,23.871734222315027,0.29199832666088493,20.942469123409722,GOOD,64-QAM,HIGH
75.20424622675138,618.7245399741487,1.91530579002434,0.8697739547909582,12.5,32.55988560476732,41.18000858066444,23.871734222315027,0.4333520529730306,17.34850085817409,GOOD,64-QAM,HIGH
58.67399736955675,691.5317697089695,3.8993012903330095,0.8699739947989598,2.2,42.81425640233812,51.832823617613,39.86175357937934,0.11381316745861855,31.79149047896628,GOOD,64-QAM,HIGH
58.67399736955675,691.5317697089695,3.8993012903330095,0.8699739947989598,8.4,42.81425640233812,51.832823617613,39.86175357937934,0.435375158990794,19.83279638264058,GOOD,64-QAM,HIGH
58.67399736955675,691.5317697089695,3.8993012903330095,0.8699739947989598,12.5,42.81425640233812,51.832823617613,39.86175357937934,0.6458103211935886,16.169746681514297,GOOD,64-QAM,HIGH
71.67446522308776,629.0976371341267,2.358116635202985,0.8701740348069614,2.2,5.619148746435471,37.745780991578,-8.472901092513082,0.02089994075736257,32.706285362895485,GOOD,64-QAM,HIGH
71.67446522308776,629.0976371341267,2.358116635202985,0.8701740348069614,8.4,5.619148746435471,37.745780991578,-8.472901092513082,0.07852415389608981,21.01152904496324,GOOD,64-QAM,HIGH
71.67446522308776,629.0976371341267,2.358116635202985,0.8701740348069614,12.5,5.619148746435471,37.745780991578,-8.472901092513082,0.11743693291122957,17.520001727024606,GOOD,64-QAM,HIGH
55.8778544235096,710.9815189652836,4.207192567107555,0.870374074814963,2.2,17.38689177796578,57.390705403307415,-5.4378802943139535,0.05725148279073508,31.607128661576624,GOOD,64-QAM,HIGH
55.8778544235096,710.9815189652836,4.207192567107555,0.870374074814963,8.4,17.38689177796578,57.390705403307415,-5.4378802943139535,0.21819360660994935,19.80905443296389,GOOD,64-QAM,HIGH
55.8778544235096,710.9815189652836,4.207192567107555,0.870374074814963,12.5,17.38689177796578,57.390705403307415,-5.4378802943139535,0.3250415085106158,16.249591992139727,GOOD,64-QAM,HIGH
40.20199079833163,879.3000033273329,5.728302008325337,0.8705741148229647,2.2,43.82104718022464,46.30167697015556,-6.148665181438425,0.1557043398060296,29.663100547719857,GOOD,64-QAM,HIGH
40.20199079833163,879.3000033273329,5.728302008325337,0.8705741148229647,8.4,43.82104718022464,46.30167697015556,-6.148665181438425,0.6004898763347067,17.581182906397657,GOOD,64-QAM,HIGH
40.20199079833163,879.3000033273329,5.728302008325337,0.8705741148229647,12.5,43.82104718022464,46.30167697015556,-6.148665181438425,0.887843429875507,13.841214813933377,GOOD,16-QAM,MEDIUM
86.4253980937217,601.0686673870814,0.4676108079605258,0.8707741548309662,2.2,10.082760563344612,51.114303345519644,9.918064313337002,0.03261353513011129,33.090451056831085,GOOD,64-QAM,HIGH
86.4253980937217,601.0686673870814,0.4676108079605258,0.8707741548309662,8.4,10.082760563344612,51.114303345519644,9.918064313337002,0.12548204112422187,21.36045044604346,GOOD,64-QAM,HIGH
86.4253980937217,601.0686673870814,0.4676108079605258,0.8707741548309662,12.5,10.082760563344612,51.114303345519644,9.918064313337002,0.1867732357226878,17.846544712521506,GOOD,64-QAM,HIGH
50.994675114701806,751.4437822690925,4.72044460331822,0.8709741948389678,2.2,3.9121049290011367,35.65875908776486,31.07941807429069,0.02198677276508324,31.16162970510873,GOOD,64-QAM,HIGH
50.994675114701806,751.4437822690925,4.72044460331822,0.8709741948389678,8.4,3.9121049290011367,35.65875908776486,31.07941807429069,0.08329208445097502,19.463192288629315,GOOD,64-QAM,HIGH
50.994675114701806,751.4437822690925,4.72044460331822,0.8709741948389678,12.5,3.9121049290011367,35.65875908776486,31.07941807429069,0.12412530523051928,15.969744528926284,GOOD,64-QAM,HIGH
56.43260907594576,706.9223359830648,4.146880607963442,0.8711742348469694,2.2,39.40594699726095,55.6876830426085,32.20281663935678,0.11089508840739638,31.603217217419918,GOOD,64-QAM,HIGH
56.43260907594576,706.9223359830648,4.146880607963442,0.8711742348469694,8.4,39.40594699726095,55.6876830426085,32.20281663935678,0.41963406622904176,19.657346134804754,GOOD,64-QAM,HIGH
56.43260907594576,706.9223359830648,4.146880607963442,0.8711742348469694,12.5,39.40594699726095,55.6876830426085,32.20281663935678,0.6280319420070727,15.996333720103237,GOOD,64-QAM,HIGH
23.741449350253685,1253.946531543887,6.865286802230218,0.871374274854971,2.2,41.77430778216481,88.99545665769419,26.848979786057583,0.24309167116237412,26.492874342156853,GOOD,64-QAM,HIGH
23.741449350253685,1253.946531543887,6.865286802230218,0.871374274854971,8.4,41.77430778216481,88.99545665769419,26.848979786057583,0.9195088844537186,14.179325024071986,GOOD,16-QAM,MEDIUM
23.741449350253685,1253.946531543887,6.865286802230218,0.871374274854971,12.5,41.77430778216481,88.99545665769419,26.848979786057583,1.3761916778346566,10.270027691767567,GOOD,16-QAM,MEDIUM
58.1803171013185,694.7865507448078,3.954357969102416,0.8715743148629725,2.2,8.13261090949503,49.72998281287142,34.84391209149739,0.031571697491946195,31.832946625100654,GOOD,64-QAM,HIGH
58.1803171013185,694.7865507448078,3.954357969102416,0.8715743148629725,8.4,8.13261090949503,49.72998281287142,34.84391209149739,0.11946168156066653,20.107924536238414,GOOD,64-QAM,HIGH
58.1803171013185,694.7865507448078,3.954357969102416,0.8715743148629725,12.5,8.13261090949503,49.72998281287142,34.84391209149739,0.17832236118462474,16.59644931769097,GOOD,64-QAM,HIGH
53.58665020605023,728.8677479643284,4.452048067692424,0.8717743548709742,2.2,42.717299139135775,82.5857564905461,6.142997208472625,0.12380764447450748,31.32476407230675,GOOD,64-QAM,HIGH
53.58665020605023,728.8677479643284,4.452048067692424,0.8717743548709742,8.4,42.717299139135775,82.5857564905461,6.142997208472625,0.4731323134982865,19.338307298489454,GOOD,64-QAM,HIGH
53.58665020605023,728.8677479643284,4.452048067692424,0.8717743548709742,12.5,42.717299139135775,82.5857564905461,6.142997208472625,0.7056799061815746,15.65314516688268,GOOD,64-QAM,HIGH
20.71126382549712,1363.73514640569,7.01530892127674,0.8719743948789758,2.2,34.33838977985848,80.5919484974211,-5.592267787385044,0.23775705177477302,25.76918866471732,GOOD,64-QAM,HIGH
20.71126382549712,1363.73514640569,7.01530892127674,0.8719743948789758,8.4,34.33838977985848,80.5919484974211,-5.592267787385044,0.9000219503971306,13.469791661301429,GOOD,16-QAM,MEDIUM
20.71126382549712,1363.73514640569,7.01530892127674,0.8719743948789758,12.5,34.33838977985848,80.5919484974211,-5.592267787385044,1.3426839938166695,9.574515078958413,DEGRADED,16-QAM,MEDIUM
10.064903275017215,1927.123957284009,7.384578125624307,0.8721744348869774,2.2,26.0041341608292,87.12350509783263,-7.092348600507494,0.390189476831477,22.613163898171294,GOOD,64-QAM,HIGH
10.064903275017215,1927.123957284009,7.384578125624307,0.8721744348869774,8.4,26.0041341608292,87.12350509783263,-7.092348600507494,1.4871600713161186,9.87906119889314,DEGRADED,16-QAM,MEDIUM
10.064903275017215,1927.123957284009,7.384578125624307,0.8721744348869774,12.5,26.0041341608292,87.12350509783263,-7.092348600507494,2.201765875748495,5.711840855537275,DEGRADED,QPSK,LOW
56.37054217575554,707.3714135233267,4.153647831738651,0.872374474894979,2.2,41.51250963906925,77.40657073602567,32.606635980969315,0.11958569613370529,31.589010587175515,GOOD,64-QAM,HIGH
56.37054217575554,707.3714135233267,4.153647831738651,0.872374474894979,8.4,41.51250963906925,77.40657073602567,32.606635980969315,0.45833354405948445,19.613130634456212,GOOD,64-QAM,HIGH
56.37054217575554,707.3714135233267,4.153647831738651,0.872374474894979,12.5,41.51250963906925,77.40657073602567,32.606635980969315,0.6797830632562627,15.939066576335946,GOOD,64-QAM,HIGH
69.91384289477725,635.2215099517098,2.575745966577912,0.8725745149029805,2.2,20.96246246594829,69.5758096235289,26.521814717684563,0.060980211536826354,32.58206225595664,GOOD,64-QAM,HIGH
69.91384289477725,635.2215099517098,2.575745966577912,0.8725745149029805,8.4,20.96246246594829,69.5758096235289,26.521814717684563,0.2322684245508498,20.773641938149098,GOOD,64-QAM,HIGH
69.91384289477725,635.2215099517098,2.575745966577912,0.8725745149029805,12.5,20.96246246594829,69.5758096235289,26.521814717684563,0.34790028140404816,17.205395542372415,GOOD,64-QAM,HIGH
49.4891165283707,765.8041878028926,4.871943581710639,0.8727745549109822,2.2,9.69969781116986,81.39506665364746,24.930765300556047,0.04605771150806296,30.973133932866553,GOOD,64-QAM,HIGH
49.4891165283707,765.8041878028926,4.871943581710639,0.8727745549109822,8.4,9.69969781116986,81.39506665364746,24.930765300556047,0.17591931744539518,19.2061402221357,GOOD,64-QAM,HIGH
49.4891165283707,765.8041878028926,4.871943581710639,0.8727745549109822,12.5,9.69969781116986,81.39506665364746,24.930765300556047,0.26111622985550476,15.668328770802106,GOOD,64-QAM,HIGH
24.275673152169883,1236.33890173168,6.836834375434038,0.8729745949189838,2.2,14.242633830530682,34.53868083944098,6.983816927283442,0.108767533887154,26.75002815666104,GOOD,64-QAM,HIGH
24.275673152169883,1236.33890173168,6.836834375434038,0.8729745949189838,8.4,14.242633830530682,34.53868083944098,6.983816927283442,0.41461232451433533,14.807051261240332,GOOD,16-QAM,MEDIUM
24.275673152169883,1236.33890173168,6.836834375434038,0.8729745949189838,12.5,14.242633830530682,34.53868083944098,6.983816927283442,0.621778051574485,11.147270995256704,GOOD,16-QAM,MEDIUM
61.65436801890797,673.4056878604952,3.5609197178308443,0.8731746349269854,2.2,25.25820091466574,57.76983943192847,8.995259430911311,0.07309259480946709,32.062918182810606,GOOD,64-QAM,HIGH
61.65436801890797,673.4056878604952,3.5609197178308443,0.8731746349269854,8.4,25.25820091466574,57.76983943192847,8.995259430911311,0.2782043136637085,20.220674359162842,GOOD,64-QAM,HIGH
61.65436801890797,673.4056878604952,3.5609197178308443,0.8731746349269854,12.5,25.25820091466574,57.76983943192847,8.995259430911311,0.41291592239916747,16.6333482115039,GOOD,64-QAM,HIGH
11.80898676181619,1811.486975661992,7.341264763538309,0.873374674934987,2.2,26.56653963365879,89.35537431690352,37.90567644496596,0.3403312971588459,23.200510769093157,GOOD,64-QAM,HIGH
11.80898676181619,1811.486975661992,7.341264763538309,0.873374674934987,8.4,26.56653963365879,89.35537431690352,37.90567644496596,1.2803570529527069,10.623352908505765,GOOD,16-QAM,MEDIUM
11.80898676181619,1811.486975661992,7.341264763538309,0.873374674934987,12.5,26.56653963365879,89.35537431690352,37.90567644496596,1.9267734034646153,6.524322019070382,DEGRADED,QPSK,LOW
42.55586490816614,845.908521750609,5.524637010345623,0.8735747149429886,2.2,40.27904132206168,76.17600907768394,-6.809762795103249,0.14286904817921947,30.012209333390672,GOOD,64-QAM,HIGH
42.55586490816614,845.908521750609,5.524637010345623,0.8735747149429886,8.4,40.27904132206168,76.17600907768394,-6.809762795103249,0.5506400536794797,17.967306223096898,GOOD,64-QAM,HIGH
42.55586490816614,845.908521750609,5.524637010345623,0.8735747149429886,12.5,40.27904132206168,76.17600907768394,-6.809762795103249,0.8162629113837532,14.249068826469127,GOOD,16-QAM,MEDIUM
18.886174463865714,1438.9143362655495,7.096226196908731,0.8737747549509902,2.2,39.56763618261672,87.72452268223338,28.686586846889632,0.29063736733807427,25.250210224276145,GOOD,64-QAM,HIGH
18.886174463865714,1438.9143362655495,7.096226196908731,0.8737747549509902,8.4,39.56763618261672,87.72452268223338,28.686586846889632,1.1126185746093922,12.791096912211302,GOOD,16-QAM,MEDIUM
18.886174463865714,1438.9143362655495,7.096226196908731,0.8737747549509902,12.5,39.56763618261672,87.72452268223338,28.686586846889632,1.6578263375251001,8.793274610372109,DEGRADED,16-QAM,MEDIUM
20.67901934009009,1365.0007367512749,7.016800530694404,0.8739747949589918,2.2,29.06832786022874,76.77806136800874,5.481666185419657,0.22384257878046385,25.775046089079822,GOOD,64-QAM,HIGH
20.67901934009009,1365.0007367512749,7.016800530694404,0.8739747949589918,8.4,29.06832786022874,76.77806136800874,5.481666185419657,0.8528762108700232,13.50888035219674,GOOD,16-QAM,MEDIUM
20.67901934009009,1365.0007367512749,7.016800530694404,0.8739747949589918,12.5,29.06832786022874,76.77806136800874,5.481666185419657,1.2510461826783996,9.658095841464885,DEGRADED,16-QAM,MEDIUM
22.19498567844731,1307.7832093158677,6.944277364031899,0.8741748349669934,2.2,39.03927416827382,82.49291804652864,-8.047269079372196,0.2484806717227302,26.122350569088084,GOOD,64-QAM,HIGH
22.19498567844731,1307.7832093158677,6.944277364031899,0.8741748349669934,8.4,39.03927416827382,82.49291804652864,-8.047269079372196,0.9425526778023258,13.791146458214968,GOOD,16-QAM,MEDIUM
22.19498567844731,1307.7832093158677,6.944277364031899,0.8741748349669934,12.5,39.03927416827382,82.49291804652864,-8.047269079372196,1.4053460543626584,9.875738542731156,DEGRADED,16-QAM,MEDIUM
37.87009984873812,916.1259428030908,5.920534093825906,0.874374874974995,2.2,9.58867291468355,72.39177793819147,27.128505537122805,0.05351799258787395,29.408924758121714,GOOD,64-QAM,HIGH
37.87009984873812,916.1259428030908,5.920534093825906,0.874374874974995,8.4,9.58867291468355,72.39177793819147,27.128505537122805,0.2060926629921059,17.619217982923956,GOOD,64-QAM,HIGH
37.87009984873812,916.1259428030908,5.920534093825906,0.874374874974995,12.5,9.58867291468355,72.39177793819147,27.128505537122805,0.3095179456770273,14.063178161315548,GOOD,16-QAM,MEDIUM
9.347767477733798,1977.829218797318,7.400404832967193,0.8745749149829966,2.2,2.503226354664717,75.63012026503438,6.545594283918732,0.12435802558175119,22.653412587837124,GOOD,64-QAM,HIGH
9.347767477733798,1977.829218797318,7.400404832967193,0.8745749149829966,8.4,2.503226354664717,75.63012026503438,6.545594283918732,0.4744467598466691,10.666191748778687,GOOD,16-QAM,MEDIUM
9.347767477733798,1977.829218797318,7.400404832967193,0.8745749149829966,12.5,2.503226354664717,75.63012026503438,6.545594283918732,0.7103093412131575,6.977714628488712,DEGRADED,QPSK,LOW
38.81244247897335,900.7655110796328,5.8440140390848825,0.8747749549909982,2.2,43.68169113173501,61.39068059037004,26.107375937139828,0.1640182311110041,29.44529316523345,GOOD,64-QAM,HIGH
38.81244247897335,900.7655110796328,5.8440140390848825,0.8747749549909982,8.4,43.68169113173501,61.39068059037004,26.107375937139828,0.6294348804950005,17.342744411055932,GOOD,64-QAM,HIGH
38.81244247897335,900.7655110796328,5.8440140390848825,0.8747749549909982,12.5,43.68169113173501,61.39068059037004,26.107375937139828,0.940391368981646,13.579173383645795,GOOD,16-QAM,MEDIUM
48.49513300474957,775.8253328383735,4.970127494531201,0.8749749949989998,2.2,3.777724688138479,85.45426204884797,25.382719155906003,0.03305820251073215,30.87320905286434,GOOD,64-QAM,HIGH
48.49513300474957,775.8253328383735,4.970127494531201,0.8749749949989998,8.4,3.777724688138479,85.45426204884797,25.382719155906003,0.1267914564614315,19.142343694120115,GOOD,64-QAM,HIGH
48.49513300474957,775.8253328383735,4.970127494531201,0.8749749949989998,12.5,3.777724688138479,85.45426204884797,25.382719155906003,0.18989078207090493,15.62662982958716,GOOD,64-QAM,HIGH
46.08001422213764,802.1016305492303,5.20239845261568,0.8751750350070014,2.2,12.334421487199863,79.5023346374017,16.739343771655754,0.057390017014804125,30.559568382644038,GOOD,64-QAM,HIGH
46.08001422213764,802.1016305492303,5.20239845261568,0.8751750350070014,8.4,12.334421487199863,79.5023346374017,16.739343771655754,0.2193933518977011,18.76043294296761,GOOD,64-QAM,HIGH
46.08001422213764,802.1016305492303,5.20239845261568,0.8751750350070014,12.5,12.334421487199863,79.5023346374017,16.739343771655754,0.3269006693618768,15.200311086579958,GOOD,64-QAM,HIGH
37.53664853425845,921.724266645458,5.9472284349776965,0.875375075015003,2.2,34.76594748121923,80.63309793993793,28.86865646052744,0.1392214269176984,29.27030452654317,GOOD,64-QAM,HIGH
37.53664853425845,921.724266645458,5.9472284349776965,0.875375075015003,8.4,34.76594748121923,80.63309793993793,28.86865646052744,0.5334968610596795,17.238896987607674,GOOD,64-QAM,HIGH
37.53664853425845,921.724266645458,5.9472284349776965,0.875375075015003,12.5,34.76594748121923,80.63309793993793,28.86865646052744,0.7928793838501236,13.526899925893744,GOOD,16-QAM,MEDIUM
76.32746168601396,615.9335105105538,1.772793438430007,0.8755751150230046,2.2,20.47239688136545,70.38054605778314,19.05191620856217,0.05819424674690688,32.85267547718557,GOOD,64-QAM,HIGH
76.32746168601396,615.9335105105538,1.772793438430007,0.8755751150230046,8.4,20.47239688136545,70.38054605778314,19.05191620856217,0.22175876836996114,21.05197885076899,GOOD,64-QAM,HIGH
76.32746168601396,615.9335105105538,1.772793438430007,0.8755751150230046,12.5,20.47239688136545,70.38054605778314,19.05191620856217,0.3296087726309524,17.491514307584524,GOOD,64-QAM,HIGH
17.352768855742852,1508.029791585171,7.158648864370102,0.8757751550310062,2.2,43.81569849577544,48.274796825234944,4.331842642413035,0.3314587558177324,24.801889202988164,GOOD,64-QAM,HIGH
17.352768855742852,1508.029791585171,7.158648864370102,0.8757751550310062,8.4,43.81569849577544,48.274796825234944,4.331842642413035,1.2652914775187276,12.230924376493647,GOOD,16-QAM,MEDIUM
17.352768855742852,1508.029791585171,7.158648864370102,0.8757751550310062,12.5,43.81569849577544,48.274796825234944,4.331842642413035,1.8771811259704403,8.166420189118455,DEGRADED,16-QAM,MEDIUM
47.98422322141679,781.1510228164225,5.02001408189521,0.8759751950390078,2.2,14.898989733113478,32.13778772340836,26.70576505322095,0.05255010746816346,30.79429616102101,GOOD,64-QAM,HIGH
47.98422322141679,781.1510228164225,5.02001408189521,0.8759751950390078,8.4,14.898989733113478,32.13778772340836,26.70576505322095,0.19970665460092318,19.010007509094734,GOOD,64-QAM,HIGH
47.98422322141679,781.1510228164225,5.02001408189521,0.8759751950390078,12.5,14.898989733113478,32.13778772340836,26.70576505322095,0.29578246987006707,15.461317154902105,GOOD,64-QAM,HIGH
10.273520441307117,1912.7263850084205,7.379756754614571,0.8761752350470094,2.2,0.5935673334679648,86.13930776457266,19.456990793886177,0.11906326527192522,22.94942614303723,GOOD,64-QAM,HIGH
10.273520441307117,1912.7263850084205,7.379756754614571,0.8761752350470094,8.4,0.5935673334679648,86.13930776457266,19.456990793886177,0.45460136274846186,10.976755940767163,GOOD,16-QAM,MEDIUM
10.273520441307117,1912.7263850084205,7.379756754614571,0.8761752350470094,12.5,0.5935673334679648,86.13930776457266,19.456990793886177,0.6641428147552388,7.314599949836904,DEGRADED,QPSK,LOW
11.048232704622327,1860.6200232526148,7.36099656684781,0.876375275055011,2.2,15.032782028037206,65.16722092832981,-9.363635915503972,0.23401503969336981,23.07437753685072,GOOD,64-QAM,HIGH
11.048232704622327,1860.6200232526148,7.36099656684781,0.876375275055011,8.4,15.032782028037206,65.16722092832981,-9.363635915503972,0.8854180005813846,10.78584247116919,GOOD,16-QAM,MEDIUM
11.048232704622327,1860.6200232526148,7.36099656684781,0.876375275055011,12.5,15.032782028037206,65.16722092832981,-9.363635915503972,1.3211360602622721,6.897509872564811,DEGRADED,QPSK,LOW
53.77859722255319,727.2975708612084,4.431802991792379,0.8765753150630126,2.2,28.903752459241584,47.888578268888416,35.08220888851547,0.0832302681090776,31.384073374421916,GOOD,64-QAM,HIGH
53.77859722255319,727.2975708612084,4.431802991792379,0.8765753150630126,8.4,28.903752459241584,47.888578268888416,35.08220888851547,0.3193046238941084,19.51086691384336,GOOD,64-QAM,HIGH
53.77859722255319,727.2975708612084,4.431802991792379,0.8765753150630126,12.5,28.903752459241584,47.888578268888416,35.08220888851547,0.4762619399426964,15.901295058871284,GOOD,64-QAM,HIGH
53.11156611546478,732.8126065425622,4.501940874848379,0.8767753550710142,2.2,18.796918770164663,38.94810647085227,17.28218091621567,0.05776048051676818,31.343927265586196,GOOD,64-QAM,HIGH
53.11156611546478,732.8126065425622,4.501940874848379,0.8767753550710142,8.4,18.796918770164663,38.94810647085227,17.28218091621567,0.22204932932237867,19.54250631198707,GOOD,64-QAM,HIGH
53.11156611546478,732.8126065425622,4.501940874848379,0.8767753550710142,12.5,18.796918770164663,38.94810647085227,17.28218091621567,0.3289783558389561,15.982962746547003,GOOD,64-QAM,HIGH
79.63284859177884,609.0816264033592,1.3496641370452649,0.8769753950790158,2.2,26.743637787937764,79.77138993004527,33.43136327397659,0.07191409665040714,32.936122312046585,GOOD,64-QAM,HIGH
79.63284859177884,609.0816264033592,1.3496641370452649,0.8769753950790158,8.4,26.743637787937764,79.77138993004527,33.43136327397659,0.2746791134061726,21.096225190497293,GOOD,64-QAM,HIGH
79.63284859177884,609.0816264033592,1.3496641370452649,0.8769753950790158,12.5,26.743637787937764,79.77138993004527,33.43136327397659,0.4089030202022167,17.50938674477777,GOOD,64-QAM,HIGH
52.41926243110622,738.7132614533675,4.574090754871544,0.8771754350870175,2.2,43.82990594175094,80.19121166685474,34.13684194911223,0.13108805003765403,31.200940421750907,GOOD,64-QAM,HIGH
52.41926243110622,738.7132614533675,4.574090754871544,0.8771754350870175,8.4,43.82990594175094,80.19121166685474,34.13684194911223,0.4950547795490451,19.199841587445988,GOOD,64-QAM,HIGH
52.41926243110622,738.7132614533675,4.574090754871544,0.8771754350870175,12.5,43.82990594175094,80.19121166685474,34.13684194911223,0.74582062754547,15.496461200526085,GOOD,64-QAM,HIGH
86.58223673441226,600.9768316841055,0.4471188936715773,0.877375475095019,2.2,45.62425271151842,78.87047808783188,12.248332836754424,0.10992702204130277,33.01446476557605,GOOD,64-QAM,HIGH
86.58223673441226,600.9768316841055,0.4471188936715773,0.877375475095019,8.4,45.62425271151842,78.87047808783188,12.248332836754424,0.41866267531661155,21.068597007507222,GOOD,64-QAM,HIGH
86.58223673441226,600.9768316841055,0.4471188936715773,0.877375475095019,12.5,45.62425271151842,78.87047808783188,12.248332836754424,0.6240884744635964,17.410556669436758,GOOD,64-QAM,HIGH
9.13906211399403,1992.943954707184,7.404793132834576,0.8775755151030206,2.2,13.298703232705606,68.70496151800717,15.382999822561548,0.2797020789331777,22.43194259055923,GOOD,64-QAM,HIGH
9.13906211399403,1992.943954707184,7.404793132834576,0.8775755151030206,8.4,13.298703232705606,68.70496151800717,15.382999822561548,1.0989953610229548,9.975517203675935,DEGRADED,16-QAM,MEDIUM
9.13906211399403,1992.943954707184,7.404793132834576,0.8775755151030206,12.5,13.298703232705606,68.70496151800717,15.382999822561548,1.5698602023414105,6.0520378234339915,DEGRADED,QPSK,LOW
13.33065320636299,1718.9908570103305,7.297917427823067,0.8777755551110222,2.2,23.107023663495035,51.96092325551256,10.787719383780097,0.2630676258772684,23.7330074224311,GOOD,64-QAM,HIGH
13.33065320636299,1718.9908570103305,7.297917427823067,0.8777755551110222,8.4,23.107023663495035,51.96092325551256,10.787719383780097,1.0002425067139067,11.358700436800945,GOOD,16-QAM,MEDIUM
13.33065320636299,1718.9908570103305,7.297917427823067,0.8777755551110222,12.5,23.107023663495035,51.96092325551256,10.787719383780097,1.4841736091184656,7.422154795472892,DEGRADED,QPSK,LOW
8.745598233482418,2021.8856627461523,7.412798958589848,0.8779755951190238,2.2,27.45720076207256,48.24421708681542,12.471838765402277,0.41702572068384447,22.169388809309638,GOOD,64-QAM,HIGH
8.745598233482418,2021.8856627461523,7.412798958589848,0.8779755951190238,8.4,27.45720076207256,48.24421708681542,12.471838765402277,1.6192471938284667,9.330035231371482,DEGRADED,16-QAM,MEDIUM
8.745598233482418,2021.8856627461523,7.412798958589848,0.8779755951190238,12.5,27.45720076207256,48.24421708681542,12.471838765402277,2.3891384441653645,5.107529442111101,DEGRADED,QPSK,LOW
20.7485322783509,1362.2750719048126,7.013582138266759,0.8781756351270255,2.2,47.45562284441235,30.51328620709021,34.75735794858639,0.2947482085718845,25.72150198308725,GOOD,64-QAM,HIGH
20.7485322783509,1362.2750719048126,7.013582138266759,0.8781756351270255,8.4,47.45562284441235,30.51328620709021,34.75735794858639,1.1165142725790227,13.262603814286592,GOOD,16-QAM,MEDIUM
20.7485322783509,1362.2750719048126,7.013582138266759,0.8781756351270255,12.5,47.45562284441235,30.51328620709021,34.75735794858639,1.659907812160126,9.266595735782005,DEGRADED,16-QAM,MEDIUM
51.00795943004264,751.3213019360628,4.71909318909307,0.878375675135027,2.2,49.93086595821924,80.01645352129442,29.40720069839555,0.1456590695250664,31.039373265915685,GOOD,64-QAM,HIGH
51.00795943004264,751.3213019360628,4.71909318909307,0.878375675135027,8.4,49.93086595821924,80.01645352129442,29.40720069839555,0.55705131215028,18.99084891849695,GOOD,64-QAM,HIGH
51.00795943004264,751.3213019360628,4.71909318909307,0.878375675135027,12.5,49.93086595821924,80.01645352129442,29.40720069839555,0.8258179861285713,15.269467705595176,GOOD,64-QAM,HIGH
59.87363542133138,683.927728450215,3.764315867669363,0.8785757151430286,2.2,11.770362442076332,35.245961849618546,-3.673716184221101,0.036749148720502785,31.96459300141467,GOOD,64-QAM,HIGH
59.87363542133138,683.927728450215,3.764315867669363,0.8785757151430286,8.4,11.770362442076332,35.245961849618546,-3.673716184221101,0.14067581857156325,20.223534226770084,GOOD,64-QAM,HIGH
59.87363542133138,683.927728450215,3.764315867669363,0.8785757151430286,12.5,11.770362442076332,35.245961849618546,-3.673716184221101,0.21011807337841773,16.70147743303974,GOOD,64-QAM,HIGH
8.874738425636847,2012.3219019071016,7.410209858904936,0.8787757551510302,2.2,36.34899356729077,67.84529988244606,20.515389077004794,0.553581384258342,22.07401591854051,GOOD,64-QAM,HIGH
8.874738425636847,2012.3219019071016,7.410209858904936,0.8787757551510302,8.4,36.34899356729077,67.84529988244606,20.515389077004794,2.1271009031244175,8.86336429488091,DEGRADED,16-QAM,MEDIUM
8.874738425636847,2012.3219019071016,7.410209858904936,0.8787757551510302,12.5,36.34899356729077,67.84529988244606,20.515389077004794,3.145873893757346,4.3919767653245,DEGRADED,QPSK,LOW
85.40752563687595,601.7655113616584,0.6005099968556246,0.8789757951590318,2.2,18.90155311165976,60.2444968104053,39.79533201931712,0.05275710897725404,33.060243401596445,GOOD,64-QAM,HIGH
85.40752563687595,601.7655113616584,0.6005099968556246,0.8789757951590318,8.4,18.90155311165976,60.2444968104053,39.79533201931712,0.20079950744723396,21.275068898332947,GOOD,64-QAM,HIGH
85.40752563687595,601.7655113616584,0.6005099968556246,0.8789757951590318,12.5,18.90155311165976,60.2444968104053,39.79533201931712,0.3017539693149589,17.721499897541733,GOOD,64-QAM,HIGH
76.58405701528238,615.3293911146975,1.74013932582481,0.8791758351670335,2.2,0.4054098443106613,61.60136153558107,19.777535061624288,0.0158449960827835,32.903548195607506,GOOD,64-QAM,HIGH
76.58405701528238,615.3293911146975,1.74013932582481,0.8791758351670335,8.4,0.4054098443106613,61.60136153558107,19.777535061624288,0.06023026040880662,21.222030826487966,GOOD,64-QAM,HIGH
76.58405701528238,615.3293911146975,1.74013932582481,0.8791758351670335,12.5,0.4054098443106613,61.60136153558107,19.777535061624288,0.090726235245303,17.738920312727984,GOOD,64-QAM,HIGH
30.21206098335292,1069.962103076869,6.4812667136995765,0.879375875175035,2.2,0.4626261217951177,85.6027707184664,29.29358127965528,0.046460036117362255,28.067718433286906,GOOD,64-QAM,HIGH
30.21206098335292,1069.962103076869,6.4812667136995765,0.879375875175035,8.4,0.4626261217951177,85.6027707184664,29.29358127965528,0.18457017702973222,16.292476187581016,GOOD,64-QAM,HIGH
30.21206098335292,1069.962103076869,6.4812667136995765,0.879375875175035,12.5,0.4626261217951177,85.6027707184664,29.29358127965528,0.2678511191843935,12.75658070650286,GOOD,16-QAM,MEDIUM
11.560940069249776,1827.2896019846853,7.347840762640669,0.8795759151830366,2.2,23.02830037811279,31.896900676274527,28.453073669058547,0.3022248856321163,23.16317383957906,GOOD,64-QAM,HIGH
11.560940069249776,1827.2896019846853,7.347840762640669,0.8795759151830366,8.4,23.02830037811279,31.896900676274527,28.453073669058547,1.1525911952998855,10.67567542511776,GOOD,16-QAM,MEDIUM
11.560940069249776,1827.2896019846853,7.347840762640669,0.8795759151830366,12.5,23.02830037811279,31.896900676274527,28.453073669058547,1.7150492715265333,6.660602809967628,DEGRADED,QPSK,LOW
19.44040122361987,1415.3030402020436,7.072411539324282,0.8797759551910382,2.2,24.416745650216733,76.40353347772634,7.515876293616429,0.19265293625469793,25.491904655795082,GOOD,64-QAM,HIGH
19.44040122361987,1415.3030402020436,7.072411539324282,0.8797759551910382,8.4,24.416745650216733,76.40353347772634,7.515876293616429,0.7388960560848045,13.30852943117145,GOOD,16-QAM,MEDIUM
19.44040122361987,1415.3030402020436,7.072411539324282,0.8797759551910382,12.5,24.416745650216733,76.40353347772634,7.515876293616429,1.1011868225518597,9.493624125780912,DEGRADED,16-QAM,MEDIUM
15.790275169172675,1584.5905505779792,7.216981454113294,0.8799759951990398,2.2,1.1284848286721327,33.12314390203843,8.592465135197944,0.05103407674057449,24.652171071597124,GOOD,64-QAM,HIGH
15.790275169172675,1584.5905505779792,7.216981454113294,0.8799759951990398,8.4,1.1284848286721327,33.12314390203843,8.592465135197944,0.18959141635803356,12.876481627186152,GOOD,16-QAM,MEDIUM
15.790275169172675,1584.5905505779792,7.216981454113294,0.8799759951990398,12.5,1.1284848286721327,33.12314390203843,8.592465135197944,0.28681921785078557,9.326639286769904,DEGRADED,16-QAM,MEDIUM
15.479121240410482,1600.623680820247,7.22795828789031,0.8801760352070415,2.2,34.346370838715124,32.28921635612263,26.20382108952016,0.30410898670054426,24.311652639217968,GOOD,64-QAM,HIGH
15.479121240410482,1600.623680820247,7.22795828789031,0.8801760352070415,8.4,34.346370838715124,32.28921635612263,26.20382108952016,1.1604648326814935,11.818164688443488,GOOD,16-QAM,MEDIUM
15.479121240410482,1600.623680820247,7.22795828789031,0.8801760352070415,12.5,34.346370838715124,32.28921635612263,26.20382108952016,1.7122813858681059,7.8137335963333925,DEGRADED,QPSK,LOW
49.07774353658738,769.8979679165213,4.912757808815948,0.880376075215043,2.2,14.700169429747657,55.78906188848292,14.999176580241755,0.05538392876781961,30.91749898788293,GOOD,64-QAM,HIGH
49.07774353658738,769.8979679165213,4.912757808815948,0.880376075215043,8.4,14.700169429747657,55.78906188848292,14.999176580241755,0.2113315482944436,19.124419263562785,GOOD,64-QAM,HIGH
49.07774353658738,769.8979679165213,4.912757808815948,0.880376075215043,12.5,14.700169429747657,55.78906188848292,14.999176580241755,0.3143571713693706,15.568779101564374,GOOD,64-QAM,HIGH
25.897032611939025,1185.7926389885963,6.746853000116696,0.8805761152230446,2.2,27.99465507679747,33.784510460578005,18.5285354565194,0.14900698442651142,27.072364397934386,GOOD,64-QAM,HIGH
25.897032611939025,1185.7926389885963,6.746853000116696,0.8805761152230446,8.4,27.99465507679747,33.784510460578005,18.5285354565194,0.5698236372791518,15.01441564028822,GOOD,64-QAM,HIGH
25.897032611939025,1185.7926389885963,6.746853000116696,0.8805761152230446,12.5,27.99465507679747,33.784510460578005,18.5285354565194,0.8481660732198243,11.283458665424064,GOOD,16-QAM,MEDIUM
35.44187590497728,958.9644939826088,6.110281480681845,0.8807761552310462,2.2,15.04595365827094,77.34863707757472,25.64528951824188,0.07107517357505858,28.994420658911444,GOOD,64-QAM,HIGH
35.44187590497728,958.9644939826088,6.110281480681845,0.8807761552310462,8.4,15.04595365827094,77.34863707757472,25.64528951824188,0.2689308480380107,17.15943287965497,GOOD,64-QAM,HIGH
35.44187590497728,958.9644939826088,6.110281480681845,0.8807761552310462,12.5,15.04595365827094,77.34863707757472,25.64528951824188,0.4033672522687873,13.572381936500705,GOOD,16-QAM,MEDIUM
89.10795333766741,600.0664662109393,0.1167639176775024,0.8809761952390478,2.2,8.35671574346536,61.77378561890024,28.87875135195251,0.03127380918476283,33.10628542303417,GOOD,64-QAM,HIGH
89.10795333766741,600.0664662109393,0.1167639176775024,0.8809761952390478,8.4,8.35671574346536,61.77378561890024,28.87875135195251,0.11924923336220125,21.381177894063214,GOOD,64-QAM,HIGH
89.10795333766741,600.0664662109393,0.1167639176775024,0.8809761952390478,12.5,8.35671574346536,61.77378561890024,28.87875135195251,0.1788592175318372,17.86895337097009,GOOD,64-QAM,HIGH
63.1667111586543,665.152165460694,3.38547042614557,0.8811762352470495,2.2,20.358686929943765,31.742326959586467,3.575828886653568,0.055920642829906116,32.18720555465427,GOOD,64-QAM,HIGH
63.1667111586543,665.152165460694,3.38547042614557,0.8811762352470495,8.4,20.358686929943765,31.742326959586467,3.575828886653568,0.21438952956339155,20.39160456312726,GOOD,64-QAM,HIGH
63.1667111586543,665.152165460694,3.38547042614557,0.8811762352470495,12.5,20.358686929943765,31.742326959586467,3.575828886653568,0.31810466870717097,16.835274885060002,GOOD,64-QAM,HIGH
85.66335669899512,601.5739005455562,0.567123430972563,0.881376275255051,2.2,11.61366823952504,32.43004118891517,-2.660312028151853,0.03217746755586532,33.08358919594147,GOOD,64-QAM,HIGH
85.66335669899512,601.5739005455562,0.567123430972563,0.881376275255051,8.4,11.61366823952504,32.43004118891517,-2.660312028151853,0.12356034907676945,21.35507420962705,GOOD,64-QAM,HIGH
85.66335669899512,601.5739005455562,0.567123430972563,0.881376275255051,12.5,11.61366823952504,32.43004118891517,-2.660312028151853,0.1835699313533555,17.842450088426972,GOOD,64-QAM,HIGH
17.117307177814826,1519.1578944012397,7.1677811343417,0.8815763152630526,2.2,26.7400488459584,66.76011178436876,4.589732336186263,0.22952979798479523,24.839958289309536,GOOD,64-QAM,HIGH
17.117307177814826,1519.1578944012397,7.1677811343417,0.8815763152630526,8.4,26.7400488459584,66.76011178436876,4.589732336186263,0.8660730917026855,12.56628289079812,GOOD,16-QAM,MEDIUM
17.117307177814826,1519.1578944012397,7.1677811343417,0.8815763152630526,12.5,26.7400488459584,66.76011178436876,4.589732336186263,1.2877967166126396,8.691944726964692,DEGRADED,16-QAM,MEDIUM
37.48185536076839,922.6525357973146,5.951595639939817,0.8817763552710542,2.2,9.941426514323998,78.3667090595043,15.376916254603778,0.05624731524012725,29.344535474592178,GOOD,64-QAM,HIGH
37.48185536076839,922.6525357973146,5.951595639939817,0.8817763552710542,8.4,9.941426514323998,78.3667090595043,15.376916254603778,0.21429552458727338,17.549355160451512,GOOD,64-QAM,HIGH
37.48185536076839,922.6525357973146,5.951595639939817,0.8817763552710542,12.5,9.941426514323998,78.3667090595043,15.376916254603778,0.31986534235559927,13.991170803759701,GOOD,16-QAM,MEDIUM
52.15220327900011,741.0386494143022,4.601744967355216,0.8819763952790558,2.2,25.42029883223136,56.26797187648641,7.107065864851954,0.08121389772934688,31.22351529548073,GOOD,64-QAM,HIGH
52.15220327900011,741.0386494143022,4.601744967355216,0.8819763952790558,8.4,25.42029883223136,56.26797187648641,7.107065864851954,0.3072168226330355,19.36038026578352,GOOD,64-QAM,HIGH
52.15220327900011,741.0386494143022,4.601744967355216,0.8819763952790558,12.5,25.42029883223136,56.26797187648641,7.107065864851954,0.4585626070188092,15.756419942474267,GOOD,64-QAM,HIGH
11.524435260542733,1829.632890957768,7.348796924391912,0.8821764352870574,2.2,7.868925743443378,63.27484029213746,18.41813794237969,0.15157899723358068,23.302688208381383,GOOD,64-QAM,HIGH
11.524435260542733,1829.632890957768,7.348796924391912,0.8821764352870574,8.4,7.868925743443378,63.27484029213746,18.41813794237969,0.5835798995899351,11.23355520123151,GOOD,16-QAM,MEDIUM
11.524435260542733,1829.632890957768,7.348796924391912,0.8821764352870574,12.5,7.868925743443378,63.27484029213746,18.41813794237969,0.8483329405287209,7.516187621369241,DEGRADED,QPSK,LOW
5.355932708376418,2296.482170842923,7.467255379945048,0.882376475295059,2.2,33.548735474289245,77.98976724299409,-7.326713793718578,0.8017266234011066,20.678558199298365,GOOD,64-QAM,HIGH
5.355932708376418,2296.482170842923,7.467255379945048,0.882376475295059,8.4,33.548735474289245,77.98976724299409,-7.326713793718578,3.0344964806231256,6.8086562372828325,DEGRADED,QPSK,LOW
5.355932708376418,2296.482170842923,7.467255379945048,0.882376475295059,12.5,33.548735474289245,77.98976724299409,-7.326713793718578,4.481801548050591,1.9087366309318838,DEGRADED,LINK-OFF,NONE
61.98691837273799,671.5382847674409,3.5225485717930285,0.8825765153030606,2.2,37.696884222071205,66.63037044250915,15.48752058068836,0.10197459547916175,32.05815624651433,GOOD,64-QAM,HIGH
61.98691837273799,671.5382847674409,3.5225485717930285,0.8825765153030606,8.4,37.696884222071205,66.63037044250915,15.48752058068836,0.3880596342861108,20.13493910291386,GOOD,64-QAM,HIGH
61.98691837273799,671.5382847674409,3.5225485717930285,0.8825765153030606,12.5,37.696884222071205,66.63037044250915,15.48752058068836,0.5788893001385258,16.491494898137958,GOOD,64-QAM,HIGH
59.554658928122,685.9080977733047,3.8003711748610014,0.8827765553110622,2.2,5.519711712496688,43.48561425952917,8.399245346885394,0.02450767154948189,31.95172010934892,GOOD,64-QAM,HIGH
59.554658928122,685.9080977733047,3.8003711748610014,0.8827765553110622,8.4,5.519711712496688,43.48561425952917,8.399245346885394,0.09106457814132063,20.248031097963562,GOOD,64-QAM,HIGH
59.554658928122,685.9080977733047,3.8003711748610014,0.8827765553110622,12.5,5.519711712496688,43.48561425952917,8.399245346885394,0.13579549029987173,16.75068564688152,GOOD,64-QAM,HIGH
39.917048849967,883.590758473355,5.752306867672629,0.8829765953190638,2.2,23.39012060186696,66.78312155216872,16.73333774464412,0.09492210215216738,29.68160098316079,GOOD,64-QAM,HIGH
39.917048849967,883.590758473355,5.752306867672629,0.8829765953190638,8.4,23.39012060186696,66.78312155216872,16.73333774464412,0.35976386570021307,17.77962711481922,GOOD,64-QAM,HIGH
39.917048849967,883.590758473355,5.752306867672629,0.8829765953190638,12.5,23.39012060186696,66.78312155216872,16.73333774464412,0.5432663683740149,14.143510073221933,GOOD,16-QAM,MEDIUM
46.61974646272277,795.9818640844924,5.151277970516207,0.8831766353270654,2.2,3.543585032743679,67.69676754391281,11.126667744248838,0.030893477313075277,30.652589451433066,GOOD,64-QAM,HIGH
46.61974646272277,795.9818640844924,5.151277970516207,0.8831766353270654,8.4,3.543585032743679,67.69676754391281,11.126667744248838,0.11999814406605942,18.926352679886563,GOOD,64-QAM,HIGH
46.61974646272277,795.9818640844924,5.151277970516207,0.8831766353270654,12.5,3.543585032743679,67.69676754391281,11.126667744248838,0.17742082549150695,15.416315459537628,GOOD,64-QAM,HIGH
40.31265505032761,877.6486200540176,5.718940898628746,0.883376675335067,2.2,29.90912227710012,74.0464188528676,4.211292531877124,0.11638043717445067,29.71875246005559,GOOD,64-QAM,HIGH
40.31265505032761,877.6486200540176,5.718940898628746,0.883376675335067,8.4,29.90912227710012,74.0464188528676,4.211292531877124,0.4436848867965179,17.75431590564,GOOD,64-QAM,HIGH
40.31265505032761,877.6486200540176,5.718940898628746,0.883376675335067,12.5,29.90912227710012,74.0464188528676,4.211292531877124,0.6617246740881542,14.083661579424884,GOOD,16-QAM,MEDIUM
7.040428811815553,2154.2391825504737,7.443449337100083,0.8835767153430686,2.2,13.220214896482268,67.25245125340808,35.20539527288179,0.3703106981626533,21.665357268874203,GOOD,64-QAM,HIGH
7.040428811815553,2154.2391825504737,7.443449337100083,0.8835767153430686,8.4,13.220214896482268,67.25245125340808,35.20539527288179,1.4271324368657041,8.97140342537763,DEGRADED,16-QAM,MEDIUM
7.040428811815553,2154.2391825504737,7.443449337100083,0.8835767153430686,12.5,13.220214896482268,67.25245125340808,35.20539527288179,2.087404276575167,4.85851704674468,DEGRADED,QPSK,LOW
33.506586528484306,996.8106440863758,6.253667758151671,0.8837767553510703,2.2,26.3812228419354,88.15452782748227,-0.7617505789321548,0.12337200646581652,28.60592104112331,GOOD,64-QAM,HIGH
33.506586528484306,996.8106440863758,6.253667758151671,0.8837767553510703,8.4,26.3812228419354,88.15452782748227,-0.7617505789321548,0.47147957868951834,16.620681364106076,GOOD,64-QAM,HIGH
33.506586528484306,996.8106440863758,6.253667758151671,0.8837767553510703,12.5,26.3812228419354,88.15452782748227,-0.7617505789321548,0.7012266546950278,12.938319749177083,GOOD,16-QAM,MEDIUM
20.05199170876964,1390.0491319535918,7.045364068531084,0.8839767953590718,2.2,25.87305046921456,41.83729852302411,24.068278779027985,0.18907364632873033,25.65186971978224,GOOD,64-QAM,HIGH
20.05199170876964,1390.0491319535918,7.045364068531084,0.8839767953590718,8.4,25.87305046921456,41.83729852302411,24.068278779027985,0.7319139204731506,13.471897340844293,GOOD,16-QAM,MEDIUM
20.05199170876964,1390.0491319535918,7.045364068531084,0.8839767953590718,12.5,25.87305046921456,41.83729852302411,24.068278779027985,1.0819008137248716,9.669295908669085,DEGRADED,16-QAM,MEDIUM
13.366056073616344,1716.9273324742364,7.296847519950577,0.8841768353670734,2.2,46.21771730969002,87.06544077402458,36.2322356291207,0.45366032986274235,23.552847765772412,GOOD,64-QAM,HIGH
13.366056073616344,1716.9273324742364,7.296847519950577,0.8841768353670734,8.4,46.21771730969002,87.06544077402458,36.2322356291207,1.7357657625842917,10.63361022825734,GOOD,16-QAM,MEDIUM
13.366056073616344,1716.9273324742364,7.296847519950577,0.8841768353670734,12.5,46.21771730969002,87.06544077402458,36.2322356291207,2.5764167557315365,6.340344696186605,DEGRADED,QPSK,LOW
86.32123688059474,601.1319474296197,0.4812181719202717,0.884376875375075,2.2,27.454161128436144,62.30036942100098,16.933497984271654,0.06880739645604182,33.053342799921715,GOOD,64-QAM,HIGH
86.32123688059474,601.1319474296197,0.4812181719202717,0.884376875375075,8.4,27.454161128436144,62.30036942100098,16.933497984271654,0.2634146265135522,21.221603465070686,GOOD,64-QAM,HIGH
86.32123688059474,601.1319474296197,0.4812181719202717,0.884376875375075,12.5,27.454161128436144,62.30036942100098,16.933497984271654,0.39318526688343847,17.639218285777318,GOOD,64-QAM,HIGH
55.94557662858408,710.4804912151285,4.199850949025487,0.8845769153830766,2.2,29.149923985915784,70.31736842969472,33.8204244289741,0.08896961652413299,31.581533620676545,GOOD,64-QAM,HIGH
55.94557662858408,710.4804912151285,4.199850949025487,0.8845769153830766,8.4,29.149923985915784,70.31736842969472,33.8204244289741,0.33950528392502966,19.69386584848212,GOOD,64-QAM,HIGH
55.94557662858408,710.4804912151285,4.199850949025487,0.8845769153830766,12.5,29.149923985915784,70.31736842969472,33.8204244289741,0.504774284390251,16.07598230909342,GOOD,64-QAM,HIGH
66.93578416011123,647.1149139713743,2.9382192322930885,0.8847769553910783,2.2,20.082656288219013,35.967695847131395,-3.757426078335781,0.053656458451663246,32.428261743809735,GOOD,64-QAM,HIGH
66.93578416011123,647.1149139713743,2.9382192322930885,0.8847769553910783,8.4,20.082656288219013,35.967695847131395,-3.757426078335781,0.20481101436090215,20.639975083106975,GOOD,64-QAM,HIGH
66.93578416011123,647.1149139713743,2.9382192322930885,0.8847769553910783,12.5,20.082656288219013,35.967695847131395,-3.757426078335781,0.3062108539030038,17.08596070464138,GOOD,64-QAM,HIGH
31.805918177619983,1033.1033129985194,6.373786937257495,0.8849769953990798,2.2,47.45398015914084,52.83455648268642,14.689438512820406,0.20059226623040186,28.218079032109827,GOOD,64-QAM,HIGH
31.805918177619983,1033.1033129985194,6.373786937257495,0.8849769953990798,8.4,47.45398015914084,52.83455648268642,14.689438512820406,0.7659703897568502,16.01556880378986,GOOD,64-QAM,HIGH
31.805918177619983,1033.1033129985194,6.373786937257495,0.8849769953990798,12.5,47.45398015914084,52.83455648268642,14.689438512820406,1.1340629909352904,12.19486166368793,GOOD,16-QAM,MEDIUM
38.41750600699129,907.1215463802196,5.87627727624792,0.8851770354070814,2.2,38.85929547198048,76.16274878779035,12.85126402404697,0.1542825595627516,29.393954171312224,GOOD,64-QAM,HIGH
38.41750600699129,907.1215463802196,5.87627727624792,0.8851770354070814,8.4,38.85929547198048,76.16274878779035,12.85126402404697,0.5915531517135137,17.31955147436794,GOOD,64-QAM,HIGH
38.41750600699129,907.1215463802196,5.87627727624792,0.8851770354070814,12.5,38.85929547198048,76.16274878779035,12.85126402404697,0.8767687189146449,13.581721368243322,GOOD,16-QAM,MEDIUM
25.138539481221496,1208.912104186269,6.789624452374146,0.885377075415083,2.2,14.270264515142076,72.41466090593943,-9.594059648150257,0.10274685137586469,26.950905012972065,GOOD,64-QAM,HIGH
25.138539481221496,1208.912104186269,6.789624452374146,0.885377075415083,8.4,14.270264515142076,72.41466090593943,-9.594059648150257,0.39187286729550597,15.0246468922589,GOOD,64-QAM,HIGH
25.138539481221496,1208.912104186269,6.789624452374146,0.885377075415083,12.5,14.270264515142076,72.41466090593943,-9.594059648150257,0.593996131869372,11.369909088761545,GOOD,16-QAM,MEDIUM
13.242082032061104,1724.1706196213804,7.300581925683327,0.8855771154230846,2.2,42.210479288811605,32.40836328992461,12.162867067966722,0.422343195652376,23.54759838163757,GOOD,64-QAM,HIGH
13.242082032061104,1724.1706196213804,7.300581925683327,0.8855771154230846,8.4,42.210479288811605,32.40836328992461,12.162867067966722,1.5970779714821122,10.735731501014314,GOOD,16-QAM,MEDIUM
13.242082032061104,1724.1706196213804,7.300581925683327,0.8855771154230846,12.5,42.210479288811605,32.40836328992461,12.162867067966722,2.372411299282464,6.507783634290476,DEGRADED,QPSK,LOW
20.21768918253462,1383.3481615391984,7.037897794313546,0.8857771554310863,2.2,21.61981800925449,62.79565580983468,8.451487819129891,0.1604063480571916,25.722510090491483,GOOD,64-QAM,HIGH
20.21768918253462,1383.3481615391984,7.037897794313546,0.8857771554310863,8.4,21.61981800925449,62.79565580983468,8.451487819129891,0.6143161646860027,13.631468169069151,GOOD,16-QAM,MEDIUM
20.21768918253462,1383.3481615391984,7.037897794313546,0.8857771554310863,12.5,21.61981800925449,62.79565580983468,8.451487819129891,0.9106582888481323,9.882511505983544,DEGRADED,16-QAM,MEDIUM
72.7886938502013,625.5544486622812,2.2192241169377764,0.8859771954390878,2.2,41.4333571766797,35.296691578104564,23.48993638873077,0.0952300717525673,32.6810139728794,GOOD,64-QAM,HIGH
72.7886938502013,625.5544486622812,2.2192241169377764,0.8859771954390878,8.4,41.4333571766797,35.296691578104564,23.48993638873077,0.3628930485657773,20.776218891272663,GOOD,64-QAM,HIGH
72.7886938502013,625.5544486622812,2.2192241169377764,0.8859771954390878,12.5,41.4333571766797,35.296691578104564,23.48993638873077,0.5416070123341707,17.14489038858079,GOOD,64-QAM,HIGH
62.59139344062095,668.2202209151792,3.4524985561867174,0.8861772354470894,2.2,41.144403414675104,89.75138575068974,36.91648892882593,0.11172138128784868,32.091432729802335,GOOD,64-QAM,HIGH
62.59139344062095,668.2202209151792,3.4524985561867174,0.8861772354470894,8.4,41.144403414675104,89.75138575068974,36.91648892882593,0.4261870719736136,20.139834934323048,GOOD,64-QAM,HIGH
62.59139344062095,668.2202209151792,3.4524985561867174,0.8861772354470894,12.5,41.144403414675104,89.75138575068974,36.91648892882593,0.6335183672383803,16.4798891001348,GOOD,64-QAM,HIGH
51.488954458765534,746.934976591453,4.6699912282554,0.886377275455091,2.2,9.44350933814272,83.83779531199768,-5.710445586898175,0.04449854975658219,31.191391902890473,GOOD,64-QAM,HIGH
51.488954458765534,746.934976591453,4.6699912282554,0.886377275455091,8.4,9.44350933814272,83.83779531199768,-5.710445586898175,0.17014236828539017,19.428615979568136,GOOD,64-QAM,HIGH
51.488954458765534,746.934976591453,4.6699912282554,0.886377275455091,12.5,9.44350933814272,83.83779531199768,-5.710445586898175,0.25315808646395466,15.892985722466094,GOOD,64-QAM,HIGH
45.38263919367529,810.2302231457224,5.267765752138497,0.8865773154630926,2.2,35.05705656917885,31.264839625712217,6.373819335731156,0.11314325787932089,30.41623434229212,GOOD,64-QAM,HIGH
45.38263919367529,810.2302231457224,5.267765752138497,0.8865773154630926,8.4,35.05705656917885,31.264839625712217,6.373819335731156,0.432424554703715,18.459820940674206,GOOD,64-QAM,HIGH
45.38263919367529,810.2302231457224,5.267765752138497,0.8865773154630926,12.5,35.05705656917885,31.264839625712217,6.373819335731156,0.6480149899354263,14.791615966519004,GOOD,16-QAM,MEDIUM
83.40691411077057,603.6475841054853,0.8611295654502229,0.8867773554710943,2.2,14.532148465326555,81.51897473415785,12.203236869712594,0.04824777047853559,33.03762927596619,GOOD,64-QAM,HIGH
83.40691411077057,603.6475841054853,0.8611295654502229,0.8867773554710943,8.4,14.532148465326555,81.51897473415785,12.203236869712594,0.18374984949856862,21.26499509215263,GOOD,64-QAM,HIGH
83.40691411077057,603.6475841054853,0.8611295654502229,0.8867773554710943,12.5,14.532148465326555,81.51897473415785,12.203236869712594,0.27343170468151334,17.7226986980462,GOOD,64-QAM,HIGH
11.182470561186816,1851.8057520988243,7.357609010572712,0.8869773954790958,2.2,14.874633499633411,85.16577603350446,12.759268901719164,0.2381035441623873,23.111534263922522,GOOD,64-QAM,HIGH
11.182470561186816,1851.8057520988243,7.357609010572712,0.8869773954790958,8.4,14.874633499633411,85.16577603350446,12.759268901719164,0.911794463991341,10.800711239300043,GOOD,16-QAM,MEDIUM
11.182470561186816,1851.8057520988243,7.357609010572712,0.8869773954790958,12.5,14.874633499633411,85.16577603350446,12.759268901719164,1.345675642040631,6.914215522327268,DEGRADED,QPSK,LOW
28.851069125222857,1103.819217638992,6.569076999077456,0.8871774354870974,2.2,14.817403844029036,51.2128933538073,28.74048604211269,0.08962972267354023,27.753957642490327,GOOD,64-QAM,HIGH
28.851069125222857,1103.819217638992,6.569076999077456,0.8871774354870974,8.4,14.817403844029036,51.2128933538073,28.74048604211269,0.3436652507825406,15.862790009587812,GOOD,64-QAM,HIGH
28.851069125222857,1103.819217638992,6.569076999077456,0.8871774354870974,12.5,14.817403844029036,51.2128933538073,28.74048604211269,0.5169277437416177,12.236912977705245,GOOD,16-QAM,MEDIUM
34.7447175535107,972.1973314631414,6.16274614439498,0.887377475495099,2.2,36.27841237799741,73.17009930286595,12.16978329167204,0.15031830271240815,28.796139587513494,GOOD,64-QAM,HIGH
34.7447175535107,972.1973314631414,6.16274614439498,0.887377475495099,8.4,36.27841237799741,73.17009930286595,12.16978329167204,0.5743027018688776,16.735023083563505,GOOD,64-QAM,HIGH
34.7447175535107,972.1973314631414,6.16274614439498,0.887377475495099,12.5,36.27841237799741,73.17009930286595,12.16978329167204,0.8561468020428301,13.000564444466065,GOOD,16-QAM,MEDIUM
71.50619403808696,629.6548519970756,2.379016010504814,0.8875775155031006,2.2,11.491302089626805,56.52622477246673,-8.641934927317331,0.03778220800096005,32.68171308961463,GOOD,64-QAM,HIGH
71.50619403808696,629.6548519970756,2.379016010504814,0.8875775155031006,8.4,11.491302089626805,56.52622477246673,-8.641934927317331,0.14483978585566884,20.937523406966406,GOOD,64-QAM,HIGH
71.50619403808696,629.6548519970756,2.379016010504814,0.8875775155031006,12.5,11.491302089626805,56.52622477246673,-8.641934927317331,0.21529546785212147,17.414453186046472,GOOD,64-QAM,HIGH
89.36374271376756,600.0338121671293,0.0832841722694172,0.8877775555111023,2.2,0.0452917623045112,69.31394907458065,25.50520472964156,0.01669145495405018,33.12134045346695,GOOD,64-QAM,HIGH
89.36374271376756,600.0338121671293,0.0832841722694172,0.8877775555111023,8.4,0.0452917623045112,69.31394907458065,25.50520472964156,0.06397009730729197,21.436929706320186,GOOD,64-QAM,HIGH
89.36374271376756,600.0338121671293,0.0832841722694172,0.8877775555111023,12.5,0.0452917623045112,69.31394907458065,25.50520472964156,0.09504452862655441,17.953240736077433,GOOD,64-QAM,HIGH
25.45699375435801,1199.095221594981,6.771811289564776,0.8879775955191038,2.2,35.76184267413166,50.419044257891485,34.24148475728359,0.18962862523492474,26.934844312003342,GOOD,64-QAM,HIGH
25.45699375435801,1199.095221594981,6.771811289564776,0.8879775955191038,8.4,35.76184267413166,50.419044257891485,34.24148475728359,0.7242308191382514,14.763110013306488,GOOD,16-QAM,MEDIUM
25.45699375435801,1199.095221594981,6.771811289564776,0.8879775955191038,12.5,35.76184267413166,50.419044257891485,34.24148475728359,1.0788326334878733,10.955893660033382,GOOD,16-QAM,MEDIUM
79.31612340165185,609.6520082506213,1.390425708476026,0.8881776355271054,2.2,8.559237191756264,49.3535541979961,15.695235627483644,0.029034317370530877,32.97087189126023,GOOD,64-QAM,HIGH
79.31612340165185,609.6520082506213,1.390425708476026,0.8881776355271054,8.4,8.559237191756264,49.3535541979961,15.695235627483644,0.11149152713459752,21.251282576702636,GOOD,64-QAM,HIGH
79.31612340165185,609.6520082506213,1.390425708476026,0.8881776355271054,12.5,8.559237191756264,49.3535541979961,15.695235627483644,0.1672404738776928,17.742919091036057,GOOD,64-QAM,HIGH
75.60293463670226,617.7063803954679,1.86480207680418,0.888377675535107,2.2,5.224119765391732,55.46603333145474,19.05542608492527,0.023072160246415997,32.86283247804391,GOOD,64-QAM,HIGH
75.60293463670226,617.7063803954679,1.86480207680418,0.888377675535107,8.4,5.224119765391732,55.46603333145474,19.05542608492527,0.08875350097926736,21.16001903251754,GOOD,64-QAM,HIGH
75.60293463670226,617.7063803954679,1.86480207680418,0.888377675535107,12.5,5.224119765391732,55.46603333145474,19.05542608492527,0.130726319215117,17.665431675358207,GOOD,64-QAM,HIGH
24.095878799550164,1242.2101487355012,6.846476591070765,0.8885777155431086,2.2,11.875806029703009,38.73406551915007,-1.853178051547696,0.08608366782040003,26.731561254385575,GOOD,64-QAM,HIGH
24.095878799550164,1242.2101487355012,6.846476591070765,0.8885777155431086,8.4,11.875806029703009,38.73406551915007,-1.853178051547696,0.31980584741502627,14.860706969997423,GOOD,16-QAM,MEDIUM
24.095878799550164,1242.2101487355012,6.846476591070765,0.8885777155431086,12.5,11.875806029703009,38.73406551915007,-1.853178051547696,0.46778263780634327,11.260115640682628,GOOD,16-QAM,MEDIUM
38.94326931693392,898.6854595355207,5.833265204573769,0.8887777555511103,2.2,18.9950261161352,79.86833786612296,1.0322972339478511,0.09070239136563792,29.538689692361473,GOOD,64-QAM,HIGH
38.94326931693392,898.6854595355207,5.833265204573769,0.8887777555511103,8.4,18.9950261161352,79.86833786612296,1.0322972339478511,0.34610204312086984,17.646157935812724,GOOD,64-QAM,HIGH
38.94326931693392,898.6854595355207,5.833265204573769,0.8887777555511103,12.5,18.9950261161352,79.86833786612296,1.0322972339478511,0.5154998057785382,14.024145634231573,GOOD,16-QAM,MEDIUM
39.82219388986413,885.031597310187,5.760266365043342,0.8889777955591118,2.2,23.79531637366004,50.9218737216982,1.7585119562305884,0.09036307351851863,29.672007787775897,GOOD,64-QAM,HIGH
39.82219388986413,885.031597310187,5.760266365043342,0.8889777955591118,8.4,23.79531637366004,50.9218737216982,1.7585119562305884,0.3428013169892628,17.782437439511625,GOOD,64-QAM,HIGH
39.82219388986413,885.031597310187,5.760266365043342,0.8889777955591118,12.5,23.79531637366004,50.9218737216982,1.7585119562305884,0.5144164479477625,14.158207769629641,GOOD,16-QAM,MEDIUM
88.14875682475746,600.286336003498,0.2422850040743933,0.8891778355671134,2.2,2.228502035631541,54.00897323435071,11.537098744064764,0.015491982381578534,33.11888524406248,GOOD,64-QAM,HIGH
88.14875682475746,600.286336003498,0.2422850040743933,0.8891778355671134,8.4,2.228502035631541,54.00897323435071,11.537098744064764,0.059395549815851253,21.43784957183469,GOOD,64-QAM,HIGH
88.14875682475746,600.286336003498,0.2422850040743933,0.8891778355671134,12.5,2.228502035631541,54.00897323435071,11.537098744064764,0.08970095234146404,17.954929630385593,GOOD,64-QAM,HIGH
20.37581161720636,1377.008592554006,7.030717961638552,0.889377875575115,2.2,48.528666631368026,83.64327676212868,36.4072610447821,0.3229428669758975,25.59987051119245,GOOD,64-QAM,HIGH
20.37581161720636,1377.008592554006,7.030717961638552,0.889377875575115,8.4,48.528666631368026,83.64327676212868,36.4072610447821,1.2360199581006843,13.049661315274136,GOOD,16-QAM,MEDIUM
20.37581161720636,1377.008592554006,7.030717961638552,0.889377875575115,12.5,48.528666631368026,83.64327676212868,36.4072610447821,1.829711974120715,9.003354760330623,DEGRADED,16-QAM,MEDIUM
72.92842754390648,625.1278778470569,2.201745512277352,0.8895779155831166,2.2,35.80315267097791,59.797428843790286,16.0892383357443,0.087480456557596,32.69468858931409,GOOD,64-QAM,HIGH
72.92842754390648,625.1278778470569,2.201745512277352,0.8895779155831166,8.4,35.80315267097791,59.797428843790286,16.0892383357443,0.33322900951945755,20.811807931558704,GOOD,64-QAM,HIGH
72.92842754390648,625.1278778470569,2.201745512277352,0.8895779155831166,12.5,35.80315267097791,59.797428843790286,16.0892383357443,0.497378237167619,17.195044164987053,GOOD,64-QAM,HIGH
33.406380704714344,998.867330290518,6.260899156358458,0.8897779555911183,2.2,16.15970326621681,62.65523456105178,-0.3951177399323686,0.07689438912102585,28.634495814479223,GOOD,64-QAM,HIGH
33.406380704714344,998.867330290518,6.260899156358458,0.8897779555911183,8.4,16.15970326621681,62.65523456105178,-0.3951177399323686,0.29774862882273234,16.776509469983992,GOOD,64-QAM,HIGH
33.406380704714344,998.867330290518,6.260899156358458,0.8897779555911183,12.5,16.15970326621681,62.65523456105178,-0.3951177399323686,0.44250004759411865,13.179143512289116,GOOD,16-QAM,MEDIUM
67.12397939097363,646.3039594227785,2.9155378663353844,0.8899779955991198,2.2,15.934862864269869,87.38988748662591,3.304386793447481,0.05364661728536034,32.43916343568039,GOOD,64-QAM,HIGH
67.12397939097363,646.3039594227785,2.9155378663353844,0.8899779955991198,8.4,15.934862864269869,87.38988748662591,3.304386793447481,0.2042022790326264,20.6514756691396,GOOD,64-QAM,HIGH
67.12397939097363,646.3039594227785,2.9155378663353844,0.8899779955991198,12.5,15.934862864269869,87.38988748662591,3.304386793447481,0.3028345887240046,17.100228820524734,GOOD,64-QAM,HIGH
40.70093536513134,871.9201708068604,5.685927678442119,0.8901780356071214,2.2,22.42712746842297,83.20358298869935,9.200751486359213,0.09362888604798643,29.79838300447846,GOOD,64-QAM,HIGH
40.70093536513134,871.9201708068604,5.685927678442119,0.8901780356071214,8.4,22.42712746842297,83.20358298869935,9.200751486359213,0.3566762215679011,17.89820356416503,GOOD,64-QAM,HIGH
40.70093536513134,871.9201708068604,5.685927678442119,0.8901780356071214,12.5,22.42712746842297,83.20358298869935,9.200751486359213,0.5302850458776871,14.27198020093175,GOOD,16-QAM,MEDIUM
54.16057986490591,724.2127836043255,4.391366680842002,0.890378075615123,2.2,31.31224113815165,40.16800253330637,21.162948784639973,0.09022896604197851,31.413993685612425,GOOD,64-QAM,HIGH
54.16057986490591,724.2127836043255,4.391366680842002,0.890378075615123,8.4,31.31224113815165,40.16800253330637,21.162948784639973,0.34561776163476515,19.52147278522611,GOOD,64-QAM,HIGH
54.16057986490591,724.2127836043255,4.391366680842002,0.890378075615123,12.5,31.31224113815165,40.16800253330637,21.162948784639973,0.5143192301413391,15.900156777796056,GOOD,64-QAM,HIGH
75.77200073272114,617.2837845205113,1.8433582840750056,0.8905781156231246,2.2,7.318653329448388,58.3929017950863,12.001657650200269,0.02794985323412868,32.86389915834582,GOOD,64-QAM,HIGH
75.77200073272114,617.2837845205113,1.8433582840750056,0.8905781156231246,8.4,7.318653329448388,58.3929017950863,12.001657650200269,0.10744740650973188,21.147269500276693,GOOD,64-QAM,HIGH
75.77200073272114,617.2837845205113,1.8433582840750056,0.8905781156231246,12.5,7.318653329448388,58.3929017950863,12.001657650200269,0.15864900221923228,17.64345336564371,GOOD,64-QAM,HIGH
73.35407302363015,623.8526132497673,2.148423336232764,0.8907781556311263,2.2,9.446490688247616,88.27777364571273,9.622242208846243,0.0384294799691779,32.76147693086481,GOOD,64-QAM,HIGH
73.35407302363015,623.8526132497673,2.148423336232764,0.8907781556311263,8.4,9.446490688247616,88.27777364571273,9.622242208846243,0.14633749505373322,21.016436810986733,GOOD,64-QAM,HIGH
73.35407302363015,623.8526132497673,2.148423336232764,0.8907781556311263,12.5,9.446490688247616,88.27777364571273,9.622242208846243,0.2183199374839469,17.491839829633037,GOOD,64-QAM,HIGH
78.64597060087452,610.9183960503242,1.4765307576868725,0.8909781956391278,2.2,42.97172914167754,52.34197789371616,18.236430019949736,0.09964279469665206,32.88223953169765,GOOD,64-QAM,HIGH
78.64597060087452,610.9183960503242,1.4765307576868725,0.8909781956391278,8.4,42.97172914167754,52.34197789371616,18.236430019949736,0.3799218694802396,20.964828352120534,GOOD,64-QAM,HIGH
78.64597060087452,610.9183960503242,1.4765307576868725,0.8909781956391278,12.5,42.97172914167754,52.34197789371616,18.236430019949736,0.5660095268528033,17.326126155824483,GOOD,64-QAM,HIGH
10.067472654296015,1926.9456755156505,7.38451933977868,0.8911782356471294,2.2,12.812746194453627,52.294386510972,2.0917497477232736,0.2197951811341585,22.784361778605287,GOOD,64-QAM,HIGH
10.067472654296015,1926.9456755156505,7.38451933977868,0.8911782356471294,8.4,12.812746194453627,52.294386510972,2.0917497477232736,0.8474484990562249,10.519576355889697,GOOD,16-QAM,MEDIUM
10.067472654296015,1926.9456755156505,7.38451933977868,0.8911782356471294,12.5,12.812746194453627,52.294386510972,2.0917497477232736,1.2385989995093276,6.675811316513119,DEGRADED,QPSK,LOW
63.82429700837831,661.7507642291539,3.308439894102044,0.8913782756551311,2.2,19.00974989875888,41.70181390734926,-6.054836370770891,0.05199047309880309,32.235666880001425,GOOD,64-QAM,HIGH
63.82429700837831,661.7507642291539,3.308439894102044,0.8913782756551311,8.4,19.00974989875888,41.70181390734926,-6.054836370770891,0.19857485815273843,20.451950390153968,GOOD,64-QAM,HIGH
63.82429700837831,661.7507642291539,3.308439894102044,0.8913782756551311,12.5,19.00974989875888,41.70181390734926,-6.054836370770891,0.2940673706307262,16.903843338752495,GOOD,64-QAM,HIGH
16.89892702134984,1529.605895950844,7.176142709045912,0.8915783156631326,2.2,43.563592547505856,36.85938684714751,-8.779284258888895,0.3289643982019221,24.680991006405122,GOOD,64-QAM,HIGH
16.89892702134984,1529.605895950844,7.176142709045912,0.8915783156631326,8.4,43.563592547505856,36.85938684714751,-8.779284258888895,1.2506703756690136,12.122152924144501,GOOD,16-QAM,MEDIUM
16.89892702134984,1529.605895950844,7.176142709045912,0.8915783156631326,12.5,43.563592547505856,36.85938684714751,-8.779284258888895,1.8686241529214684,8.051584607968564,DEGRADED,16-QAM,MEDIUM
40.344578281564935,877.173798768983,5.716236540143296,0.8917783556711343,2.2,33.157391469991126,74.41828744535891,2.5629581733563533,0.12516196776603836,29.714671399820453,GOOD,64-QAM,HIGH
40.344578281564935,877.173798768983,5.716236540143296,0.8917783556711343,8.4,33.157391469991126,74.41828744535891,2.5629581733563533,0.4759327060704759,17.72676855672249,GOOD,64-QAM,HIGH
40.344578281564935,877.173798768983,5.716236540143296,0.8917783556711343,12.5,33.157391469991126,74.41828744535891,2.5629581733563533,0.7046237313855733,14.04546299248392,GOOD,16-QAM,MEDIUM
51.63001527964852,745.6663110358286,4.655528588508985,0.8919783956791358,2.2,17.085593967084417,76.20182812209099,-5.420398292776564,0.06305529815764235,31.187600640421643,GOOD,64-QAM,HIGH
51.63001527964852,745.6663110358286,4.655528588508985,0.8919783956791358,8.4,17.085593967084417,76.20182812209099,-5.420398292776564,0.23962634923152332,19.373897484554234,GOOD,64-QAM,HIGH
51.63001527964852,745.6663110358286,4.655528588508985,0.8919783956791358,12.5,17.085593967084417,76.20182812209099,-5.420398292776564,0.35831498913730236,15.80259430572498,GOOD,64-QAM,HIGH
39.232856203480615,894.125644824855,5.809364435839718,0.8921784356871374,2.2,34.18497728623104,88.14077781018,6.817031926038339,0.13629720217783134,29.53727815624275,GOOD,64-QAM,HIGH
39.232856203480615,894.125644824855,5.809364435839718,0.8921784356871374,8.4,34.18497728623104,88.14077781018,6.817031926038339,0.5147736168009879,17.52166963682606,GOOD,64-QAM,HIGH
39.232856203480615,894.125644824855,5.809364435839718,0.8921784356871374,12.5,34.18497728623104,88.14077781018,6.817031926038339,0.7655097002819206,13.818319014421647,GOOD,16-QAM,MEDIUM
49.16699244325564,769.0034415928312,4.903924449225751,0.8923784756951391,2.2,0.9841607690706856,76.40509265432178,28.646677017987777,0.023778250725891487,30.95920246394231,GOOD,64-QAM,HIGH
49.16699244325564,769.0034415928312,4.903924449225751,0.8923784756951391,8.4,0.9841607690706856,76.40509265432178,28.646677017987777,0.0921895481742887,19.25365906170039,GOOD,64-QAM,HIGH
49.16699244325564,769.0034415928312,4.903924449225751,0.8923784756951391,12.5,0.9841607690706856,76.40509265432178,28.646677017987777,0.1368062587368109,15.756427812214383,GOOD,64-QAM,HIGH
89.70473624788262,600.0072813660299,0.038649763702558,0.8925785157031406,2.2,36.782133000568265,44.601149642015926,25.81471652434192,0.08493742923252727,33.0534785387205,GOOD,64-QAM,HIGH
89.70473624788262,600.0072813660299,0.038649763702558,0.8925785157031406,8.4,36.782133000568265,44.601149642015926,25.81471652434192,0.3242912832415403,21.176992579917965,GOOD,64-QAM,HIGH
89.70473624788262,600.0072813660299,0.038649763702558,0.8925785157031406,12.5,36.782133000568265,44.601149642015926,25.81471652434192,0.4851568683261923,17.56351245590983,GOOD,64-QAM,HIGH
16.49347166559265,1549.3339529985933,7.191390672125248,0.8927785557111423,2.2,24.350802025811973,32.40699469731093,20.54638113940144,0.2154532171623993,24.683192399167723,GOOD,64-QAM,HIGH
16.49347166559265,1549.3339529985933,7.191390672125248,0.8927785557111423,8.4,24.350802025811973,32.40699469731093,20.54638113940144,0.8340961038214877,12.427417407715112,GOOD,16-QAM,MEDIUM
16.49347166559265,1549.3339529985933,7.191390672125248,0.8927785557111423,12.5,24.350802025811973,32.40699469731093,20.54638113940144,1.2171457897302016,8.591753182882925,DEGRADED,16-QAM,MEDIUM
62.41376385359617,669.185128908046,3.47312350414829,0.8929785957191438,2.2,40.65910736422306,89.12624306217961,32.62501219397394,0.11082704797055336,32.07979371144396,GOOD,64-QAM,HIGH
62.41376385359617,669.185128908046,3.47312350414829,0.8929785957191438,8.4,40.65910736422306,89.12624306217961,32.62501219397394,0.4233965694890715,20.13009208513192,GOOD,64-QAM,HIGH
62.41376385359617,669.185128908046,3.47312350414829,0.8929785957191438,12.5,40.65910736422306,89.12624306217961,32.62501219397394,0.626852786842803,16.474021328854704,GOOD,64-QAM,HIGH
38.66008214277729,903.2038263453628,5.856493674223129,0.8931786357271454,2.2,47.73188260032342,50.427041732616345,4.103381227213834,0.170863540899089,29.414967467215888,GOOD,64-QAM,HIGH
38.66008214277729,903.2038263453628,5.856493674223129,0.8931786357271454,8.4,47.73188260032342,50.427041732616345,4.103381227213834,0.6536540020583946,17.29504490126307,GOOD,64-QAM,HIGH
38.66008214277729,903.2038263453628,5.856493674223129,0.8931786357271454,12.5,47.73188260032342,50.427041732616345,4.103381227213834,0.9730177647648408,13.523066599633125,GOOD,16-QAM,MEDIUM
16.305832907122948,1558.6110815122568,7.198325356250282,0.8933786757351471,2.2,46.28942747472842,48.718292545945246,34.252687651498285,0.3780933518357507,24.468697837946394,GOOD,64-QAM,HIGH
16.305832907122948,1558.6110815122568,7.198325356250282,0.8933786757351471,8.4,46.28942747472842,48.718292545945246,34.252687651498285,1.4412675965326323,11.768391488456004,GOOD,16-QAM,MEDIUM
16.305832907122948,1558.6110815122568,7.198325356250282,0.8933786757351471,12.5,46.28942747472842,48.718292545945246,34.252687651498285,2.1374475178276926,7.61959702823745,DEGRADED,QPSK,LOW
18.49262488681631,1456.1123186121308,7.112733681057079,0.8935787157431486,2.2,45.46325217276704,84.35731258496295,9.961958483458956,0.33527140753527623,25.102377456259163,GOOD,64-QAM,HIGH
18.49262488681631,1456.1123186121308,7.112733681057079,0.8935787157431486,8.4,45.46325217276704,84.35731258496295,9.961958483458956,1.293233237115591,12.507283521885327,GOOD,16-QAM,MEDIUM
18.49262488681631,1456.1123186121308,7.112733681057079,0.8935787157431486,12.5,45.46325217276704,84.35731258496295,9.961958483458956,1.9197460848897476,8.428156135187677,DEGRADED,16-QAM,MEDIUM
85.68821403087743,601.5558731604051,0.5638788763205933,0.8937787557511502,2.2,25.60849779669436,65.10599391269918,10.044665913331327,0.06682474565148946,33.049202212090634,GOOD,64-QAM,HIGH
85.68821403087743,601.5558731604051,0.5638788763205933,0.8937787557511502,8.4,25.60849779669436,65.10599391269918,10.044665913331327,0.2557706044350147,21.223124248513585,GOOD,64-QAM,HIGH
85.68821403087743,601.5558731604051,0.5638788763205933,0.8937787557511502,12.5,25.60849779669436,65.10599391269918,10.044665913331327,0.37959317357067357,17.646687140454446,GOOD,64-QAM,HIGH
79.76612722049977,608.8469795791789,1.3324991808439903,0.8939787957591518,2.2,18.007105706946902,42.89227043094808,10.267580681276076,0.0461445820976065,32.965238683605556,GOOD,64-QAM,HIGH
79.76612722049977,608.8469795791789,1.3324991808439903,0.8939787957591518,8.4,18.007105706946902,42.89227043094808,10.267580681276076,0.17681145224068529,21.197439708668952,GOOD,64-QAM,HIGH
79.76612722049977,608.8469795791789,1.3324991808439903,0.8939787957591518,12.5,18.007105706946902,42.89227043094808,10.267580681276076,0.2616122304661313,17.660024391520025,GOOD,64-QAM,HIGH
82.09856663527685,605.2496662211752,1.0310199412785408,0.8941788357671534,2.2,23.25176623653364,83.34577456297437,-5.095281687950928,0.0659726672973961,32.996882544015016,GOOD,64-QAM,HIGH
82.09856663527685,605.2496662211752,1.0310199412785408,0.8941788357671534,8.4,23.25176623653364,83.34577456297437,-5.095281687950928,0.25152267333397127,21.17420043318492,GOOD,64-QAM,HIGH
82.09856663527685,605.2496662211752,1.0310199412785408,0.8941788357671534,12.5,23.25176623653364,83.34577456297437,-5.095281687950928,0.3746203910094676,17.59848817658593,GOOD,64-QAM,HIGH
89.28028594532786,600.04326460433,0.0942078719234102,0.8943788757751551,2.2,34.49480016566804,89.6016513032846,38.77452491655279,0.08759704262613828,33.050298036539594,GOOD,64-QAM,HIGH
89.28028594532786,600.04326460433,0.0942078719234102,0.8943788757751551,8.4,34.49480016566804,89.6016513032846,38.77452491655279,0.33396892704677783,21.166794047325425,GOOD,64-QAM,HIGH
89.28028594532786,600.04326460433,0.0942078719234102,0.8943788757751551,12.5,34.49480016566804,89.6016513032846,38.77452491655279,0.495798480579751,17.552349954868973,GOOD,64-QAM,HIGH
22.706808150724022,1289.4786827244716,6.918691708459877,0.8945789157831566,2.2,44.199888843559336,35.20071366904985,-3.07466110874204,0.2566720315410583,26.236591013875852,GOOD,64-QAM,HIGH
22.706808150724022,1289.4786827244716,6.918691708459877,0.8945789157831566,8.4,44.199888843559336,35.20071366904985,-3.07466110874204,0.9846268383712083,13.871504102252175,GOOD,16-QAM,MEDIUM
22.706808150724022,1289.4786827244716,6.918691708459877,0.8945789157831566,12.5,44.199888843559336,35.20071366904985,-3.07466110874204,1.4623525362901606,9.941163865409749,DEGRADED,16-QAM,MEDIUM
35.21234367594525,963.2730124396036,6.127655205526952,0.8947789557911582,2.2,10.349315150005978,81.73509769814923,7.044286223459228,0.06433964184406997,28.962218881005498,GOOD,64-QAM,HIGH
35.21234367594525,963.2730124396036,6.127655205526952,0.8947789557911582,8.4,10.349315150005978,81.73509769814923,7.044286223459228,0.2492112763062046,17.14021514174985,GOOD,64-QAM,HIGH
35.21234367594525,963.2730124396036,6.127655205526952,0.8947789557911582,12.5,10.349315150005978,81.73509769814923,7.044286223459228,0.364028691701355,13.572783187431213,GOOD,16-QAM,MEDIUM
61.88361754361367,672.1151451767009,3.534480649196008,0.8949789957991598,2.2,45.90965792308515,53.43094186106364,5.965016016337858,0.11841762748171061,32.034255121453576,GOOD,64-QAM,HIGH
61.88361754361367,672.1151451767009,3.534480649196008,0.8949789957991598,8.4,45.90965792308515,53.43094186106364,5.965016016337858,0.45236254660589736,20.063178097535868,GOOD,64-QAM,HIGH
61.88361754361367,672.1151451767009,3.534480649196008,0.8949789957991598,12.5,45.90965792308515,53.43094186106364,5.965016016337858,0.6734938079344825,16.389432297283804,GOOD,64-QAM,HIGH
46.123215888155016,801.6063468275479,5.1983235645008135,0.8951790358071614,2.2,40.75901159849445,61.44434679040226,-6.266028359164518,0.13119041655852784,30.491133024546173,GOOD,64-QAM,HIGH
46.123215888155016,801.6063468275479,5.1983235645008135,0.8951790358071614,8.4,40.75901159849445,61.44434679040226,-6.266028359164518,0.4986392949889815,18.4865520413222,GOOD,64-QAM,HIGH
46.123215888155016,801.6063468275479,5.1983235645008135,0.8951790358071614,12.5,40.75901159849445,61.44434679040226,-6.266028359164518,0.7451871001177383,14.787389697269958,GOOD,16-QAM,MEDIUM
40.56311033715835,873.9419316976073,5.69767611269339,0.8953790758151631,2.2,48.94280075891173,84.88895854589884,-2.386993494406166,0.1703436002514387,29.70155123773543,GOOD,64-QAM,HIGH
40.56311033715835,873.9419316976073,5.69767611269339,0.8953790758151631,8.4,48.94280075891173,84.88895854589884,-2.386993494406166,0.6559392808873348,17.57882345230601,GOOD,64-QAM,HIGH
40.56311033715835,873.9419316976073,5.69767611269339,0.8953790758151631,12.5,48.94280075891173,84.88895854589884,-2.386993494406166,0.9692371517496929,13.81291104252017,GOOD,16-QAM,MEDIUM
35.41395619352541,959.4860715227442,6.112400020164349,0.8955791158231646,2.2,44.01258866408436,88.40275174650704,-7.757083190730709,0.18036786334019395,28.88040502747205,GOOD,64-QAM,HIGH
35.41395619352541,959.4860715227442,6.112400020164349,0.8955791158231646,8.4,44.01258866408436,88.40275174650704,-7.757083190730709,0.6873397054327991,16.736301080585918,GOOD,64-QAM,HIGH
35.41395619352541,959.4860715227442,6.112400020164349,0.8955791158231646,12.5,44.01258866408436,88.40275174650704,-7.757083190730709,1.0253770940002247,12.945649153095019,GOOD,16-QAM,MEDIUM
55.47135371519344,714.021463822226,4.251136545929912,0.8957791558311662,2.2,13.996866484595332,45.72983462452797,4.620224678025673,0.04454149386915045,31.582779548296415,GOOD,64-QAM,HIGH
55.47135371519344,714.021463822226,4.251136545929912,0.8957791558311662,8.4,13.996866484595332,45.72983462452797,4.620224678025673,0.16972739382631793,19.82046154354572,GOOD,64-QAM,HIGH
55.47135371519344,714.021463822226,4.251136545929912,0.8957791558311662,12.5,13.996866484595332,45.72983462452797,4.620224678025673,0.25434772807719064,16.283226670371363,GOOD,64-QAM,HIGH
53.92544143440697,726.1054367446486,4.41628141529761,0.8959791958391679,2.2,5.297795567202384,42.771046257594826,33.33284620144532,0.024209554578514723,31.457343057630162,GOOD,64-QAM,HIGH
53.92544143440697,726.1054367446486,4.41628141529761,0.8959791958391679,8.4,5.297795567202384,42.771046257594826,33.33284620144532,0.09096118991119752,19.753459317503953,GOOD,64-QAM,HIGH
53.92544143440697,726.1054367446486,4.41628141529761,0.8959791958391679,12.5,5.297795567202384,42.771046257594826,33.33284620144532,0.1359224613093649,16.255883507182304,GOOD,64-QAM,HIGH
18.723915895460408,1445.960927658092,7.10307275854086,0.8961792358471694,2.2,5.612053599579431,34.83099351549071,6.972110286869224,0.06895091715065772,25.429464311685166,GOOD,64-QAM,HIGH
18.723915895460408,1445.960927658092,7.10307275854086,0.8961792358471694,8.4,5.612053599579431,34.83099351549071,6.972110286869224,0.26111226905077606,13.600170854991532,GOOD,16-QAM,MEDIUM
18.723915895460408,1445.960927658092,7.10307275854086,0.8961792358471694,12.5,5.612053599579431,34.83099351549071,6.972110286869224,0.3784610324882102,10.030207552630614,GOOD,16-QAM,MEDIUM
45.09788618906732,813.6228101163679,5.294232772139847,0.8963792758551711,2.2,14.561165928913804,63.70787115972828,-3.815408396631039,0.05870463522435585,30.43437943556367,GOOD,64-QAM,HIGH
45.09788618906732,813.6228101163679,5.294232772139847,0.8963792758551711,8.4,14.561165928913804,63.70787115972828,-3.815408396631039,0.22336609715777467,18.632585868836728,GOOD,64-QAM,HIGH
45.09788618906732,813.6228101163679,5.294232772139847,0.8963792758551711,12.5,14.561165928913804,63.70787115972828,-3.815408396631039,0.33649601194498646,15.066841415126035,GOOD,64-QAM,HIGH
52.04510097783725,741.9790385012993,4.612807452492735,0.8965793158631726,2.2,30.709186199226963,30.81626372704009,22.284693419195897,0.09054275836639376,31.203170899442014,GOOD,64-QAM,HIGH
52.04510097783725,741.9790385012993,4.612807452492735,0.8965793158631726,8.4,30.709186199226963,30.81626372704009,22.284693419195897,0.34483220456687835,19.311749348448004,GOOD,64-QAM,HIGH
52.04510097783725,741.9790385012993,4.612807452492735,0.8965793158631726,12.5,30.709186199226963,30.81626372704009,22.284693419195897,0.5145302597628743,15.689436754328526,GOOD,64-QAM,HIGH
53.47438979216819,729.792345795986,4.463865279199519,0.8967793558711742,2.2,40.21601630485863,54.71389785659619,39.83004560274553,0.11508503230878459,31.322475269496053,GOOD,64-QAM,HIGH
53.47438979216819,729.792345795986,4.463865279199519,0.8967793558711742,8.4,40.21601630485863,54.71389785659619,39.83004560274553,0.4344701324090865,19.365958064602225,GOOD,64-QAM,HIGH
53.47438979216819,729.792345795986,4.463865279199519,0.8967793558711742,12.5,40.21601630485863,54.71389785659619,39.83004560274553,0.6514047508516356,15.69640890723619,GOOD,64-QAM,HIGH
22.859111397549903,1284.126361516452,6.9109714925515,0.8969793958791759,2.2,44.96251534907824,34.40304099912051,1.616189476596379,0.25853637114043215,26.270854780606832,GOOD,64-QAM,HIGH
22.859111397549903,1284.126361516452,6.9109714925515,0.8969793958791759,8.4,44.96251534907824,34.40304099912051,1.616189476596379,0.9953570805389834,13.89690196641476,GOOD,16-QAM,MEDIUM
22.859111397549903,1284.126361516452,6.9109714925515,0.8969793958791759,12.5,44.96251534907824,34.40304099912051,1.616189476596379,1.47967084963658,9.959973658393679,DEGRADED,16-QAM,MEDIUM
68.09306834144438,642.2568941161016,2.7982502229097754,0.8971794358871774,2.2,31.18766921846164,54.31354697576004,3.9785502685284726,0.07979987351282565,32.467571014669346,GOOD,64-QAM,HIGH
68.09306834144438,642.2568941161016,2.7982502229097754,0.8971794358871774,8.4,31.18766921846164,54.31354697576004,3.9785502685284726,0.30417285078595196,20.606065932602704,GOOD,64-QAM,HIGH
68.09306834144438,642.2568941161016,2.7982502229097754,0.8971794358871774,12.5,31.18766921846164,54.31354697576004,3.9785502685284726,0.4530973030342881,17.004526941430882,GOOD,64-QAM,HIGH
7.141923059790919,2146.039275012169,7.441809252164761,0.8973794758951791,2.2,0.2815656374026865,32.395931355936554,38.59235271403943,0.16231442067416207,21.906478646956145,GOOD,64-QAM,HIGH
7.141923059790919,2146.039275012169,7.441809252164761,0.8973794758951791,8.4,0.2815656374026865,32.395931355936554,38.59235271403943,0.6118834368181728,9.819777526018612,DEGRADED,16-QAM,MEDIUM
7.141923059790919,2146.039275012169,7.441809252164761,0.8973794758951791,12.5,0.2815656374026865,32.395931355936554,38.59235271403943,0.8942022570558881,6.084844166857408,DEGRADED,QPSK,LOW
35.160707721168826,964.2487411914803,6.131550087743882,0.8975795159031806,2.2,9.315838825926676,80.11303563652613,-1.0611856224756426,0.05608501586004297,28.961679756191707,GOOD,64-QAM,HIGH
35.160707721168826,964.2487411914803,6.131550087743882,0.8975795159031806,8.4,9.315838825926676,80.11303563652613,-1.0611856224756426,0.21950668685692543,17.161125980401295,GOOD,64-QAM,HIGH
35.160707721168826,964.2487411914803,6.131550087743882,0.8975795159031806,12.5,9.315838825926676,80.11303563652613,-1.0611856224756426,0.32345593458706906,13.604562193747668,GOOD,16-QAM,MEDIUM
71.31807512552885,630.28473890641,2.4023561833581484,0.8977795559111822,2.2,4.986310192668397,42.58433963631396,15.560703372958194,0.019991856635928285,32.69081869343424,GOOD,64-QAM,HIGH
71.31807512552885,630.28473890641,2.4023561833581484,0.8977795559111822,8.4,4.986310192668397,42.58433963631396,15.560703372958194,0.07528101935973694,20.998397425916906,GOOD,64-QAM,HIGH
71.31807512552885,630.28473890641,2.4023561833581484,0.8977795559111822,12.5,4.986310192668397,42.58433963631396,15.560703372958194,0.11317474625764935,17.507889160095502,GOOD,64-QAM,HIGH
52.9308982897092,734.334922907231,4.520833361056562,0.8979795959191839,2.2,18.1662237784505,49.69852262147472,1.982606650804744,0.058580169790531766,31.325082563261503,GOOD,64-QAM,HIGH
52.9308982897092,734.334922907231,4.520833361056562,0.8979795959191839,8.4,18.1662237784505,49.69852262147472,1.982606650804744,0.22721778176703428,19.519312846491474,GOOD,64-QAM,HIGH
52.9308982897092,734.334922907231,4.520833361056562,0.8979795959191839,12.5,18.1662237784505,49.69852262147472,1.982606650804744,0.3391063902819251,15.9548096990531,GOOD,64-QAM,HIGH
27.19880676342312,1148.1505592948452,6.670694194330106,0.8981796359271854,2.2,25.067549681687296,82.20287979638351,36.61759489506219,0.1481789879254783,27.3533905615064,GOOD,64-QAM,HIGH
27.19880676342312,1148.1505592948452,6.670694194330106,0.8981796359271854,8.4,25.067549681687296,82.20287979638351,36.61759489506219,0.5619000778926903,15.302537366745668,GOOD,64-QAM,HIGH
27.19880676342312,1148.1505592948452,6.670694194330106,0.8981796359271854,12.5,25.067549681687296,82.20287979638351,36.61759489506219,0.8312374373336332,11.580585468381244,GOOD,16-QAM,MEDIUM
64.07101514415905,660.5031527418723,3.279426013467312,0.8983796759351871,2.2,2.1698589289280426,74.7759636799323,39.0760507288147,0.023683350925135658,32.28036513366131,GOOD,64-QAM,HIGH
64.07101514415905,660.5031527418723,3.279426013467312,0.8983796759351871,8.4,2.1698589289280426,74.7759636799323,39.0760507288147,0.09135120259105195,20.575565177201867,GOOD,64-QAM,HIGH
64.07101514415905,660.5031527418723,3.279426013467312,0.8983796759351871,12.5,2.1698589289280426,74.7759636799323,39.0760507288147,0.13584348129967977,17.078458359569765,GOOD,64-QAM,HIGH
53.22823025326624,731.8361032450939,4.48971747578939,0.8985797159431886,2.2,17.423898789782765,43.14230169852351,30.734892306000766,0.05413239016838188,31.359137383861245,GOOD,64-QAM,HIGH
53.22823025326624,731.8361032450939,4.48971747578939,0.8985797159431886,8.4,17.423898789782765,43.14230169852351,30.734892306000766,0.20756194981261758,19.568575719423492,GOOD,64-QAM,HIGH
53.22823025326624,731.8361032450939,4.48971747578939,0.8985797159431886,12.5,17.423898789782765,43.14230169852351,30.734892306000766,0.3080592884644682,16.01546384184816,GOOD,64-QAM,HIGH
72.68070680379292,625.8867991930101,2.2327226521705463,0.8987797559511902,2.2,8.958983731266128,34.31396511944976,5.739190790640528,0.0285476027058017,32.743082945121785,GOOD,64-QAM,HIGH
72.68070680379292,625.8867991930101,2.2327226521705463,0.8987797559511902,8.4,8.958983731266128,34.31396511944976,5.739190790640528,0.10848763334227665,21.026010809691783,GOOD,64-QAM,HIGH
72.68070680379292,625.8867991930101,2.2327226521705463,0.8987797559511902,12.5,8.958983731266128,34.31396511944976,5.739190790640528,0.1628714918402519,17.519012412270328,GOOD,64-QAM,HIGH
67.47714082613498,644.8042346625643,2.872890000956537,0.8989797959591919,2.2,32.353508312943696,72.94042661132036,10.174373764025251,0.08696590105523282,32.42602286299465,GOOD,64-QAM,HIGH
67.47714082613498,644.8042346625643,2.872890000956537,0.8989797959591919,8.4,32.353508312943696,72.94042661132036,10.174373764025251,0.3340183868806437,20.541838272375713,GOOD,64-QAM,HIGH
67.47714082613498,644.8042346625643,2.872890000956537,0.8989797959591919,12.5,32.353508312943696,72.94042661132036,10.174373764025251,0.4929056339361469,16.930336486396726,GOOD,64-QAM,HIGH
56.85917337307995,703.870116171719,4.100240597910277,0.8991798359671934,2.2,23.213618466217,53.44215304128656,2.115284183321068,0.06896334840617517,31.682732495318994,GOOD,64-QAM,HIGH
56.85917337307995,703.870116171719,4.100240597910277,0.8991798359671934,8.4,23.213618466217,53.44215304128656,2.115284183321068,0.26227132675495424,19.852292412176695,GOOD,64-QAM,HIGH
56.85917337307995,703.870116171719,4.100240597910277,0.8991798359671934,12.5,23.213618466217,53.44215304128656,2.115284183321068,0.3896653166729879,16.272283883335177,GOOD,64-QAM,HIGH
46.49510240141919,797.382097350478,5.163124332111089,0.8993798759751951,2.2,24.76588234669544,75.96479994709327,34.537898350449574,0.08981568296891036,30.578401085576395,GOOD,64-QAM,HIGH
46.49510240141919,797.382097350478,5.163124332111089,0.8993798759751951,8.4,24.76588234669544,75.96479994709327,34.537898350449574,0.34449143624600176,18.68659322750578,GOOD,64-QAM,HIGH
46.49510240141919,797.382097350478,5.163124332111089,0.8993798759751951,12.5,24.76588234669544,75.96479994709327,34.537898350449574,0.506061361570103,15.072408763258196,GOOD,64-QAM,HIGH
16.32048068173949,1557.8834857096772,7.197786786354019,0.8995799159831966,2.2,21.38458940167305,56.71768634251262,35.727913884407904,0.20876003075912813,24.64208688048882,GOOD,64-QAM,HIGH
16.32048068173949,1557.8834857096772,7.197786786354019,0.8995799159831966,8.4,21.38458940167305,56.71768634251262,35.727913884407904,0.7944658358371336,12.41924897061729,GOOD,16-QAM,MEDIUM
16.32048068173949,1557.8834857096772,7.197786786354019,0.8995799159831966,12.5,21.38458940167305,56.71768634251262,35.727913884407904,1.1761229590841091,8.584977308446824,DEGRADED,16-QAM,MEDIUM
27.21330652025762,1147.7451939833622,6.669826437746344,0.8997799559911982,2.2,47.80098552432835,50.76014477833658,10.943533112302358,0.22972727468418147,27.27490945093824,GOOD,64-QAM,HIGH
27.21330652025762,1147.7451939833622,6.669826437746344,0.8997799559911982,8.4,47.80098552432835,50.76014477833658,10.943533112302358,0.8766169273486533,14.990887693480246,GOOD,16-QAM,MEDIUM
27.21330652025762,1147.7451939833622,6.669826437746344,0.8997799559911982,12.5,47.80098552432835,50.76014477833658,10.943533112302358,1.3096156242829036,11.105274457622514,GOOD,16-QAM,MEDIUM
40.62345519795225,873.0551643346917,5.692536269997118,0.8999799959991999,2.2,10.73675625607816,57.07232449274379,22.82665349515009,0.05426790275411658,29.826444767990367,GOOD,64-QAM,HIGH
40.62345519795225,873.0551643346917,5.692536269997118,0.8999799959991999,8.4,10.73675625607816,57.07232449274379,22.82665349515009,0.20675526045238332,18.03682530549858,GOOD,64-QAM,HIGH
40.62345519795225,873.0551643346917,5.692536269997118,0.8999799959991999,12.5,10.73675625607816,57.07232449274379,22.82665349515009,0.3073794031237583,14.483586623903719,GOOD,16-QAM,MEDIUM
55.94043939554304,710.5184439540681,4.200408071164176,0.9001800360072014,2.2,25.833212992193715,74.9135391402406,-1.722341011265307,0.08108722353669462,31.588952039632993,GOOD,64-QAM,HIGH
55.94043939554304,710.5184439540681,4.200408071164176,0.9001800360072014,8.4,25.833212992193715,74.9135391402406,-1.722341011265307,0.30959862344721767,19.723308534928947,GOOD,64-QAM,HIGH
55.94043939554304,710.5184439540681,4.200408071164176,0.9001800360072014,12.5,25.833212992193715,74.9135391402406,-1.722341011265307,0.4595099152809737,16.120782704171702,GOOD,64-QAM,HIGH
48.66516769330091,774.0795506655022,4.953437012339262,0.9003800760152031,2.2,36.8008684182668,84.13321719242245,11.746795018170452,0.1181346321154911,30.807699859752525,GOOD,64-QAM,HIGH
48.66516769330091,774.0795506655022,4.953437012339262,0.9003800760152031,8.4,36.8008684182668,84.13321719242245,11.746795018170452,0.4529286735866136,18.83577371348788,GOOD,64-QAM,HIGH
48.66516769330091,774.0795506655022,4.953437012339262,0.9003800760152031,12.5,36.8008684182668,84.13321719242245,11.746795018170452,0.6756416792785875,15.160446168872426,GOOD,64-QAM,HIGH
29.49568470656001,1087.4971326496611,6.527945856621963,0.9005801160232046,2.2,27.842220656728127,32.98603179531453,21.57495533367488,0.13665952199856385,27.836324450652725,GOOD,64-QAM,HIGH
29.49568470656001,1087.4971326496611,6.527945856621963,0.9005801160232046,8.4,27.842220656728127,32.98603179531453,21.57495533367488,0.5258415841692553,15.810010283688513,GOOD,64-QAM,HIGH
29.49568470656001,1087.4971326496611,6.527945856621963,0.9005801160232046,12.5,27.842220656728127,32.98603179531453,21.57495533367488,0.7813597696421909,12.101877559292092,GOOD,16-QAM,MEDIUM
5.549470412125396,2279.541556665879,7.464848040409826,0.9007801560312062,2.2,46.451044285840055,61.4466924736173,9.27015592590098,1.0519061082674397,20.492689996942318,GOOD,64-QAM,HIGH
5.549470412125396,2279.541556665879,7.464848040409826,0.9007801560312062,8.4,46.451044285840055,61.4466924736173,9.27015592590098,4.033086774520905,5.87437722589533,DEGRADED,QPSK,LOW
5.549470412125396,2279.541556665879,7.464848040409826,0.9007801560312062,12.5,46.451044285840055,61.4466924736173,9.27015592590098,5.9681284365193505,0.48672102497340575,DEGRADED,LINK-OFF,NONE
47.18033386156918,789.7795246762644,5.097698316302234,0.900980196039208,2.2,18.898417782064207,31.970125745032657,7.879976284322996,0.06396999643007034,30.687458981069746,GOOD,64-QAM,HIGH
47.18033386156918,789.7795246762644,5.097698316302234,0.900980196039208,8.4,18.898417782064207,31.970125745032657,7.879976284322996,0.24793270052796682,18.866364172178322,GOOD,64-QAM,HIGH
47.18033386156918,789.7795246762644,5.097698316302234,0.900980196039208,12.5,18.898417782064207,31.970125745032657,7.879976284322996,0.36697279543115013,15.294709538351654,GOOD,64-QAM,HIGH
29.278209027790663,1092.9451504770163,6.541915000141534,0.9011802360472094,2.2,23.1837902886589,58.10457270146152,-9.950050386652867,0.12109665932454447,27.808482376232398,GOOD,64-QAM,HIGH
29.278209027790663,1092.9451504770163,6.541915000141534,0.9011802360472094,8.4,23.1837902886589,58.10457270146152,-9.950050386652867,0.46882145876638553,15.823625471997033,GOOD,64-QAM,HIGH
29.278209027790663,1092.9451504770163,6.541915000141534,0.9011802360472094,12.5,23.1837902886589,58.10457270146152,-9.950050386652867,0.6920594070550021,12.147772984784936,GOOD,16-QAM,MEDIUM
67.44170556039549,644.9534182769657,2.8771741259964,0.9013802760552112,2.2,4.426115760736421,83.11696974581403,30.214673188855706,0.028104978629946924,32.482874427439675,GOOD,64-QAM,HIGH
67.44170556039549,644.9534182769657,2.8771741259964,0.9013802760552112,8.4,4.426115760736421,83.11696974581403,30.214673188855706,0.10623910275144005,20.767608198524655,GOOD,64-QAM,HIGH
67.44170556039549,644.9534182769657,2.8771741259964,0.9013802760552112,12.5,4.426115760736421,83.11696974581403,30.214673188855706,0.15794171737065363,17.26329104498197,GOOD,64-QAM,HIGH
7.035432547991096,2154.643911052475,7.443529470516313,0.9015803160632128,2.2,30.449955552596425,51.69541598521858,34.46688060107241,0.6043410562857591,21.429695199221356,GOOD,64-QAM,HIGH
7.035432547991096,2154.643911052475,7.443529470516313,0.9015803160632128,8.4,30.449955552596425,51.69541598521858,34.46688060107241,2.341932206196522,8.054971944517078,DEGRADED,16-QAM,MEDIUM
7.035432547991096,2154.643911052475,7.443529470516313,0.9015803160632128,12.5,30.449955552596425,51.69541598521858,34.46688060107241,3.434881760101301,3.509407851688806,DEGRADED,QPSK,LOW
54.71036396099223,719.8647896323928,4.332824907633912,0.9017803560712142,2.2,14.410598422405302,85.9470252648386,38.47317647729161,0.05698510044705952,31.49954264978681,GOOD,64-QAM,HIGH
54.71036396099223,719.8647896323928,4.332824907633912,0.9017803560712142,8.4,14.410598422405302,85.9470252648386,38.47317647729161,0.21833134009079663,19.701064305349547,GOOD,64-QAM,HIGH
54.71036396099223,719.8647896323928,4.332824907633912,0.9017803560712142,12.5,14.410598422405302,85.9470252648386,38.47317647729161,0.32552385515913285,16.14125725135773,GOOD,64-QAM,HIGH
85.02531018801555,602.0724335775612,0.6503675184027429,0.901980396079216,2.2,8.015451975778443,67.83650829903657,25.963569253460776,0.03065693120631322,33.0779145902933,GOOD,64-QAM,HIGH
85.02531018801555,602.0724335775612,0.6503675184027429,0.901980396079216,8.4,8.015451975778443,67.83650829903657,25.963569253460776,0.1174021531546114,21.354037263551476,GOOD,64-QAM,HIGH
85.02531018801555,602.0724335775612,0.6503675184027429,0.901980396079216,12.5,8.015451975778443,67.83650829903657,25.963569253460776,0.1736131928113331,17.845211684971275,GOOD,64-QAM,HIGH
19.82478770447746,1399.3345141402774,7.05550600289021,0.9021804360872174,2.2,27.226564645225405,86.04932062758039,17.43961561849423,0.21020343146101014,25.572912032102792,GOOD,64-QAM,HIGH
19.82478770447746,1399.3345141402774,7.05550600289021,0.9021804360872174,8.4,27.226564645225405,86.04932062758039,17.43961561849423,0.8074253616116224,13.33855799715866,GOOD,16-QAM,MEDIUM
19.82478770447746,1399.3345141402774,7.05550600289021,0.9021804360872174,12.5,27.226564645225405,86.04932062758039,17.43961561849423,1.2061557178591626,9.487213101987635,DEGRADED,16-QAM,MEDIUM
45.090206713800605,813.7149040867098,5.294944750624339,0.9023804760952192,2.2,26.61551316899553,75.42999752475117,3.464225990435469,0.09676790123195723,30.395333069297763,GOOD,64-QAM,HIGH
45.090206713800605,813.7149040867098,5.294944750624339,0.9023804760952192,8.4,26.61551316899553,75.42999752475117,3.464225990435469,0.3691113923516146,18.485857473384584,GOOD,64-QAM,HIGH
45.090206713800605,813.7149040867098,5.294944750624339,0.9023804760952192,12.5,26.61551316899553,75.42999752475117,3.464225990435469,0.5467221873661234,14.855632139446584,GOOD,16-QAM,MEDIUM
12.770869304456744,1752.1454834182846,7.314464020517183,0.9025805161032208,2.2,3.793582061202377,36.20610999892574,39.96497379817493,0.09465706802499062,23.735486045754726,GOOD,64-QAM,HIGH
12.770869304456744,1752.1454834182846,7.314464020517183,0.9025805161032208,8.4,3.793582061202377,36.20610999892574,39.96497379817493,0.3508684251446957,11.842142583841493,GOOD,16-QAM,MEDIUM
12.770869304456744,1752.1454834182846,7.314464020517183,0.9025805161032208,12.5,3.793582061202377,36.20610999892574,39.96497379817493,0.5351143311381101,8.205282138924602,DEGRADED,16-QAM,MEDIUM
58.18296254221497,694.768910594039,3.954063720457893,0.9027805561112222,2.2,34.91077267472364,43.86908205376062,19.48764272660528,0.0926484638587158,31.772090390273725,GOOD,64-QAM,HIGH
58.18296254221497,694.768910594039,3.954063720457893,0.9027805561112222,8.4,34.91077267472364,43.86908205376062,19.48764272660528,0.354259851765033,19.87334689757388,GOOD,64-QAM,HIGH
58.18296254221497,694.768910594039,3.954063720457893,0.9027805561112222,12.5,34.91077267472364,43.86908205376062,19.48764272660528,0.5267212955739343,16.2482709148415,GOOD,64-QAM,HIGH
51.79519285067918,744.1908394075272,4.638557452744559,0.902980596119224,2.2,31.18860953254264,53.65022727501037,24.05770361652231,0.095749190296717,31.17211079756143,GOOD,64-QAM,HIGH
51.79519285067918,744.1908394075272,4.638557452744559,0.902980596119224,8.4,31.18860953254264,53.65022727501037,24.05770361652231,0.3672023279302129,19.263525555134407,GOOD,64-QAM,HIGH
51.79519285067918,744.1908394075272,4.638557452744559,0.902980596119224,12.5,31.18860953254264,53.65022727501037,24.05770361652231,0.5430568944535601,15.635056449687582,GOOD,64-QAM,HIGH
39.62606955809075,888.0306771332112,5.776673515147564,0.9031806361272254,2.2,9.45086413732486,40.20641292072456,24.12030809776589,0.04657103545438966,29.686415972179233,GOOD,64-QAM,HIGH
39.62606955809075,888.0306771332112,5.776673515147564,0.9031806361272254,8.4,9.45086413732486,40.20641292072456,24.12030809776589,0.17504089296256997,17.92081400987753,GOOD,64-QAM,HIGH
39.62606955809075,888.0306771332112,5.776673515147564,0.9031806361272254,12.5,9.45086413732486,40.20641292072456,24.12030809776589,0.26411581396764694,14.379124549948969,GOOD,16-QAM,MEDIUM
49.317046825268,767.5074433824366,4.889046092976787,0.9033806761352272,2.2,23.471743107702192,59.69469628659963,32.26258978785907,0.07840892974914396,30.921485533578107,GOOD,64-QAM,HIGH
49.317046825268,767.5074433824366,4.889046092976787,0.9033806761352272,8.4,23.471743107702192,59.69469628659963,32.26258978785907,0.2987762711687477,19.06398608736498,GOOD,64-QAM,HIGH
49.317046825268,767.5074433824366,4.889046092976787,0.9033806761352272,12.5,23.471743107702192,59.69469628659963,32.26258978785907,0.4457721112916513,15.464375708318599,GOOD,64-QAM,HIGH
81.20884596986586,606.508956441503,1.1462494544782798,0.9035807161432288,2.2,36.016145823928,58.28208934208944,-9.51637305765404,0.08705407643954943,32.957747935812996,GOOD,64-QAM,HIGH
81.20884596986586,606.508956441503,1.1462494544782798,0.9035807161432288,8.4,36.016145823928,58.28208934208944,-9.51637305765404,0.332653404770611,21.075016502688413,GOOD,64-QAM,HIGH
81.20884596986586,606.508956441503,1.1462494544782798,0.9035807161432288,12.5,36.016145823928,58.28208934208944,-9.51637305765404,0.4980190753986874,17.457036293136852,GOOD,64-QAM,HIGH
21.685015696440697,1326.5201243510446,6.969219284546753,0.9037807561512302,2.2,26.471787027063822,87.37555188164288,1.0123470215685906,0.1854827305530804,26.061786793875704,GOOD,64-QAM,HIGH
21.685015696440697,1326.5201243510446,6.969219284546753,0.9037807561512302,8.4,26.471787027063822,87.37555188164288,1.0123470215685906,0.7141545612033764,13.895982858431893,GOOD,16-QAM,MEDIUM
21.685015696440697,1326.5201243510446,6.969219284546753,0.9037807561512302,12.5,26.471787027063822,87.37555188164288,1.0123470215685906,1.0640918087416098,10.093431071970173,GOOD,16-QAM,MEDIUM
6.917983494954515,2164.1870303175715,7.44539689151798,0.903980796159232,2.2,19.77445380917851,56.02367297375866,23.276700008500697,0.4072337020806382,21.58841688065006,GOOD,64-QAM,HIGH
6.917983494954515,2164.1870303175715,7.44539689151798,0.903980796159232,8.4,19.77445380917851,56.02367297375866,23.276700008500697,1.5734328810078226,8.785085596929349,DEGRADED,16-QAM,MEDIUM
6.917983494954515,2164.1870303175715,7.44539689151798,0.903980796159232,12.5,19.77445380917851,56.02367297375866,23.276700008500697,2.2881703700906506,4.617733568923029,DEGRADED,QPSK,LOW
78.24151519942359,611.7220709485528,1.5284005012892492,0.9041808361672334,2.2,16.116922904047183,77.13760825727987,34.757286841228385,0.05042232338139793,32.920041057436165,GOOD,64-QAM,HIGH
78.24151519942359,611.7220709485528,1.5284005012892492,0.9041808361672334,8.4,16.116922904047183,77.13760825727987,34.757286841228385,0.19221923616444545,21.141112039859593,GOOD,64-QAM,HIGH
78.24151519942359,611.7220709485528,1.5284005012892492,0.9041808361672334,12.5,16.116922904047183,77.13760825727987,34.757286841228385,0.2857347003866156,17.594982036713944,GOOD,64-QAM,HIGH
54.05495200297205,725.0605218792225,4.402567944193264,0.9043808761752352,2.2,30.51969333220268,86.51463269108879,24.26693909606781,0.09639508828491403,31.397666109474407,GOOD,64-QAM,HIGH
54.05495200297205,725.0605218792225,4.402567944193264,0.9043808761752352,8.4,30.51969333220268,86.51463269108879,24.26693909606781,0.36827082402254513,19.488658268943254,GOOD,64-QAM,HIGH
54.05495200297205,725.0605218792225,4.402567944193264,0.9043808761752352,12.5,30.51969333220268,86.51463269108879,24.26693909606781,0.545636397147588,15.858678156894726,GOOD,64-QAM,HIGH
80.7059687142566,607.282101576875,1.2112576184973594,0.9045809161832368,2.2,46.95543491551203,82.61932985843913,10.674564574684004,0.11272630984758038,32.92101044667762,GOOD,64-QAM,HIGH
80.7059687142566,607.282101576875,1.2112576184973594,0.9045809161832368,8.4,46.95543491551203,82.61932985843913,10.674564574684004,0.4303617463307488,20.966242905400932,GOOD,64-QAM,HIGH
80.7059687142566,607.282101576875,1.2112576184973594,0.9045809161832368,12.5,46.95543491551203,82.61932985843913,10.674564574684004,0.6405833771167083,17.303406735691482,GOOD,64-QAM,HIGH
55.74034399011967,712.0036066720568,4.222081681366695,0.9047809561912382,2.2,33.58724202387417,42.52005747069551,8.077774793513079,0.09318566866742224,31.558716843448927,GOOD,64-QAM,HIGH
55.74034399011967,712.0036066720568,4.222081681366695,0.9047809561912382,8.4,33.58724202387417,42.52005747069551,8.077774793513079,0.3544653019968576,19.660305105325975,GOOD,64-QAM,HIGH
55.74034399011967,712.0036066720568,4.222081681366695,0.9047809561912382,12.5,33.58724202387417,42.52005747069551,8.077774793513079,0.5248063643553925,16.037349504043945,GOOD,64-QAM,HIGH
73.8636926465747,622.3731749370181,2.084425701490703,0.90498099619924,2.2,3.737295181815776,59.76179365521266,26.89740041416602,0.02209804542668244,32.79843102314597,GOOD,64-QAM,HIGH
73.8636926465747,622.3731749370181,2.084425701490703,0.90498099619924,8.4,3.737295181815776,59.76179365521266,26.89740041416602,0.0847016947472597,21.098695269031865,GOOD,64-QAM,HIGH
73.8636926465747,622.3731749370181,2.084425701490703,0.90498099619924,12.5,3.737295181815776,59.76179365521266,26.89740041416602,0.12442529638334247,17.60635712847231,GOOD,64-QAM,HIGH
41.52223588518758,860.1323345512938,5.615238814285706,0.9051810362072414,2.2,23.03424867410669,50.86438693775554,27.06188485685967,0.08483432021159311,29.925406579309858,GOOD,64-QAM,HIGH
41.52223588518758,860.1323345512938,5.615238814285706,0.9051810362072414,8.4,23.03424867410669,50.86438693775554,27.06188485685967,0.3233179137114261,18.049790881016506,GOOD,64-QAM,HIGH
41.52223588518758,860.1323345512938,5.615238814285706,0.9051810362072414,12.5,23.03424867410669,50.86438693775554,27.06188485685967,0.4820826444969466,14.438411611307501,GOOD,16-QAM,MEDIUM
68.73809415950285,639.6808664919872,2.7197377355517087,0.905381076215243,2.2,44.541206575531376,53.99152170823293,20.35289962528452,0.10947825876076048,32.47280091038829,GOOD,64-QAM,HIGH
68.73809415950285,639.6808664919872,2.7197377355517087,0.905381076215243,8.4,44.541206575531376,53.99152170823293,20.35289962528452,0.41730889053517106,20.527838173820356,GOOD,64-QAM,HIGH
68.73809415950285,639.6808664919872,2.7197377355517087,0.905381076215243,12.5,44.541206575531376,53.99152170823293,20.35289962528452,0.6241524745728413,16.8683800508592,GOOD,64-QAM,HIGH
82.60852468563776,604.5900260689523,0.9648603788764352,0.9055811162232448,2.2,4.723121290054344,51.648409574745074,4.573351204866853,0.021379915696152368,33.05094690109808,GOOD,64-QAM,HIGH
82.60852468563776,604.5900260689523,0.9648603788764352,0.9055811162232448,8.4,4.723121290054344,51.648409574745074,4.573351204866853,0.08280023081420208,21.352394481186508,GOOD,64-QAM,HIGH
82.60852468563776,604.5900260689523,0.9648603788764352,0.9055811162232448,12.5,4.723121290054344,51.648409574745074,4.573351204866853,0.12292908122589359,17.859651091851333,GOOD,64-QAM,HIGH
53.630451916387536,728.5082480497722,4.44743259645518,0.9057811562312462,2.2,49.44378560687717,79.58155261050024,36.25774091952718,0.13976253153620993,31.313094389138335,GOOD,64-QAM,HIGH
53.630451916387536,728.5082480497722,4.44743259645518,0.9057811562312462,8.4,49.44378560687717,79.58155261050024,36.25774091952718,0.5344142615052097,19.28131055437582,GOOD,64-QAM,HIGH
53.630451916387536,728.5082480497722,4.44743259645518,0.9057811562312462,12.5,49.44378560687717,79.58155261050024,36.25774091952718,0.7930643254260029,15.57004595153154,GOOD,64-QAM,HIGH
20.36673779780226,1377.3709418617805,7.03113142344759,0.905981196239248,2.2,47.45346968227106,57.128343307346846,17.593997105931955,0.30991281481068456,25.61061523842217,GOOD,64-QAM,HIGH
20.36673779780226,1377.3709418617805,7.03113142344759,0.905981196239248,8.4,47.45346968227106,57.128343307346846,17.593997105931955,1.1883231030862325,13.095072845353101,GOOD,16-QAM,MEDIUM
20.36673779780226,1377.3709418617805,7.03113142344759,0.905981196239248,12.5,47.45346968227106,57.128343307346846,17.593997105931955,1.7550258125459717,9.075755596969884,DEGRADED,16-QAM,MEDIUM
27.847797277566844,1130.295629292351,6.631436988443331,0.9061812362472494,2.2,3.913724036493793,61.42165993468129,29.52461781241653,0.04559851874255376,27.592106899947723,GOOD,64-QAM,HIGH
27.847797277566844,1130.295629292351,6.631436988443331,0.9061812362472494,8.4,3.913724036493793,61.42165993468129,29.52461781241653,0.1725326748841706,15.828040639012585,GOOD,64-QAM,HIGH
27.847797277566844,1130.295629292351,6.631436988443331,0.9061812362472494,12.5,3.913724036493793,61.42165993468129,29.52461781241653,0.24927534768663964,12.298683427286633,GOOD,16-QAM,MEDIUM
21.884789036279493,1319.1199419574614,6.959514318893124,0.906381276255251,2.2,46.67066602247775,88.94684142282448,0.7154131080915818,0.29471148719060775,26.00114917858376,GOOD,64-QAM,HIGH
21.884789036279493,1319.1199419574614,6.959514318893124,0.906381276255251,8.4,46.67066602247775,88.94684142282448,0.7154131080915818,1.120430792529778,13.538297768451073,GOOD,16-QAM,MEDIUM
21.884789036279493,1319.1199419574614,6.959514318893124,0.906381276255251,12.5,46.67066602247775,88.94684142282448,0.7154131080915818,1.6784356874571966,9.527678334600168,DEGRADED,16-QAM,MEDIUM
25.982847345637296,1183.2332982555454,6.741939309901668,0.9065813162632528,2.2,18.15662951297311,33.59875633149099,7.202039430736392,0.10242496675464806,27.13771375745123,GOOD,64-QAM,HIGH
25.982847345637296,1183.2332982555454,6.741939309901668,0.9065813162632528,8.4,18.15662951297311,33.59875633149099,7.202039430736392,0.39017292968681694,15.212833689725542,GOOD,64-QAM,HIGH
25.982847345637296,1183.2332982555454,6.741939309901668,0.9065813162632528,12.5,18.15662951297311,33.59875633149099,7.202039430736392,0.5785314467512618,11.571860633737614,GOOD,16-QAM,MEDIUM
31.04531319483809,1050.3328704455537,6.425697805341153,0.9067813562712542,2.2,42.23545835379313,59.27745838744492,33.72897581936712,0.18805738286616133,28.086949859523997,GOOD,64-QAM,HIGH
31.04531319483809,1050.3328704455537,6.425697805341153,0.9067813562712542,8.4,42.23545835379313,59.27745838744492,33.72897581936712,0.7243963135782339,15.913478824018398,GOOD,64-QAM,HIGH
31.04531319483809,1050.3328704455537,6.425697805341153,0.9067813562712542,12.5,42.23545835379313,59.27745838744492,33.72897581936712,1.0740414048281313,12.111219193845017,GOOD,16-QAM,MEDIUM
52.18637187402102,740.7395828241715,4.598212343720598,0.906981396279256,2.2,20.91916688566357,76.44370241676697,-7.49464850300158,0.07383700834407761,31.234398322795492,GOOD,64-QAM,HIGH
52.18637187402102,740.7395828241715,4.598212343720598,0.906981396279256,8.4,20.91916688566357,76.44370241676697,-7.49464850300158,0.28240364821518504,19.38869957813087,GOOD,64-QAM,HIGH
52.18637187402102,740.7395828241715,4.598212343720598,0.906981396279256,12.5,20.91916688566357,76.44370241676697,-7.49464850300158,0.42114857384400245,15.797340113578556,GOOD,64-QAM,HIGH
54.97928850442578,717.7768636347291,4.304043817920193,0.9071814362872574,2.2,22.0427556351258,39.06971749129359,15.615765562833104,0.06538416529612924,31.51637310927402,GOOD,64-QAM,HIGH
54.97928850442578,717.7768636347291,4.304043817920193,0.9071814362872574,8.4,22.0427556351258,39.06971749129359,15.615765562833104,0.25032274782409836,19.69430242195253,GOOD,64-QAM,HIGH
54.97928850442578,717.7768636347291,4.304043817920193,0.9071814362872574,12.5,22.0427556351258,39.06971749129359,15.615765562833104,0.37182481220939934,16.120185818643748,GOOD,64-QAM,HIGH
41.2524785155582,863.9555620295178,5.63858463468585,0.907381476295259,2.2,31.71215454887713,66.69189567688643,14.085273992200452,0.11626381304731816,29.855454472358694,GOOD,64-QAM,HIGH
41.2524785155582,863.9555620295178,5.63858463468585,0.907381476295259,8.4,31.71215454887713,66.69189567688643,14.085273992200452,0.4431208602290906,17.891465320383404,GOOD,64-QAM,HIGH
41.2524785155582,863.9555620295178,5.63858463468585,0.907381476295259,12.5,31.71215454887713,66.69189567688643,14.085273992200452,0.6572907190579546,14.224680922631052,GOOD,16-QAM,MEDIUM
57.31076628477101,700.7029891846378,4.050616388066564,0.9075815163032608,2.2,38.723870963799165,44.367886772068005,27.561509445404106,0.10487176996906517,31.68599520980851,GOOD,64-QAM,HIGH
57.31076628477101,700.7029891846378,4.050616388066564,0.9075815163032608,8.4,38.723870963799165,44.367886772068005,27.561509445404106,0.40115145666858776,19.752583418315467,GOOD,64-QAM,HIGH
57.31076628477101,700.7029891846378,4.050616388066564,0.9075815163032608,12.5,38.723870963799165,44.367886772068005,27.561509445404106,0.5942418724248536,16.10687846363571,GOOD,64-QAM,HIGH
11.933868676966105,1803.609526766883,7.337901920620034,0.9077815563112622,2.2,1.6894575474124318,82.04424679347406,4.09468852996662,0.1093960472024102,23.46929992418444,GOOD,64-QAM,HIGH
11.933868676966105,1803.609526766883,7.337901920620034,0.9077815563112622,8.4,1.6894575474124318,82.04424679347406,4.09468852996662,0.423704431847049,11.517859434746285,GOOD,16-QAM,MEDIUM
11.933868676966105,1803.609526766883,7.337901920620034,0.9077815563112622,12.5,1.6894575474124318,82.04424679347406,4.09468852996662,0.6227812504808189,7.86616807718903,DEGRADED,QPSK,LOW
12.462000149943597,1770.869278757267,7.32329505009171,0.907981596319264,2.2,29.657799776356715,49.62597992400475,0.953341092979974,0.34542128975023895,23.392395017488084,GOOD,64-QAM,HIGH
12.462000149943597,1770.869278757267,7.32329505009171,0.907981596319264,8.4,29.657799776356715,49.62597992400475,0.953341092979974,1.32889232014307,10.771791882301727,GOOD,16-QAM,MEDIUM
12.462000149943597,1770.869278757267,7.32329505009171,0.907981596319264,12.5,29.657799776356715,49.62597992400475,0.953341092979974,1.9698333299915878,6.678236333529725,DEGRADED,QPSK,LOW
19.605504130400966,1408.403892369246,7.065189174142459,0.9081816363272656,2.2,9.336649704868549,49.74376901405457,36.30664193866168,0.08557103980145403,25.641431010790782,GOOD,64-QAM,HIGH
19.605504130400966,1408.403892369246,7.065189174142459,0.9081816363272656,8.4,9.336649704868549,49.74376901405457,36.30664193866168,0.32221386034328037,13.767656085455428,GOOD,16-QAM,MEDIUM
19.605504130400966,1408.403892369246,7.065189174142459,0.9081816363272656,12.5,9.336649704868549,49.74376901405457,36.30664193866168,0.4769793650017816,10.160276041873445,GOOD,16-QAM,MEDIUM
49.0365873334293,770.3116657231103,4.916827205953097,0.908381676335267,2.2,17.297475893160147,65.89163271107361,18.58548259792324,0.0636609719272964,30.904555912906126,GOOD,64-QAM,HIGH
49.0365873334293,770.3116657231103,4.916827205953097,0.908381676335267,8.4,17.297475893160147,65.89163271107361,18.58548259792324,0.24048927843040185,19.0905955016095,GOOD,64-QAM,HIGH
49.0365873334293,770.3116657231103,4.916827205953097,0.908381676335267,12.5,17.297475893160147,65.89163271107361,18.58548259792324,0.35746406606469755,15.521006175051724,GOOD,64-QAM,HIGH
23.18954768935665,1272.660213520553,6.894053922704601,0.9085817163432688,2.2,17.398433307760826,41.013774487194524,-4.765521585817275,0.12142848649797133,26.485868552826012,GOOD,64-QAM,HIGH
23.18954768935665,1272.660213520553,6.894053922704601,0.9085817163432688,8.4,17.398433307760826,41.013774487194524,-4.765521585817275,0.4601310817903275,14.510033852740136,GOOD,16-QAM,MEDIUM
23.18954768935665,1272.660213520553,6.894053922704601,0.9085817163432688,12.5,17.398433307760826,41.013774487194524,-4.765521585817275,0.6899907088182963,10.827559686788675,GOOD,16-QAM,MEDIUM
29.07917429686908,1097.9832704896558,6.554617028102269,0.9087817563512702,2.2,23.45301701105768,47.093318334183664,-0.3481918892839459,0.12206397768231599,27.767567945839446,GOOD,64-QAM,HIGH
29.07917429686908,1097.9832704896558,6.554617028102269,0.9087817563512702,8.4,23.45301701105768,47.093318334183664,-0.3481918892839459,0.4721280942505944,15.780371724477646,GOOD,64-QAM,HIGH
29.07917429686908,1097.9832704896558,6.554617028102269,0.9087817563512702,12.5,23.45301701105768,47.093318334183664,-0.3481918892839459,0.6984549158799072,12.101430363924848,GOOD,16-QAM,MEDIUM
39.0265910747045,897.3672359920783,5.8264035678223145,0.908981796359272,2.2,16.70682059380867,54.99791100716469,39.94130297571242,0.07080537387444837,29.571336832720633,GOOD,64-QAM,HIGH
39.0265910747045,897.3672359920783,5.8264035678223145,0.908981796359272,8.4,16.70682059380867,54.99791100716469,39.94130297571242,0.2707424799840454,17.73426762181751,GOOD,64-QAM,HIGH
39.0265910747045,897.3672359920783,5.8264035678223145,0.908981796359272,12.5,16.70682059380867,54.99791100716469,39.94130297571242,0.40305522109541475,14.149340341782661,GOOD,16-QAM,MEDIUM
74.00862054088229,621.9618140467219,2.0661954323858747,0.9091818363672736,2.2,5.368055922533388,51.21827178840663,-0.2195501873903786,0.022718864728298566,32.80355308732242,GOOD,64-QAM,HIGH
74.00862054088229,621.9618140467219,2.0661954323858747,0.9091818363672736,8.4,5.368055922533388,51.21827178840663,-0.2195501873903786,0.08684918086709967,21.10229066639009,GOOD,64-QAM,HIGH
74.00862054088229,621.9618140467219,2.0661954323858747,0.9091818363672736,12.5,5.368055922533388,51.21827178840663,-0.2195501873903786,0.1295072804097211,17.607018027923985,GOOD,64-QAM,HIGH
6.17828155259311,2225.5796546402853,7.456438729601793,0.909381876375275,2.2,7.281436926272572,61.49263308033494,20.523775567683938,0.24934616734562753,21.50333736581952,GOOD,64-QAM,HIGH
6.17828155259311,2225.5796546402853,7.456438729601793,0.909381876375275,8.4,7.281436926272572,61.49263308033494,20.523775567683938,0.9838041615484364,9.131747266823183,DEGRADED,16-QAM,MEDIUM
6.17828155259311,2225.5796546402853,7.456438729601793,0.909381876375275,12.5,7.281436926272572,61.49263308033494,20.523775567683938,1.433540135720333,5.229396753727798,DEGRADED,QPSK,LOW
60.197199720112906,681.9490456856647,3.727622787697536,0.9095819163832768,2.2,1.6718992780548836,65.97840864413797,11.006403949780903,0.019751468648448317,32.00675639550968,GOOD,64-QAM,HIGH
60.197199720112906,681.9490456856647,3.727622787697536,0.9095819163832768,8.4,1.6718992780548836,65.97840864413797,11.006403949780903,0.07589253543365779,20.31348322393096,GOOD,64-QAM,HIGH
60.197199720112906,681.9490456856647,3.727622787697536,0.9095819163832768,12.5,1.6718992780548836,65.97840864413797,11.006403949780903,0.11144352556220831,16.82531769487892,GOOD,64-QAM,HIGH
61.85450513845825,672.2782390878465,3.5378412928427023,0.9097819563912782,2.2,23.512454266437715,64.00004722500987,34.27995474249177,0.07019384539129209,32.08037146127838,GOOD,64-QAM,HIGH
61.85450513845825,672.2782390878465,3.5378412928427023,0.9097819563912782,8.4,23.512454266437715,64.00004722500987,34.27995474249177,0.2709075925026206,20.24252560937353,GOOD,64-QAM,HIGH
61.85450513845825,672.2782390878465,3.5378412928427023,0.9097819563912782,12.5,23.512454266437715,64.00004722500987,34.27995474249177,0.40064020676847084,16.660178456184198,GOOD,64-QAM,HIGH
72.8857413303141,625.257771225838,2.2070863160615914,0.90998199639928,2.2,47.72238474264943,69.25009871951593,27.758429614766385,0.1167606247676083,32.663603794575124,GOOD,64-QAM,HIGH
72.8857413303141,625.257771225838,2.2070863160615914,0.90998199639928,8.4,47.72238474264943,69.25009871951593,27.758429614766385,0.445247012185426,20.69798530236379,GOOD,64-QAM,HIGH
72.8857413303141,625.257771225838,2.2070863160615914,0.90998199639928,12.5,47.72238474264943,69.25009871951593,27.758429614766385,0.6636154385371023,17.027002337088618,GOOD,64-QAM,HIGH
84.28399982012662,602.7384518198023,0.746982156946496,0.9101820364072816,2.2,5.783761182405828,48.46497099646922,19.84756981309079,0.025557166944636125,33.0734112515146,GOOD,64-QAM,HIGH
84.28399982012662,602.7384518198023,0.746982156946496,0.9101820364072816,8.4,5.783761182405828,48.46497099646922,19.84756981309079,0.09642880601569505,21.36540750765002,GOOD,64-QAM,HIGH
84.28399982012662,602.7384518198023,0.746982156946496,0.9101820364072816,12.5,5.783761182405828,48.46497099646922,19.84756981309079,0.14431174966876215,17.86491002507347,GOOD,64-QAM,HIGH
6.711717160689635,2181.08197524581,7.448600769383344,0.910382076415283,2.2,47.3132246501541,37.585573629301685,-9.463050910100876,0.8961150269274998,21.031991582625523,GOOD,64-QAM,HIGH
6.711717160689635,2181.08197524581,7.448600769383344,0.910382076415283,8.4,47.3132246501541,37.585573629301685,-9.463050910100876,3.4390492868421134,6.8519252179173975,DEGRADED,QPSK,LOW
6.711717160689635,2181.08197524581,7.448600769383344,0.910382076415283,12.5,47.3132246501541,37.585573629301685,-9.463050910100876,5.149566795839376,1.688793169996643,DEGRADED,LINK-OFF,NONE
18.071614968623376,1474.9179066620256,7.130021459161581,0.9105821164232848,2.2,36.66807573660468,75.64845248586462,33.98976037467298,0.27519853723422294,25.050990879710866,GOOD,64-QAM,HIGH
18.071614968623376,1474.9179066620256,7.130021459161581,0.9105821164232848,8.4,36.66807573660468,75.64845248586462,33.98976037467298,1.0517687459106386,12.637288566240926,GOOD,16-QAM,MEDIUM
18.071614968623376,1474.9179066620256,7.130021459161581,0.9105821164232848,12.5,36.66807573660468,75.64845248586462,33.98976037467298,1.5871054362869816,8.649337336941102,DEGRADED,16-QAM,MEDIUM
80.32455999475941,607.8982587327009,1.2605012968000948,0.9107821564312862,2.2,31.87494014670816,81.04682295784093,12.233373541935812,0.08239037812089753,32.9425380176232,GOOD,64-QAM,HIGH
80.32455999475941,607.8982587327009,1.2605012968000948,0.9107821564312862,8.4,31.87494014670816,81.04682295784093,12.233373541935812,0.31605971940259325,21.071736571547987,GOOD,64-QAM,HIGH
80.32455999475941,607.8982587327009,1.2605012968000948,0.9107821564312862,12.5,31.87494014670816,81.04682295784093,12.233373541935812,0.4683230388946462,17.46685871313244,GOOD,64-QAM,HIGH
43.97407778589631,827.4423649190685,5.397405071954089,0.910982196439288,2.2,32.263887766178144,45.420373933345935,36.578882650928826,0.10784798255604326,30.238943342240226,GOOD,64-QAM,HIGH
43.97407778589631,827.4423649190685,5.397405071954089,0.910982196439288,8.4,32.263887766178144,45.420373933345935,36.578882650928826,0.41103250220266463,18.29862671780009,GOOD,64-QAM,HIGH
43.97407778589631,827.4423649190685,5.397405071954089,0.910982196439288,12.5,32.263887766178144,45.420373933345935,36.578882650928826,0.6079654812057966,14.64907919987347,GOOD,16-QAM,MEDIUM
52.9902043093444,733.8338511768297,4.514636660374998,0.9111822364472896,2.2,41.33638241981411,54.425517369481184,14.776950642710062,0.11856047972409388,31.271031072952525,GOOD,64-QAM,HIGH
52.9902043093444,733.8338511768297,4.514636660374998,0.9111822364472896,8.4,41.33638241981411,54.425517369481184,14.776950642710062,0.45098071181650407,19.3014787360666,GOOD,64-QAM,HIGH
52.9902043093444,733.8338511768297,4.514636660374998,0.9111822364472896,12.5,41.33638241981411,54.425517369481184,14.776950642710062,0.6718972629412974,15.627947646018313,GOOD,64-QAM,HIGH
61.35731231646753,675.0993129544158,3.595093935073108,0.911382276455291,2.2,5.345993218991069,59.91415301781332,24.711224459136275,0.02693950293330986,32.08725356043312,GOOD,64-QAM,HIGH
61.35731231646753,675.0993129544158,3.595093935073108,0.911382276455291,8.4,5.345993218991069,59.91415301781332,24.711224459136275,0.10124608964335226,20.375814868929552,GOOD,64-QAM,HIGH
61.35731231646753,675.0993129544158,3.595093935073108,0.911382276455291,12.5,5.345993218991069,59.91415301781332,24.711224459136275,0.14985383172455038,16.874592587924866,GOOD,64-QAM,HIGH
62.72066138212918,667.5232786600391,3.437468108764266,0.9115823164632928,2.2,25.237716178277086,61.99961056517618,-6.535367526667892,0.07333201674083317,32.13888605620056,GOOD,64-QAM,HIGH
62.72066138212918,667.5232786600391,3.437468108764266,0.9115823164632928,8.4,25.237716178277086,61.99961056517618,-6.535367526667892,0.27993182340907563,20.295154144738802,GOOD,64-QAM,HIGH
62.72066138212918,667.5232786600391,3.437468108764266,0.9115823164632928,12.5,25.237716178277086,61.99961056517618,-6.535367526667892,0.4145648365241565,16.70790659270024,GOOD,64-QAM,HIGH
84.1979342819032,602.8218405947209,0.7581912459801088,0.9117823564712942,2.2,34.854556913037925,69.56941026525911,27.25758267633929,0.08593207797546434,33.011834732066994,GOOD,64-QAM,HIGH
84.1979342819032,602.8218405947209,0.7581912459801088,0.9117823564712942,8.4,34.854556913037925,69.56941026525911,27.25758267633929,0.32757239452095843,21.13306231072798,GOOD,64-QAM,HIGH
84.1979342819032,602.8218405947209,0.7581912459801088,0.9117823564712942,12.5,34.854556913037925,69.56941026525911,27.25758267633929,0.48757268285011046,17.520447483475337,GOOD,64-QAM,HIGH
89.74070047999192,600.0056155860484,0.0339421119338206,0.911982396479296,2.2,29.341022253678183,32.49619400131928,6.899801565596146,0.06780507100877875,33.07063501132019,GOOD,64-QAM,HIGH
89.74070047999192,600.0056155860484,0.0339421119338206,0.911982396479296,8.4,29.341022253678183,32.49619400131928,6.899801565596146,0.2582435397903428,21.243064437745105,GOOD,64-QAM,HIGH
89.74070047999192,600.0056155860484,0.0339421119338206,0.911982396479296,12.5,29.341022253678183,32.49619400131928,6.899801565596146,0.384843292177138,17.663850146434825,GOOD,64-QAM,HIGH
66.21338417912992,650.3047085617227,3.024986644510965,0.9121824364872976,2.2,41.63895355116473,73.28862496404102,7.567950716589042,0.10809138928261694,32.33111702329656,GOOD,64-QAM,HIGH
66.21338417912992,650.3047085617227,3.024986644510965,0.9121824364872976,8.4,41.63895355116473,73.28862496404102,7.567950716589042,0.41455104994833675,20.38752525783731,GOOD,64-QAM,HIGH
66.21338417912992,650.3047085617227,3.024986644510965,0.9121824364872976,12.5,41.63895355116473,73.28862496404102,7.567950716589042,0.6115620394391134,16.737899729423063,GOOD,64-QAM,HIGH
29.41380278243782,1089.5414417058414,6.53321643872548,0.912382476495299,2.2,3.613585450567575,33.718260418764615,-4.067207764530503,0.029852605522914407,27.92681870434287,GOOD,64-QAM,HIGH
29.41380278243782,1089.5414417058414,6.53321643872548,0.912382476495299,8.4,3.613585450567575,33.718260418764615,-4.067207764530503,0.11626707765522923,16.203272127417037,GOOD,64-QAM,HIGH
29.41380278243782,1089.5414417058414,6.53321643872548,0.912382476495299,12.5,3.613585450567575,33.718260418764615,-4.067207764530503,0.17023087415400023,12.696693791994775,GOOD,16-QAM,MEDIUM
79.77895419501921,608.824564237857,1.330846812815229,0.9125825165033008,2.2,34.5350519749583,58.09731406037207,-2.6571425679898866,0.08275493346926997,32.9289481182746,GOOD,64-QAM,HIGH
79.77895419501921,608.824564237857,1.330846812815229,0.9125825165033008,8.4,34.5350519749583,58.09731406037207,-2.6571425679898866,0.31532526869655814,21.059245678253788,GOOD,64-QAM,HIGH
79.77895419501921,608.824564237857,1.330846812815229,0.9125825165033008,12.5,34.5350519749583,58.09731406037207,-2.6571425679898866,0.47123587957011365,17.450720528456742,GOOD,64-QAM,HIGH
9.183777735964735,1989.6918418472349,7.403861197302853,0.9127825565113022,2.2,26.70138651923589,79.66026813415165,-0.7120471896894927,0.41241119272986065,22.313418805832768,GOOD,64-QAM,HIGH
9.183777735964735,1989.6918418472349,7.403861197302853,0.9127825565113022,8.4,26.70138651923589,79.66026813415165,-0.7120471896894927,1.560431495728585,9.528266398040529,DEGRADED,16-QAM,MEDIUM
9.183777735964735,1989.6918418472349,7.403861197302853,0.9127825565113022,12.5,26.70138651923589,79.66026813415165,-0.7120471896894927,2.3196279467770666,5.316455408068563,DEGRADED,QPSK,LOW
24.641872494332176,1224.548946774673,6.816987321739662,0.912982596519304,2.2,18.95804319899717,57.072918796703775,6.4103084285711205,0.11909080380314409,26.82293259757276,GOOD,64-QAM,HIGH
24.641872494332176,1224.548946774673,6.816987321739662,0.912982596519304,8.4,18.95804319899717,57.072918796703775,6.4103084285711205,0.45557202910731365,14.849319267475067,GOOD,16-QAM,MEDIUM
24.641872494332176,1224.548946774673,6.816987321739662,0.912982596519304,12.5,18.95804319899717,57.072918796703775,6.4103084285711205,0.6774126172098538,11.174864140449046,GOOD,16-QAM,MEDIUM
81.27778598441576,606.4064309795604,1.137330416792068,0.9131826365273056,2.2,17.013749111701543,38.94538492609487,34.59849563878027,0.043897029112850226,33.00237338705126,GOOD,64-QAM,HIGH
81.27778598441576,606.4064309795604,1.137330416792068,0.9131826365273056,8.4,17.013749111701543,38.94538492609487,34.59849563878027,0.16732626355127095,21.24181204781931,GOOD,64-QAM,HIGH
81.27778598441576,606.4064309795604,1.137330416792068,0.9131826365273056,12.5,17.013749111701543,38.94538492609487,34.59849563878027,0.24803849034532238,17.708485282101776,GOOD,64-QAM,HIGH
26.77627872734517,1160.0952803099335,6.695793087771413,0.913382676535307,2.2,31.04163163870964,89.10203070035757,8.413011911504025,0.17651059401183028,27.23516259097977,GOOD,64-QAM,HIGH
26.77627872734517,1160.0952803099335,6.695793087771413,0.913382676535307,8.4,31.04163163870964,89.10203070035757,8.413011911504025,0.6753219358620645,15.099219144336018,GOOD,64-QAM,HIGH
26.77627872734517,1160.0952803099335,6.695793087771413,0.913382676535307,12.5,31.04163163870964,89.10203070035757,8.413011911504025,1.0028805390589695,11.319046002215629,GOOD,16-QAM,MEDIUM
23.75534006784862,1253.482463454507,6.864554538309013,0.9135827165433088,2.2,44.54976873221324,83.35712772445581,26.21813532816092,0.24850932870732825,26.490671805967665,GOOD,64-QAM,HIGH
23.75534006784862,1253.482463454507,6.864554538309013,0.9135827165433088,8.4,44.54976873221324,83.35712772445581,26.21813532816092,0.9433283491088269,14.158720680772646,GOOD,16-QAM,MEDIUM
23.75534006784862,1253.482463454507,6.864554538309013,0.9135827165433088,12.5,44.54976873221324,83.35712772445581,26.21813532816092,1.4101079035900723,10.239326587367913,GOOD,16-QAM,MEDIUM
16.740649916921015,1537.2557505322557,7.182137840450701,0.9137827565513102,2.2,24.808796305055765,76.27881799350084,-5.86262480550643,0.2281474815505075,24.73847637562733,GOOD,64-QAM,HIGH
16.740649916921015,1537.2557505322557,7.182137840450701,0.9137827565513102,8.4,24.808796305055765,76.27881799350084,-5.86262480550643,0.8729232960908013,12.45656845629351,GOOD,16-QAM,MEDIUM
16.740649916921015,1537.2557505322557,7.182137840450701,0.9137827565513102,12.5,24.808796305055765,76.27881799350084,-5.86262480550643,1.2957687410400076,8.581108472420823,DEGRADED,16-QAM,MEDIUM
78.0244993999879,612.1655881577899,1.5562006545736966,0.913982796559312,2.2,41.23615820384601,54.690696173952624,19.55493996359963,0.09690558767078032,32.86726253937574,GOOD,64-QAM,HIGH
78.0244993999879,612.1655881577899,1.5562006545736966,0.913982796559312,8.4,41.23615820384601,54.690696173952624,19.55493996359963,0.3691627233531939,20.9578732988998,GOOD,64-QAM,HIGH
78.0244993999879,612.1655881577899,1.5562006545736966,0.913982796559312,12.5,41.23615820384601,54.690696173952624,19.55493996359963,0.5516910099397079,17.32273047338981,GOOD,64-QAM,HIGH
47.50495203124237,786.2580742431528,5.066448620739448,0.9141828365673136,2.2,20.107819092198376,41.03074361335787,14.094561563521978,0.06877669979346122,30.72146731708085,GOOD,64-QAM,HIGH
47.50495203124237,786.2580742431528,5.066448620739448,0.9141828365673136,8.4,20.107819092198376,41.03074361335787,14.094561563521978,0.2629634531912319,18.890148458889556,GOOD,64-QAM,HIGH
47.50495203124237,786.2580742431528,5.066448620739448,0.9141828365673136,12.5,20.107819092198376,41.03074361335787,14.094561563521978,0.3936990149610313,15.306798358196275,GOOD,64-QAM,HIGH
62.36592225960316,669.4464462506767,3.4786727951812684,0.914382876575315,2.2,5.119723139658827,86.48467088511006,38.89789734772523,0.02946293056820132,32.15776664389364,GOOD,64-QAM,HIGH
62.36592225960316,669.4464462506767,3.4786727951812684,0.914382876575315,8.4,5.119723139658827,86.48467088511006,38.89789734772523,0.11283003412686983,20.437267435541443,GOOD,64-QAM,HIGH
62.36592225960316,669.4464462506767,3.4786727951812684,0.914382876575315,12.5,5.119723139658827,86.48467088511006,38.89789734772523,0.16470017823283237,16.932782752511997,GOOD,64-QAM,HIGH
25.32064264637752,1203.27873027304,6.77946391184797,0.9145829165833168,2.2,3.0752868229319272,61.94106759102834,32.310388493948146,0.04493749328144178,27.049284090806403,GOOD,64-QAM,HIGH
25.32064264637752,1203.27873027304,6.77946391184797,0.9145829165833168,8.4,3.0752868229319272,61.94106759102834,32.310388493948146,0.16702801319222207,15.290061466102102,GOOD,64-QAM,HIGH
25.32064264637752,1203.27873027304,6.77946391184797,0.9145829165833168,12.5,3.0752868229319272,61.94106759102834,32.310388493948146,0.24496758495261411,11.759507355418222,GOOD,16-QAM,MEDIUM
69.4334357859534,637.0071485439521,2.634715030213903,0.9147829565913184,2.2,2.5667185661838787,81.14132762324911,12.741488621932486,0.024944860116082233,32.59371540245425,GOOD,64-QAM,HIGH
69.4334357859534,637.0071485439521,2.634715030213903,0.9147829565913184,8.4,2.5667185661838787,81.14132762324911,12.741488621932486,0.09523344147201228,20.88629471630479,GOOD,64-QAM,HIGH
69.4334357859534,637.0071485439521,2.634715030213903,0.9147829565913184,12.5,2.5667185661838787,81.14132762324911,12.741488621932486,0.1419718528372829,17.386941766016037,GOOD,64-QAM,HIGH
69.60047132177837,636.3806205473029,2.614232528391277,0.91498299659932,2.2,19.007507097883497,50.52570034556555,28.757138202266937,0.052299739843317906,32.57490772822915,GOOD,64-QAM,HIGH
69.60047132177837,636.3806205473029,2.614232528391277,0.91498299659932,8.4,19.007507097883497,50.52570034556555,28.757138202266937,0.19990759012187514,20.790167773157066,GOOD,64-QAM,HIGH
69.60047132177837,636.3806205473029,2.614232528391277,0.91498299659932,12.5,19.007507097883497,50.52570034556555,28.757138202266937,0.2979868699841709,17.23947395437129,GOOD,64-QAM,HIGH
31.570832117205512,1038.3602639279993,6.389951791501274,0.9151830366073216,2.2,16.861887541792104,50.11729902476824,-0.3480629353111233,0.08385555879223604,28.290729621750955,GOOD,64-QAM,HIGH
31.570832117205512,1038.3602639279993,6.389951791501274,0.9151830366073216,8.4,16.861887541792104,50.11729902476824,-0.3480629353111233,0.3240989770716493,16.413354098678028,GOOD,64-QAM,HIGH
31.570832117205512,1038.3602639279993,6.389951791501274,0.9151830366073216,12.5,16.861887541792104,50.11729902476824,-0.3480629353111233,0.4836894532257345,12.80114908360045,GOOD,16-QAM,MEDIUM
39.908023805874045,883.7275784229246,5.753064858839659,0.915383076615323,2.2,35.89685118112848,89.13242884044234,18.116816369588904,0.13527653969609543,29.63990167982803,GOOD,64-QAM,HIGH
39.908023805874045,883.7275784229246,5.753064858839659,0.915383076615323,8.4,35.89685118112848,89.13242884044234,18.116816369588904,0.5159809906405444,17.622065124090057,GOOD,64-QAM,HIGH
39.908023805874045,883.7275784229246,5.753064858839659,0.915383076615323,12.5,35.89685118112848,89.13242884044234,18.116816369588904,0.7649761358889714,13.920455439918143,GOOD,16-QAM,MEDIUM
22.82367358156707,1285.3679121354703,6.912772188448194,0.9155831166233248,2.2,37.14107507924329,61.30998290969099,-6.269047221564591,0.22961122484713214,26.291386078657922,GOOD,64-QAM,HIGH
22.82367358156707,1285.3679121354703,6.912772188448194,0.9155831166233248,8.4,37.14107507924329,61.30998290969099,-6.269047221564591,0.8618050063703298,14.0220601923412,GOOD,16-QAM,MEDIUM
22.82367358156707,1285.3679121354703,6.912772188448194,0.9155831166233248,12.5,37.14107507924329,61.30998290969099,-6.269047221564591,1.2964562445010595,10.13479441528699,GOOD,16-QAM,MEDIUM
88.00768698244687,600.3316573006086,0.2607406122310438,0.9157831566313264,2.2,2.542698441686992,38.44172543164478,7.404451612584154,0.01444355722765383,33.119277913951464,GOOD,64-QAM,HIGH
88.00768698244687,600.3316573006086,0.2607406122310438,0.9157831566313264,8.4,2.542698441686992,38.44172543164478,7.404451612584154,0.05578094983926159,21.440808416546332,GOOD,64-QAM,HIGH
88.00768698244687,600.3316573006086,0.2607406122310438,0.9157831566313264,12.5,2.542698441686992,38.44172543164478,7.404451612584154,0.08307737867244182,17.960897448789666,GOOD,64-QAM,HIGH
59.87621904996499,683.9118089715557,3.764023350998181,0.915983196639328,2.2,11.056163144450748,43.18048067968245,1.2931090811085149,0.03610766444682055,31.965436665594652,GOOD,64-QAM,HIGH
59.87621904996499,683.9118089715557,3.764023350998181,0.915983196639328,8.4,11.056163144450748,43.18048067968245,1.2931090811085149,0.13745531450999404,20.226956910737954,GOOD,64-QAM,HIGH
59.87621904996499,683.9118089715557,3.764023350998181,0.915983196639328,12.5,11.056163144450748,43.18048067968245,1.2931090811085149,0.2046409051085498,16.707156781215915,GOOD,64-QAM,HIGH
84.43622986081883,602.5940501450086,0.7271517584496484,0.9161832366473296,2.2,13.713092507944983,58.916656763563246,25.945490766260548,0.04206955709721188,33.058980041475856,GOOD,64-QAM,HIGH
84.43622986081883,602.5940501450086,0.7271517584496484,0.9161832366473296,8.4,13.713092507944983,58.916656763563246,25.945490766260548,0.16016006494489812,21.303757428834643,GOOD,64-QAM,HIGH
84.43622986081883,602.5940501450086,0.7271517584496484,0.9161832366473296,12.5,13.713092507944983,58.916656763563246,25.945490766260548,0.23880196974421342,17.772500985111847,GOOD,64-QAM,HIGH
30.78777120847632,1056.3140416716606,6.443018730331519,0.916383276655331,2.2,27.38059920714047,32.54825462930468,14.50453456071807,0.12686740300895358,28.09881792171891,GOOD,64-QAM,HIGH
30.78777120847632,1056.3140416716606,6.443018730331519,0.916383276655331,8.4,27.38059920714047,32.54825462930468,14.50453456071807,0.48763414918441206,16.100919070749924,GOOD,64-QAM,HIGH
30.78777120847632,1056.3140416716606,6.443018730331519,0.916383276655331,12.5,27.38059920714047,32.54825462930468,14.50453456071807,0.7213660941063362,12.414572586904526,GOOD,16-QAM,MEDIUM
71.46072760473562,629.8064160166432,2.384659453256317,0.9165833166633328,2.2,7.225761195347513,57.75203912269803,27.553523942400524,0.028030479680517355,32.68937429179213,GOOD,64-QAM,HIGH
71.46072760473562,629.8064160166432,2.384659453256317,0.9165833166633328,8.4,7.225761195347513,57.75203912269803,27.553523942400524,0.10777681140928759,20.97249585526984,GOOD,64-QAM,HIGH
71.46072760473562,629.8064160166432,2.384659453256317,0.9165833166633328,12.5,7.225761195347513,57.75203912269803,27.553523942400524,0.16064923261193315,17.467008895143707,GOOD,64-QAM,HIGH
70.09798473020307,634.5502668767149,2.553094671333661,0.9167833566713344,2.2,6.6970609700000185,55.13645052480766,15.76477188157228,0.02718076357356849,32.62504499798774,GOOD,64-QAM,HIGH
70.09798473020307,634.5502668767149,2.553094671333661,0.9167833566713344,8.4,6.6970609700000185,55.13645052480766,15.76477188157228,0.10439218776312183,20.910701469004664,GOOD,64-QAM,HIGH
70.09798473020307,634.5502668767149,2.553094671333661,0.9167833566713344,12.5,6.6970609700000185,55.13645052480766,15.76477188157228,0.15481326188966124,17.407665855954647,GOOD,64-QAM,HIGH
63.79073040865603,661.9217010450138,3.312382573942716,0.9169833966793358,2.2,47.1894444603979,76.76017591916923,-5.675777892418074,0.12358800630563266,32.161825984686764,GOOD,64-QAM,HIGH
63.79073040865603,661.9217010450138,3.312382573942716,0.9169833966793358,8.4,47.1894444603979,76.76017591916923,-5.675777892418074,0.47268794331636543,20.175593942882514,GOOD,64-QAM,HIGH
63.79073040865603,661.9217010450138,3.312382573942716,0.9169833966793358,12.5,47.1894444603979,76.76017591916923,-5.675777892418074,0.7004566969121029,16.49521065036329,GOOD,64-QAM,HIGH
87.07931289767804,600.7131127169923,0.3821514932473255,0.9171834366873376,2.2,40.21014536488905,51.2965178693545,26.768382486626336,0.09210478898197837,33.03609935288073,GOOD,64-QAM,HIGH
87.07931289767804,600.7131127169923,0.3821514932473255,0.9171834366873376,8.4,40.21014536488905,51.2965178693545,26.768382486626336,0.35315654327200197,21.13791549379718,GOOD,64-QAM,HIGH
87.07931289767804,600.7131127169923,0.3821514932473255,0.9171834366873376,12.5,40.21014536488905,51.2965178693545,26.768382486626336,0.5252506353659232,17.513206862779782,GOOD,64-QAM,HIGH
38.45220356903682,906.558464827072,5.873453920226492,0.917383476695339,2.2,9.032745104558517,88.95292569237597,31.661463199390283,0.056042522339808915,29.49758751314765,GOOD,64-QAM,HIGH
38.45220356903682,906.558464827072,5.873453920226492,0.917383476695339,8.4,9.032745104558517,88.95292569237597,31.661463199390283,0.21429918323815855,17.702198747455782,GOOD,64-QAM,HIGH
38.45220356903682,906.558464827072,5.873453920226492,0.917383476695339,12.5,9.032745104558517,88.95292569237597,31.661463199390283,0.32050598464981667,14.143377407120639,GOOD,16-QAM,MEDIUM
16.110972505129368,1568.345320941142,7.205445217687737,0.9175835167033408,2.2,20.32839039527455,40.846195158054186,35.17656129563963,0.18562890978988358,24.607083622262152,GOOD,64-QAM,HIGH
16.110972505129368,1568.345320941142,7.205445217687737,0.9175835167033408,8.4,20.32839039527455,40.846195158054186,35.17656129563963,0.7120509608894109,12.4435294663691,GOOD,16-QAM,MEDIUM
16.110972505129368,1568.345320941142,7.205445217687737,0.9175835167033408,12.5,20.32839039527455,40.846195158054186,35.17656129563963,1.0535063222161827,8.64945956611885,DEGRADED,16-QAM,MEDIUM
62.095253035745166,670.9364116617071,3.5100227458094526,0.9177835567113424,2.2,17.781099962878276,65.4592010980881,18.599597265335408,0.05557165685665507,32.11234749390228,GOOD,64-QAM,HIGH
62.095253035745166,670.9364116617071,3.5100227458094526,0.9177835567113424,8.4,17.781099962878276,65.4592010980881,18.599597265335408,0.21137889065168625,20.319408155313724,GOOD,64-QAM,HIGH
62.095253035745166,670.9364116617071,3.5100227458094526,0.9177835567113424,12.5,17.781099962878276,65.4592010980881,18.599597265335408,0.3164152440369991,16.761757263004924,GOOD,64-QAM,HIGH
66.99133304056252,646.8746924900979,2.9315277450461856,0.9179835967193438,2.2,39.55020370327036,35.38195782049528,27.67926794997475,0.0957220419870727,32.389421127907156,GOOD,64-QAM,HIGH
66.99133304056252,646.8746924900979,2.9315277450461856,0.9179835967193438,8.4,39.55020370327036,35.38195782049528,27.67926794997475,0.3649174685215904,20.48309359657911,GOOD,64-QAM,HIGH
66.99133304056252,646.8746924900979,2.9315277450461856,0.9179835967193438,12.5,39.55020370327036,35.38195782049528,27.67926794997475,0.5455628856220208,16.849833640555204,GOOD,64-QAM,HIGH
53.88014874399925,726.472301994052,4.421071995445396,0.9181836367273456,2.2,25.510645823906103,74.03183903963892,27.602216844131355,0.08188994044176434,31.39527522860137,GOOD,64-QAM,HIGH
53.88014874399925,726.472301994052,4.421071995445396,0.9181836367273456,8.4,25.510645823906103,74.03183903963892,27.602216844131355,0.3136672564010758,19.526365807848535,GOOD,64-QAM,HIGH
53.88014874399925,726.472301994052,4.421071995445396,0.9181836367273456,12.5,25.510645823906103,74.03183903963892,27.602216844131355,0.4670594965811161,15.920359028745011,GOOD,64-QAM,HIGH
22.579520916338684,1293.984896526591,6.925106368728576,0.918383676735347,2.2,6.392486849673351,89.68522128371829,-2.212512010052783,0.08271321708934294,26.38024902147348,GOOD,64-QAM,HIGH
22.579520916338684,1293.984896526591,6.925106368728576,0.918383676735347,8.4,6.392486849673351,89.68522128371829,-2.212512010052783,0.3232329152038582,14.502597218565441,GOOD,16-QAM,MEDIUM
22.579520916338684,1293.984896526591,6.925106368728576,0.918383676735347,12.5,6.392486849673351,89.68522128371829,-2.212512010052783,0.4656354567787813,10.907580138067033,GOOD,16-QAM,MEDIUM
47.8787550418952,782.265556870846,5.030262700515079,0.9185837167433488,2.2,36.94960315781219,79.14831826509794,-1.7889656270214631,0.12053331268052178,30.713928896997572,GOOD,64-QAM,HIGH
47.8787550418952,782.265556870846,5.030262700515079,0.9185837167433488,8.4,36.94960315781219,79.14831826509794,-1.7889656270214631,0.4617414962046877,18.73558860867989,GOOD,64-QAM,HIGH
47.8787550418952,782.265556870846,5.030262700515079,0.9185837167433488,12.5,36.94960315781219,79.14831826509794,-1.7889656270214631,0.690066570788491,15.054648995172599,GOOD,64-QAM,HIGH
31.536127608376,1039.14144887773,6.392329017330641,0.9187837567513504,2.2,19.844398911245943,63.34221244321808,-6.455724709543694,0.10345453049342443,28.264598490255878,GOOD,64-QAM,HIGH
31.536127608376,1039.14144887773,6.392329017330641,0.9187837567513504,8.4,19.844398911245943,63.34221244321808,-6.455724709543694,0.3935816396081641,16.33733927634762,GOOD,64-QAM,HIGH
31.536127608376,1039.14144887773,6.392329017330641,0.9187837567513504,12.5,19.844398911245943,63.34221244321808,-6.455724709543694,0.5831018829353437,12.695204494096956,GOOD,16-QAM,MEDIUM
41.33465489416857,862.7859182654993,5.631485995324976,0.9189837967593518,2.2,13.146212381607352,59.08448144398152,5.995681757015074,0.06145449602019881,29.92203092224255,GOOD,64-QAM,HIGH
41.33465489416857,862.7859182654993,5.631485995324976,0.9189837967593518,8.4,13.146212381607352,59.08448144398152,5.995681757015074,0.2339771329442496,18.112376180524976,GOOD,64-QAM,HIGH
41.33465489416857,862.7859182654993,5.631485995324976,0.9189837967593518,12.5,13.146212381607352,59.08448144398152,5.995681757015074,0.34905384283951546,14.544684931706229,GOOD,16-QAM,MEDIUM
59.843578946796434,684.1130690782848,3.767718278583573,0.9191838367673536,2.2,18.774931101036007,80.10179767601082,13.675429387053228,0.06245971880139826,31.93652892220799,GOOD,64-QAM,HIGH
59.843578946796434,684.1130690782848,3.767718278583573,0.9191838367673536,8.4,18.774931101036007,80.10179767601082,13.675429387053228,0.23791187065842168,20.123944665557445,GOOD,64-QAM,HIGH
59.843578946796434,684.1130690782848,3.767718278583573,0.9191838367673536,12.5,18.774931101036007,80.10179767601082,13.675429387053228,0.3546621642565577,16.55457983303583,GOOD,64-QAM,HIGH
68.34325312872093,641.2466885872027,2.7678393072813976,0.919383876775355,2.2,24.88782818034482,86.15844508264345,39.894892637710846,0.072892936405978,32.48815073877252,GOOD,64-QAM,HIGH
68.34325312872093,641.2466885872027,2.7678393072813976,0.919383876775355,8.4,24.88782818034482,86.15844508264345,39.894892637710846,0.27832684129067736,20.645584729094296,GOOD,64-QAM,HIGH
68.34325312872093,641.2466885872027,2.7678393072813976,0.919383876775355,12.5,24.88782818034482,86.15844508264345,39.894892637710846,0.41311745530808497,17.058179576153407,GOOD,64-QAM,HIGH
24.739098726614166,1221.4561729241343,6.811671096691792,0.9195839167833568,2.2,17.155775820850472,89.35239154788559,11.549667103408478,0.11973839640623714,26.844250213824694,GOOD,64-QAM,HIGH
24.739098726614166,1221.4561729241343,6.811671096691792,0.9195839167833568,8.4,17.155775820850472,89.35239154788559,11.549667103408478,0.4561992186982325,14.870657286739174,GOOD,16-QAM,MEDIUM
24.739098726614166,1221.4561729241343,6.811671096691792,0.9195839167833568,12.5,17.155775820850472,89.35239154788559,11.549667103408478,0.6841579107375042,11.19008405577641,GOOD,16-QAM,MEDIUM
39.45265565499104,890.7050795824475,5.791124405116954,0.9197839567913584,2.2,12.095288629587891,53.79235365386904,26.312129425368543,0.05971971855341677,29.647148083977704,GOOD,64-QAM,HIGH
39.45265565499104,890.7050795824475,5.791124405116954,0.9197839567913584,8.4,12.095288629587891,53.79235365386904,26.312129425368543,0.2255407197551007,17.844194977982497,GOOD,64-QAM,HIGH
39.45265565499104,890.7050795824475,5.791124405116954,0.9197839567913584,12.5,12.095288629587891,53.79235365386904,26.312129425368543,0.3372250475083707,14.279896111305746,GOOD,16-QAM,MEDIUM
27.87873353428848,1129.4590705781648,6.629544379840083,0.9199839967993598,2.2,19.92510144019902,89.45504848767074,24.66985131362673,0.11881739828466614,27.525319034355512,GOOD,64-QAM,HIGH
27.87873353428848,1129.4590705781648,6.629544379840083,0.9199839967993598,8.4,19.92510144019902,89.45504848767074,24.66985131362673,0.44914510846436506,15.557859219382294,GOOD,64-QAM,HIGH
27.87873353428848,1129.4590705781648,6.629544379840083,0.9199839967993598,12.5,19.92510144019902,89.45504848767074,24.66985131362673,0.6662745553144359,11.888115233608744,GOOD,16-QAM,MEDIUM
21.883687178258874,1319.160543758408,6.95956807917758,0.9201840368073616,2.2,0.958645537494912,39.35557513042989,0.2240975125289797,0.03182931784855435,26.263764005037835,GOOD,64-QAM,HIGH
21.883687178258874,1319.160543758408,6.95956807917758,0.9201840368073616,8.4,0.958645537494912,39.35557513042989,0.2240975125289797,0.12257988135177414,14.535881336741099,GOOD,16-QAM,MEDIUM
21.883687178258874,1319.160543758408,6.95956807917758,0.9201840368073616,12.5,0.958645537494912,39.35557513042989,0.2240975125289797,0.18120755427300428,11.024639124896382,GOOD,16-QAM,MEDIUM
71.58791369964626,629.3835131947671,2.368868934532168,0.920384076815363,2.2,38.624892304815695,45.21298655591456,-7.074642427528179,0.09282893558014468,32.63041020176746,GOOD,64-QAM,HIGH
71.58791369964626,629.3835131947671,2.368868934532168,0.920384076815363,8.4,38.624892304815695,45.21298655591456,-7.074642427528179,0.35393709286942304,20.732169939684653,GOOD,64-QAM,HIGH
71.58791369964626,629.3835131947671,2.368868934532168,0.920384076815363,12.5,38.624892304815695,45.21298655591456,-7.074642427528179,0.5283538755349084,17.105138618095694,GOOD,64-QAM,HIGH
82.28647902714435,605.0013486630514,1.0066502950924756,0.9205841168233648,2.2,8.54724467837929,35.34096748403377,17.30033757667937,0.026626334466291403,33.03979319351894,GOOD,64-QAM,HIGH
82.28647902714435,605.0013486630514,1.0066502950924756,0.9205841168233648,8.4,8.54724467837929,35.34096748403377,17.30033757667937,0.10142273262817701,21.32786469056353,GOOD,64-QAM,HIGH
82.28647902714435,605.0013486630514,1.0066502950924756,0.9205841168233648,12.5,8.54724467837929,35.34096748403377,17.30033757667937,0.153725814869405,17.822947069398822,GOOD,64-QAM,HIGH
36.46973578318902,940.2336209026188,6.031282049568644,0.9207841568313664,2.2,2.1952306815318625,46.304310989068895,25.01527961572381,0.023977378047107735,29.212853472603143,GOOD,64-QAM,HIGH
36.46973578318902,940.2336209026188,6.031282049568644,0.9207841568313664,8.4,2.1952306815318625,46.304310989068895,25.01527961572381,0.09142163795780238,17.50827710789892,GOOD,64-QAM,HIGH
36.46973578318902,940.2336209026188,6.031282049568644,0.9207841568313664,12.5,2.1952306815318625,46.304310989068895,25.01527961572381,0.13656632919233122,14.01051787774091,GOOD,16-QAM,MEDIUM
68.8587085717702,639.209452296639,2.7050180061282507,0.9209841968393678,2.2,32.68493464525396,76.07625309708067,39.9125895093128,0.08778162553979225,32.50090098853319,GOOD,64-QAM,HIGH
68.8587085717702,639.209452296639,2.7050180061282507,0.9209841968393678,8.4,32.68493464525396,76.07625309708067,39.9125895093128,0.3361391945955734,20.615411314683882,GOOD,64-QAM,HIGH
68.8587085717702,639.209452296639,2.7050180061282507,0.9209841968393678,12.5,32.68493464525396,76.07625309708067,39.9125895093128,0.49429608380422496,17.004639886551743,GOOD,64-QAM,HIGH
81.24459959597495,606.4556806454102,1.1416240752101845,0.9211842368473696,2.2,38.69680644118361,81.17546149070698,7.930552614058538,0.09690926901584952,32.94865574600097,GOOD,64-QAM,HIGH
81.24459959597495,606.4556806454102,1.1416240752101845,0.9211842368473696,8.4,38.69680644118361,81.17546149070698,7.930552614058538,0.37008522898205093,21.038347681241248,GOOD,64-QAM,HIGH
81.24459959597495,606.4556806454102,1.1416240752101845,0.9211842368473696,12.5,38.69680644118361,81.17546149070698,7.930552614058538,0.5508716606522173,17.404946710647593,GOOD,64-QAM,HIGH
76.92055789506968,614.5558332551591,1.6972637054886524,0.921384276855371,2.2,40.69145657964216,76.7335587061543,34.81822810405484,0.09953840997037228,32.83078106809119,GOOD,64-QAM,HIGH
76.92055789506968,614.5558332551591,1.6972637054886524,0.921384276855371,8.4,40.69145657964216,76.7335587061543,34.81822810405484,0.3809056595342357,20.912281713733805,GOOD,64-QAM,HIGH
76.92055789506968,614.5558332551591,1.6972637054886524,0.921384276855371,12.5,40.69145657964216,76.7335587061543,34.81822810405484,0.5644485996049435,17.276124234739612,GOOD,64-QAM,HIGH
20.5391380258342,1370.5163031879215,7.023245613623859,0.9215843168633728,2.2,24.67545913303,67.86394669006177,9.09662279345932,0.18302277948963155,25.7808394816024,GOOD,64-QAM,HIGH
20.5391380258342,1370.5163031879215,7.023245613623859,0.9215843168633728,8.4,24.67545913303,67.86394669006177,9.09662279345932,0.7065454373870019,13.620184718911503,GOOD,16-QAM,MEDIUM
20.5391380258342,1370.5163031879215,7.023245613623859,0.9215843168633728,12.5,24.67545913303,67.86394669006177,9.09662279345932,1.043683971820846,9.830431645554185,DEGRADED,16-QAM,MEDIUM
86.28480992863571,601.1545089710671,0.4859765260227208,0.9217843568713744,2.2,10.268409234499265,60.83799075135873,24.47058542152564,0.03542062581469236,33.08640357993404,GOOD,64-QAM,HIGH
86.28480992863571,601.1545089710671,0.4859765260227208,0.9217843568713744,8.4,10.268409234499265,60.83799075135873,24.47058542152564,0.13586363412701946,21.348828466828195,GOOD,64-QAM,HIGH
86.28480992863571,601.1545089710671,0.4859765260227208,0.9217843568713744,12.5,10.268409234499265,60.83799075135873,24.47058542152564,0.2026772276896172,17.82940033434211,GOOD,64-QAM,HIGH
37.01749743650431,930.615402316821,5.988387643473085,0.9219843968793758,2.2,36.86138386249134,72.5222573528188,19.9126465258526,0.14589681085157874,29.180244850198193,GOOD,64-QAM,HIGH
37.01749743650431,930.615402316821,5.988387643473085,0.9219843968793758,8.4,36.86138386249134,72.5222573528188,19.9126465258526,0.553540078273734,17.135469477982525,GOOD,64-QAM,HIGH
37.01749743650431,930.615402316821,5.988387643473085,0.9219843968793758,12.5,36.86138386249134,72.5222573528188,19.9126465258526,0.8258986552483897,13.410496362084373,GOOD,16-QAM,MEDIUM
33.83545619977609,990.1299094014172,6.229800444004634,0.9221844368873776,2.2,34.985653857716855,53.450012956033305,-7.351060334870154,0.14744888931160013,28.640253900579857,GOOD,64-QAM,HIGH
33.83545619977609,990.1299094014172,6.229800444004634,0.9221844368873776,8.4,34.985653857716855,53.450012956033305,-7.351060334870154,0.5562435566389705,16.594327128458957,GOOD,64-QAM,HIGH
33.83545619977609,990.1299094014172,6.229800444004634,0.9221844368873776,12.5,34.985653857716855,53.450012956033305,-7.351060334870154,0.8339917687065624,12.86396437746788,GOOD,16-QAM,MEDIUM
10.30666281861133,1910.453535506268,7.378981790304292,0.9223844768953792,2.2,12.31353670515866,80.4785010899821,-6.080578651487075,0.2188542488360576,22.859962542790512,GOOD,64-QAM,HIGH
10.30666281861133,1910.453535506268,7.378981790304292,0.9223844768953792,8.4,12.31353670515866,80.4785010899821,-6.080578651487075,0.8248326126450501,10.616852074187989,GOOD,16-QAM,MEDIUM
10.30666281861133,1910.453535506268,7.378981790304292,0.9223844768953792,12.5,12.31353670515866,80.4785010899821,-6.080578651487075,1.219870382252659,6.769199765656893,DEGRADED,QPSK,LOW
46.324760598915056,799.3083145006776,5.1792743508487415,0.9225845169033808,2.2,45.170387793139646,70.63140563860713,-8.961795513776952,0.14375559072439337,30.503504181301253,GOOD,64-QAM,HIGH
46.324760598915056,799.3083145006776,5.1792743508487415,0.9225845169033808,8.4,45.170387793139646,70.63140563860713,-8.961795513776952,0.5499672925753349,18.460160374656795,GOOD,64-QAM,HIGH
46.324760598915056,799.3083145006776,5.1792743508487415,0.9225845169033808,12.5,45.170387793139646,70.63140563860713,-8.961795513776952,0.8146857001812567,14.742827428127384,GOOD,16-QAM,MEDIUM
14.26615732947894,1665.761677891168,7.26871092214527,0.9227845569113824,2.2,5.21857290414145,71.86828190966452,8.541704229699473,0.09305645915842958,24.176232592591802,GOOD,64-QAM,HIGH
14.26615732947894,1665.761677891168,7.26871092214527,0.9227845569113824,8.4,5.21857290414145,71.86828190966452,8.541704229699473,0.3494545014808803,12.282702445475834,GOOD,16-QAM,MEDIUM
14.26615732947894,1665.761677891168,7.26871092214527,0.9227845569113824,12.5,5.21857290414145,71.86828190966452,8.541704229699473,0.5188376998948433,8.660704708138383,DEGRADED,16-QAM,MEDIUM
26.12588477883121,1178.9923133975658,6.733715480802526,0.9229845969193838,2.2,49.13441197956628,62.15615958774428,27.29005243830053,0.25125869347435964,27.02006821684646,GOOD,64-QAM,HIGH
26.12588477883121,1178.9923133975658,6.733715480802526,0.9229845969193838,8.4,49.13441197956628,62.15615958774428,27.29005243830053,0.9564431635485668,14.67775164197873,GOOD,16-QAM,MEDIUM
26.12588477883121,1178.9923133975658,6.733715480802526,0.9229845969193838,12.5,49.13441197956628,62.15615958774428,27.29005243830053,1.4207869562763868,10.76079331032743,GOOD,16-QAM,MEDIUM
31.94012285021892,1030.129193605414,6.364510701733409,0.9231846369273856,2.2,43.01239054887323,83.11373905267035,-1.3622303004638638,0.1903877227239148,28.25332475796374,GOOD,64-QAM,HIGH
31.94012285021892,1030.129193605414,6.364510701733409,0.9231846369273856,8.4,43.01239054887323,83.11373905267035,-1.3622303004638638,0.7290007200925195,16.077579655801614,GOOD,64-QAM,HIGH
31.94012285021892,1030.129193605414,6.364510701733409,0.9231846369273856,12.5,43.01239054887323,83.11373905267035,-1.3622303004638638,1.0829402472731349,12.271025589697516,GOOD,16-QAM,MEDIUM
73.75023749679315,622.6980914563565,2.0986877589373,0.9233846769353872,2.2,34.39493227395376,45.12088402074315,20.29264841919479,0.0817692522700006,32.73422643870605,GOOD,64-QAM,HIGH
73.75023749679315,622.6980914563565,2.0986877589373,0.9233846769353872,8.4,34.39493227395376,45.12088402074315,20.29264841919479,0.3095297642109354,20.869333821971594,GOOD,64-QAM,HIGH
73.75023749679315,622.6980914563565,2.0986877589373,0.9233846769353872,12.5,34.39493227395376,45.12088402074315,20.29264841919479,0.4635491137306215,17.262699933528424,GOOD,64-QAM,HIGH
79.4165352836512,609.4692310391983,1.377507544418581,0.9235847169433888,2.2,46.93749441399165,52.86885920166304,4.441389001553894,0.1069511111827912,32.895559568024815,GOOD,64-QAM,HIGH
79.4165352836512,609.4692310391983,1.377507544418581,0.9235847169433888,8.4,46.93749441399165,52.86885920166304,4.441389001553894,0.4086501316680002,20.956728442746083,GOOD,64-QAM,HIGH
79.4165352836512,609.4692310391983,1.377507544418581,0.9235847169433888,12.5,46.93749441399165,52.86885920166304,4.441389001553894,0.6071301531402861,17.305633882350307,GOOD,64-QAM,HIGH
30.70963698422492,1058.1436744271286,6.448247906954566,0.9237847569513904,2.2,36.11555841618539,76.65855418066135,29.849631198953603,0.1667478757916512,28.043905706246342,GOOD,64-QAM,HIGH
30.70963698422492,1058.1436744271286,6.448247906954566,0.9237847569513904,8.4,36.11555841618539,76.65855418066135,29.849631198953603,0.6384790903859251,15.935042386858541,GOOD,64-QAM,HIGH
30.70963698422492,1058.1436744271286,6.448247906954566,0.9237847569513904,12.5,36.11555841618539,76.65855418066135,29.849631198953603,0.9581025096762487,12.162804428644733,GOOD,16-QAM,MEDIUM
77.98934030578879,612.2382540354993,1.5607025130868288,0.9239847969593918,2.2,9.522849851502295,59.564933767760266,29.91980745014955,0.03372509792609881,32.929412049351775,GOOD,64-QAM,HIGH
77.98934030578879,612.2382540354993,1.5607025130868288,0.9239847969593918,8.4,9.522849851502295,59.564933767760266,29.91980745014955,0.13018414692384325,21.195820895560516,GOOD,64-QAM,HIGH
77.98934030578879,612.2382540354993,1.5607025130868288,0.9239847969593918,12.5,9.522849851502295,59.564933767760266,29.91980745014955,0.19466509937776066,17.678725404183112,GOOD,64-QAM,HIGH
77.86462967643224,612.4978295961373,1.576666023626654,0.9241848369673936,2.2,22.107806905640587,83.35284080545145,28.770725748321176,0.06345406363734385,32.89600123783499,GOOD,64-QAM,HIGH
77.86462967643224,612.4978295961373,1.576666023626654,0.9241848369673936,8.4,22.107806905640587,83.35284080545145,28.770725748321176,0.24259884606144652,21.07972435061737,GOOD,64-QAM,HIGH
77.86462967643224,612.4978295961373,1.576666023626654,0.9241848369673936,12.5,22.107806905640587,83.35284080545145,28.770725748321176,0.3629658633592332,17.50674279439609,GOOD,64-QAM,HIGH
69.99533078271425,634.9235681100254,2.5657254057208565,0.9243848769753952,2.2,3.575151216581768,50.78395918577114,16.24167569006884,0.019204029372220772,32.627913389947764,GOOD,64-QAM,HIGH
69.99533078271425,634.9235681100254,2.5657254057208565,0.9243848769753952,8.4,3.575151216581768,50.78395918577114,16.24167569006884,0.07332999769580226,20.936655316830652,GOOD,64-QAM,HIGH
69.99533078271425,634.9235681100254,2.5657254057208565,0.9243848769753952,12.5,3.575151216581768,50.78395918577114,16.24167569006884,0.10892078572285496,17.448449989880118,GOOD,64-QAM,HIGH
17.46908469129043,1502.5845689483206,7.154092986874917,0.9245849169833968,2.2,19.48287111440577,52.15981012917868,4.228335503992584,0.1672026483394114,24.997565245927063,GOOD,64-QAM,HIGH
17.46908469129043,1502.5845689483206,7.154092986874917,0.9245849169833968,8.4,19.48287111440577,52.15981012917868,4.228335503992584,0.6336914986184776,12.893944290854478,GOOD,16-QAM,MEDIUM
17.46908469129043,1502.5845689483206,7.154092986874917,0.9245849169833968,12.5,19.48287111440577,52.15981012917868,4.228335503992584,0.9556716276288484,9.119349622920623,DEGRADED,16-QAM,MEDIUM
63.677441986561966,662.5007426319207,3.325680851913224,0.9247849569913984,2.2,37.08015098686043,83.32414736319751,30.47220219393173,0.10093830143165307,32.17688069347142,GOOD,64-QAM,HIGH
63.677441986561966,662.5007426319207,3.325680851913224,0.9247849569913984,8.4,37.08015098686043,83.32414736319751,30.47220219393173,0.38562854730811325,20.255058342801433,GOOD,64-QAM,HIGH
63.677441986561966,662.5007426319207,3.325680851913224,0.9247849569913984,12.5,37.08015098686043,83.32414736319751,30.47220219393173,0.5742413483203532,16.61383100286571,GOOD,64-QAM,HIGH
85.32704548934835,601.8280796961108,0.6110104045938385,0.9249849969993998,2.2,19.322167546540868,57.86221921092246,-0.6949719030379242,0.05250031334026698,33.05959713219152,GOOD,64-QAM,HIGH
85.32704548934835,601.8280796961108,0.6110104045938385,0.9249849969993998,8.4,19.322167546540868,57.86221921092246,-0.6949719030379242,0.19981715894254562,21.275148181795714,GOOD,64-QAM,HIGH
85.32704548934835,601.8280796961108,0.6110104045938385,0.9249849969993998,12.5,19.322167546540868,57.86221921092246,-0.6949719030379242,0.2994711860493382,17.722879615765436,GOOD,64-QAM,HIGH
63.01594069520835,665.947804060449,3.403069413455802,0.9251850370074016,2.2,16.514708773406706,60.9674750521492,4.487980101432802,0.052916215286195424,32.17982634452908,GOOD,64-QAM,HIGH
63.01594069520835,665.947804060449,3.403069413455802,0.9251850370074016,8.4,16.514708773406706,60.9674750521492,4.487980101432802,0.20046207506915098,20.3951483799526,GOOD,64-QAM,HIGH
63.01594069520835,665.947804060449,3.403069413455802,0.9251850370074016,12.5,16.514708773406706,60.9674750521492,4.487980101432802,0.3012231616489514,16.841772754449323,GOOD,64-QAM,HIGH
33.187432174165885,1003.3958486385792,6.276633009662654,0.9253850770154032,2.2,29.767786125515595,49.965822920140766,-0.8026146919689197,0.1311601243879491,28.540940261492096,GOOD,64-QAM,HIGH
33.187432174165885,1003.3958486385792,6.276633009662654,0.9253850770154032,8.4,29.767786125515595,49.965822920140766,-0.8026146919689197,0.5069529107101974,16.528015370376323,GOOD,64-QAM,HIGH
33.187432174165885,1003.3958486385792,6.276633009662654,0.9253850770154032,12.5,29.767786125515595,49.965822920140766,-0.8026146919689197,0.7584676315486367,12.823886110614396,GOOD,16-QAM,MEDIUM
47.54924198162066,785.7815484206485,5.062172373412339,0.9255851170234048,2.2,43.61022644994475,46.60019653074492,23.710508019382388,0.13317057572117946,30.662339276404424,GOOD,64-QAM,HIGH
47.54924198162066,785.7815484206485,5.062172373412339,0.9255851170234048,8.4,43.61022644994475,46.60019653074492,23.710508019382388,0.5086778669292662,18.64969988040282,GOOD,64-QAM,HIGH
47.54924198162066,785.7815484206485,5.062172373412339,0.9255851170234048,12.5,43.61022644994475,46.60019653074492,23.710508019382388,0.7582710865948585,14.947492121813738,GOOD,16-QAM,MEDIUM
59.88662868483956,683.8476878145939,3.762844701704991,0.9257851570314064,2.2,2.379159627305621,69.35692265030352,24.311801405790906,0.023974160703144183,31.978384565867174,GOOD,64-QAM,HIGH
59.88662868483956,683.8476878145939,3.762844701704991,0.9257851570314064,8.4,2.379159627305621,69.35692265030352,24.311801405790906,0.09176585134849793,20.2734607704283,GOOD,64-QAM,HIGH
59.88662868483956,683.8476878145939,3.762844701704991,0.9257851570314064,12.5,2.379159627305621,69.35692265030352,24.311801405790906,0.13639493159808289,16.77621715125524,GOOD,64-QAM,HIGH
48.3984847419228,776.8235361081861,4.979594916522592,0.9259851970394078,2.2,19.27352173498677,37.19043969247223,22.62549963933765,0.06398035745966149,30.83111852004722,GOOD,64-QAM,HIGH
48.3984847419228,776.8235361081861,4.979594916522592,0.9259851970394078,8.4,19.27352173498677,37.19043969247223,22.62549963933765,0.24929813623625804,19.008668636477097,GOOD,64-QAM,HIGH
48.3984847419228,776.8235361081861,4.979594916522592,0.9259851970394078,12.5,19.27352173498677,37.19043969247223,22.62549963933765,0.36614519164235293,15.43920704214753,GOOD,64-QAM,HIGH
15.196000047132436,1615.4483645017142,7.237760971220293,0.9261852370474096,2.2,7.912037090763135,82.75635847097456,10.78007334323339,0.12152017829561053,24.414164585799057,GOOD,64-QAM,HIGH
15.196000047132436,1615.4483645017142,7.237760971220293,0.9261852370474096,8.4,7.912037090763135,82.75635847097456,10.78007334323339,0.481164997110627,12.41738766219052,GOOD,16-QAM,MEDIUM
15.196000047132436,1615.4483645017142,7.237760971220293,0.9261852370474096,12.5,7.912037090763135,82.75635847097456,10.78007334323339,0.6987480003845988,8.747190119993064,DEGRADED,16-QAM,MEDIUM
31.525443795421754,1039.3822044155609,6.393060376269567,0.9263852770554112,2.2,34.76771253659348,76.75218820590646,-4.991449639928338,0.16242129593685342,28.20361955041416,GOOD,64-QAM,HIGH
31.525443795421754,1039.3822044155609,6.393060376269567,0.9263852770554112,8.4,34.76771253659348,76.75218820590646,-4.991449639928338,0.6189924594108434,16.109916282146642,GOOD,64-QAM,HIGH
31.525443795421754,1039.3822044155609,6.393060376269567,0.9263852770554112,12.5,34.76771253659348,76.75218820590646,-4.991449639928338,0.9245504676595994,12.351743734974406,GOOD,16-QAM,MEDIUM
73.20366259705877,624.2991163642291,2.1672795022551856,0.9265853170634128,2.2,5.286228021556743,41.444895822348165,35.55847922575106,0.019482797872801657,32.77420918109575,GOOD,64-QAM,HIGH
73.20366259705877,624.2991163642291,2.1672795022551856,0.9265853170634128,8.4,5.286228021556743,41.444895822348165,35.55847922575106,0.07392152373155722,21.082638350443474,GOOD,64-QAM,HIGH
73.20366259705877,624.2991163642291,2.1672795022551856,0.9265853170634128,12.5,5.286228021556743,41.444895822348165,35.55847922575106,0.1118685315749177,17.592076803676633,GOOD,64-QAM,HIGH
78.22053391811897,611.7645748426548,1.5310892087774228,0.9267853570714144,2.2,33.24038792901223,71.64119674947392,15.386548200611909,0.08446517108979142,32.88539471456943,GOOD,64-QAM,HIGH
78.22053391811897,611.7645748426548,1.5310892087774228,0.9267853570714144,8.4,33.24038792901223,71.64119674947392,15.386548200611909,0.3222616607108752,21.010466120154817,GOOD,64-QAM,HIGH
78.22053391811897,611.7645748426548,1.5310892087774228,0.9267853570714144,12.5,33.24038792901223,71.64119674947392,15.386548200611909,0.4793124714865052,17.400800770455703,GOOD,64-QAM,HIGH
16.67050278082347,1540.667072358848,7.18477730911789,0.926985397079416,2.2,14.309043539895368,66.15797527713809,10.348609745554576,0.15032720698843693,24.797043160909112,GOOD,64-QAM,HIGH
16.67050278082347,1540.667072358848,7.18477730911789,0.926985397079416,8.4,14.309043539895368,66.15797527713809,10.348609745554576,0.5730883450805965,12.737149918023434,GOOD,16-QAM,MEDIUM
16.67050278082347,1540.667072358848,7.18477730911789,0.926985397079416,12.5,14.309043539895368,66.15797527713809,10.348609745554576,0.8498676797071983,9.00775604447334,DEGRADED,16-QAM,MEDIUM
85.9528739538916,601.3704068150282,0.5293271335800455,0.9271854370874176,2.2,9.945840686861237,41.07210304419865,19.44124466241466,0.029767323475166592,33.08893800325279,GOOD,64-QAM,HIGH
85.9528739538916,601.3704068150282,0.5293271335800455,0.9271854370874176,8.4,9.945840686861237,41.07210304419865,19.44124466241466,0.11404996018203725,21.367523261752396,GOOD,64-QAM,HIGH
85.9528739538916,601.3704068150282,0.5293271335800455,0.9271854370874176,12.5,9.945840686861237,41.07210304419865,19.44124466241466,0.16968766039301483,17.859271022617946,GOOD,64-QAM,HIGH
32.9499225171318,1008.3626459810998,6.293597034782882,0.9273854770954192,2.2,46.81762789124927,46.392210363013945,-0.3604782090447092,0.189233439523846,28.43997796008746,GOOD,64-QAM,HIGH
32.9499225171318,1008.3626459810998,6.293597034782882,0.9273854770954192,8.4,46.81762789124927,46.392210363013945,-0.3604782090447092,0.7259819129549432,16.266097381862835,GOOD,64-QAM,HIGH
32.9499225171318,1008.3626459810998,6.293597034782882,0.9273854770954192,12.5,46.81762789124927,46.392210363013945,-0.3604782090447092,1.0806992383816272,12.458765517512674,GOOD,16-QAM,MEDIUM
61.2966677921112,675.4480547558151,3.6020588227256027,0.9275855171034206,2.2,0.9262288372977934,54.53919022403007,-3.3725610447562806,0.015545636170639818,32.09416164174483,GOOD,64-QAM,HIGH
61.2966677921112,675.4480547558151,3.6020588227256027,0.9275855171034206,8.4,0.9262288372977934,54.53919022403007,-3.3725610447562806,0.059122191679604426,20.413452981442347,GOOD,64-QAM,HIGH
61.2966677921112,675.4480547558151,3.6020588227256027,0.9275855171034206,12.5,0.9262288372977934,54.53919022403007,-3.3725610447562806,0.0878340661320335,16.932126568066437,GOOD,64-QAM,HIGH
68.90513740631789,639.0288454006068,2.6993486528696056,0.9277855571114224,2.2,21.888863594478448,71.95456411472844,10.276261072897178,0.06376919530348978,32.52736794009009,GOOD,64-QAM,HIGH
68.90513740631789,639.0288454006068,2.6993486528696056,0.9277855571114224,8.4,21.888863594478448,71.95456411472844,10.276261072897178,0.24416508933260986,20.709839941267447,GOOD,64-QAM,HIGH
68.90513740631789,639.0288454006068,2.6993486528696056,0.9277855571114224,12.5,21.888863594478448,71.95456411472844,10.276261072897178,0.3643204073392874,17.13707008433728,GOOD,64-QAM,HIGH
74.01542994422009,621.9425879389537,2.065338561368788,0.927985597119424,2.2,1.081349623089689,68.32340452902037,1.361034704995527,0.017462329598002473,32.80907812516077,GOOD,64-QAM,HIGH
74.01542994422009,621.9425879389537,2.065338561368788,0.927985597119424,8.4,1.081349623089689,68.32340452902037,1.361034704995527,0.0669738873044793,21.122434462660763,GOOD,64-QAM,HIGH
74.01542994422009,621.9425879389537,2.065338561368788,0.927985597119424,12.5,1.081349623089689,68.32340452902037,1.361034704995527,0.09996461544105337,17.63682919560071,GOOD,64-QAM,HIGH
85.38872468920407,601.7800297357944,0.6029631013766608,0.9281856371274256,2.2,24.17965240521645,61.93409086060188,2.214514726858228,0.0631410955077885,33.049649859230826,GOOD,64-QAM,HIGH
85.38872468920407,601.7800297357944,0.6029631013766608,0.9281856371274256,8.4,24.17965240521645,61.93409086060188,2.214514726858228,0.24137365749270961,21.234285192452376,GOOD,64-QAM,HIGH
85.38872468920407,601.7800297357944,0.6029631013766608,0.9281856371274256,12.5,24.17965240521645,61.93409086060188,2.214514726858228,0.35880529873934225,17.664239012282266,GOOD,64-QAM,HIGH
31.59816158244992,1037.746020773434,6.388078099099158,0.9283856771354272,2.2,25.05236888972091,76.10463258684206,34.625574388926466,0.12550887841102895,28.254215970025356,GOOD,64-QAM,HIGH
31.59816158244992,1037.746020773434,6.388078099099158,0.9283856771354272,8.4,25.05236888972091,76.10463258684206,34.625574388926466,0.478106266222732,16.26448647742012,GOOD,64-QAM,HIGH
31.59816158244992,1037.746020773434,6.388078099099158,0.9283856771354272,12.5,25.05236888972091,76.10463258684206,34.625574388926466,0.7067453747812601,12.583232829938112,GOOD,16-QAM,MEDIUM
77.97304863688213,612.2720019896042,1.5627883400437697,0.9285857171434286,2.2,16.08312356973735,75.47626437636995,16.537958859291244,0.050112096121431186,32.9125462785149,GOOD,64-QAM,HIGH
77.97304863688213,612.2720019896042,1.5627883400437697,0.9285857171434286,8.4,16.08312356973735,75.47626437636995,16.537958859291244,0.19140860736969603,21.134117662473116,GOOD,64-QAM,HIGH
77.97304863688213,612.2720019896042,1.5627883400437697,0.9285857171434286,12.5,16.08312356973735,75.47626437636995,16.537958859291244,0.2848305054285335,17.588081225490797,GOOD,64-QAM,HIGH
16.193386792077597,1564.2158111450733,7.202444107965464,0.9287857571514304,2.2,6.608088876251184,67.07154924373535,14.173453216167555,0.10157843435930616,24.714034520454106,GOOD,64-QAM,HIGH
16.193386792077597,1564.2158111450733,7.202444107965464,0.9287857571514304,8.4,6.608088876251184,67.07154924373535,14.173453216167555,0.3904335244326487,12.788047325587243,GOOD,16-QAM,MEDIUM
16.193386792077597,1564.2158111450733,7.202444107965464,0.9287857571514304,12.5,6.608088876251184,67.07154924373535,14.173453216167555,0.5722600475606223,9.153606263535792,DEGRADED,16-QAM,MEDIUM
64.92847704005538,656.286112257495,3.1781196470732667,0.928985797159432,2.2,18.819376886723767,77.21940500308952,24.47397968642987,0.0604550712401797,32.29922702829719,GOOD,64-QAM,HIGH
64.92847704005538,656.286112257495,3.1781196470732667,0.928985797159432,8.4,18.819376886723767,77.21940500308952,24.47397968642987,0.2299518242251395,20.492598170518704,GOOD,64-QAM,HIGH
64.92847704005538,656.286112257495,3.1781196470732667,0.928985797159432,12.5,18.819376886723767,77.21940500308952,24.47397968642987,0.34327161795742045,16.926663837862932,GOOD,64-QAM,HIGH
68.0681070086888,642.358456507166,2.8012814505704564,0.9291858371674336,2.2,33.6131469966283,50.05580248675256,37.57740568383698,0.08489307612831505,32.461104389695855,GOOD,64-QAM,HIGH
68.0681070086888,642.358456507166,2.8012814505704564,0.9291858371674336,8.4,33.6131469966283,50.05580248675256,37.57740568383698,0.3218538355775346,20.58701152545312,GOOD,64-QAM,HIGH
68.0681070086888,642.358456507166,2.8012814505704564,0.9291858371674336,12.5,33.6131469966283,50.05580248675256,37.57740568383698,0.4792968723976803,16.976953949709483,GOOD,64-QAM,HIGH
62.60647550211224,668.1386788545187,3.4507458148992534,0.9293858771754352,2.2,39.11979043222296,82.87497169935634,-4.390071776471796,0.10604806905327692,32.098166034739116,GOOD,64-QAM,HIGH
62.60647550211224,668.1386788545187,3.4507458148992534,0.9293858771754352,8.4,39.11979043222296,82.87497169935634,-4.390071776471796,0.405985047405991,20.16109695159288,GOOD,64-QAM,HIGH
62.60647550211224,668.1386788545187,3.4507458148992534,0.9293858771754352,12.5,39.11979043222296,82.87497169935634,-4.390071776471796,0.6035422352273708,16.510925224848023,GOOD,64-QAM,HIGH
26.446752571488005,1169.591053239894,6.715114843985163,0.9295859171834366,2.2,26.53753011940712,66.89460514811644,31.676728355462863,0.15501241630603416,27.18585321723485,GOOD,64-QAM,HIGH
26.446752571488005,1169.591053239894,6.715114843985163,0.9295859171834366,8.4,26.53753011940712,66.89460514811644,31.676728355462863,0.5893444657272465,15.114389063020113,GOOD,64-QAM,HIGH
26.446752571488005,1169.591053239894,6.715114843985163,0.9295859171834366,12.5,26.53753011940712,66.89460514811644,31.676728355462863,0.8862486233263096,11.36487036649757,GOOD,16-QAM,MEDIUM
79.20866749629228,609.8496147736241,1.4042453671053463,0.9297859571914384,2.2,29.49171972198778,79.34181082874584,19.20095899339229,0.07769413490246357,32.91939717224201,GOOD,64-QAM,HIGH
79.20866749629228,609.8496147736241,1.4042453671053463,0.9297859571914384,8.4,29.49171972198778,79.34181082874584,19.20095899339229,0.29622205021787823,21.063737152133072,GOOD,64-QAM,HIGH
79.20866749629228,609.8496147736241,1.4042453671053463,0.9297859571914384,12.5,29.49171972198778,79.34181082874584,19.20095899339229,0.4405657203398372,17.466778943087633,GOOD,64-QAM,HIGH
19.352969386483576,1418.9813501402757,7.076212432394139,0.92998599719944,2.2,10.030818556232637,62.77674628741704,-2.6917323094081365,0.0971935219797743,25.56481911147374,GOOD,64-QAM,HIGH
19.352969386483576,1418.9813501402757,7.076212432394139,0.92998599719944,8.4,10.030818556232637,62.77674628741704,-2.6917323094081365,0.3674579111084928,13.657422617551504,GOOD,16-QAM,MEDIUM
19.352969386483576,1418.9813501402757,7.076212432394139,0.92998599719944,12.5,10.030818556232637,62.77674628741704,-2.6917323094081365,0.5372960279614346,10.034969961775076,GOOD,16-QAM,MEDIUM
9.558957279270622,1962.6999933896047,7.395864342349743,0.9301860372074416,2.2,14.366516661382471,43.10629469932082,4.857465934449582,0.2559670397724031,22.58850092358864,GOOD,64-QAM,HIGH
9.558957279270622,1962.6999933896047,7.395864342349743,0.9301860372074416,8.4,14.366516661382471,43.10629469932082,4.857465934449582,0.9985982924465348,10.208737566120988,GOOD,16-QAM,MEDIUM
9.558957279270622,1962.6999933896047,7.395864342349743,0.9301860372074416,12.5,14.366516661382471,43.10629469932082,4.857465934449582,1.4458635042866088,6.3088578153574275,DEGRADED,QPSK,LOW
65.98452420201254,651.3409723707618,3.0523753513459884,0.9303860772154432,2.2,8.09478050261792,62.54460772069852,14.118070823236977,0.03236302000309566,32.39301540010626,GOOD,64-QAM,HIGH
65.98452420201254,651.3409723707618,3.0523753513459884,0.9303860772154432,8.4,8.09478050261792,62.54460772069852,14.118070823236977,0.12324785748815394,20.66499845782768,GOOD,64-QAM,HIGH
65.98452420201254,651.3409723707618,3.0523753513459884,0.9303860772154432,12.5,8.09478050261792,62.54460772069852,14.118070823236977,0.18315540478922532,17.15247637160313,GOOD,64-QAM,HIGH
45.41543579478236,809.8422462789586,5.264709028689271,0.9305861172234446,2.2,12.464767500230566,52.266699826595286,24.558857228871148,0.052611976235983654,30.480925838215832,GOOD,64-QAM,HIGH
45.41543579478236,809.8422462789586,5.264709028689271,0.9305861172234446,8.4,12.464767500230566,52.266699826595286,24.558857228871148,0.2010167824101796,18.695388927248118,GOOD,64-QAM,HIGH
45.41543579478236,809.8422462789586,5.264709028689271,0.9305861172234446,12.5,12.464767500230566,52.266699826595286,24.558857228871148,0.3006428903514233,15.143148280383386,GOOD,64-QAM,HIGH
77.17333169648747,613.9886321441018,1.6650176743585736,0.9307861572314464,2.2,11.244339011276589,71.84994216222567,2.130350847672611,0.04015314798237661,32.89818662847623,GOOD,64-QAM,HIGH
77.17333169648747,613.9886321441018,1.6650176743585736,0.9307861572314464,8.4,11.244339011276589,71.84994216222567,2.130350847672611,0.1536521048619357,21.14755556680315,GOOD,64-QAM,HIGH
77.17333169648747,613.9886321441018,1.6650176743585736,0.9307861572314464,12.5,11.244339011276589,71.84994216222567,2.130350847672611,0.2296467969528383,17.618946335788763,GOOD,64-QAM,HIGH
37.58875698995201,920.8436763714836,5.943070165404437,0.930986197239448,2.2,25.97243931956188,58.54762750408415,16.743940773379492,0.10958669627134682,29.308241486203542,GOOD,64-QAM,HIGH
37.58875698995201,920.8436763714836,5.943070165404437,0.930986197239448,8.4,25.97243931956188,58.54762750408415,16.743940773379492,0.4136688918561897,17.36702718582518,GOOD,64-QAM,HIGH
37.58875698995201,920.8436763714836,5.943070165404437,0.930986197239448,12.5,25.97243931956188,58.54762750408415,16.743940773379492,0.6250289698580314,13.70305256889985,GOOD,16-QAM,MEDIUM
19.30368002315559,1421.0625965560623,7.078347908895194,0.9311862372474496,2.2,28.13443778953647,80.16676829566126,24.23358137079309,0.21664483426540276,25.432637376523928,GOOD,64-QAM,HIGH
19.30368002315559,1421.0625965560623,7.078347908895194,0.9311862372474496,8.4,28.13443778953647,80.16676829566126,24.23358137079309,0.8321471263596931,13.180002979636114,GOOD,16-QAM,MEDIUM
19.30368002315559,1421.0625965560623,7.078347908895194,0.9311862372474496,12.5,28.13443778953647,80.16676829566126,24.23358137079309,1.2419430323411647,9.317592534731148,DEGRADED,16-QAM,MEDIUM
76.09758635993893,616.4852417536413,1.8020170097521448,0.9313862772554512,2.2,47.247371041075226,70.684350739315,12.437037542375313,0.11426939354455587,32.788823303304106,GOOD,64-QAM,HIGH
76.09758635993893,616.4852417536413,1.8020170097521448,0.9313862772554512,8.4,47.247371041075226,70.684350739315,12.437037542375313,0.4361849825651119,20.829775609490028,GOOD,64-QAM,HIGH
76.09758635993893,616.4852417536413,1.8020170097521448,0.9313862772554512,12.5,47.247371041075226,70.684350739315,12.437037542375313,0.6481345706474427,17.16521148248421,GOOD,64-QAM,HIGH
51.65731868940609,745.421670129087,4.652725970754336,0.9315863172634526,2.2,9.778532355076152,71.07266598187944,33.15129805600879,0.043867337629521046,31.209638766684847,GOOD,64-QAM,HIGH
51.65731868940609,745.421670129087,4.652725970754336,0.9315863172634526,8.4,9.778532355076152,71.07266598187944,33.15129805600879,0.16865862421231337,19.447715375308533,GOOD,64-QAM,HIGH
51.65731868940609,745.421670129087,4.652725970754336,0.9315863172634526,12.5,9.778532355076152,71.07266598187944,33.15129805600879,0.24971723422666844,15.914042226370697,GOOD,64-QAM,HIGH
21.081642353180165,1349.3525888561126,6.998016228078599,0.9317863572714544,2.2,32.0837855080748,43.0293200094639,33.47295514202022,0.2080849810062524,25.890952470096252,GOOD,64-QAM,HIGH
21.081642353180165,1349.3525888561126,6.998016228078599,0.9317863572714544,8.4,32.0837855080748,43.0293200094639,33.47295514202022,0.792107132654688,13.669798213654289,GOOD,16-QAM,MEDIUM
21.081642353180165,1349.3525888561126,6.998016228078599,0.9317863572714544,12.5,32.0837855080748,43.0293200094639,33.47295514202022,1.178147377366931,9.831143430018571,DEGRADED,16-QAM,MEDIUM
66.23263987984788,650.2180881488266,3.022680020562224,0.931986397279456,2.2,40.86296344937615,89.05498598947742,13.534560882022287,0.10810079090252647,32.33226465690869,GOOD,64-QAM,HIGH
66.23263987984788,650.2180881488266,3.022680020562224,0.931986397279456,8.4,40.86296344937615,89.05498598947742,13.534560882022287,0.4128222466142565,20.39041109640344,GOOD,64-QAM,HIGH
66.23263987984788,650.2180881488266,3.022680020562224,0.931986397279456,12.5,40.86296344937615,89.05498598947742,13.534560882022287,0.6141105372458949,16.73650826684832,GOOD,64-QAM,HIGH
48.44465927160755,776.3461011858772,4.975073541089433,0.9321864372874576,2.2,28.012073189152627,80.50051255628932,38.64628552044498,0.09796578424892433,30.802473072968567,GOOD,64-QAM,HIGH
48.44465927160755,776.3461011858772,4.975073541089433,0.9321864372874576,8.4,28.012073189152627,80.50051255628932,38.64628552044498,0.3735922015542125,18.889714550869755,GOOD,64-QAM,HIGH
48.44465927160755,776.3461011858772,4.975073541089433,0.9321864372874576,12.5,28.012073189152627,80.50051255628932,38.64628552044498,0.5575570663722993,15.25313514712819,GOOD,64-QAM,HIGH
56.36660349042718,707.3999542457486,4.154077106633494,0.9323864772954592,2.2,12.750182625053784,77.34029307364167,-6.220745379727635,0.052379243356475896,31.65586659242343,GOOD,64-QAM,HIGH
56.36660349042718,707.3999542457486,4.154077106633494,0.9323864772954592,8.4,12.750182625053784,77.34029307364167,-6.220745379727635,0.20253719846524967,19.868576532521132,GOOD,64-QAM,HIGH
56.36660349042718,707.3999542457486,4.154077106633494,0.9323864772954592,12.5,12.750182625053784,77.34029307364167,-6.220745379727635,0.3006423020106389,16.317856890052255,GOOD,64-QAM,HIGH
44.17635874755946,824.903231711678,5.378986569535833,0.9325865173034606,2.2,13.127511501000011,49.81291350960164,-9.831881083853167,0.05628750784931777,30.317198774975893,GOOD,64-QAM,HIGH
44.17635874755946,824.903231711678,5.378986569535833,0.9325865173034606,8.4,13.127511501000011,49.81291350960164,-9.831881083853167,0.21316802642636196,18.52318615160533,GOOD,64-QAM,HIGH
44.17635874755946,824.903231711678,5.378986569535833,0.9325865173034606,12.5,13.127511501000011,49.81291350960164,-9.831881083853167,0.3179169358740856,14.965822703234124,GOOD,16-QAM,MEDIUM
75.44026362453054,618.1181338141123,1.885419413007693,0.9327865573114624,2.2,1.9626526535499955,62.13789917083391,9.033413190195953,0.018979933043219523,32.861136755835766,GOOD,64-QAM,HIGH
75.44026362453054,618.1181338141123,1.885419413007693,0.9327865573114624,8.4,1.9626526535499955,62.13789917083391,9.033413190195953,0.07256278873118317,21.170421795354272,GOOD,64-QAM,HIGH
75.44026362453054,618.1181338141123,1.885419413007693,0.9327865573114624,12.5,1.9626526535499955,62.13789917083391,9.033413190195953,0.1079584087755929,17.68241163638639,GOOD,64-QAM,HIGH
75.51283083305924,617.9338273662315,1.8762239289137128,0.932986597319464,2.2,15.272211327424085,38.22619128445972,20.054853068625462,0.04081923082425075,32.84188774637271,GOOD,64-QAM,HIGH
75.51283083305924,617.9338273662315,1.8762239289137128,0.932986597319464,8.4,15.272211327424085,38.22619128445972,20.054853068625462,0.1563660187187922,21.08920885368464,GOOD,64-QAM,HIGH
75.51283083305924,617.9338273662315,1.8762239289137128,0.932986597319464,12.5,15.272211327424085,38.22619128445972,20.054853068625462,0.23105189770940987,17.561908435770547,GOOD,64-QAM,HIGH
65.29804985507283,654.5246904307078,3.134234969640499,0.9331866373274657,2.2,37.23018395016901,62.30855859976236,21.460007872483043,0.0986423954553111,32.284383309079786,GOOD,64-QAM,HIGH
65.29804985507283,654.5246904307078,3.134234969640499,0.9331866373274657,8.4,37.23018395016901,62.30855859976236,21.460007872483043,0.3753527596951773,20.370540840046402,GOOD,64-QAM,HIGH
65.29804985507283,654.5246904307078,3.134234969640499,0.9331866373274657,12.5,37.23018395016901,62.30855859976236,21.460007872483043,0.5625089789284377,16.73077008188966,GOOD,64-QAM,HIGH
13.959117078699292,1682.937304202022,7.278510754388415,0.9333866773354672,2.2,2.375887860355519,38.75335478899724,13.82228681469143,0.06501192298567739,24.115175717361197,GOOD,64-QAM,HIGH
13.959117078699292,1682.937304202022,7.278510754388415,0.9333866773354672,8.4,2.375887860355519,38.75335478899724,13.82228681469143,0.2556359874016486,12.287419548151703,GOOD,16-QAM,MEDIUM
13.959117078699292,1682.937304202022,7.278510754388415,0.9333866773354672,12.5,2.375887860355519,38.75335478899724,13.82228681469143,0.3644522939320352,8.725988702697833,DEGRADED,16-QAM,MEDIUM
76.30257826184585,615.992753368937,1.7759582019997868,0.9335867173434688,2.2,10.964764125241532,63.18227063937607,-3.7558343379676913,0.03797126009664019,32.87206306167707,GOOD,64-QAM,HIGH
76.30257826184585,615.992753368937,1.7759582019997868,0.9335867173434688,8.4,10.964764125241532,63.18227063937607,-3.7558343379676913,0.14630183472309918,21.12660038225708,GOOD,64-QAM,HIGH
76.30257826184585,615.992753368937,1.7759582019997868,0.9335867173434688,12.5,10.964764125241532,63.18227063937607,-3.7558343379676913,0.21782427388692857,17.602463404169768,GOOD,64-QAM,HIGH
62.03610334529733,671.2646362195892,3.5168632852442565,0.9337867573514704,2.2,35.3116249265891,68.92331280929434,-1.475123910605289,0.09790925186215357,32.06576176878601,GOOD,64-QAM,HIGH
62.03610334529733,671.2646362195892,3.5168632852442565,0.9337867573514704,8.4,35.3116249265891,68.92331280929434,-1.475123910605289,0.3751650164904027,20.151373899364245,GOOD,64-QAM,HIGH
62.03610334529733,671.2646362195892,3.5168632852442565,0.9337867573514704,12.5,35.3116249265891,68.92331280929434,-1.475123910605289,0.5575239431349523,16.516400433796207,GOOD,64-QAM,HIGH
64.24705411036547,659.6223722718378,3.258686749924753,0.933986797359472,2.2,39.13257814114383,53.411758034994136,32.60739919260046,0.09988930012250563,32.21574954151455,GOOD,64-QAM,HIGH
64.24705411036547,659.6223722718378,3.258686749924753,0.933986797359472,8.4,39.13257814114383,53.411758034994136,32.60739919260046,0.38201202029398945,20.296494716549546,GOOD,64-QAM,HIGH
64.24705411036547,659.6223722718378,3.258686749924753,0.933986797359472,12.5,39.13257814114383,53.411758034994136,32.60739919260046,0.566230605461511,16.659661592458534,GOOD,64-QAM,HIGH
35.85354143432909,951.353447157679,6.078876277638827,0.9341868373674737,2.2,22.76592050309642,59.9126926998776,33.39555658696306,0.09879222224521894,29.03591623828313,GOOD,64-QAM,HIGH
35.85354143432909,951.353447157679,6.078876277638827,0.9341868373674737,8.4,22.76592050309642,59.9126926998776,33.39555658696306,0.3728013708911449,17.124774984843683,GOOD,64-QAM,HIGH
35.85354143432909,951.353447157679,6.078876277638827,0.9341868373674737,12.5,22.76592050309642,59.9126926998776,33.39555658696306,0.5591125654523661,13.485849251358971,GOOD,16-QAM,MEDIUM
79.73876227334557,608.8948985079269,1.3360241039809455,0.9343868773754752,2.2,34.90371692393244,82.53920326047515,23.69492689303601,0.0874476848003207,32.923251990177434,GOOD,64-QAM,HIGH
79.73876227334557,608.8948985079269,1.3360241039809455,0.9343868773754752,8.4,34.90371692393244,82.53920326047515,23.69492689303601,0.3336304527455991,21.03993711743864,GOOD,64-QAM,HIGH
79.73876227334557,608.8948985079269,1.3360241039809455,0.9343868773754752,12.5,34.90371692393244,82.53920326047515,23.69492689303601,0.49561204737443043,17.425340983886315,GOOD,64-QAM,HIGH
66.65658601996289,648.3332008236039,2.971809834649792,0.9345869173834768,2.2,19.3976084327446,36.51378868216856,23.21089861394412,0.05167889068498217,32.41390224929698,GOOD,64-QAM,HIGH
66.65658601996289,648.3332008236039,2.971809834649792,0.9345869173834768,8.4,19.3976084327446,36.51378868216856,23.21089861394412,0.19671518446897515,20.63173385071947,GOOD,64-QAM,HIGH
66.65658601996289,648.3332008236039,2.971809834649792,0.9345869173834768,12.5,19.3976084327446,36.51378868216856,23.21089861394412,0.2937386173894461,17.082095878875506,GOOD,64-QAM,HIGH
14.57018965498153,1649.0321128571293,7.258801412460438,0.9347869573914784,2.2,7.995662251206376,77.50397357997917,19.884106401390376,0.12331588117088335,24.233648240909375,GOOD,64-QAM,HIGH
14.57018965498153,1649.0321128571293,7.258801412460438,0.9347869573914784,8.4,7.995662251206376,77.50397357997917,19.884106401390376,0.48110248910965236,12.238729528177075,GOOD,16-QAM,MEDIUM
14.57018965498153,1649.0321128571293,7.258801412460438,0.9347869573914784,12.5,7.995662251206376,77.50397357997917,19.884106401390376,0.7041799073915388,8.563037570971716,DEGRADED,16-QAM,MEDIUM
39.66113292452383,887.4925129120898,5.773745186437779,0.93498699739948,2.2,19.907474676145327,40.24527305977178,0.1462942850994117,0.08043309389118258,29.657819330945863,GOOD,64-QAM,HIGH
39.66113292452383,887.4925129120898,5.773745186437779,0.93498699739948,8.4,19.907474676145327,40.24527305977178,0.1462942850994117,0.3093799846845108,17.79174033535901,GOOD,64-QAM,HIGH
39.66113292452383,887.4925129120898,5.773745186437779,0.93498699739948,12.5,19.907474676145327,40.24527305977178,0.1462942850994117,0.4580424623717326,14.1904633187483,GOOD,16-QAM,MEDIUM
80.34233076661205,607.8689782300826,1.2582081362444453,0.9351870374074815,2.2,28.998391010157142,32.2024789682777,11.41253501299516,0.0672260279268163,32.958120749241964,GOOD,64-QAM,HIGH
80.34233076661205,607.8689782300826,1.2582081362444453,0.9351870374074815,8.4,28.998391010157142,32.2024789682777,11.41253501299516,0.2572345623705751,21.130980110004685,GOOD,64-QAM,HIGH
80.34233076661205,607.8689782300826,1.2582081362444453,0.9351870374074815,12.5,28.998391010157142,32.2024789682777,11.41253501299516,0.3841688166515594,17.55143131680022,GOOD,64-QAM,HIGH
9.011719644277214,2002.2466569588807,7.40742241372354,0.9353870774154832,2.2,47.402664092644514,41.13447616470287,24.794732573168936,0.6640744203331881,22.007120418860964,GOOD,64-QAM,HIGH
9.011719644277214,2002.2466569588807,7.40742241372354,0.9353870774154832,8.4,47.402664092644514,41.13447616470287,24.794732573168936,2.5380917880571445,8.49597094634349,DEGRADED,16-QAM,MEDIUM
9.011719644277214,2002.2466569588807,7.40742241372354,0.9353870774154832,12.5,47.402664092644514,41.13447616470287,24.794732573168936,3.8032759693619536,3.7781722261152026,DEGRADED,QPSK,LOW
86.7204126695742,600.8993542805183,0.4290625933413554,0.9355871174234848,2.2,3.437547604433866,75.90259139822939,16.862613600166934,0.023766491175737158,33.10174514586669,GOOD,64-QAM,HIGH
86.7204126695742,600.8993542805183,0.4290625933413554,0.9355871174234848,8.4,3.437547604433866,75.90259139822939,16.862613600166934,0.09173069218470765,21.396648840064188,GOOD,64-QAM,HIGH
86.7204126695742,600.8993542805183,0.4290625933413554,0.9355871174234848,12.5,3.437547604433866,75.90259139822939,16.862613600166934,0.13547046302781054,17.9002945302976,GOOD,64-QAM,HIGH
62.72881830716284,667.4794490561999,3.4365190861307764,0.9357871574314864,2.2,25.36970469224803,54.3075644002116,-9.07098329724504,0.0708453768690822,32.14194303064027,GOOD,64-QAM,HIGH
62.72881830716284,667.4794490561999,3.4365190861307764,0.9357871574314864,8.4,25.36970469224803,54.3075644002116,-9.07098329724504,0.2699846781950218,20.305671624520812,GOOD,64-QAM,HIGH
62.72881830716284,667.4794490561999,3.4365190861307764,0.9357871574314864,12.5,25.36970469224803,54.3075644002116,-9.07098329724504,0.4005319365596852,16.722509827232656,GOOD,64-QAM,HIGH
58.66695809968701,691.5776570229109,3.900088374637498,0.935987197439488,2.2,16.44598891053622,82.35123101077092,37.67784033600492,0.05870218308637248,31.846025121167578,GOOD,64-QAM,HIGH
58.66695809968701,691.5776570229109,3.900088374637498,0.935987197439488,8.4,16.44598891053622,82.35123101077092,37.67784033600492,0.22245796456557906,20.045137234894852,GOOD,64-QAM,HIGH
58.66695809968701,691.5776570229109,3.900088374637498,0.935987197439488,12.5,16.44598891053622,82.35123101077092,37.67784033600492,0.33194612642047294,16.48303453411647,GOOD,64-QAM,HIGH
27.997536801479267,1126.2585844099012,6.622258312945537,0.9361872374474896,2.2,25.41558471383473,61.482452470935954,32.24080262860717,0.14210818116448456,27.526675918029376,GOOD,64-QAM,HIGH
27.997536801479267,1126.2585844099012,6.622258312945537,0.9361872374474896,8.4,25.41558471383473,61.482452470935954,32.24080262860717,0.5451279737416932,15.486524020658635,GOOD,64-QAM,HIGH
27.997536801479267,1126.2585844099012,6.622258312945537,0.9361872374474896,12.5,25.41558471383473,61.482452470935954,32.24080262860717,0.8004446709976397,11.778592784479216,GOOD,16-QAM,MEDIUM
26.14730204283005,1178.359975854236,6.732480497796736,0.9363872774554912,2.2,1.198772368826584,31.335021115579856,3.0272507054868925,0.029882214771546706,27.24610451179494,GOOD,64-QAM,HIGH
26.14730204283005,1178.359975854236,6.732480497796736,0.9363872774554912,8.4,1.198772368826584,31.335021115579856,3.0272507054868925,0.11240199504037873,15.526452626732592,GOOD,64-QAM,HIGH
26.14730204283005,1178.359975854236,6.732480497796736,0.9363872774554912,12.5,1.198772368826584,31.335021115579856,3.0272507054868925,0.16569283931059178,12.020547243538886,GOOD,16-QAM,MEDIUM
85.07494865653061,602.0311737369029,0.6438940908312255,0.9365873174634928,2.2,15.651267735079069,73.0028165761156,20.822946758314806,0.049050790951108814,33.06011599231902,GOOD,64-QAM,HIGH
85.07494865653061,602.0311737369029,0.6438940908312255,0.9365873174634928,8.4,15.651267735079069,73.0028165761156,20.822946758314806,0.18734047222709302,21.28469420624951,GOOD,64-QAM,HIGH
85.07494865653061,602.0311737369029,0.6438940908312255,0.9365873174634928,12.5,15.651267735079069,73.0028165761156,20.822946758314806,0.2793429468695644,17.740077192683557,GOOD,64-QAM,HIGH
30.35315860990044,1066.5811944682491,6.471953114908892,0.9367873574714944,2.2,40.99340737635025,36.61397452327396,36.16196918640939,0.1843246670185641,27.95734327437173,GOOD,64-QAM,HIGH
30.35315860990044,1066.5811944682491,6.471953114908892,0.9367873574714944,8.4,40.99340737635025,36.61397452327396,36.16196918640939,0.7122725470309254,15.792263289565852,GOOD,64-QAM,HIGH
30.35315860990044,1066.5811944682491,6.471953114908892,0.9367873574714944,12.5,40.99340737635025,36.61397452327396,36.16196918640939,1.0520366662551155,11.999884631418169,GOOD,16-QAM,MEDIUM
70.91795022111495,631.649029146176,2.451913795847186,0.936987397479496,2.2,27.69708669273188,77.36277800771546,-5.199449394317432,0.07633666356706599,32.61569306079944,GOOD,64-QAM,HIGH
70.91795022111495,631.649029146176,2.451913795847186,0.936987397479496,8.4,27.69708669273188,77.36277800771546,-5.199449394317432,0.2900528753536837,20.764844744219303,GOOD,64-QAM,HIGH
70.91795022111495,631.649029146176,2.451913795847186,0.936987397479496,12.5,27.69708669273188,77.36277800771546,-5.199449394317432,0.4316516855898997,17.1706313950596,GOOD,64-QAM,HIGH
38.41535284760173,907.1565182651508,5.876452408778771,0.9371874374874976,2.2,22.52912464080587,40.0861529883108,15.15147403983503,0.08983416614239248,29.458067707646563,GOOD,64-QAM,HIGH
38.41535284760173,907.1565182651508,5.876452408778771,0.9371874374874976,8.4,22.52912464080587,40.0861529883108,15.15147403983503,0.34381648385157304,17.566953285143867,GOOD,64-QAM,HIGH
38.41535284760173,907.1565182651508,5.876452408778771,0.9371874374874976,12.5,22.52912464080587,40.0861529883108,15.15147403983503,0.5123292034036631,13.945826026668286,GOOD,16-QAM,MEDIUM
16.836596016699836,1532.6106782170568,7.178510186959043,0.9373874774954992,2.2,14.27625358576698,50.72678314833081,12.812151292314724,0.14277372426548077,24.850135717134776,GOOD,64-QAM,HIGH
16.836596016699836,1532.6106782170568,7.178510186959043,0.9373874774954992,8.4,14.27625358576698,50.72678314833081,12.812151292314724,0.551823074058246,12.803954262548487,GOOD,16-QAM,MEDIUM
16.836596016699836,1532.6106782170568,7.178510186959043,0.9373874774954992,12.5,14.27625358576698,50.72678314833081,12.812151292314724,0.8069949191698176,9.096167878513427,DEGRADED,16-QAM,MEDIUM
5.910800304105511,2248.3329882529592,7.460125672221157,0.9375875175035008,2.2,14.902126139567796,75.67628577752163,10.510250264176616,0.439625728527575,21.224708002397392,GOOD,64-QAM,HIGH
5.910800304105511,2248.3329882529592,7.460125672221157,0.9375875175035008,8.4,14.902126139567796,75.67628577752163,10.510250264176616,1.69417101526815,8.33303061086329,DEGRADED,16-QAM,MEDIUM
5.910800304105511,2248.3329882529592,7.460125672221157,0.9375875175035008,12.5,14.902126139567796,75.67628577752163,10.510250264176616,2.4902768487398905,4.084310238468063,DEGRADED,QPSK,LOW
51.26187364629632,748.9940926489917,4.693213799929364,0.9377875575115024,2.2,19.15507167952922,87.2538814485853,31.77943044464625,0.06840313232329084,31.143575402985924,GOOD,64-QAM,HIGH
51.26187364629632,748.9940926489917,4.693213799929364,0.9377875575115024,8.4,19.15507167952922,87.2538814485853,31.77943044464625,0.26282131727562896,19.312025113240068,GOOD,64-QAM,HIGH
51.26187364629632,748.9940926489917,4.693213799929364,0.9377875575115024,12.5,19.15507167952922,87.2538814485853,31.77943044464625,0.39021480782907425,15.73201708376314,GOOD,64-QAM,HIGH
87.94119957665927,600.3541730663701,0.2694383547193953,0.937987597519504,2.2,41.77853549822802,52.28603703880394,9.032307334872868,0.09640381531375991,33.03699189295286,GOOD,64-QAM,HIGH
87.94119957665927,600.3541730663701,0.2694383547193953,0.937987597519504,8.4,41.77853549822802,52.28603703880394,9.032307334872868,0.36706717429208335,21.129196429181007,GOOD,64-QAM,HIGH
87.94119957665927,600.3541730663701,0.2694383547193953,0.937987597519504,12.5,41.77853549822802,52.28603703880394,9.032307334872868,0.548141964080159,17.495507100469453,GOOD,64-QAM,HIGH
36.37657647378238,941.8941531423288,6.038522476537964,0.9381876375275056,2.2,48.36066034041342,79.76401321193615,-6.81683333794962,0.18602146775675882,29.035482895801877,GOOD,64-QAM,HIGH
36.37657647378238,941.8941531423288,6.038522476537964,0.9381876375275056,8.4,48.36066034041342,79.76401321193615,-6.81683333794962,0.7094508656886575,16.874921393076463,GOOD,64-QAM,HIGH
36.37657647378238,941.8941531423288,6.038522476537964,0.9381876375275056,12.5,48.36066034041342,79.76401321193615,-6.81683333794962,1.0574755036962225,13.074282216145406,GOOD,16-QAM,MEDIUM
35.36134838940881,960.4707316755208,6.116387940498738,0.9383876775355072,2.2,21.932769067518727,41.44753592855032,-6.708112891784875,0.09120735776362593,28.960656322014678,GOOD,64-QAM,HIGH
35.36134838940881,960.4707316755208,6.116387940498738,0.9383876775355072,8.4,21.932769067518727,41.44753592855032,-6.708112891784875,0.3480360273282768,17.066695547656508,GOOD,64-QAM,HIGH
35.36134838940881,960.4707316755208,6.116387940498738,0.9383876775355072,12.5,21.932769067518727,41.44753592855032,-6.708112891784875,0.5185021609879147,13.44361487507338,GOOD,16-QAM,MEDIUM
34.24778751720258,981.9012226160816,6.199586109635963,0.9385877175435088,2.2,19.66764193738809,78.43078621214946,-7.8627696737695505,0.09801829582576865,28.762172071918883,GOOD,64-QAM,HIGH
34.24778751720258,981.9012226160816,6.199586109635963,0.9385877175435088,8.4,19.66764193738809,78.43078621214946,-7.8627696737695505,0.3737377741501938,16.849320488800927,GOOD,64-QAM,HIGH
34.24778751720258,981.9012226160816,6.199586109635963,0.9385877175435088,12.5,19.66764193738809,78.43078621214946,-7.8627696737695505,0.5580866739793694,13.212357050048269,GOOD,16-QAM,MEDIUM
49.24622617091297,768.2122620645969,4.896072364704773,0.9387877575515104,2.2,42.32753879099314,69.44964355537506,10.457271093701864,0.12999718032891672,30.861924502944518,GOOD,64-QAM,HIGH
49.24622617091297,768.2122620645969,4.896072364704773,0.9387877575515104,8.4,42.32753879099314,69.44964355537506,10.457271093701864,0.4979093503570733,18.856880228122833,GOOD,64-QAM,HIGH
49.24622617091297,768.2122620645969,4.896072364704773,0.9387877575515104,12.5,42.32753879099314,69.44964355537506,10.457271093701864,0.7424958832609191,15.15967915629551,GOOD,64-QAM,HIGH
42.45651509106495,847.2469420263751,5.533424001566779,0.938987797559512,2.2,21.34526603181518,41.56461043274211,25.920313884917995,0.0788686261329785,30.062477557213164,GOOD,64-QAM,HIGH
42.45651509106495,847.2469420263751,5.533424001566779,0.938987797559512,8.4,21.34526603181518,41.56461043274211,25.920313884917995,0.3032869812215248,18.200927097331103,GOOD,64-QAM,HIGH
42.45651509106495,847.2469420263751,5.533424001566779,0.938987797559512,12.5,21.34526603181518,41.56461043274211,25.920313884917995,0.4506754544941152,14.60092408513502,GOOD,16-QAM,MEDIUM
79.79274327179623,608.8005003850458,1.3290704325952132,0.9391878375675136,2.2,27.60090861478256,48.1502376210847,0.1861230965257725,0.0664857259100416,32.945560643289895,GOOD,64-QAM,HIGH
79.79274327179623,608.8005003850458,1.3290704325952132,0.9391878375675136,8.4,27.60090861478256,48.1502376210847,0.1861230965257725,0.2533477947829755,21.12156646962343,GOOD,64-QAM,HIGH
79.79274327179623,608.8005003850458,1.3290704325952132,0.9391878375675136,12.5,27.60090861478256,48.1502376210847,0.1861230965257725,0.3774981513500287,17.544801574132904,GOOD,64-QAM,HIGH
47.96926729649668,781.3087516229634,5.02146842403177,0.9393878775755152,2.2,11.547083229937222,37.90625331582216,22.323426021577475,0.041820178957193255,30.803272425170903,GOOD,64-QAM,HIGH
47.96926729649668,781.3087516229634,5.02146842403177,0.9393878775755152,8.4,11.547083229937222,37.90625331582216,22.323426021577475,0.15902183194544858,19.048938667389123,GOOD,64-QAM,HIGH
47.96926729649668,781.3087516229634,5.02146842403177,0.9393878775755152,12.5,11.547083229937222,37.90625331582216,22.323426021577475,0.2366517129681461,15.518694247442951,GOOD,64-QAM,HIGH
48.15941624602835,779.311182128853,5.002952539924213,0.9395879175835168,2.2,37.17512678895376,52.9780206638588,24.35442360518521,0.11525693191472293,30.752071294443404,GOOD,64-QAM,HIGH
48.15941624602835,779.311182128853,5.002952539924213,0.9395879175835168,8.4,37.17512678895376,52.9780206638588,24.35442360518521,0.44218424241354654,18.788011879151057,GOOD,64-QAM,HIGH
48.15941624602835,779.311182128853,5.002952539924213,0.9395879175835168,12.5,37.17512678895376,52.9780206638588,24.35442360518521,0.6565159700972918,15.12106561254383,GOOD,64-QAM,HIGH
16.76158555124731,1536.2401323821105,7.181347996575568,0.9397879575915185,2.2,26.599415913539094,42.21891846739665,2.760106200779898,0.22870671024859415,24.743657546671898,GOOD,64-QAM,HIGH
16.76158555124731,1536.2401323821105,7.181347996575568,0.9397879575915185,8.4,26.599415913539094,42.21891846739665,2.760106200779898,0.8739501290932729,12.46128202303369,GOOD,16-QAM,MEDIUM
16.76158555124731,1536.2401323821105,7.181347996575568,0.9397879575915185,12.5,26.599415913539094,42.21891846739665,2.760106200779898,1.2923104979330893,8.590307115270392,DEGRADED,16-QAM,MEDIUM
88.53286097738281,600.1798174581963,0.1920270623881291,0.93998799759952,2.2,40.45172751201708,68.63987721782841,20.027882803031464,0.09716151044034495,33.038757131109264,GOOD,64-QAM,HIGH
88.53286097738281,600.1798174581963,0.1920270623881291,0.93998799759952,8.4,40.45172751201708,68.63987721782841,20.027882803031464,0.3729938506328989,21.12579268612319,GOOD,64-QAM,HIGH
88.53286097738281,600.1798174581963,0.1920270623881291,0.93998799759952,12.5,40.45172751201708,68.63987721782841,20.027882803031464,0.5533836944062722,17.492788303426323,GOOD,64-QAM,HIGH
26.247695723850523,1175.405118454422,6.726678963169485,0.9401880376075216,2.2,39.036636501433485,89.67030625323352,24.243417001342365,0.21539330403951396,27.082401528030566,GOOD,64-QAM,HIGH
26.247695723850523,1175.405118454422,6.726678963169485,0.9401880376075216,8.4,39.036636501433485,89.67030625323352,24.243417001342365,0.8143538026677403,14.84630892460882,GOOD,16-QAM,MEDIUM
26.247695723850523,1175.405118454422,6.726678963169485,0.9401880376075216,12.5,39.036636501433485,89.67030625323352,24.243417001342365,1.2191181369513353,10.988930051401738,GOOD,16-QAM,MEDIUM
11.235945734066227,1848.311886637809,7.35624828921478,0.9403880776155232,2.2,10.750238413501428,30.720549785055848,13.330681140106286,0.1627359044304496,23.203305349051092,GOOD,64-QAM,HIGH
11.235945734066227,1848.311886637809,7.35624828921478,0.9403880776155232,8.4,10.750238413501428,30.720549785055848,13.330681140106286,0.6281579154511504,11.100751233236863,GOOD,16-QAM,MEDIUM
11.235945734066227,1848.311886637809,7.35624828921478,0.9403880776155232,12.5,10.750238413501428,30.720549785055848,13.330681140106286,0.9266511909483285,7.3496434188162,DEGRADED,QPSK,LOW
61.36743116289275,675.0412224551828,3.5939314159576203,0.9405881176235248,2.2,35.78177752788812,62.45518879723792,6.835829864004754,0.09872512890811734,32.01621536430349,GOOD,64-QAM,HIGH
61.36743116289275,675.0412224551828,3.5939314159576203,0.9405881176235248,8.4,35.78177752788812,62.45518879723792,6.835829864004754,0.37466483924081684,20.10314354917726,GOOD,64-QAM,HIGH
61.36743116289275,675.0412224551828,3.5939314159576203,0.9405881176235248,12.5,35.78177752788812,62.45518879723792,6.835829864004754,0.5589057636970541,16.466288085797544,GOOD,64-QAM,HIGH
55.606141463334176,713.0072680101885,4.236589179675259,0.9407881576315263,2.2,40.00272039756857,64.41999585294059,20.957577578716368,0.11435513871844392,31.525312108090965,GOOD,64-QAM,HIGH
55.606141463334176,713.0072680101885,4.236589179675259,0.9407881576315263,8.4,40.00272039756857,64.41999585294059,20.957577578716368,0.4337933357753283,19.568741806240553,GOOD,64-QAM,HIGH
55.606141463334176,713.0072680101885,4.236589179675259,0.9407881576315263,12.5,40.00272039756857,64.41999585294059,20.957577578716368,0.646022152761415,15.903898450330985,GOOD,64-QAM,HIGH
40.28738058938339,878.0250407114363,5.72108075112175,0.940988197639528,2.2,17.305362039119753,84.85252738084871,38.89235436640285,0.07933932708915833,29.75206901880655,GOOD,64-QAM,HIGH
40.28738058938339,878.0250407114363,5.72108075112175,0.940988197639528,8.4,17.305362039119753,84.85252738084871,38.89235436640285,0.30175965256154946,17.892516588540644,GOOD,64-QAM,HIGH
40.28738058938339,878.0250407114363,5.72108075112175,0.940988197639528,12.5,17.305362039119753,84.85252738084871,38.89235436640285,0.4485119395282322,14.293149762650472,GOOD,16-QAM,MEDIUM
40.88633987985764,869.2204484974845,5.670071603312159,0.9411882376475296,2.2,8.630455645113727,60.36032008601625,11.342070468448902,0.04724500821692424,29.871702683548214,GOOD,64-QAM,HIGH
40.88633987985764,869.2204484974845,5.670071603312159,0.9411882376475296,8.4,8.630455645113727,60.36032008601625,11.342070468448902,0.18101436258190123,18.100801224389713,GOOD,64-QAM,HIGH
40.88633987985764,869.2204484974845,5.670071603312159,0.9411882376475296,12.5,8.630455645113727,60.36032008601625,11.342070468448902,0.2675919155606346,14.561609132487504,GOOD,16-QAM,MEDIUM
71.73043328894666,628.9136005199225,2.3511608536631496,0.9413882776555312,2.2,0.131607778979409,62.622085178695045,9.586754814256054,0.0165678934713959,32.713158757482496,GOOD,64-QAM,HIGH
71.73043328894666,628.9136005199225,2.3511608536631496,0.9413882776555312,8.4,0.131607778979409,62.622085178695045,9.586754814256054,0.06261484260672183,21.02997970355365,GOOD,64-QAM,HIGH
71.73043328894666,628.9136005199225,2.3511608536631496,0.9413882776555312,12.5,0.131607778979409,62.622085178695045,9.586754814256054,0.09352246771113758,17.546457539525747,GOOD,64-QAM,HIGH
21.63557440847017,1328.3636887808611,6.971608062206298,0.9415883176635328,2.2,22.54518265465741,58.29916807970332,13.213345121305668,0.16005721878978527,26.075149254387824,GOOD,64-QAM,HIGH
21.63557440847017,1328.3636887808611,6.971608062206298,0.9415883176635328,8.4,22.54518265465741,58.29916807970332,13.213345121305668,0.6090892767169609,13.988985091667132,GOOD,16-QAM,MEDIUM
21.63557440847017,1328.3636887808611,6.971608062206298,0.9415883176635328,12.5,22.54518265465741,58.29916807970332,13.213345121305668,0.9060585071336319,10.23940132232697,GOOD,16-QAM,MEDIUM
74.72153211031562,619.9981481546947,1.976329084973636,0.9417883576715343,2.2,17.62163657694208,46.134258273688886,-6.18908032774759,0.04523715967781578,32.80850137737746,GOOD,64-QAM,HIGH
74.72153211031562,619.9981481546947,1.976329084973636,0.9417883576715343,8.4,17.62163657694208,46.134258273688886,-6.18908032774759,0.17334614546820656,21.043260286793554,GOOD,64-QAM,HIGH
74.72153211031562,619.9981481546947,1.976329084973636,0.9417883576715343,12.5,17.62163657694208,46.134258273688886,-6.18908032774759,0.2572220135339296,17.506769879804338,GOOD,64-QAM,HIGH
60.14350468107654,682.2753168003201,3.7337202111197945,0.941988397679536,2.2,27.745491691270445,33.361747994934824,17.6581639835695,0.0749895851695708,31.94736360322417,GOOD,64-QAM,HIGH
60.14350468107654,682.2753168003201,3.7337202111197945,0.941988397679536,8.4,27.745491691270445,33.361747994934824,17.6581639835695,0.28512868098361377,20.100092402616596,GOOD,64-QAM,HIGH
60.14350468107654,682.2753168003201,3.7337202111197945,0.941988397679536,12.5,27.745491691270445,33.361747994934824,17.6581639835695,0.4245954699037758,16.508011074772952,GOOD,64-QAM,HIGH
40.612430771259575,873.216985807423,5.693475741503579,0.9421884376875376,2.2,9.402054629439288,54.51946093259016,6.434869360863182,0.047358169720549646,29.831744713618093,GOOD,64-QAM,HIGH
40.612430771259575,873.216985807423,5.693475741503579,0.9421884376875376,8.4,9.402054629439288,54.51946093259016,6.434869360863182,0.1826340692376164,18.0593367093075,GOOD,64-QAM,HIGH
40.612430771259575,873.216985807423,5.693475741503579,0.9421884376875376,12.5,9.402054629439288,54.51946093259016,6.434869360863182,0.26962570472020886,14.519730534901427,GOOD,16-QAM,MEDIUM
43.93243240962883,827.9679880430504,5.401188709060074,0.9423884776955392,2.2,42.98327738332376,33.155488274440714,-3.928893883436876,0.13654708207887367,30.20472838425802,GOOD,64-QAM,HIGH
43.93243240962883,827.9679880430504,5.401188709060074,0.9423884776955392,8.4,42.98327738332376,33.155488274440714,-3.928893883436876,0.52904621031023,18.175097151233146,GOOD,64-QAM,HIGH
43.93243240962883,827.9679880430504,5.401188709060074,0.9423884776955392,12.5,42.98327738332376,33.155488274440714,-3.928893883436876,0.7803651827107392,14.47116363990915,GOOD,16-QAM,MEDIUM
26.815012610818144,1158.989557212264,6.693507368333876,0.9425885177035408,2.2,12.887760781405484,63.02954816795507,13.31283705586867,0.09081119194973941,27.329144734034315,GOOD,64-QAM,HIGH
26.815012610818144,1158.989557212264,6.693507368333876,0.9425885177035408,8.4,12.887760781405484,63.02954816795507,13.31283705586867,0.34787824544511753,15.434945575745417,GOOD,64-QAM,HIGH
26.815012610818144,1158.989557212264,6.693507368333876,0.9425885177035408,12.5,12.887760781405484,63.02954816795507,13.31283705586867,0.5186690509293852,11.81154023133766,GOOD,16-QAM,MEDIUM
68.92971827924285,638.9334191318221,2.696346402588381,0.9427885577115424,2.2,11.321480254382498,48.43761859453759,-9.830800671301128,0.035436923493189776,32.556997373896145,GOOD,64-QAM,HIGH
68.92971827924285,638.9334191318221,2.696346402588381,0.9427885577115424,8.4,11.321480254382498,48.43761859453759,-9.830800671301128,0.13580317259151414,20.8194990200043,GOOD,64-QAM,HIGH
68.92971827924285,638.9334191318221,2.696346402588381,0.9427885577115424,12.5,11.321480254382498,48.43761859453759,-9.830800671301128,0.2022479185386229,17.300439735133708,GOOD,64-QAM,HIGH
48.59435309594776,774.8050168403834,4.960393431446972,0.942988597719544,2.2,24.0357028242178,62.01614409152567,10.089262258137946,0.08280971393871309,30.834888187605983,GOOD,64-QAM,HIGH
48.59435309594776,774.8050168403834,4.960393431446972,0.942988597719544,8.4,24.0357028242178,62.01614409152567,10.089262258137946,0.31343603720414165,18.967129759547035,GOOD,64-QAM,HIGH
48.59435309594776,774.8050168403834,4.960393431446972,0.942988597719544,12.5,24.0357028242178,62.01614409152567,10.089262258137946,0.4642041841175902,15.363747073710101,GOOD,64-QAM,HIGH
32.27263613373671,1022.8435778613556,6.3413770343865785,0.9431886377275456,2.2,24.94255118721372,38.0578178637112,-4.713236603677475,0.1108287954789463,28.394533134085343,GOOD,64-QAM,HIGH
32.27263613373671,1022.8435778613556,6.3413770343865785,0.9431886377275456,8.4,24.94255118721372,38.0578178637112,-4.713236603677475,0.42424235927069776,16.443987465500072,GOOD,64-QAM,HIGH
32.27263613373671,1022.8435778613556,6.3413770343865785,0.9431886377275456,12.5,24.94255118721372,38.0578178637112,-4.713236603677475,0.6310219913918375,12.784593294455448,GOOD,16-QAM,MEDIUM
55.66425983968077,712.5718685847296,4.230309342986301,0.9433886777355472,2.2,10.75426143925464,85.95779794436157,-8.785364830010986,0.04759962694951047,31.59737329722079,GOOD,64-QAM,HIGH
55.66425983968077,712.5718685847296,4.230309342986301,0.9433886777355472,8.4,10.75426143925464,85.95779794436157,-8.785364830010986,0.18324895735555924,19.824591862021222,GOOD,64-QAM,HIGH
55.66425983968077,712.5718685847296,4.230309342986301,0.9433886777355472,12.5,10.75426143925464,85.95779794436157,-8.785364830010986,0.2690541445396706,16.28617213591363,GOOD,64-QAM,HIGH
89.63742842436245,600.0109794902128,0.0474601915133491,0.9435887177435488,2.2,13.59303633629579,83.67127461299609,31.223752312225105,0.04612830147550022,33.09223413146132,GOOD,64-QAM,HIGH
89.63742842436245,600.0109794902128,0.0474601915133491,0.9435887177435488,8.4,13.59303633629579,83.67127461299609,31.223752312225105,0.17607999542278172,21.32515033272051,GOOD,64-QAM,HIGH
89.63742842436245,600.0109794902128,0.0474601915133491,0.9435887177435488,12.5,13.59303633629579,83.67127461299609,31.223752312225105,0.262445067398727,17.78617072182108,GOOD,64-QAM,HIGH
41.99729377080708,853.5122561271937,5.573823220749173,0.9437887577515504,2.2,8.485261957762248,41.39979055213707,35.81244016413174,0.04003839502376405,30.03731275238895,GOOD,64-QAM,HIGH
41.99729377080708,853.5122561271937,5.573823220749173,0.9437887577515504,8.4,8.485261957762248,41.39979055213707,35.81244016413174,0.1535367081397929,18.286682334479394,GOOD,64-QAM,HIGH
41.99729377080708,853.5122561271937,5.573823220749173,0.9437887577515504,12.5,8.485261957762248,41.39979055213707,35.81244016413174,0.22886524932399685,14.758739254371704,GOOD,16-QAM,MEDIUM
83.25876906618267,603.8141618267291,0.8803905590316434,0.943988797759552,2.2,35.92300891615834,50.60665699764059,0.3837324179553327,0.08423212081616452,32.99924836819402,GOOD,64-QAM,HIGH
83.25876906618267,603.8141618267291,0.8803905590316434,0.943988797759552,8.4,35.92300891615834,50.60665699764059,0.3837324179553327,0.3212499774399552,21.1250984067767,GOOD,64-QAM,HIGH
83.25876906618267,603.8141618267291,0.8803905590316434,0.943988797759552,12.5,35.92300891615834,50.60665699764059,0.3837324179553327,0.479485031770989,17.514248813522187,GOOD,64-QAM,HIGH
34.32643139358812,980.350118457352,6.193786827540506,0.9441888377675536,2.2,38.5044515627041,66.80956631111877,16.964913191713062,0.1631601510618632,28.710762119486425,GOOD,64-QAM,HIGH
34.32643139358812,980.350118457352,6.193786827540506,0.9441888377675536,8.4,38.5044515627041,66.80956631111877,16.964913191713062,0.6231254594639508,16.61366470629082,GOOD,64-QAM,HIGH
34.32643139358812,980.350118457352,6.193786827540506,0.9441888377675536,12.5,38.5044515627041,66.80956631111877,16.964913191713062,0.9268408271710009,12.85733479966028,GOOD,16-QAM,MEDIUM
9.6522800886238,1956.0672025561475,7.39382592654621,0.9443888777755552,2.2,23.11642487296413,35.741172438354376,3.8979078565492458,0.36227076926108687,22.511600188106215,GOOD,64-QAM,HIGH
9.6522800886238,1956.0672025561475,7.39382592654621,0.9443888777755552,8.4,23.11642487296413,35.741172438354376,3.8979078565492458,1.3930507578806348,9.84368809469315,DEGRADED,16-QAM,MEDIUM
9.6522800886238,1956.0672025561475,7.39382592654621,0.9443888777755552,12.5,23.11642487296413,35.741172438354376,3.8979078565492458,2.104139873284511,5.679984440365786,DEGRADED,QPSK,LOW
22.360579041316456,1301.8068902296932,6.936060006797642,0.9445889177835568,2.2,35.70435113425087,51.27406926696905,14.67887193360911,0.21062390545676696,26.199991161008775,GOOD,64-QAM,HIGH
22.360579041316456,1301.8068902296932,6.936060006797642,0.9445889177835568,8.4,35.70435113425087,51.27406926696905,14.67887193360911,0.7953955142565369,13.978087447415476,GOOD,16-QAM,MEDIUM
22.360579041316456,1301.8068902296932,6.936060006797642,0.9445889177835568,12.5,35.70435113425087,51.27406926696905,14.67887193360911,1.1892754044067697,10.13159301834176,GOOD,16-QAM,MEDIUM
40.58908718285316,873.5599024800604,5.695464322549322,0.9447889577915584,2.2,36.796769596872274,45.06673720914037,11.831566044708012,0.12936548097693862,29.746327079690495,GOOD,64-QAM,HIGH
40.58908718285316,873.5599024800604,5.695464322549322,0.9447889577915584,8.4,36.796769596872274,45.06673720914037,11.831566044708012,0.48890193265580784,17.749658523218102,GOOD,64-QAM,HIGH
40.58908718285316,873.5599024800604,5.695464322549322,0.9447889577915584,12.5,36.796769596872274,45.06673720914037,11.831566044708012,0.7287908586079389,14.057155058342488,GOOD,16-QAM,MEDIUM
23.66896893053837,1256.3734640708635,6.86910113755221,0.94498899779956,2.2,6.91377638389043,84.9310037230018,3.452552754024282,0.07955052036376964,26.639620761851234,GOOD,64-QAM,HIGH
23.66896893053837,1256.3734640708635,6.86910113755221,0.94498899779956,8.4,6.91377638389043,84.9310037230018,3.452552754024282,0.30529084340561624,14.776748334015863,GOOD,16-QAM,MEDIUM
23.66896893053837,1256.3734640708635,6.86910113755221,0.94498899779956,12.5,6.91377638389043,84.9310037230018,3.452552754024282,0.44489148400885,11.184533154489145,GOOD,16-QAM,MEDIUM
5.019298248551721,2326.3237425567368,7.471239644730079,0.9451890378075616,2.2,48.30890124172684,81.1506381773523,25.019678981764883,1.1221133572861821,20.24602996354382,GOOD,64-QAM,HIGH
5.019298248551721,2326.3237425567368,7.471239644730079,0.9451890378075616,8.4,48.30890124172684,81.1506381773523,25.019678981764883,4.278554502053201,5.452456713983281,DEGRADED,QPSK,LOW
5.019298248551721,2326.3237425567368,7.471239644730079,0.9451890378075616,12.5,48.30890124172684,81.1506381773523,25.019678981764883,6.374825071378736,-0.09642839426574312,OUTAGE,LINK-OFF,NONE
82.77513070853982,604.3842803991611,0.9432288760579938,0.9453890778155633,2.2,41.05159735482155,64.78996447601182,-3.675452033987289,0.09832546952072109,32.97695771150557,GOOD,64-QAM,HIGH
82.77513070853982,604.3842803991611,0.9432288760579938,0.9453890778155633,8.4,41.05159735482155,64.78996447601182,-3.675452033987289,0.3778458362831273,21.060305239949642,GOOD,64-QAM,HIGH
82.77513070853982,604.3842803991611,0.9432288760579938,0.9453890778155633,12.5,41.05159735482155,64.78996447601182,-3.675452033987289,0.5613403763254128,17.42419616098387,GOOD,64-QAM,HIGH
76.72974995462897,614.9918707419483,1.721582984984019,0.9455891178235648,2.2,10.224173059791177,61.22078021229445,-7.346360891431644,0.035919529192792274,32.888239352358745,GOOD,64-QAM,HIGH
76.72974995462897,614.9918707419483,1.721582984984019,0.9455891178235648,8.4,10.224173059791177,61.22078021229445,-7.346360891431644,0.1383251063940404,21.148701670363977,GOOD,64-QAM,HIGH
76.72974995462897,614.9918707419483,1.721582984984019,0.9455891178235648,12.5,10.224173059791177,61.22078021229445,-7.346360891431644,0.20626962009757013,17.628142617736955,GOOD,64-QAM,HIGH
68.0948396763905,642.2496922666814,2.798035097240617,0.9457891578315664,2.2,9.308251787303512,85.84354767272383,28.38377165186396,0.03865384416225285,32.508814442460576,GOOD,64-QAM,HIGH
68.0948396763905,642.2496922666814,2.798035097240617,0.9457891578315664,8.4,9.308251787303512,85.84354767272383,28.38377165186396,0.14763173336788096,20.76270444846142,GOOD,64-QAM,HIGH
68.0948396763905,642.2496922666814,2.798035097240617,0.9457891578315664,12.5,9.308251787303512,85.84354767272383,28.38377165186396,0.22034151934065282,17.237380123565174,GOOD,64-QAM,HIGH
19.26424062991244,1422.7318942760148,7.080052859862398,0.945989197839568,2.2,6.283057278979137,85.94566697872892,23.296501561033992,0.08669759204049536,25.55238744206771,GOOD,64-QAM,HIGH
19.26424062991244,1422.7318942760148,7.080052859862398,0.945989197839568,8.4,6.283057278979137,85.94566697872892,23.296501561033992,0.33791528052083153,13.664037648793851,GOOD,16-QAM,MEDIUM
19.26424062991244,1422.7318942760148,7.080052859862398,0.945989197839568,12.5,6.283057278979137,85.94566697872892,23.296501561033992,0.4897864664535257,10.059551923937676,GOOD,16-QAM,MEDIUM
15.230903977848817,1613.608463871105,7.236562016331553,0.9461892378475696,2.2,6.918928127095919,88.15980752109962,14.926306207319897,0.12289688883963523,24.422686230348447,GOOD,64-QAM,HIGH
15.230903977848817,1613.608463871105,7.236562016331553,0.9461892378475696,8.4,6.918928127095919,88.15980752109962,14.926306207319897,0.4697707558885791,12.438680258505983,GOOD,16-QAM,MEDIUM
15.230903977848817,1613.608463871105,7.236562016331553,0.9461892378475696,12.5,6.918928127095919,88.15980752109962,14.926306207319897,0.6852017831428665,8.770634692328201,DEGRADED,16-QAM,MEDIUM
10.746403705152568,1880.668351216726,7.368465775343,0.9463892778555713,2.2,37.40808995143481,37.52273304649126,13.38948852362708,0.4547727627338667,22.760529298709898,GOOD,64-QAM,HIGH
10.746403705152568,1880.668351216726,7.368465775343,0.9463892778555713,8.4,37.40808995143481,37.52273304649126,13.38948852362708,1.7456129481824303,9.832557008467816,DEGRADED,16-QAM,MEDIUM
10.746403705152568,1880.668351216726,7.368465775343,0.9463892778555713,12.5,37.40808995143481,37.52273304649126,13.38948852362708,2.602578604537048,5.522976813189715,DEGRADED,QPSK,LOW
66.54248104569831,648.8363525782534,2.985517648199015,0.9465893178635728,2.2,23.482712847581176,39.63346864579022,14.87056897457131,0.06094337163227843,32.39789952689188,GOOD,64-QAM,HIGH
66.54248104569831,648.8363525782534,2.985517648199015,0.9465893178635728,8.4,23.482712847581176,39.63346864579022,14.87056897457131,0.2340807975908463,20.587629996139782,GOOD,64-QAM,HIGH
66.54248104569831,648.8363525782534,2.985517648199015,0.9465893178635728,12.5,23.482712847581176,39.63346864579022,14.87056897457131,0.34608025832434347,17.023015996482798,GOOD,64-QAM,HIGH
83.94867665847025,603.0704828813105,0.7906445657328457,0.9467893578715744,2.2,39.14670863699336,70.6042019207932,11.851203804933643,0.09621109941895697,32.997973832790414,GOOD,64-QAM,HIGH
83.94867665847025,603.0704828813105,0.7906445657328457,0.9467893578715744,8.4,39.14670863699336,70.6042019207932,11.851203804933643,0.3679248513428585,21.089127976072987,GOOD,64-QAM,HIGH
83.94867665847025,603.0704828813105,0.7906445657328457,0.9467893578715744,12.5,39.14670863699336,70.6042019207932,11.851203804933643,0.5475211313812555,17.456917157111107,GOOD,64-QAM,HIGH
41.59554477760815,859.1014145480494,5.608872855083556,0.946989397879576,2.2,37.31274471751027,62.48606859659069,9.644614791558958,0.13145992961787695,29.88919777151858,GOOD,64-QAM,HIGH
41.59554477760815,859.1014145480494,5.608872855083556,0.946989397879576,8.4,37.31274471751027,62.48606859659069,9.644614791558958,0.4984798920730908,17.885045704269842,GOOD,64-QAM,HIGH
41.59554477760815,859.1014145480494,5.608872855083556,0.946989397879576,12.5,37.31274471751027,62.48606859659069,9.644614791558958,0.7447478426635195,14.186163214755936,GOOD,16-QAM,MEDIUM
15.126957119664096,1619.0980745422592,7.240124693470414,0.9471894378875776,2.2,30.23063567526108,31.10795429359416,14.984530144306015,0.27281037703304856,24.243272880220275,GOOD,64-QAM,HIGH
15.126957119664096,1619.0980745422592,7.240124693470414,0.9471894378875776,8.4,30.23063567526108,31.10795429359416,14.984530144306015,1.040043681450957,11.838907471008838,GOOD,16-QAM,MEDIUM
15.126957119664096,1619.0980745422592,7.240124693470414,0.9471894378875776,12.5,30.23063567526108,31.10795429359416,14.984530144306015,1.5453446733972063,7.880991940139097,DEGRADED,QPSK,LOW
48.55338976222906,775.225712462061,4.9644139753054,0.9473894778955791,2.2,34.318330328933975,33.71850215937116,16.425758557988022,0.10441085119703739,30.8085721556533,GOOD,64-QAM,HIGH
48.55338976222906,775.225712462061,4.9644139753054,0.9473894778955791,8.4,34.318330328933975,33.71850215937116,16.425758557988022,0.4025718392546044,18.87327906280221,GOOD,64-QAM,HIGH
48.55338976222906,775.225712462061,4.9644139753054,0.9473894778955791,12.5,34.318330328933975,33.71850215937116,16.425758557988022,0.6035336699734096,15.219702693159917,GOOD,64-QAM,HIGH
34.65071213398356,974.0154464788016,6.169750884412795,0.9475895179035808,2.2,0.9177862189570896,83.28482293552831,24.595115704181048,0.034084080047368646,28.89614541917407,GOOD,64-QAM,HIGH
34.65071213398356,974.0154464788016,6.169750884412795,0.9475895179035808,8.4,0.9177862189570896,83.28482293552831,24.595115704181048,0.12873403768033756,17.164363356747586,GOOD,64-QAM,HIGH
34.65071213398356,974.0154464788016,6.169750884412795,0.9475895179035808,12.5,0.9177862189570896,83.28482293552831,24.595115704181048,0.19321439832795917,13.64726845717648,GOOD,16-QAM,MEDIUM
36.8601185697498,933.3536084206672,6.000767959444691,0.9477895579115824,2.2,15.588882340251098,82.13224773236317,25.56035803670113,0.07104809067322618,29.229574076226307,GOOD,64-QAM,HIGH
36.8601185697498,933.3536084206672,6.000767959444691,0.9477895579115824,8.4,15.588882340251098,82.13224773236317,25.56035803670113,0.2671261754146811,17.396363886691333,GOOD,64-QAM,HIGH
36.8601185697498,933.3536084206672,6.000767959444691,0.9477895579115824,12.5,15.588882340251098,82.13224773236317,25.56035803670113,0.4021281557452663,13.808747367437263,GOOD,16-QAM,MEDIUM
57.81310305323512,697.2562122319396,3.995120587651111,0.947989597919584,2.2,31.89110896297051,51.43625531976271,8.881454007007232,0.09013325079012548,31.74356528638024,GOOD,64-QAM,HIGH
57.81310305323512,697.2562122319396,3.995120587651111,0.947989597919584,8.4,31.89110896297051,51.43625531976271,8.881454007007232,0.34575178989447386,19.850814642482362,GOOD,64-QAM,HIGH
57.81310305323512,697.2562122319396,3.995120587651111,0.947989597919584,12.5,31.89110896297051,51.43625531976271,8.881454007007232,0.5141324765635609,16.229819416889796,GOOD,64-QAM,HIGH
66.0910396272872,650.8571251730737,3.039634201335306,0.9481896379275856,2.2,0.46724767431221,83.46303701583207,10.677026137174437,0.021382464078126388,32.41045064762099,GOOD,64-QAM,HIGH
66.0910396272872,650.8571251730737,3.039634201335306,0.9481896379275856,8.4,0.46724767431221,83.46303701583207,10.677026137174437,0.08109047489876049,20.71361053200684,GOOD,64-QAM,HIGH
66.0910396272872,650.8571251730737,3.039634201335306,0.9481896379275856,12.5,0.46724767431221,83.46303701583207,10.677026137174437,0.12107984348186697,17.221006624500248,GOOD,64-QAM,HIGH
14.401305904218672,1658.2911727919582,7.264331194916144,0.9483896779355871,2.2,1.6488471841296704,65.62050446387411,8.684858486811152,0.06885648903220376,24.23947411530088,GOOD,64-QAM,HIGH
14.401305904218672,1658.2911727919582,7.264331194916144,0.9483896779355871,8.4,1.6488471841296704,65.62050446387411,8.684858486811152,0.27002162969971033,12.401176869839858,GOOD,16-QAM,MEDIUM
14.401305904218672,1658.2911727919582,7.264331194916144,0.9483896779355871,12.5,1.6488471841296704,65.62050446387411,8.684858486811152,0.3939927817401678,8.82459117887592,DEGRADED,16-QAM,MEDIUM
8.025169618550493,2076.414020233392,7.426551265980883,0.9485897179435888,2.2,42.59439912351916,78.35433882113412,16.826788681285517,0.6783475493453538,21.676919781553366,GOOD,64-QAM,HIGH
8.025169618550493,2076.414020233392,7.426551265980883,0.9485897179435888,8.4,42.59439912351916,78.35433882113412,16.826788681285517,2.616941295052148,8.10119393105306,DEGRADED,16-QAM,MEDIUM
8.025169618550493,2076.414020233392,7.426551265980883,0.9485897179435888,12.5,42.59439912351916,78.35433882113412,16.826788681285517,3.872338463373475,3.393182223808239,DEGRADED,QPSK,LOW
89.51807572828577,600.0193980014537,0.0630829958145369,0.9487897579515904,2.2,34.20124308460359,55.64586426961286,12.667676895709764,0.08192145818164774,33.05631910740758,GOOD,64-QAM,HIGH
89.51807572828577,600.0193980014537,0.0630829958145369,0.9487897579515904,8.4,34.20124308460359,55.64586426961286,12.667676895709764,0.3137611114330988,21.18734734936261,GOOD,64-QAM,HIGH
89.51807572828577,600.0193980014537,0.0630829958145369,0.9487897579515904,12.5,34.20124308460359,55.64586426961286,12.667676895709764,0.46693393397599325,17.581559987896227,GOOD,64-QAM,HIGH
24.781909657821902,1220.09928940889,6.809324020648297,0.948989797959592,2.2,13.268486656017195,36.803899640694524,34.47982315680968,0.09553253057159015,26.878110369197557,GOOD,64-QAM,HIGH
24.781909657821902,1220.09928940889,6.809324020648297,0.948989797959592,8.4,13.268486656017195,36.803899640694524,34.47982315680968,0.35994575013338076,14.976565044842246,GOOD,16-QAM,MEDIUM
24.781909657821902,1220.09928940889,6.809324020648297,0.948989797959592,12.5,13.268486656017195,36.803899640694524,34.47982315680968,0.5480857554574171,11.335810500594718,GOOD,16-QAM,MEDIUM
9.57559461721902,1961.515159475569,7.395502376118561,0.9491898379675936,2.2,34.39814200593545,56.023623758760976,24.81806334582363,0.4936932013720495,22.35601980413304,GOOD,64-QAM,HIGH
9.57559461721902,1961.515159475569,7.395502376118561,0.9491898379675936,8.4,34.39814200593545,56.023623758760976,24.81806334582363,1.8866374775523347,9.32594342315923,DEGRADED,16-QAM,MEDIUM
9.57559461721902,1961.515159475569,7.395502376118561,0.9491898379675936,12.5,34.39814200593545,56.023623758760976,24.81806334582363,2.81905903785934,4.940907323928741,DEGRADED,QPSK,LOW
21.1394029731532,1347.135055169114,6.995293051794132,0.9493898779755952,2.2,39.62283345696317,57.43798787981388,34.93281918772228,0.25725731420554915,25.8560663193379,GOOD,64-QAM,HIGH
21.1394029731532,1347.135055169114,6.995293051794132,0.9493898779755952,8.4,39.62283345696317,57.43798787981388,34.93281918772228,0.9898531488426645,13.486338379907252,GOOD,16-QAM,MEDIUM
21.1394029731532,1347.135055169114,6.995293051794132,0.9493898779755952,12.5,39.62283345696317,57.43798787981388,34.93281918772228,1.4685167312698053,9.555060258556637,DEGRADED,16-QAM,MEDIUM
8.311416939619459,2054.508076309168,7.42122753410655,0.9495899179835968,2.2,15.339714155505064,63.05665163043618,25.45684957797128,0.3089853295013443,22.138403997637155,GOOD,64-QAM,HIGH
8.311416939619459,2054.508076309168,7.42122753410655,0.9495899179835968,8.4,15.339714155505064,63.05665163043618,25.45684957797128,1.1783288216093746,9.631928400735603,DEGRADED,16-QAM,MEDIUM
8.311416939619459,2054.508076309168,7.42122753410655,0.9495899179835968,12.5,15.339714155505064,63.05665163043618,25.45684957797128,1.7359831939522592,5.621659489469224,DEGRADED,QPSK,LOW
38.3039260424596,908.9710959338216,5.885504249731118,0.9497899579915984,2.2,1.8018688749593723,36.33496277426568,38.549607426190704,0.022285029729924175,29.508259884678715,GOOD,64-QAM,HIGH
38.3039260424596,908.9710959338216,5.885504249731118,0.9497899579915984,8.4,1.8018688749593723,36.33496277426568,38.549607426190704,0.08422039832040328,17.809192411294717,GOOD,64-QAM,HIGH
38.3039260424596,908.9710959338216,5.885504249731118,0.9497899579915984,12.5,1.8018688749593723,36.33496277426568,38.549607426190704,0.1241085405571495,14.316689730134485,GOOD,16-QAM,MEDIUM
73.20415167836256,624.2976571806321,2.167218212831614,0.9499899979996,2.2,46.638956234386725,89.48411178297668,21.786838912763454,0.1156488569995029,32.67806342365163,GOOD,64-QAM,HIGH
73.20415167836256,624.2976571806321,2.167218212831614,0.9499899979996,8.4,46.638956234386725,89.48411178297668,21.786838912763454,0.44387730376523893,20.71270287209238,GOOD,64-QAM,HIGH
73.20415167836256,624.2976571806321,2.167218212831614,0.9499899979996,12.5,46.638956234386725,89.48411178297668,21.786838912763454,0.657419437855869,17.046546199078264,GOOD,64-QAM,HIGH
34.00577822940625,986.7111704158016,6.217358806668855,0.9501900380076016,2.2,17.258991914781525,44.64820924841438,38.177506908152736,0.07736811389297209,28.740377373347727,GOOD,64-QAM,HIGH
34.00577822940625,986.7111704158016,6.217358806668855,0.9501900380076016,8.4,17.258991914781525,44.64820924841438,38.177506908152736,0.2976407039388287,16.882972678508352,GOOD,64-QAM,HIGH
34.00577822940625,986.7111704158016,6.217358806668855,0.9501900380076016,12.5,17.258991914781525,44.64820924841438,38.177506908152736,0.445368242491836,13.282630601031855,GOOD,16-QAM,MEDIUM
42.75558958466116,843.2359860927791,5.506922133078569,0.9503900780156032,2.2,5.324088164235318,41.913144212225575,-2.091505479528696,0.027659424098643026,30.154904313567144,GOOD,64-QAM,HIGH
42.75558958466116,843.2359860927791,5.506922133078569,0.9503900780156032,8.4,5.324088164235318,41.913144212225575,-2.091505479528696,0.1027788875229522,18.442652745349307,GOOD,64-QAM,HIGH
42.75558958466116,843.2359860927791,5.506922133078569,0.9503900780156032,12.5,5.324088164235318,41.913144212225575,-2.091505479528696,0.1574381918063533,14.935378902142432,GOOD,16-QAM,MEDIUM
62.4248757532323,669.12452151241,3.471834254663375,0.9505901180236048,2.2,24.59284356965737,61.60817513135619,-7.376115958529807,0.07223065284867387,32.11917681411134,GOOD,64-QAM,HIGH
62.4248757532323,669.12452151241,3.471834254663375,0.9505901180236048,8.4,24.59284356965737,61.60817513135619,-7.376115958529807,0.27568335563005103,20.278592006536442,GOOD,64-QAM,HIGH
62.4248757532323,669.12452151241,3.471834254663375,0.9505901180236048,12.5,24.59284356965737,61.60817513135619,-7.376115958529807,0.40959877995066374,16.69206204329234,GOOD,64-QAM,HIGH
48.25599595593982,778.3030313411409,4.993526910506366,0.9507901580316064,2.2,38.42338978320669,62.23249076369332,18.95625926019296,0.12381655176385514,30.754755392875282,GOOD,64-QAM,HIGH
48.25599595593982,778.3030313411409,4.993526910506366,0.9507901580316064,8.4,38.42338978320669,62.23249076369332,18.95625926019296,0.4720526709407046,18.769387168904913,GOOD,64-QAM,HIGH
48.25599595593982,778.3030313411409,4.993526910506366,0.9507901580316064,12.5,38.42338978320669,62.23249076369332,18.95625926019296,0.7086660055533923,15.08015929536873,GOOD,64-QAM,HIGH
78.22288331181255,611.7598114443363,1.5307881490714532,0.950990198039608,2.2,11.082365730877958,56.389244269994656,39.17466028998874,0.03662925390815551,32.93329826318132,GOOD,64-QAM,HIGH
78.22288331181255,611.7598114443363,1.5307881490714532,0.950990198039608,8.4,11.082365730877958,56.389244269994656,39.17466028998874,0.13980139343049358,21.192994018865463,GOOD,64-QAM,HIGH
78.22288331181255,611.7598114443363,1.5307881490714532,0.950990198039608,12.5,11.082365730877958,56.389244269994656,39.17466028998874,0.20771139862355956,17.672469474748908,GOOD,64-QAM,HIGH
78.6130323788893,610.9827337421038,1.4807577361841835,0.9511902380476096,2.2,13.474502506668168,76.31352877951527,10.88026236511984,0.04542011199837203,32.93554752485638,GOOD,64-QAM,HIGH
78.6130323788893,610.9827337421038,1.4807577361841835,0.9511902380476096,8.4,13.474502506668168,76.31352877951527,10.88026236511984,0.17455782220124,21.169277709859998,GOOD,64-QAM,HIGH
78.6130323788893,610.9827337421038,1.4807577361841835,0.9511902380476096,12.5,13.474502506668168,76.31352877951527,10.88026236511984,0.25897969132110865,17.63224130181665,GOOD,64-QAM,HIGH
5.84240911674806,2254.198302835081,7.461042274387442,0.9513902780556112,2.2,12.13574933992916,60.99926404371616,0.6021681096479803,0.3575777277919892,21.284126286346307,GOOD,64-QAM,HIGH
5.84240911674806,2254.198302835081,7.461042274387442,0.9513902780556112,8.4,12.13574933992916,60.99926404371616,0.6021681096479803,1.403773294400644,8.600798614944125,DEGRADED,16-QAM,MEDIUM
5.84240911674806,2254.198302835081,7.461042274387442,0.9513902780556112,12.5,12.13574933992916,60.99926404371616,0.6021681096479803,2.0439199837986863,4.508037386622604,DEGRADED,QPSK,LOW
71.13393605107193,630.9084331893082,2.4251774925306813,0.9515903180636128,2.2,49.58365264158391,66.58172730869904,16.077072459675698,0.11773955051224005,32.58448018211517,GOOD,64-QAM,HIGH
71.13393605107193,630.9084331893082,2.4251774925306813,0.9515903180636128,8.4,49.58365264158391,66.58172730869904,16.077072459675698,0.4485717180383883,20.616515909795496,GOOD,64-QAM,HIGH
71.13393605107193,630.9084331893082,2.4251774925306813,0.9515903180636128,12.5,49.58365264158391,66.58172730869904,16.077072459675698,0.6682894101355998,16.944183678774806,GOOD,64-QAM,HIGH
44.16235602054228,825.0782591684947,5.380263737213714,0.9517903580716144,2.2,9.870186686527129,73.42478312446713,22.43993122894443,0.049180664015756784,30.322462847617594,GOOD,64-QAM,HIGH
44.16235602054228,825.0782591684947,5.380263737213714,0.9517903580716144,8.4,9.870186686527129,73.42478312446713,22.43993122894443,0.1877273217514498,18.546784085088376,GOOD,64-QAM,HIGH
44.16235602054228,825.0782591684947,5.380263737213714,0.9517903580716144,12.5,9.870186686527129,73.42478312446713,22.43993122894443,0.27717452826368383,15.004722339652659,GOOD,64-QAM,HIGH
89.05144601081136,600.0751544596606,0.124159755013463,0.951990398079616,2.2,28.7760108483062,31.501506093832,5.758934775794447,0.06566383722974695,33.0717696345485,GOOD,64-QAM,HIGH
89.05144601081136,600.0751544596606,0.124159755013463,0.951990398079616,8.4,28.7760108483062,31.501506093832,5.758934775794447,0.25062935062135705,21.249672016363377,GOOD,64-QAM,HIGH
89.05144601081136,600.0751544596606,0.124159755013463,0.951990398079616,12.5,28.7760108483062,31.501506093832,5.758934775794447,0.37280803146732044,17.67487879659393,GOOD,64-QAM,HIGH
46.07472644941199,802.1623175902296,5.202897005314589,0.9521904380876176,2.2,46.26323208284822,64.23865095270268,25.738467924962976,0.14833498914903112,30.46796626061694,GOOD,64-QAM,HIGH
46.07472644941199,802.1623175902296,5.202897005314589,0.9521904380876176,8.4,46.26323208284822,64.23865095270268,25.738467924962976,0.5642508640081717,18.414918280964272,GOOD,64-QAM,HIGH
46.07472644941199,802.1623175902296,5.202897005314589,0.9521904380876176,12.5,46.26323208284822,64.23865095270268,25.738467924962976,0.840983365612717,14.685571240436246,GOOD,16-QAM,MEDIUM
88.88615535800528,600.1036324706083,0.1457927391985342,0.9523904780956192,2.2,7.344828443888963,83.05166827370215,38.75572535228629,0.032273135162524065,33.10474813659529,GOOD,64-QAM,HIGH
88.88615535800528,600.1036324706083,0.1457927391985342,0.9523904780956192,8.4,7.344828443888963,83.05166827370215,38.75572535228629,0.12424129370482968,21.375647873259467,GOOD,64-QAM,HIGH
88.88615535800528,600.1036324706083,0.1457927391985342,0.9523904780956192,12.5,7.344828443888963,83.05166827370215,38.75572535228629,0.18431529319723142,17.86295933484358,GOOD,64-QAM,HIGH
69.13839570248761,638.1286648987661,2.670839096157862,0.9525905181036208,2.2,48.54270989338501,31.04332457552604,34.848156085530846,0.11218077277828854,32.49120053723752,GOOD,64-QAM,HIGH
69.13839570248761,638.1286648987661,2.670839096157862,0.9525905181036208,8.4,48.54270989338501,31.04332457552604,34.848156085530846,0.42840596684671095,20.537843238375572,GOOD,64-QAM,HIGH
69.13839570248761,638.1286648987661,2.670839096157862,0.9525905181036208,12.5,48.54270989338501,31.04332457552604,34.848156085530846,0.6394702705779041,16.874164395720896,GOOD,64-QAM,HIGH
26.13141519213104,1178.82896331373,6.733396670861588,0.9527905581116224,2.2,47.37386171978123,54.31092622805767,4.579268675609763,0.2401458794758715,27.03238454937867,GOOD,64-QAM,HIGH
26.13141519213104,1178.82896331373,6.733396670861588,0.9527905581116224,8.4,47.37386171978123,54.31092622805767,4.579268675609763,0.9119462298316902,14.72345209422933,GOOD,16-QAM,MEDIUM
26.13141519213104,1178.82896331373,6.733396670861588,0.9527905581116224,12.5,47.37386171978123,54.31092622805767,4.579268675609763,1.3605156575802722,10.822268127557265,GOOD,16-QAM,MEDIUM
50.763573239391405,753.5861432811444,4.743913942203671,0.952990598119624,2.2,44.22859935291313,85.5736470123498,6.336184157229916,0.13425254002812273,31.024635759929616,GOOD,64-QAM,HIGH
50.763573239391405,753.5861432811444,4.743913942203671,0.952990598119624,8.4,44.22859935291313,85.5736470123498,6.336184157229916,0.5135086966804115,19.008247498483797,GOOD,64-QAM,HIGH
50.763573239391405,753.5861432811444,4.743913942203671,0.952990598119624,12.5,44.22859935291313,85.5736470123498,6.336184157229916,0.7695094732547715,15.29963218298596,GOOD,64-QAM,HIGH
89.33152935567954,600.0373227914279,0.087500617605072,0.9531906381276256,2.2,10.727826066500112,51.18926413695227,8.57706122247943,0.0341788699457324,33.1038022199957,GOOD,64-QAM,HIGH
89.33152935567954,600.0373227914279,0.087500617605072,0.9531906381276256,8.4,10.727826066500112,51.18926413695227,8.57706122247943,0.13086509036820873,21.369983894779708,GOOD,64-QAM,HIGH
89.33152935567954,600.0373227914279,0.087500617605072,0.9531906381276256,12.5,10.727826066500112,51.18926413695227,8.57706122247943,0.19639651096250144,17.851837935261926,GOOD,64-QAM,HIGH
77.89010165891351,612.4445798357128,1.57340610209609,0.9533906781356272,2.2,31.702752800549167,57.52372945201445,9.727638919682269,0.07835180546967219,32.881858668717776,GOOD,64-QAM,HIGH
77.89010165891351,612.4445798357128,1.57340610209609,0.9533906781356272,8.4,31.702752800549167,57.52372945201445,9.727638919682269,0.2998802604825805,21.023198108911345,GOOD,64-QAM,HIGH
77.89010165891351,612.4445798357128,1.57340610209609,0.9533906781356272,12.5,31.702752800549167,57.52372945201445,9.727638919682269,0.446745600217014,17.423718230253428,GOOD,64-QAM,HIGH
13.276185972253794,1722.1732574275284,7.299558037666586,0.9535907181436288,2.2,38.044573648062006,88.89248358265877,-4.984025040336029,0.40803879943347915,23.571970763028247,GOOD,64-QAM,HIGH
13.276185972253794,1722.1732574275284,7.299558037666586,0.9535907181436288,8.4,38.044573648062006,88.89248358265877,-4.984025040336029,1.5597558862010186,10.783121571467191,GOOD,16-QAM,MEDIUM
13.276185972253794,1722.1732574275284,7.299558037666586,0.9535907181436288,12.5,38.044573648062006,88.89248358265877,-4.984025040336029,2.328993419034946,6.5612694997097805,DEGRADED,QPSK,LOW
65.04161972884967,655.7433045374873,3.164698553570683,0.9537907581516304,2.2,49.301396409821486,41.959431537034426,28.098141944464462,0.11738516204161034,32.24948392303023,GOOD,64-QAM,HIGH
65.04161972884967,655.7433045374873,3.164698553570683,0.9537907581516304,8.4,49.301396409821486,41.959431537034426,28.098141944464462,0.445264969804129,20.28447201047419,GOOD,64-QAM,HIGH
65.04161972884967,655.7433045374873,3.164698553570683,0.9537907581516304,12.5,49.301396409821486,41.959431537034426,28.098141944464462,0.6672495925322479,16.60987284882259,GOOD,64-QAM,HIGH
34.37426479901911,979.4095400577166,6.190253834032963,0.953990798159632,2.2,9.02119110406852,33.91531134750036,8.266963180535022,0.04795600051557991,28.834303783020076,GOOD,64-QAM,HIGH
34.37426479901911,979.4095400577166,6.190253834032963,0.953990798159632,8.4,9.02119110406852,33.91531134750036,8.266963180535022,0.18581840173431777,17.059309277007813,GOOD,64-QAM,HIGH
34.37426479901911,979.4095400577166,6.190253834032963,0.953990798159632,12.5,9.02119110406852,33.91531134750036,8.266963180535022,0.2785775530604789,13.51393558675818,GOOD,16-QAM,MEDIUM
5.59349225982959,2275.7101789419967,7.464288578802336,0.9541908381676336,2.2,38.30129497596482,81.56535545167826,33.99099883527261,0.8861928468782969,20.67301449558049,GOOD,64-QAM,HIGH
5.59349225982959,2275.7101789419967,7.464288578802336,0.9541908381676336,8.4,38.30129497596482,81.56535545167826,33.99099883527261,3.403507160829858,6.5185680768354075,DEGRADED,QPSK,LOW
5.59349225982959,2275.7101789419967,7.464288578802336,0.9541908381676336,12.5,38.30129497596482,81.56535545167826,33.99099883527261,5.002958720984559,1.4665019777572184,DEGRADED,LINK-OFF,NONE
39.295882367294965,893.1412767219736,5.804142948262849,0.9543908781756352,2.2,16.940058496355647,82.10792047274211,36.34703115600544,0.07629916842253309,29.606843998215517,GOOD,64-QAM,HIGH
39.295882367294965,893.1412767219736,5.804142948262849,0.9543908781756352,8.4,16.940058496355647,82.10792047274211,36.34703115600544,0.2918010238401893,17.75421003800433,GOOD,64-QAM,HIGH
39.295882367294965,893.1412767219736,5.804142948262849,0.9543908781756352,12.5,16.940058496355647,82.10792047274211,36.34703115600544,0.4326489740013335,14.160747548919701,GOOD,16-QAM,MEDIUM
24.95412584662256,1214.6712304405687,6.799844009541529,0.9545909181836368,2.2,8.781323278400116,58.32467008080079,-8.778434534615595,0.07695899533273533,26.935412481831555,GOOD,64-QAM,HIGH
24.95412584662256,1214.6712304405687,6.799844009541529,0.9545909181836368,8.4,8.781323278400116,58.32467008080079,-8.778434534615595,0.29529168682567625,15.079947685545093,GOOD,64-QAM,HIGH
24.95412584662256,1214.6712304405687,6.799844009541529,0.9545909181836368,12.5,8.781323278400116,58.32467008080079,-8.778434534615595,0.4432470139485265,11.479377819498765,GOOD,16-QAM,MEDIUM
74.60388799424008,620.315370406448,1.991180212496404,0.9547909581916384,2.2,21.068847060692747,60.85243046863717,39.42515349641031,0.05744507059583463,32.791850464769425,GOOD,64-QAM,HIGH
74.60388799424008,620.315370406448,1.991180212496404,0.9547909581916384,8.4,21.068847060692747,60.85243046863717,39.42515349641031,0.2189077686550423,20.99325566191669,GOOD,64-QAM,HIGH
74.60388799424008,620.315370406448,1.991180212496404,0.9547909581916384,12.5,21.068847060692747,60.85243046863717,39.42515349641031,0.32795382276183954,17.43159506888641,GOOD,64-QAM,HIGH
33.673101751890066,993.4148260297349,6.2416088202505895,0.95499099819964,2.2,39.69179560743082,80.14838217707016,25.501136575009227,0.1686558845425935,28.59027775396178,GOOD,64-QAM,HIGH
33.673101751890066,993.4148260297349,6.2416088202505895,0.95499099819964,8.4,39.69179560743082,80.14838217707016,25.501136575009227,0.645001092700053,16.476800441010795,GOOD,64-QAM,HIGH
33.673101751890066,993.4148260297349,6.2416088202505895,0.95499099819964,12.5,39.69179560743082,80.14838217707016,25.501136575009227,0.96345451961638,12.70573247517099,GOOD,16-QAM,MEDIUM
75.33951398607445,618.3756874064111,1.8981810667587,0.9551910382076416,2.2,23.24249018520261,74.3135698869477,16.019611299648115,0.06501351353914622,32.811484747050805,GOOD,64-QAM,HIGH
75.33951398607445,618.3756874064111,1.8981810667587,0.9551910382076416,8.4,23.24249018520261,74.3135698869477,16.019611299648115,0.24816583818117854,20.991200317615252,GOOD,64-QAM,HIGH
75.33951398607445,618.3756874064111,1.8981810667587,0.9551910382076416,12.5,23.24249018520261,74.3135698869477,16.019611299648115,0.3685383912545628,17.418213225618388,GOOD,64-QAM,HIGH
5.050824800957601,2323.508706395022,7.470877453333155,0.9553910782156432,2.2,26.876155010152424,45.90894013302064,9.476380418627665,0.6272691894387588,20.751391110952724,GOOD,64-QAM,HIGH
5.050824800957601,2323.508706395022,7.470877453333155,0.9553910782156432,8.4,26.876155010152424,45.90894013302064,9.476380418627665,2.3989982551028506,7.342529940495112,DEGRADED,QPSK,LOW
5.050824800957601,2323.508706395022,7.470877453333155,0.9553910782156432,12.5,26.876155010152424,45.90894013302064,9.476380418627665,3.5924137391365996,2.696499917537878,DEGRADED,QPSK,LOW
31.164627752220127,1047.5874582909523,6.417629305671356,0.9555911182236448,2.2,49.75797051000606,31.013601304291107,15.925906630485644,0.20855383656200782,28.089186738711923,GOOD,64-QAM,HIGH
31.164627752220127,1047.5874582909523,6.417629305671356,0.9555911182236448,8.4,49.75797051000606,31.013601304291107,15.925906630485644,0.7938567222920689,15.86675174818835,GOOD,64-QAM,HIGH
31.164627752220127,1047.5874582909523,6.417629305671356,0.9555911182236448,12.5,49.75797051000606,31.013601304291107,15.925906630485644,1.1721931691709349,12.035800762385989,GOOD,16-QAM,MEDIUM
25.49904321615977,1197.8109864971102,6.769443550057336,0.9557911582316464,2.2,19.9554649778713,58.78200975201274,6.231236198922222,0.11726470375965856,27.016515836220165,GOOD,64-QAM,HIGH
25.49904321615977,1197.8109864971102,6.769443550057336,0.9557911582316464,8.4,19.9554649778713,58.78200975201274,6.231236198922222,0.4463557099946835,15.050292725191625,GOOD,64-QAM,HIGH
25.49904321615977,1197.8109864971102,6.769443550057336,0.9557911582316464,12.5,19.9554649778713,58.78200975201274,6.231236198922222,0.6670395904186724,11.37699430584415,GOOD,16-QAM,MEDIUM
24.85322569083193,1217.8456150184643,6.805405733991477,0.955991198239648,2.2,30.77003773546199,81.53473956573848,21.13439068482741,0.18459227951062057,26.805109369228425,GOOD,64-QAM,HIGH
24.85322569083193,1217.8456150184643,6.805405733991477,0.955991198239648,8.4,30.77003773546199,81.53473956573848,21.13439068482741,0.7113457910001183,14.641223752945407,GOOD,16-QAM,MEDIUM
24.85322569083193,1217.8456150184643,6.805405733991477,0.955991198239648,12.5,30.77003773546199,81.53473956573848,21.13439068482741,1.0549739596815826,10.844981045340461,GOOD,16-QAM,MEDIUM
10.795862680064328,1877.3612379714343,7.367255842089727,0.9561912382476496,2.2,18.2622100807686,83.75008060140973,-5.350986177760438,0.27641741864974007,22.954172030720372,GOOD,64-QAM,HIGH
10.795862680064328,1877.3612379714343,7.367255842089727,0.9561912382476496,8.4,18.2622100807686,83.75008060140973,-5.350986177760438,1.0466497671232315,10.546807577453365,GOOD,16-QAM,MEDIUM
10.795862680064328,1877.3612379714343,7.367255842089727,0.9561912382476496,12.5,18.2622100807686,83.75008060140973,-5.350986177760438,1.5482989328838188,6.5925438727692836,DEGRADED,QPSK,LOW
20.905562984892647,1356.1547696858534,7.006273750262126,0.9563912782556512,2.2,19.63928231643525,87.37357182456924,21.05613014559051,0.147724939517623,25.90763632915585,GOOD,64-QAM,HIGH
20.905562984892647,1356.1547696858534,7.006273750262126,0.9563912782556512,8.4,19.63928231643525,87.37357182456924,21.05613014559051,0.5698307194288753,13.848398444451064,GOOD,16-QAM,MEDIUM
20.905562984892647,1356.1547696858534,7.006273750262126,0.9563912782556512,12.5,19.63928231643525,87.37357182456924,21.05613014559051,0.8394034025505763,10.126211222405885,GOOD,16-QAM,MEDIUM
52.22171344027769,740.4307285989526,4.594556728446062,0.9565913182636528,2.2,34.782037672270405,82.77379425676688,3.767242506922205,0.10828894293705843,31.203568758611517,GOOD,64-QAM,HIGH
52.22171344027769,740.4307285989526,4.594556728446062,0.9565913182636528,8.4,34.782037672270405,82.77379425676688,3.767242506922205,0.4147036687971954,19.26002192795785,GOOD,64-QAM,HIGH
52.22171344027769,740.4307285989526,4.594556728446062,0.9565913182636528,12.5,34.782037672270405,82.77379425676688,3.767242506922205,0.6170815987708943,15.605029459060674,GOOD,64-QAM,HIGH
29.76569119120828,1080.814728952564,6.510471649630361,0.9567913582716544,2.2,46.894348804744176,64.8026133178859,-9.118258547382682,0.2190527019692991,27.80746859233529,GOOD,64-QAM,HIGH
29.76569119120828,1080.814728952564,6.510471649630361,0.9567913582716544,8.4,46.894348804744176,64.8026133178859,-9.118258547382682,0.8356340210590592,15.553755168452,GOOD,64-QAM,HIGH
29.76569119120828,1080.814728952564,6.510471649630361,0.9567913582716544,12.5,46.894348804744176,64.8026133178859,-9.118258547382682,1.2435833795756994,11.693191271011884,GOOD,16-QAM,MEDIUM
40.47855649797758,875.1885695413948,5.704867309347503,0.956991398279656,2.2,27.11794752461607,56.67633595416605,17.635288308143878,0.1026818690752064,29.756831776592897,GOOD,64-QAM,HIGH
40.47855649797758,875.1885695413948,5.704867309347503,0.956991398279656,8.4,27.11794752461607,56.67633595416605,17.635288308143878,0.3886807002121964,17.833700840662388,GOOD,64-QAM,HIGH
40.47855649797758,875.1885695413948,5.704867309347503,0.956991398279656,12.5,27.11794752461607,56.67633595416605,17.635288308143878,0.5837673370916939,14.185999664859395,GOOD,16-QAM,MEDIUM
37.033684829511024,930.3349028700696,5.987111686991201,0.9571914382876576,2.2,38.41999644743899,76.49099079204595,18.92238779263482,0.15820272824876233,29.17055736624301,GOOD,64-QAM,HIGH
37.033684829511024,930.3349028700696,5.987111686991201,0.9571914382876576,8.4,38.41999644743899,76.49099079204595,18.92238779263482,0.6060243489300561,17.0856036407682,GOOD,64-QAM,HIGH
37.033684829511024,930.3349028700696,5.987111686991201,0.9571914382876576,12.5,38.41999644743899,76.49099079204595,18.92238779263482,0.8975095240871355,13.341503926687622,GOOD,16-QAM,MEDIUM
79.45191862499104,609.4052549488943,1.372954405596576,0.9573914782956592,2.2,4.460327940848191,74.38929806193579,11.328450235576804,0.02566183151846426,32.97776065487973,GOOD,64-QAM,HIGH
79.45191862499104,609.4052549488943,1.372954405596576,0.9573914782956592,8.4,4.460327940848191,74.38929806193579,11.328450235576804,0.09855046419936266,21.267739917405308,GOOD,64-QAM,HIGH
79.45191862499104,609.4052549488943,1.372954405596576,0.9573914782956592,12.5,4.460327940848191,74.38929806193579,11.328450235576804,0.14539244966834616,17.768283393012837,GOOD,64-QAM,HIGH
81.95041491589382,605.4497701537648,1.0502253710727578,0.9575915183036608,2.2,10.557901871596348,62.28860580488726,-6.385688372484157,0.03636060430523143,33.02362340604975,GOOD,64-QAM,HIGH
81.95041491589382,605.4497701537648,1.0502253710727578,0.9575915183036608,8.4,10.557901871596348,62.28860580488726,-6.385688372484157,0.14051976967544783,21.28233213588601,GOOD,64-QAM,HIGH
81.95041491589382,605.4497701537648,1.0502253710727578,0.9575915183036608,12.5,10.557901871596348,62.28860580488726,-6.385688372484157,0.20881076076217472,17.761426605875798,GOOD,64-QAM,HIGH
46.90134259074811,792.8469328414894,5.12442497903572,0.9577915583116624,2.2,25.106582045976623,35.239642353508145,34.66714764020958,0.08180368555821523,30.635955689069164,GOOD,64-QAM,HIGH
46.90134259074811,792.8469328414894,5.12442497903572,0.9577915583116624,8.4,25.106582045976623,35.239642353508145,34.66714764020958,0.3120419554128338,18.768585314421017,GOOD,64-QAM,HIGH
46.90134259074811,792.8469328414894,5.12442497903572,0.9577915583116624,12.5,25.106582045976623,35.239642353508145,34.66714764020958,0.4611379563048596,15.166874774605517,GOOD,64-QAM,HIGH
33.063255776826374,1005.9855182025271,6.285515727817638,0.957991598319664,2.2,1.0005861814387396,85.56488080721513,20.571540361394444,0.037574974830979074,28.612136832298894,GOOD,64-QAM,HIGH
33.063255776826374,1005.9855182025271,6.285515727817638,0.957991598319664,8.4,1.0005861814387396,85.56488080721513,20.571540361394444,0.14194093894968615,16.870638763386665,GOOD,64-QAM,HIGH
33.063255776826374,1005.9855182025271,6.285515727817638,0.957991598319664,12.5,1.0005861814387396,85.56488080721513,20.571540361394444,0.2129527761388463,13.34701238727402,GOOD,16-QAM,MEDIUM
14.07805984020091,1676.2499919277482,7.274739233926581,0.9581916383276656,2.2,12.64274893812794,57.33615225009973,-4.214335021551521,0.15032239675216483,24.0644482114389,GOOD,64-QAM,HIGH
14.07805984020091,1676.2499919277482,7.274739233926581,0.9581916383276656,8.4,12.64274893812794,57.33615225009973,-4.214335021551521,0.5907030519809333,11.986935451416599,GOOD,16-QAM,MEDIUM
14.07805984020091,1676.2499919277482,7.274739233926581,0.9581916383276656,12.5,12.64274893812794,57.33615225009973,-4.214335021551521,0.8660621467085845,8.258961817765467,DEGRADED,16-QAM,MEDIUM
86.03924474747808,601.3124405181461,0.51804881910381,0.9583916783356672,2.2,25.870064491248307,51.80002691497586,15.546528829707384,0.06342044030275355,33.0561221626181,GOOD,64-QAM,HIGH
86.03924474747808,601.3124405181461,0.51804881910381,0.9583916783356672,8.4,25.870064491248307,51.80002691497586,15.546528829707384,0.24289455824669673,21.239515939880633,GOOD,64-QAM,HIGH
86.03924474747808,601.3124405181461,0.51804881910381,0.9583916783356672,12.5,25.870064491248307,51.80002691497586,15.546528829707384,0.36191527863260065,17.66788068057126,GOOD,64-QAM,HIGH
10.119290316525284,1923.3553075650784,7.383330613418527,0.9585917183436689,2.2,0.7480599128150356,67.7740437101263,14.862715797423572,0.10056498518503725,22.91979099325701,GOOD,64-QAM,HIGH
10.119290316525284,1923.3553075650784,7.383330613418527,0.9585917183436689,8.4,0.7480599128150356,67.7740437101263,14.862715797423572,0.3878875871649983,10.995336286483521,GOOD,16-QAM,MEDIUM
10.119290316525284,1923.3553075650784,7.383330613418527,0.9585917183436689,12.5,0.7480599128150356,67.7740437101263,14.862715797423572,0.5779703604311375,7.352638974293896,DEGRADED,QPSK,LOW
30.30027359330384,1067.845634815632,6.475448560688041,0.9587917583516704,2.2,13.227314311302084,70.43027767001861,-6.979906560353651,0.08418634125105658,28.047190508924146,GOOD,64-QAM,HIGH
30.30027359330384,1067.845634815632,6.475448560688041,0.9587917583516704,8.4,13.227314311302084,70.43027767001861,-6.979906560353651,0.32548560008561206,16.168759145296065,GOOD,64-QAM,HIGH
30.30027359330384,1067.845634815632,6.475448560688041,0.9587917583516704,12.5,13.227314311302084,70.43027767001861,-6.979906560353651,0.485913918357297,12.555716288100896,GOOD,16-QAM,MEDIUM
30.33562709945036,1066.9999932608166,6.473112474713712,0.958991798359672,2.2,25.70154097379348,42.64127502181809,20.342985180147373,0.12730739998581922,28.010950649940845,GOOD,64-QAM,HIGH
30.33562709945036,1066.9999932608166,6.473112474713712,0.958991798359672,8.4,25.70154097379348,42.64127502181809,20.342985180147373,0.49269271450039526,16.008433230632747,GOOD,64-QAM,HIGH
30.33562709945036,1066.9999932608166,6.473112474713712,0.958991798359672,12.5,25.70154097379348,42.64127502181809,20.342985180147373,0.7282443489146061,12.320267057295055,GOOD,16-QAM,MEDIUM
32.23410932191827,1023.68170395667,6.344068382310447,0.9591918383676736,2.2,28.657462399062283,80.21633068859737,30.416319946078225,0.1407692727316712,28.357478284742157,GOOD,64-QAM,HIGH
32.23410932191827,1023.68170395667,6.344068382310447,0.9591918383676736,8.4,28.657462399062283,80.21633068859737,30.416319946078225,0.5364829395539701,16.324632513126346,GOOD,64-QAM,HIGH
32.23410932191827,1023.68170395667,6.344068382310447,0.9591918383676736,12.5,28.657462399062283,80.21633068859737,30.416319946078225,0.7955195510263023,12.612981362730523,GOOD,16-QAM,MEDIUM
18.964381678154787,1435.5398176789186,7.092905884529783,0.9593918783756752,2.2,46.28758465276528,47.39622561974267,27.45040271242391,0.31660734884008473,25.244634173531523,GOOD,64-QAM,HIGH
18.964381678154787,1435.5398176789186,7.092905884529783,0.9593918783756752,8.4,46.28758465276528,47.39622561974267,27.45040271242391,1.214498199917003,12.709611217661077,GOOD,16-QAM,MEDIUM
18.964381678154787,1435.5398176789186,7.092905884529783,0.9593918783756752,12.5,46.28758465276528,47.39622561974267,27.45040271242391,1.7966895971895989,8.674805281464998,DEGRADED,16-QAM,MEDIUM
71.56872162851425,629.4471135945796,2.3712524349628934,0.9595919183836767,2.2,32.267281162530395,41.20103555485901,0.1484707082091674,0.07634671522798582,32.64601474081378,GOOD,64-QAM,HIGH
71.56872162851425,629.4471135945796,2.3712524349628934,0.9595919183836767,8.4,32.267281162530395,41.20103555485901,0.1484707082091674,0.29123036697141186,20.79399898427684,GOOD,64-QAM,HIGH
71.56872162851425,629.4471135945796,2.3712524349628934,0.9595919183836767,12.5,32.267281162530395,41.20103555485901,0.1484707082091674,0.4330873886307427,17.199527423694022,GOOD,64-QAM,HIGH
15.412318267109084,1604.101185090691,7.230287166722893,0.9597919583916784,2.2,20.736790126499688,54.38399117126984,33.11462647771057,0.2173291810777252,24.379582009044753,GOOD,64-QAM,HIGH
15.412318267109084,1604.101185090691,7.230287166722893,0.9597919583916784,8.4,20.736790126499688,54.38399117126984,33.11462647771057,0.8294767571523669,12.130302328176597,GOOD,16-QAM,MEDIUM
15.412318267109084,1604.101185090691,7.230287166722893,0.9597919583916784,12.5,20.736790126499688,54.38399117126984,33.11462647771057,1.227998070814778,8.2791664755907,DEGRADED,16-QAM,MEDIUM
58.96706602801884,689.6345974208061,3.866480211878141,0.95999199839968,2.2,46.51755885665339,73.83360485384792,7.127108282967544,0.1284171230498028,31.800748441642767,GOOD,64-QAM,HIGH
58.96706602801884,689.6345974208061,3.866480211878141,0.95999199839968,8.4,46.51755885665339,73.83360485384792,7.127108282967544,0.49078993878938576,19.801243521109654,GOOD,64-QAM,HIGH
58.96706602801884,689.6345974208061,3.866480211878141,0.95999199839968,12.5,46.51755885665339,73.83360485384792,7.127108282967544,0.7309533207426346,16.108465600232933,GOOD,64-QAM,HIGH
15.526912269994485,1598.143553632152,7.22628617238082,0.9601920384076816,2.2,39.24414916938972,87.9274907063882,37.325418914597066,0.34131624411998396,24.287914392690453,GOOD,64-QAM,HIGH
15.526912269994485,1598.143553632152,7.22628617238082,0.9601920384076816,8.4,39.24414916938972,87.9274907063882,37.325418914597066,1.3090745162047641,11.683024015812151,GOOD,16-QAM,MEDIUM
15.526912269994485,1598.143553632152,7.22628617238082,0.9601920384076816,12.5,39.24414916938972,87.9274907063882,37.325418914597066,1.9504033707273327,7.589080622366097,DEGRADED,QPSK,LOW
10.995529195401309,1864.09775682257,7.362315520011218,0.9603920784156832,2.2,10.00044605563738,78.55687586228599,-6.412601788714314,0.19140091625004685,23.100771790472606,GOOD,64-QAM,HIGH
10.995529195401309,1864.09775682257,7.362315520011218,0.9603920784156832,8.4,10.00044605563738,78.55687586228599,-6.412601788714314,0.7341272082854967,10.92091339364363,GOOD,16-QAM,MEDIUM
10.995529195401309,1864.09775682257,7.362315520011218,0.9603920784156832,12.5,10.00044605563738,78.55687586228599,-6.412601788714314,1.0728649189337975,7.129561144071843,DEGRADED,QPSK,LOW
82.30150781329951,604.9817536463897,1.0047007976564857,0.9605921184236847,2.2,6.542118067440988,86.42090266021151,14.310434425992137,0.03207700510775299,33.03462384937184,GOOD,64-QAM,HIGH
82.30150781329951,604.9817536463897,1.0047007976564857,0.9605921184236847,8.4,6.542118067440988,86.42090266021151,14.310434425992137,0.12272076211216404,21.306847987573903,GOOD,64-QAM,HIGH
82.30150781329951,604.9817536463897,1.0047007976564857,0.9605921184236847,12.5,6.542118067440988,86.42090266021151,14.310434425992137,0.1827366533581845,17.794217557404394,GOOD,64-QAM,HIGH
21.160945137089985,1346.30975415273,6.994275606832051,0.9607921584316864,2.2,33.790581787136645,38.436348244591606,19.85621885887745,0.21129421470179663,25.907352322616035,GOOD,64-QAM,HIGH
21.160945137089985,1346.30975415273,6.994275606832051,0.9607921584316864,8.4,33.790581787136645,38.436348244591606,19.85621885887745,0.8049054380202646,13.676608994504036,GOOD,16-QAM,MEDIUM
21.160945137089985,1346.30975415273,6.994275606832051,0.9607921584316864,12.5,33.790581787136645,38.436348244591606,19.85621885887745,1.1940806044186607,9.834819289182164,DEGRADED,16-QAM,MEDIUM
74.80626313757486,619.7713360975131,1.9656276662429248,0.960992198439688,2.2,27.99415827884919,34.27060793182061,2.3825049237302363,0.06809982311057305,32.78881682817362,GOOD,64-QAM,HIGH
74.80626313757486,619.7713360975131,1.9656276662429248,0.960992198439688,8.4,27.99415827884919,34.27060793182061,2.3825049237302363,0.2595107401801569,20.96027380631051,GOOD,64-QAM,HIGH
74.80626313757486,619.7713360975131,1.9656276662429248,0.960992198439688,12.5,27.99415827884919,34.27060793182061,2.3825049237302363,0.3863622531943942,17.380807754372796,GOOD,64-QAM,HIGH
51.293624044106544,748.7049345046744,4.689971249030098,0.9611922384476896,2.2,39.48368068963779,63.462285714400274,28.569009436011385,0.11610770591707016,31.09922476862181,GOOD,64-QAM,HIGH
51.293624044106544,748.7049345046744,4.689971249030098,0.9611922384476896,8.4,39.48368068963779,63.462285714400274,28.569009436011385,0.44092008827834805,19.137280281467014,GOOD,64-QAM,HIGH
51.293624044106544,748.7049345046744,4.689971249030098,0.9611922384476896,12.5,39.48368068963779,63.462285714400274,28.569009436011385,0.6587156176220073,15.466870213199869,GOOD,64-QAM,HIGH
11.617804166745415,1823.64846227324,7.346345393142483,0.9613922784556912,2.2,36.940252503934325,47.41784898264206,21.34478399053585,0.4452000666341603,23.037523821381455,GOOD,64-QAM,HIGH
11.617804166745415,1823.64846227324,7.346345393142483,0.9613922784556912,8.4,36.940252503934325,47.41784898264206,21.34478399053585,1.7167027319785124,10.128889051243576,GOOD,16-QAM,MEDIUM
11.617804166745415,1823.64846227324,7.346345393142483,0.9613922784556912,12.5,36.940252503934325,47.41784898264206,21.34478399053585,2.542389172151387,5.850588072147218,DEGRADED,QPSK,LOW
86.21309627223573,601.1995793738733,0.4953437109421214,0.9615923184636928,2.2,31.260576692875752,79.68329837815637,-9.09452813560222,0.08165294846837118,33.03952007382502,GOOD,64-QAM,HIGH
86.21309627223573,601.1995793738733,0.4953437109421214,0.9615923184636928,8.4,31.260576692875752,79.68329837815637,-9.09452813560222,0.3122200147139579,21.17182090278591,GOOD,64-QAM,HIGH
86.21309627223573,601.1995793738733,0.4953437109421214,0.9615923184636928,12.5,31.260576692875752,79.68329837815637,-9.09452813560222,0.4649603084957848,17.566466070080594,GOOD,64-QAM,HIGH
25.991699194310865,1182.9699413418043,6.741431598717251,0.9617923584716944,2.2,49.31910858144461,70.31927228413957,20.4184295348118,0.2541925175087445,26.987879674675995,GOOD,64-QAM,HIGH
25.991699194310865,1182.9699413418043,6.741431598717251,0.9617923584716944,8.4,49.31910858144461,70.31927228413957,20.4184295348118,0.9695047022041683,14.635435385187051,GOOD,16-QAM,MEDIUM
25.991699194310865,1182.9699413418043,6.741431598717251,0.9617923584716944,12.5,49.31910858144461,70.31927228413957,20.4184295348118,1.4427459079426375,10.709579640525092,GOOD,16-QAM,MEDIUM
78.06985435497155,612.0721840222113,1.5503924272026477,0.961992398479696,2.2,26.67948650552044,88.24368983914766,14.573911720922322,0.07278938025360535,32.892704139675566,GOOD,64-QAM,HIGH
78.06985435497155,612.0721840222113,1.5503924272026477,0.961992398479696,8.4,26.67948650552044,88.24368983914766,14.573911720922322,0.27783886128166285,21.05052255385398,GOOD,64-QAM,HIGH
78.06985435497155,612.0721840222113,1.5503924272026477,0.961992398479696,12.5,26.67948650552044,88.24368983914766,14.573911720922322,0.4130624732855772,17.462684402926584,GOOD,64-QAM,HIGH
19.348850491687955,1419.1550601639792,7.076391085294191,0.9621924384876976,2.2,5.655287825085992,45.28754134387825,-0.1985399148246163,0.06767440961101527,25.593274972554553,GOOD,64-QAM,HIGH
19.348850491687955,1419.1550601639792,7.076391085294191,0.9621924384876976,8.4,5.655287825085992,45.28754134387825,-0.1985399148246163,0.24843187826774255,13.775385399104309,GOOD,16-QAM,MEDIUM
19.348850491687955,1419.1550601639792,7.076391085294191,0.9621924384876976,12.5,5.655287825085992,45.28754134387825,-0.1985399148246163,0.37096608197409686,10.200236656474459,GOOD,16-QAM,MEDIUM
77.5851449820575,613.0899303647275,1.612414055745129,0.9623924784956992,2.2,41.41367824079942,59.14704686131394,39.78741135297648,0.09915366713343113,32.851909053246466,GOOD,64-QAM,HIGH
77.5851449820575,613.0899303647275,1.612414055745129,0.9623924784956992,8.4,41.41367824079942,59.14704686131394,39.78741135297648,0.3790853565006846,20.93484525908569,GOOD,64-QAM,HIGH
77.5851449820575,613.0899303647275,1.612414055745129,0.9623924784956992,12.5,41.41367824079942,59.14704686131394,39.78741135297648,0.5659636074968653,17.29535246916602,GOOD,64-QAM,HIGH
6.124449096949989,2230.1351383134547,7.457193816712096,0.9625925185037008,2.2,12.592668117285449,60.0744286455212,34.858109741380744,0.35469634130544775,21.38022643110253,GOOD,64-QAM,HIGH
6.124449096949989,2230.1351383134547,7.457193816712096,0.9625925185037008,8.4,12.592668117285449,60.0744286455212,34.858109741380744,1.3966785736122334,8.701112094002212,DEGRADED,16-QAM,MEDIUM
6.124449096949989,2230.1351383134547,7.457193816712096,0.9625925185037008,12.5,12.592668117285449,60.0744286455212,34.858109741380744,2.0261858958441468,4.618990232846812,DEGRADED,QPSK,LOW
48.501338808405855,775.7613843617546,4.96951910606297,0.9627925585117024,2.2,38.86510740719592,44.350607691442576,4.625384751453174,0.12144843614000798,30.785534795215774,GOOD,64-QAM,HIGH
48.501338808405855,775.7613843617546,4.96951910606297,0.9627925585117024,8.4,38.86510740719592,44.350607691442576,4.625384751453174,0.4619700422461071,18.80788108431615,GOOD,64-QAM,HIGH
48.501338808405855,775.7613843617546,4.96951910606297,0.9627925585117024,12.5,38.86510740719592,44.350607691442576,4.625384751453174,0.692935739041708,15.124300848597073,GOOD,64-QAM,HIGH
70.40261925083233,633.4557312838897,2.5155637774974062,0.962992598519704,2.2,47.85535480000257,65.40560396928046,17.053546039930815,0.11445287172579015,32.5527681149989,GOOD,64-QAM,HIGH
70.40261925083233,633.4557312838897,2.5155637774974062,0.962992598519704,8.4,47.85535480000257,65.40560396928046,17.053546039930815,0.435183413477905,20.594905468453263,GOOD,64-QAM,HIGH
70.40261925083233,633.4557312838897,2.5155637774974062,0.962992598519704,12.5,47.85535480000257,65.40560396928046,17.053546039930815,0.6486829217902262,16.928791421217454,GOOD,64-QAM,HIGH
84.45761898688659,602.5740774587503,0.7243650680546565,0.9631926385277056,2.2,34.83977569821706,56.59715916475437,5.825106995514538,0.08262121304628002,33.01871627987887,GOOD,64-QAM,HIGH
84.45761898688659,602.5740774587503,0.7243650680546565,0.9631926385277056,8.4,34.83977569821706,56.59715916475437,5.825106995514538,0.3161891425697185,21.14801624556192,GOOD,64-QAM,HIGH
84.45761898688659,602.5740774587503,0.7243650680546565,0.9631926385277056,12.5,34.83977569821706,56.59715916475437,5.825106995514538,0.4706915668695089,17.540899282338643,GOOD,64-QAM,HIGH
82.2821815775514,605.0069590238254,1.0072077370301973,0.9633926785357072,2.2,29.801508047490056,56.80329335939241,28.774787581803903,0.07365032385918618,32.992688657613755,GOOD,64-QAM,HIGH
82.2821815775514,605.0069590238254,1.0072077370301973,0.9633926785357072,8.4,29.801508047490056,56.80329335939241,28.774787581803903,0.28268427058420564,21.146522606095203,GOOD,64-QAM,HIGH
82.2821815775514,605.0069590238254,1.0072077370301973,0.9633926785357072,12.5,29.801508047490056,56.80329335939241,28.774787581803903,0.42016725435550395,17.556425083400427,GOOD,64-QAM,HIGH
74.66811391154982,620.1418552901296,1.9830735142288805,0.9635927185437088,2.2,23.01930878375203,51.76419887834902,36.51657165982275,0.05865538684704834,32.79307011245328,GOOD,64-QAM,HIGH
74.66811391154982,620.1418552901296,1.9830735142288805,0.9635927185437088,8.4,23.01930878375203,51.76419887834902,36.51657165982275,0.22261353992951338,20.991979854577295,GOOD,64-QAM,HIGH
74.66811391154982,620.1418552901296,1.9830735142288805,0.9635927185437088,12.5,23.01930878375203,51.76419887834902,36.51657165982275,0.333514457329485,17.428464398253837,GOOD,64-QAM,HIGH
80.49626472121085,607.6176871786356,1.2383392825624222,0.9637927585517104,2.2,18.22049329977016,31.015761145532103,7.941430345719176,0.046769580576400877,32.98216865741728,GOOD,64-QAM,HIGH
80.49626472121085,607.6176871786356,1.2383392825624222,0.9637927585517104,8.4,18.22049329977016,31.015761145532103,7.941430345719176,0.17982911114652633,21.21197702205363,GOOD,64-QAM,HIGH
80.49626472121085,607.6176871786356,1.2383392825624222,0.9637927585517104,12.5,18.22049329977016,31.015761145532103,7.941430345719176,0.26679484701978656,17.672396747256897,GOOD,64-QAM,HIGH
21.933673296151504,1317.3210102972148,6.957126637987555,0.963992798559712,2.2,17.650237548591814,61.32571421488734,30.279212457181373,0.12786570651520124,26.1798483059301,GOOD,64-QAM,HIGH
21.933673296151504,1317.3210102972148,6.957126637987555,0.963992798559712,8.4,17.650237548591814,61.32571421488734,30.279212457181373,0.4868054141955888,14.183776493456193,GOOD,16-QAM,MEDIUM
21.933673296151504,1317.3210102972148,6.957126637987555,0.963992798559712,12.5,17.650237548591814,61.32571421488734,30.279212457181373,0.7256992417691044,10.492268126959189,GOOD,16-QAM,MEDIUM
29.155665135496942,1096.0411489499434,6.5497448738553405,0.9641928385677137,2.2,31.81863528547953,50.11487014201987,14.920377135660242,0.1567408649747901,27.748268332942033,GOOD,64-QAM,HIGH
29.155665135496942,1096.0411489499434,6.5497448738553405,0.9641928385677137,8.4,31.81863528547953,50.11487014201987,14.920377135660242,0.6020027658284997,15.665874327294802,GOOD,64-QAM,HIGH
29.155665135496942,1096.0411489499434,6.5497448738553405,0.9641928385677137,12.5,31.81863528547953,50.11487014201987,14.920377135660242,0.8927535067794262,11.922509047420391,GOOD,16-QAM,MEDIUM
29.56232461828997,1085.839505876148,6.523646532373118,0.9643928785757152,2.2,37.56365584688729,30.07919213905978,9.828928065578864,0.1752342682820547,27.81099934618956,GOOD,64-QAM,HIGH
29.56232461828997,1085.839505876148,6.523646532373118,0.9643928785757152,8.4,37.56365584688729,30.07919213905978,9.828928065578864,0.672553909177709,15.676547600500385,GOOD,64-QAM,HIGH
29.56232461828997,1085.839505876148,6.523646532373118,0.9643928785757152,12.5,37.56365584688729,30.07919213905978,9.828928065578864,0.9948514423155053,11.901635528439101,GOOD,16-QAM,MEDIUM
37.0495841351444,930.0596021374364,5.9858579735270565,0.9645929185837168,2.2,33.92585347422072,48.47662245971592,36.921092604938494,0.1337100557682895,29.197620710472876,GOOD,64-QAM,HIGH
37.0495841351444,930.0596021374364,5.9858579735270565,0.9645929185837168,8.4,33.92585347422072,48.47662245971592,36.921092604938494,0.5102159910188957,17.183982670428747,GOOD,64-QAM,HIGH
37.0495841351444,930.0596021374364,5.9858579735270565,0.9645929185837168,12.5,33.92585347422072,48.47662245971592,36.921092604938494,0.7631086646487788,13.478475457875376,GOOD,16-QAM,MEDIUM
38.43225698274104,906.8820529395034,5.8750772460847145,0.9647929585917184,2.2,9.920505059678137,46.71769998538542,15.520234435951572,0.04959028177408528,29.500939954591146,GOOD,64-QAM,HIGH
38.43225698274104,906.8820529395034,5.8750772460847145,0.9647929585917184,8.4,9.920505059678137,46.71769998538542,15.520234435951572,0.18490186012874424,17.728496271442964,GOOD,64-QAM,HIGH
38.43225698274104,906.8820529395034,5.8750772460847145,0.9647929585917184,12.5,9.920505059678137,46.71769998538542,15.520234435951572,0.2763766696188695,14.184406923029357,GOOD,16-QAM,MEDIUM
51.287202595647415,748.7633831532812,4.690627164067768,0.96499299859972,2.2,24.69935900717456,53.60688919341815,13.370525012873244,0.07894464096552005,31.135709784488,GOOD,64-QAM,HIGH
51.287202595647415,748.7633831532812,4.690627164067768,0.96499299859972,8.4,24.69935900717456,53.60688919341815,13.370525012873244,0.29736670435144147,19.280155616308548,GOOD,64-QAM,HIGH
51.287202595647415,748.7633831532812,4.690627164067768,0.96499299859972,12.5,24.69935900717456,53.60688919341815,13.370525012873244,0.443948073642796,15.68095970809371,GOOD,64-QAM,HIGH
18.58977988614752,1451.8327896300225,7.108689668867788,0.9651930386077217,2.2,39.58200360915315,37.91111937860381,23.62172009811715,0.28304390590503636,25.18017046335345,GOOD,64-QAM,HIGH
18.58977988614752,1451.8327896300225,7.108689668867788,0.9651930386077217,8.4,39.58200360915315,37.91111937860381,23.62172009811715,1.0783450272051265,12.747737237259827,GOOD,16-QAM,MEDIUM
18.58977988614752,1451.8327896300225,7.108689668867788,0.9651930386077217,12.5,39.58200360915315,37.91111937860381,23.62172009811715,1.6084445805585215,8.765023144982948,DEGRADED,16-QAM,MEDIUM
63.75596642180909,662.0990385346386,3.316464698546337,0.9653930786157232,2.2,23.78520390945281,60.46102947810506,3.061710050914222,0.0682113311198622,32.21487590799209,GOOD,64-QAM,HIGH
63.75596642180909,662.0990385346386,3.316464698546337,0.9653930786157232,8.4,23.78520390945281,60.46102947810506,3.061710050914222,0.25915067677972176,20.3868044575387,GOOD,64-QAM,HIGH
63.75596642180909,662.0990385346386,3.316464698546337,0.9653930786157232,12.5,23.78520390945281,60.46102947810506,3.061710050914222,0.384810791411441,16.808529803983504,GOOD,64-QAM,HIGH
19.24315584088305,1423.6257712351976,7.080962971727625,0.9655931186237248,2.2,26.83116398677469,71.5464211510878,6.239643539415788,0.2098437777399851,25.423785781136274,GOOD,64-QAM,HIGH
19.24315584088305,1423.6257712351976,7.080962971727625,0.9655931186237248,8.4,26.83116398677469,71.5464211510878,6.239643539415788,0.8060729169643772,13.19042453711836,GOOD,16-QAM,MEDIUM
19.24315584088305,1423.6257712351976,7.080962971727625,0.9655931186237248,12.5,26.83116398677469,71.5464211510878,6.239643539415788,1.1961016539807767,9.347781261178483,DEGRADED,16-QAM,MEDIUM
31.37622097888654,1042.7580735681004,6.403252157470436,0.9657931586317264,2.2,38.55680240854111,67.81113414327434,36.60229181193113,0.17171070852667353,28.166164453796725,GOOD,64-QAM,HIGH
31.37622097888654,1042.7580735681004,6.403252157470436,0.9657931586317264,8.4,38.55680240854111,67.81113414327434,36.60229181193113,0.6556639577343617,16.045079099795515,GOOD,64-QAM,HIGH
31.37622097888654,1042.7580735681004,6.403252157470436,0.9657931586317264,12.5,38.55680240854111,67.81113414327434,36.60229181193113,0.9801077122735096,12.268020806332885,GOOD,16-QAM,MEDIUM
47.784336101523095,783.2677713879311,5.039423177022032,0.965993198639728,2.2,33.063265313254576,78.22529685415144,23.92649227184712,0.10927756789230343,30.714063670138486,GOOD,64-QAM,HIGH
47.784336101523095,783.2677713879311,5.039423177022032,0.965993198639728,8.4,33.063265313254576,78.22529685415144,23.92649227184712,0.4198314323539414,18.766377700883325,GOOD,64-QAM,HIGH
47.784336101523095,783.2677713879311,5.039423177022032,0.965993198639728,12.5,33.063265313254576,78.22529685415144,23.92649227184712,0.622495889286414,15.111098705027374,GOOD,64-QAM,HIGH
72.69744772949556,625.835121742788,2.2306305307691745,0.9661932386477295,2.2,20.46724604411963,57.120497279224864,31.331857388550283,0.05533107892219054,32.71701666434976,GOOD,64-QAM,HIGH
72.69744772949556,625.835121742788,2.2306305307691745,0.9661932386477295,8.4,20.46724604411963,57.120497279224864,31.331857388550283,0.21039298168572454,20.9248226567927,GOOD,64-QAM,HIGH
72.69744772949556,625.835121742788,2.2306305307691745,0.9661932386477295,12.5,20.46724604411963,57.120497279224864,31.331857388550283,0.31372423736420535,17.36887686219073,GOOD,64-QAM,HIGH
67.85488482529182,643.2317501705311,2.827152771034481,0.9663932786557312,2.2,44.77063555971095,61.145503820383695,3.5555880967714817,0.11049250601373473,32.42370441324599,GOOD,64-QAM,HIGH
67.85488482529182,643.2317501705311,2.827152771034481,0.9663932786557312,8.4,44.77063555971095,61.145503820383695,3.5555880967714817,0.4216255451127373,20.475439269353473,GOOD,64-QAM,HIGH
67.85488482529182,643.2317501705311,2.827152771034481,0.9663932786557312,12.5,44.77063555971095,61.145503820383695,3.5555880967714817,0.6287991980832655,16.81565107745945,GOOD,64-QAM,HIGH
59.8704202948944,683.9475417183921,3.7646798714017655,0.9665933186637328,2.2,8.12835343317393,78.624116451539,17.189509496493603,0.03822145470130501,31.9628690703559,GOOD,64-QAM,HIGH
59.8704202948944,683.9475417183921,3.7646798714017655,0.9665933186637328,8.4,8.12835343317393,78.624116451539,17.189509496493603,0.14540276400431848,20.21855565625937,GOOD,64-QAM,HIGH
59.8704202948944,683.9475417183921,3.7646798714017655,0.9665933186637328,12.5,8.12835343317393,78.624116451539,17.189509496493603,0.216012593089776,16.69533128825043,GOOD,64-QAM,HIGH
18.240727149314463,1467.3127828060385,7.12312347562876,0.9667933586717344,2.2,49.77582242951624,55.66207024915431,38.56981334947491,0.34679056377583833,25.024301799664556,GOOD,64-QAM,HIGH
18.240727149314463,1467.3127828060385,7.12312347562876,0.9667933586717344,8.4,49.77582242951624,55.66207024915431,38.56981334947491,1.3101583242124066,12.423801934434465,GOOD,16-QAM,MEDIUM
18.240727149314463,1467.3127828060385,7.12312347562876,0.9667933586717344,12.5,49.77582242951624,55.66207024915431,38.56981334947491,1.9444385874060837,8.336907132317307,DEGRADED,16-QAM,MEDIUM
51.49885437732411,746.845679015204,4.668977135065297,0.966993398679736,2.2,5.94262892381186,72.09596099397581,5.93519495141088,0.0362377005980049,31.200691229673254,GOOD,64-QAM,HIGH
51.49885437732411,746.845679015204,4.668977135065297,0.966993398679736,8.4,5.94262892381186,72.09596099397581,5.93519495141088,0.1399998224506351,19.459797003027106,GOOD,64-QAM,HIGH
51.49885437732411,746.845679015204,4.668977135065297,0.966993398679736,12.5,5.94262892381186,72.09596099397581,5.93519495141088,0.20713113091195873,15.940051155642294,GOOD,64-QAM,HIGH
12.432952652990265,1772.6461176753917,7.324114616922505,0.9671934386877376,2.2,0.7474985552119451,56.07614212307951,-1.9761761841479064,0.0875266530623532,23.64157885356451,GOOD,64-QAM,HIGH
12.432952652990265,1772.6461176753917,7.324114616922505,0.9671934386877376,8.4,0.7474985552119451,56.07614212307951,-1.9761761841479064,0.33707992606420983,11.754893475769137,GOOD,16-QAM,MEDIUM
12.432952652990265,1772.6461176753917,7.324114616922505,0.9671934386877376,12.5,0.7474985552119451,56.07614212307951,-1.9761761841479064,0.5008109473298435,8.13854791558002,DEGRADED,16-QAM,MEDIUM
37.07587002771532,929.60490359405,5.983784232005131,0.9673934786957392,2.2,44.50094505743824,55.06417167069375,15.544300411233202,0.16856990077136397,29.16700836434176,GOOD,64-QAM,HIGH
37.07587002771532,929.60490359405,5.983784232005131,0.9673934786957392,8.4,44.50094505743824,55.06417167069375,15.544300411233202,0.6465477217689585,17.05189843855065,GOOD,64-QAM,HIGH
37.07587002771532,929.60490359405,5.983784232005131,0.9673934786957392,12.5,44.50094505743824,55.06417167069375,15.544300411233202,0.9611617774688302,13.28466984392729,GOOD,16-QAM,MEDIUM
40.14890507464653,880.0951469774418,5.732784957534775,0.9675935187037408,2.2,12.247675418297804,75.61233747174961,9.39105443624381,0.0635276232818979,29.74742623605367,GOOD,64-QAM,HIGH
40.14890507464653,880.0951469774418,5.732784957534775,0.9675935187037408,8.4,12.247675418297804,75.61233747174961,9.39105443624381,0.24233610203683767,17.931485652505202,GOOD,64-QAM,HIGH
40.14890507464653,880.0951469774418,5.732784957534775,0.9675935187037408,12.5,12.247675418297804,75.61233747174961,9.39105443624381,0.35995462381690685,14.361252591801659,GOOD,16-QAM,MEDIUM
8.383972352889074,2049.006081406134,7.419848691175982,0.9677935587117424,2.2,36.48498137233605,40.49021492797267,-2.021138360664323,0.5681127156513018,21.902568720308153,GOOD,64-QAM,HIGH
8.383972352889074,2049.006081406134,7.419848691175982,0.9677935587117424,8.4,36.48498137233605,40.49021492797267,-2.021138360664323,2.1891099444596636,8.644439386706267,DEGRADED,16-QAM,MEDIUM
8.383972352889074,2049.006081406134,7.419848691175982,0.9677935587117424,12.5,36.48498137233605,40.49021492797267,-2.021138360664323,3.252450935842434,4.12848385640001,DEGRADED,QPSK,LOW
28.288988454947606,1118.4877949646325,6.604263383837979,0.967993598719744,2.2,40.55076874660347,50.31515831649442,34.4275691351684,0.1979665284820965,27.530954867081178,GOOD,64-QAM,HIGH
28.288988454947606,1118.4877949646325,6.604263383837979,0.967993598719744,8.4,40.55076874660347,50.31515831649442,34.4275691351684,0.7592165902377156,15.33257270053204,GOOD,64-QAM,HIGH
28.288988454947606,1118.4877949646325,6.604263383837979,0.967993598719744,12.5,40.55076874660347,50.31515831649442,34.4275691351684,1.1359866898218207,11.50318806202445,GOOD,16-QAM,MEDIUM
86.2302047176516,601.1887483649007,0.4931090883485552,0.9681936387277456,2.2,42.94931955160584,43.450336604814105,39.53619552768889,0.09695669960109354,33.02437280616181,GOOD,64-QAM,HIGH
86.2302047176516,601.1887483649007,0.4931090883485552,0.9681936387277456,8.4,42.94931955160584,43.450336604814105,39.53619552768889,0.3715154014532502,21.112681999516127,GOOD,64-QAM,HIGH
86.2302047176516,601.1887483649007,0.4931090883485552,0.9681936387277456,12.5,42.94931955160584,43.450336604814105,39.53619552768889,0.552730013455408,17.478852848590492,GOOD,64-QAM,HIGH
86.05877166552361,601.2995098434621,0.5154988263945184,0.9683936787357472,2.2,49.57971178320834,51.54659657805583,18.429109034499888,0.11021756573960526,33.009511821310966,GOOD,64-QAM,HIGH
86.05877166552361,601.2995098434621,0.5154988263945184,0.9683936787357472,8.4,49.57971178320834,51.54659657805583,18.429109034499888,0.42168712932376756,21.060910152933275,GOOD,64-QAM,HIGH
86.05877166552361,601.2995098434621,0.5154988263945184,0.9683936787357472,12.5,49.57971178320834,51.54659657805583,18.429109034499888,0.6261765934196688,17.40380614991389,GOOD,64-QAM,HIGH
34.94779961146584,968.2972763279612,6.14755703819784,0.9685937187437488,2.2,14.701985501999951,43.82248934196144,28.733838418672697,0.06599979481098361,28.915372383723472,GOOD,64-QAM,HIGH
34.94779961146584,968.2972763279612,6.14755703819784,0.9685937187437488,8.4,14.701985501999951,43.82248934196144,28.733838418672697,0.25203897437433137,17.092201099366605,GOOD,64-QAM,HIGH
34.94779961146584,968.2972763279612,6.14755703819784,0.9685937187437488,12.5,14.701985501999951,43.82248934196144,28.733838418672697,0.3753248697671993,13.516300665050252,GOOD,16-QAM,MEDIUM
8.663509260607544,2027.997995186828,7.4144251639006145,0.9687937587517504,2.2,35.51216709636296,64.76433786519928,32.951918477314976,0.5557299040150007,22.004466052900014,GOOD,64-QAM,HIGH
8.663509260607544,2027.997995186828,7.4144251639006145,0.9687937587517504,8.4,35.51216709636296,64.76433786519928,32.951918477314976,2.12824688429702,8.794816967824474,DEGRADED,16-QAM,MEDIUM
8.663509260607544,2027.997995186828,7.4144251639006145,0.9687937587517504,12.5,35.51216709636296,64.76433786519928,32.951918477314976,3.1690274773950566,4.301421835802941,DEGRADED,QPSK,LOW
20.22306984289543,1383.1315550717354,7.037654356442599,0.968993798759752,2.2,5.769992914041411,77.89024815707072,25.049100301091343,0.08078827749803891,25.803488315519758,GOOD,64-QAM,HIGH
20.22306984289543,1383.1315550717354,7.037654356442599,0.968993798759752,8.4,5.769992914041411,77.89024815707072,25.049100301091343,0.3112235275720653,13.935920960652211,GOOD,16-QAM,MEDIUM
20.22306984289543,1383.1315550717354,7.037654356442599,0.968993798759752,12.5,5.769992914041411,77.89024815707072,25.049100301091343,0.45488176485979326,10.339648184441003,GOOD,16-QAM,MEDIUM
38.33851244185091,908.4068558901477,5.8826969781065,0.9691938387677536,2.2,20.34046456784247,77.19678367307411,-7.792197544413439,0.09508592033998367,29.44085239823235,GOOD,64-QAM,HIGH
38.33851244185091,908.4068558901477,5.8826969781065,0.9691938387677536,8.4,20.34046456784247,77.19678367307411,-7.792197544413439,0.3635725566840914,17.53523365709472,GOOD,64-QAM,HIGH
38.33851244185091,908.4068558901477,5.8826969781065,0.9691938387677536,12.5,20.34046456784247,77.19678367307411,-7.792197544413439,0.5418618970388389,13.904329777816486,GOOD,16-QAM,MEDIUM
85.56127432738454,601.6490298236922,0.5804468177043965,0.9693938787757552,2.2,42.39858466562952,51.870057872927546,-2.1182884141591103,0.09664459406681741,33.01803737497724,GOOD,64-QAM,HIGH
85.56127432738454,601.6490298236922,0.5804468177043965,0.9693938787757552,8.4,42.39858466562952,51.870057872927546,-2.1182884141591103,0.3691862255229275,21.10836363872761,GOOD,64-QAM,HIGH
85.56127432738454,601.6490298236922,0.5804468177043965,0.9693938787757552,12.5,42.39858466562952,51.870057872927546,-2.1182884141591103,0.5489433143250918,17.475992011001964,GOOD,64-QAM,HIGH
17.00192040066072,1524.663015245672,7.172212169336262,0.9695939187837568,2.2,18.38290230295542,89.32562435365571,-6.450540442430677,0.18090569132088102,24.85716338305741,GOOD,64-QAM,HIGH
17.00192040066072,1524.663015245672,7.172212169336262,0.9695939187837568,8.4,18.38290230295542,89.32562435365571,-6.450540442430677,0.6848790420563378,12.716057927528425,GOOD,16-QAM,MEDIUM
17.00192040066072,1524.663015245672,7.172212169336262,0.9695939187837568,12.5,18.38290230295542,89.32562435365571,-6.450540442430677,1.0184234548172524,8.929898975844026,DEGRADED,16-QAM,MEDIUM
69.89884671179804,635.2764956630272,2.577589479301926,0.9697939587917584,2.2,29.554769026780704,65.63126188234804,-9.506019667897172,0.0775960165920674,32.56469462001563,GOOD,64-QAM,HIGH
69.89884671179804,635.2764956630272,2.577589479301926,0.9697939587917584,8.4,29.554769026780704,65.63126188234804,-9.506019667897172,0.2964318420173129,20.708726689796862,GOOD,64-QAM,HIGH
69.89884671179804,635.2764956630272,2.577589479301926,0.9697939587917584,12.5,29.554769026780704,65.63126188234804,-9.506019667897172,0.4411236775433387,17.111420315347345,GOOD,64-QAM,HIGH
14.238015846848826,1667.3240914577327,7.269617809867564,0.96999399879976,2.2,25.188672186231702,53.96401810669769,5.299820437861827,0.261628502671225,23.999517372610526,GOOD,64-QAM,HIGH
14.238015846848826,1667.3240914577327,7.269617809867564,0.96999399879976,8.4,25.188672186231702,53.96401810669769,5.299820437861827,0.9856675123742898,11.638346258113941,GOOD,16-QAM,MEDIUM
14.238015846848826,1667.3240914577327,7.269617809867564,0.96999399879976,12.5,25.188672186231702,53.96401810669769,5.299820437861827,1.468225882854072,7.703173348710678,DEGRADED,QPSK,LOW
88.40689407825853,600.2120296890316,0.2085102080242014,0.9701940388077616,2.2,32.297576555602255,80.13235675448553,9.617798024077988,0.08241593256843256,33.053036541399685,GOOD,64-QAM,HIGH
88.40689407825853,600.2120296890316,0.2085102080242014,0.9701940388077616,8.4,32.297576555602255,80.13235675448553,9.617798024077988,0.3163036731195572,21.18201669605503,GOOD,64-QAM,HIGH
88.40689407825853,600.2120296890316,0.2085102080242014,0.9701940388077616,12.5,32.297576555602255,80.13235675448553,9.617798024077988,0.46932891378006647,17.576376916471048,GOOD,64-QAM,HIGH
37.43740242427647,923.4073716963208,5.955134693333771,0.9703940788157632,2.2,48.644719469384746,73.79244075855846,2.0514866167962857,0.18192847473245308,29.211751163514798,GOOD,64-QAM,HIGH
37.43740242427647,923.4073716963208,5.955134693333771,0.9703940788157632,8.4,48.644719469384746,73.79244075855846,2.0514866167962857,0.694783342741945,17.061764190711784,GOOD,64-QAM,HIGH
37.43740242427647,923.4073716963208,5.955134693333771,0.9703940788157632,12.5,48.644719469384746,73.79244075855846,2.0514866167962857,1.0340885334489969,13.269844461081249,GOOD,16-QAM,MEDIUM
70.89493580641977,631.7285203810834,2.4547606407032028,0.9705941188237648,2.2,2.786776325070106,74.95652020944627,-6.769767595683954,0.023442543554492337,32.66749415506561,GOOD,64-QAM,HIGH
70.89493580641977,631.7285203810834,2.4547606407032028,0.9705941188237648,8.4,2.786776325070106,74.95652020944627,-6.769767595683954,0.09054764650795263,20.963256947318627,GOOD,64-QAM,HIGH
70.89493580641977,631.7285203810834,2.4547606407032028,0.9705941188237648,12.5,2.786776325070106,74.95652020944627,-6.769767595683954,0.13438240098605447,17.466807653917044,GOOD,64-QAM,HIGH
34.1202420389462,984.429252585756,6.208966610041848,0.9707941588317665,2.2,28.69807587508149,41.7683609840323,16.49315454183388,0.12111523765489333,28.716740937853388,GOOD,64-QAM,HIGH
34.1202420389462,984.429252585756,6.208966610041848,0.9707941588317665,8.4,28.69807587508149,41.7683609840323,16.49315454183388,0.46871430376329914,16.732009766951464,GOOD,64-QAM,HIGH
34.1202420389462,984.429252585756,6.208966610041848,0.9707941588317665,12.5,28.69807587508149,41.7683609840323,16.49315454183388,0.6897021933458444,13.058407338445434,GOOD,16-QAM,MEDIUM
58.35185455849874,693.6471727219341,3.93526068024534,0.970994198839768,2.2,43.15143896251424,58.0994584421133,3.665965997857082,0.1158421318782798,31.76293184270108,GOOD,64-QAM,HIGH
58.35185455849874,693.6471727219341,3.93526068024534,0.970994198839768,8.4,43.15143896251424,58.0994584421133,3.665965997857082,0.44299827127830327,19.79864359850754,GOOD,64-QAM,HIGH
58.35185455849874,693.6471727219341,3.93526068024534,0.970994198839768,12.5,43.15143896251424,58.0994584421133,3.665965997857082,0.6585095430125404,16.13051778784981,GOOD,64-QAM,HIGH
21.32136720290312,1340.1934440515006,6.986667721730302,0.9711942388477696,2.2,24.06913558742137,81.70968784947617,29.80185774317812,0.17851631861999442,25.979680282405553,GOOD,64-QAM,HIGH
21.32136720290312,1340.1934440515006,6.986667721730302,0.9711942388477696,8.4,24.06913558742137,81.70968784947617,29.80185774317812,0.6896334366680535,13.831431059563954,GOOD,16-QAM,MEDIUM
21.32136720290312,1340.1934440515006,6.986667721730302,0.9711942388477696,12.5,24.06913558742137,81.70968784947617,29.80185774317812,1.0233425022324993,10.045107455076035,GOOD,16-QAM,MEDIUM
17.411786640241814,1505.262656101129,7.156340932091803,0.9713942788557712,2.2,3.926359297078641,60.24228045772544,-9.59736891873594,0.0718292655150253,25.077471370039945,GOOD,64-QAM,HIGH
17.411786640241814,1505.262656101129,7.156340932091803,0.9713942788557712,8.4,3.926359297078641,60.24228045772544,-9.59736891873594,0.2775890256905747,13.234579505070869,GOOD,16-QAM,MEDIUM
17.411786640241814,1505.262656101129,7.156340932091803,0.9713942788557712,12.5,3.926359297078641,60.24228045772544,-9.59736891873594,0.40514364405101094,9.65441034778695,DEGRADED,16-QAM,MEDIUM
84.73545186329116,602.321721395454,0.6881584756027896,0.9715943188637728,2.2,28.026967620838544,71.00716460526303,32.12635256438052,0.07323686678595455,33.03173901038689,GOOD,64-QAM,HIGH
84.73545186329116,602.321721395454,0.6881584756027896,0.9715943188637728,8.4,28.026967620838544,71.00716460526303,32.12635256438052,0.2799630048809055,21.187880767498413,GOOD,64-QAM,HIGH
84.73545186329116,602.321721395454,0.6881584756027896,0.9715943188637728,12.5,28.026967620838544,71.00716460526303,32.12635256438052,0.41628935547381773,17.59893987798202,GOOD,64-QAM,HIGH
83.00001862187685,604.1141644642767,0.9140176561100652,0.9717943588717745,2.2,16.60369454119102,65.27602398205588,37.737683947297846,0.048468810042631295,33.03069720136535,GOOD,64-QAM,HIGH
83.00001862187685,604.1141644642767,0.9140176561100652,0.9717943588717745,8.4,16.60369454119102,65.27602398205588,37.737683947297846,0.1846511833887391,21.257382723225717,GOOD,64-QAM,HIGH
83.00001862187685,604.1141644642767,0.9140176561100652,0.9717943588717745,12.5,16.60369454119102,65.27602398205588,37.737683947297846,0.27667253675252496,17.712746830938443,GOOD,64-QAM,HIGH
80.434859918095,607.7174247548828,1.2462661187590451,0.971994398879776,2.2,7.747089266896795,80.54140726310293,25.80675315767848,0.03319790868691727,32.99431469850997,GOOD,64-QAM,HIGH
80.434859918095,607.7174247548828,1.2462661187590451,0.971994398879776,8.4,7.747089266896795,80.54140726310293,25.80675315767848,0.12786462067090323,21.262515881732455,GOOD,64-QAM,HIGH
80.434859918095,607.7174247548828,1.2462661187590451,0.971994398879776,12.5,7.747089266896795,80.54140726310293,25.80675315767848,0.1894500252811225,17.748315938198758,GOOD,64-QAM,HIGH
58.161843264160446,694.9097968949272,3.956412552829317,0.9721944388877776,2.2,42.45172566417365,47.07365038569616,26.68220326312833,0.11386659127697056,31.749111103446978,GOOD,64-QAM,HIGH
58.161843264160446,694.9097968949272,3.956412552829317,0.9721944388877776,8.4,42.45172566417365,47.07365038569616,26.68220326312833,0.4339629465871685,19.791882643343257,GOOD,64-QAM,HIGH
58.161843264160446,694.9097968949272,3.956412552829317,0.9721944388877776,12.5,42.45172566417365,47.07365038569616,26.68220326312833,0.6443394122156293,16.128891638791316,GOOD,64-QAM,HIGH
73.70279795338365,622.8347036758478,2.104648784516389,0.9723944788957792,2.2,26.07997564955608,64.52851667318188,36.67811558013666,0.06903556992427658,32.74505475385293,GOOD,64-QAM,HIGH
73.70279795338365,622.8347036758478,2.104648784516389,0.9723944788957792,8.4,26.07997564955608,64.52851667318188,36.67811558013666,0.2639351243536769,20.913023094630006,GOOD,64-QAM,HIGH
73.70279795338365,622.8347036758478,2.104648784516389,0.9723944788957792,12.5,26.07997564955608,64.52851667318188,36.67811558013666,0.3904226329955563,17.33392104706465,GOOD,64-QAM,HIGH
10.868139637466868,1872.54386623596,7.365477831315862,0.9725945189037808,2.2,46.66382061895333,37.39408008058824,0.4535642650174569,0.5509734575852343,22.701932920398235,GOOD,64-QAM,HIGH
10.868139637466868,1872.54386623596,7.365477831315862,0.9725945189037808,8.4,46.66382061895333,37.39408008058824,0.4535642650174569,2.1159918961643633,9.499782377025582,DEGRADED,16-QAM,MEDIUM
10.868139637466868,1872.54386623596,7.365477831315862,0.9725945189037808,12.5,46.66382061895333,37.39408008058824,0.4535642650174569,3.110615272734467,5.052544461531994,DEGRADED,QPSK,LOW
33.457068560707725,997.8257419627208,6.257243636585394,0.9727945589117823,2.2,40.30082523015345,71.41264660196808,39.72827841042884,0.16957087175795102,28.550881437791297,GOOD,64-QAM,HIGH
33.457068560707725,997.8257419627208,6.257243636585394,0.9727945589117823,8.4,40.30082523015345,71.41264660196808,39.72827841042884,0.6478112553140144,16.43550894944171,GOOD,64-QAM,HIGH
33.457068560707725,997.8257419627208,6.257243636585394,0.9727945589117823,12.5,40.30082523015345,71.41264660196808,39.72827841042884,0.9668428256817079,12.663862840150529,GOOD,16-QAM,MEDIUM
31.66476560435828,1036.2524951659489,6.383505679384783,0.972994598919784,2.2,34.648589688683366,73.91807030116271,28.67406016892709,0.16188736432802664,28.23034723350399,GOOD,64-QAM,HIGH
31.66476560435828,1036.2524951659489,6.383505679384783,0.972994598919784,8.4,34.648589688683366,73.91807030116271,28.67406016892709,0.6151720622977114,16.139930430740776,GOOD,64-QAM,HIGH
31.66476560435828,1036.2524951659489,6.383505679384783,0.972994598919784,12.5,34.648589688683366,73.91807030116271,28.67406016892709,0.9209825248683144,12.381505429246701,GOOD,16-QAM,MEDIUM
59.029852365972125,689.2315086850394,3.859435514526439,0.9731946389277856,2.2,0.2512751682655967,32.57023927133991,26.328535416389684,0.011781131697633753,31.92246278593646,GOOD,64-QAM,HIGH
59.029852365972125,689.2315086850394,3.859435514526439,0.9731946389277856,8.4,0.2512751682655967,32.57023927133991,26.328535416389684,0.044087525278394435,20.25302428756217,GOOD,64-QAM,HIGH
59.029852365972125,689.2315086850394,3.859435514526439,0.9731946389277856,12.5,0.2512751682655967,32.57023927133991,26.328535416389684,0.0660854791327058,16.778411794784375,GOOD,64-QAM,HIGH
35.256410745004445,962.4421956291376,6.1243273055864265,0.9733946789357872,2.2,21.3911728319125,70.5474578176791,8.054528949764638,0.10106367545771855,28.932989604189395,GOOD,64-QAM,HIGH
35.256410745004445,962.4421956291376,6.1243273055864265,0.9733946789357872,8.4,21.3911728319125,70.5474578176791,8.054528949764638,0.38545288678317247,17.011468288070418,GOOD,64-QAM,HIGH
35.256410745004445,962.4421956291376,6.1243273055864265,0.9733946789357872,12.5,21.3911728319125,70.5474578176791,8.054528949764638,0.5775224547258813,13.366784181204224,GOOD,16-QAM,MEDIUM
17.623076439712868,1495.427939082904,7.148016060243398,0.9735947189437888,2.2,9.874314082601614,54.88140924994718,17.288874270280527,0.10839666294408054,25.09783991439076,GOOD,64-QAM,HIGH
17.623076439712868,1495.427939082904,7.148016060243398,0.9735947189437888,8.4,9.874314082601614,54.88140924994718,17.288874270280527,0.4166015720807998,13.152502900460519,GOOD,16-QAM,MEDIUM
17.623076439712868,1495.427939082904,7.148016060243398,0.9735947189437888,12.5,9.874314082601614,54.88140924994718,17.288874270280527,0.6183674667169362,9.498122466900895,DEGRADED,16-QAM,MEDIUM
55.699701410151214,712.3069166991963,4.226477655290427,0.9737947589517904,2.2,45.53989555244339,37.44581256658094,22.695889413667352,0.12231718177447798,31.525885972065097,GOOD,64-QAM,HIGH
55.699701410151214,712.3069166991963,4.226477655290427,0.9737947589517904,8.4,45.53989555244339,37.44581256658094,22.695889413667352,0.46681619577479183,19.544254853271255,GOOD,64-QAM,HIGH
55.699701410151214,712.3069166991963,4.226477655290427,0.9737947589517904,12.5,45.53989555244339,37.44581256658094,22.695889413667352,0.692121274845152,15.866335235277418,GOOD,64-QAM,HIGH
74.22263325687193,621.3619063022761,2.039250943389048,0.973994798959792,2.2,8.729199233818013,55.19445286190806,21.0171430658608,0.031534000012273126,32.80311989276774,GOOD,64-QAM,HIGH
74.22263325687193,621.3619063022761,2.039250943389048,0.973994798959792,8.4,8.729199233818013,55.19445286190806,21.0171430658608,0.12035874008975284,21.077163047896732,GOOD,64-QAM,HIGH
74.22263325687193,621.3619063022761,2.039250943389048,0.973994798959792,12.5,8.729199233818013,55.19445286190806,21.0171430658608,0.18161095742866556,17.563296291634344,GOOD,64-QAM,HIGH
37.48049702909772,922.6755778696116,5.951703834537299,0.9741948389677936,2.2,14.303002582964275,41.6539757817349,25.24923192387904,0.06244579495967736,29.33812007854697,GOOD,64-QAM,HIGH
37.48049702909772,922.6755778696116,5.951703834537299,0.9741948389677936,8.4,14.303002582964275,41.6539757817349,25.24923192387904,0.2369657515122152,17.526468017200912,GOOD,64-QAM,HIGH
37.48049702909772,922.6755778696116,5.951703834537299,0.9741948389677936,12.5,14.303002582964275,41.6539757817349,25.24923192387904,0.3565784410101117,13.95424078877953,GOOD,16-QAM,MEDIUM
16.242840783370944,1561.7466466106014,7.200636090440764,0.9743948789757952,2.2,25.84183838672496,54.933571927398994,-5.880913046079469,0.23886066780113419,24.590474073754677,GOOD,64-QAM,HIGH
16.242840783370944,1561.7466466106014,7.200636090440764,0.9743948789757952,8.4,25.84183838672496,54.933571927398994,-5.880913046079469,0.9124886695215493,12.279713967240738,GOOD,16-QAM,MEDIUM
16.242840783370944,1561.7466466106014,7.200636090440764,0.9743948789757952,12.5,25.84183838672496,54.933571927398994,-5.880913046079469,1.3401641919725007,8.3994239058663,DEGRADED,16-QAM,MEDIUM
21.71849677158996,1325.274422596021,6.967598684509741,0.9745949189837968,2.2,13.168180949903965,53.06034167751166,7.78242164158484,0.11215876180228958,26.143271295858185,GOOD,64-QAM,HIGH
21.71849677158996,1325.274422596021,6.967598684509741,0.9745949189837968,8.4,13.168180949903965,53.06034167751166,7.78242164158484,0.43145570925330284,14.186842243613654,GOOD,16-QAM,MEDIUM
21.71849677158996,1325.274422596021,6.967598684509741,0.9745949189837968,12.5,13.168180949903965,53.06034167751166,7.78242164158484,0.6342930733889907,10.53139034055448,GOOD,16-QAM,MEDIUM
25.18608093939764,1207.436292353418,6.786978463436047,0.9747949589917984,2.2,10.49323386395606,74.30349821616345,11.700000829773856,0.08631911859927183,26.977942755728186,GOOD,64-QAM,HIGH
25.18608093939764,1207.436292353418,6.786978463436047,0.9747949589917984,8.4,10.49323386395606,74.30349821616345,11.700000829773856,0.3309943733946115,15.096135396139317,GOOD,64-QAM,HIGH
25.18608093939764,1207.436292353418,6.786978463436047,0.9747949589917984,12.5,10.49323386395606,74.30349821616345,11.700000829773856,0.490591429311911,11.483923801298545,GOOD,16-QAM,MEDIUM
30.491295404535578,1063.2939940087435,6.462796932601832,0.9749949989998,2.2,29.95496625513762,76.45293348998152,3.031464893748323,0.1503021053371679,28.018177062583767,GOOD,64-QAM,HIGH
30.491295404535578,1063.2939940087435,6.462796932601832,0.9749949989998,8.4,29.95496625513762,76.45293348998152,3.031464893748323,0.5766758290510035,15.954671234076415,GOOD,64-QAM,HIGH
30.491295404535578,1063.2939940087435,6.462796932601832,0.9749949989998,12.5,29.95496625513762,76.45293348998152,3.031464893748323,0.8544779654999469,12.224254558703976,GOOD,16-QAM,MEDIUM
59.63758099303627,685.3904161174723,3.7910094164031625,0.9751950390078016,2.2,4.446476137751193,66.4217192630728,-1.3686364865388114,0.026535888205231974,31.95624994828539,GOOD,64-QAM,HIGH
59.63758099303627,685.3904161174723,3.7910094164031625,0.9751950390078016,8.4,4.446476137751193,66.4217192630728,-1.3686364865388114,0.099979889256622,20.245673842440482,GOOD,64-QAM,HIGH
59.63758099303627,685.3904161174723,3.7910094164031625,0.9751950390078016,12.5,4.446476137751193,66.4217192630728,-1.3686364865388114,0.14787471310262862,16.74516447967099,GOOD,64-QAM,HIGH
56.08036618570612,709.4878520463544,4.185221253311155,0.9753950790158032,2.2,2.9083879360462364,31.361210530946853,-3.05362600435686,0.017450873709790836,31.665196233762018,GOOD,64-QAM,HIGH
56.08036618570612,709.4878520463544,4.185221253311155,0.9753950790158032,8.4,2.9083879360462364,31.361210530946853,-3.05362600435686,0.06620695265211309,19.979308050026177,GOOD,64-QAM,HIGH
56.08036618570612,709.4878520463544,4.185221253311155,0.9753950790158032,12.5,2.9083879360462364,31.361210530946853,-3.05362600435686,0.09962930015814624,16.49327116359666,GOOD,64-QAM,HIGH
64.16678823319833,660.0229992119275,3.2681467516102334,0.9755951190238048,2.2,18.61226475930357,85.86133674425963,8.319169612829256,0.0615098365543532,32.24885516171575,GOOD,64-QAM,HIGH
64.16678823319833,660.0229992119275,3.2681467516102334,0.9755951190238048,8.4,18.61226475930357,85.86133674425963,8.319169612829256,0.23479122880182976,20.438441664674755,GOOD,64-QAM,HIGH
64.16678823319833,660.0229992119275,3.2681467516102334,0.9755951190238048,12.5,18.61226475930357,85.86133674425963,8.319169612829256,0.3477138175454986,16.8729045370076,GOOD,64-QAM,HIGH
35.81266868517862,952.102517490176,6.082008442616897,0.9757951590318064,2.2,36.03322272539312,71.17399680578686,14.672085028128294,0.1444013780261595,28.98347073567207,GOOD,64-QAM,HIGH
35.81266868517862,952.102517490176,6.082008442616897,0.9757951590318064,8.4,36.03322272539312,71.17399680578686,14.672085028128294,0.5524030564192429,16.93833695248547,GOOD,64-QAM,HIGH
35.81266868517862,952.102517490176,6.082008442616897,0.9757951590318064,12.5,36.03322272539312,71.17399680578686,14.672085028128294,0.8241654251554318,13.213960044825797,GOOD,16-QAM,MEDIUM
75.03980040979816,619.1533743939553,1.936110030602608,0.975995199039808,2.2,27.7403379136974,32.05172699527133,-6.8511779926669645,0.06589928370741345,32.79968221630781,GOOD,64-QAM,HIGH
75.03980040979816,619.1533743939553,1.936110030602608,0.975995199039808,8.4,27.7403379136974,32.05172699527133,-6.8511779926669645,0.25087222149788097,20.977577173723816,GOOD,64-QAM,HIGH
75.03980040979816,619.1533743939553,1.936110030602608,0.975995199039808,12.5,27.7403379136974,32.05172699527133,-6.8511779926669645,0.37255997435706606,17.403274881941158,GOOD,64-QAM,HIGH
22.34745119823962,1302.278775152245,6.936713574470652,0.9761952390478096,2.2,21.143823423338944,79.12997395284707,37.32290472952748,0.15030563954281279,26.25716149637767,GOOD,64-QAM,HIGH
22.34745119823962,1302.278775152245,6.936713574470652,0.9761952390478096,8.4,21.143823423338944,79.12997395284707,37.32290472952748,0.5762213775875945,14.194113653539361,GOOD,16-QAM,MEDIUM
22.34745119823962,1302.278775152245,6.936713574470652,0.9761952390478096,12.5,21.143823423338944,79.12997395284707,37.32290472952748,0.8472835525373216,10.470436939666158,GOOD,16-QAM,MEDIUM
44.86846353904309,816.3877930444396,5.315461895718486,0.9763952790558112,2.2,28.28757821122912,42.01596928307977,28.26216614303792,0.10013159603379726,30.363484740553112,GOOD,64-QAM,HIGH
44.86846353904309,816.3877930444396,5.315461895718486,0.9763952790558112,8.4,28.28757821122912,42.01596928307977,28.26216614303792,0.38139385390350183,18.445090377889883,GOOD,64-QAM,HIGH
44.86846353904309,816.3877930444396,5.315461895718486,0.9763952790558112,12.5,28.28757821122912,42.01596928307977,28.26216614303792,0.5668865499989351,14.806983142870962,GOOD,16-QAM,MEDIUM
73.07979133102158,624.6702282366923,2.182797383505405,0.9765953190638128,2.2,18.27257423266368,64.7532713742664,26.542588659273328,0.053108682815779025,32.73542154118035,GOOD,64-QAM,HIGH
73.07979133102158,624.6702282366923,2.182797383505405,0.9765953190638128,8.4,18.27257423266368,64.7532713742664,26.542588659273328,0.2024171063345021,20.948981012868103,GOOD,64-QAM,HIGH
73.07979133102158,624.6702282366923,2.182797383505405,0.9765953190638128,12.5,18.27257423266368,64.7532713742664,26.542588659273328,0.30275475410411634,17.396028826175012,GOOD,64-QAM,HIGH
20.31348505727264,1379.5010503836752,7.0335544074732175,0.9767953590718144,2.2,46.80731677160564,57.99806219701123,-1.356973750563652,0.31370736486082046,25.59339830875328,GOOD,64-QAM,HIGH
20.31348505727264,1379.5010503836752,7.0335544074732175,0.9767953590718144,8.4,46.80731677160564,57.99806219701123,-1.356973750563652,1.2033553436123186,13.06661822520826,GOOD,16-QAM,MEDIUM
20.31348505727264,1379.5010503836752,7.0335544074732175,0.9767953590718144,12.5,46.80731677160564,57.99806219701123,-1.356973750563652,1.7834888113403788,9.033870218556714,DEGRADED,16-QAM,MEDIUM
14.33836466796655,1661.7635563111178,7.266375946328892,0.976995399079816,2.2,2.7452445455387164,55.1903269413046,20.19003840060945,0.06910487020614266,24.221056906510142,GOOD,64-QAM,HIGH
14.33836466796655,1661.7635563111178,7.266375946328892,0.976995399079816,8.4,2.7452445455387164,55.1903269413046,20.19003840060945,0.27401337110319424,12.379016300819558,GOOD,16-QAM,MEDIUM
14.33836466796655,1661.7635563111178,7.266375946328892,0.976995399079816,12.5,2.7452445455387164,55.1903269413046,20.19003840060945,0.3906776235408736,8.809737509458401,DEGRADED,16-QAM,MEDIUM
80.11313725347912,608.2509165211322,1.287774162688423,0.9771954390878176,2.2,33.66957395149176,83.38282320746384,16.486247340433373,0.08593632872309283,32.93395461474374,GOOD,64-QAM,HIGH
80.11313725347912,608.2509165211322,1.287774162688423,0.9771954390878176,8.4,33.66957395149176,83.38282320746384,16.486247340433373,0.3288101589738654,21.053948679699445,GOOD,64-QAM,HIGH
80.11313725347912,608.2509165211322,1.287774162688423,0.9771954390878176,12.5,33.66957395149176,83.38282320746384,16.486247340433373,0.48838661404861466,17.44175768570122,GOOD,64-QAM,HIGH
34.14902133453165,983.8574809935172,6.2068526851559085,0.9773954790958193,2.2,44.56413324138752,56.24167749375688,39.12344228933469,0.18310351324703758,28.65979902568312,GOOD,64-QAM,HIGH
34.14902133453165,983.8574809935172,6.2068526851559085,0.9773954790958193,8.4,44.56413324138752,56.24167749375688,39.12344228933469,0.6997149476720146,16.506055486464618,GOOD,64-QAM,HIGH
34.14902133453165,983.8574809935172,6.2068526851559085,0.9773954790958193,12.5,44.56413324138752,56.24167749375688,39.12344228933469,1.0366815755145042,12.716474319698648,GOOD,16-QAM,MEDIUM
63.12896061726772,665.3508247061245,3.3898791392116743,0.9775955191038208,2.2,40.19423543676267,34.520647054389045,27.383588504007896,0.09917077256914941,32.141361620456166,GOOD,64-QAM,HIGH
63.12896061726772,665.3508247061245,3.3898791392116743,0.9775955191038208,8.4,40.19423543676267,34.520647054389045,27.383588504007896,0.37808645967732807,20.225313828554462,GOOD,64-QAM,HIGH
63.12896061726772,665.3508247061245,3.3898791392116743,0.9775955191038208,12.5,40.19423543676267,34.520647054389045,27.383588504007896,0.5639440234196598,16.586841725888647,GOOD,64-QAM,HIGH
7.15463136243477,2145.0154662241976,7.441602248662376,0.9777955591118224,2.2,9.202051741072337,86.79832363289715,18.78809418581156,0.27605643459490903,21.796881390372604,GOOD,64-QAM,HIGH
7.15463136243477,2145.0154662241976,7.441602248662376,0.9777955591118224,8.4,9.202051741072337,86.79832363289715,18.78809418581156,1.0949065454857745,9.340899174688218,DEGRADED,16-QAM,MEDIUM
7.15463136243477,2145.0154662241976,7.441602248662376,0.9777955591118224,12.5,9.202051741072337,86.79832363289715,18.78809418581156,1.5543691458926057,5.428822035357896,DEGRADED,QPSK,LOW
63.65398551480322,662.621043943519,3.328432649565365,0.977995599119824,2.2,14.796317449014415,85.23211387437766,32.540633323506114,0.05296642629655657,32.223275469913666,GOOD,64-QAM,HIGH
63.65398551480322,662.621043943519,3.328432649565365,0.977995599119824,8.4,14.796317449014415,85.23211387437766,32.540633323506114,0.20009482069580223,20.439014970720905,GOOD,64-QAM,HIGH
63.65398551480322,662.621043943519,3.328432649565365,0.977995599119824,12.5,14.796317449014415,85.23211387437766,32.540633323506114,0.29780383599152915,16.888691416501686,GOOD,64-QAM,HIGH
31.868611481492493,1031.711538996039,6.369457921299625,0.9781956391278256,2.2,35.85239693535524,71.06596137489592,-2.245286456964526,0.16296682419006095,28.267413802185835,GOOD,64-QAM,HIGH
31.868611481492493,1031.711538996039,6.369457921299625,0.9781956391278256,8.4,35.85239693535524,71.06596137489592,-2.245286456964526,0.6199010092896652,16.173347512292708,GOOD,64-QAM,HIGH
31.868611481492493,1031.711538996039,6.369457921299625,0.9781956391278256,12.5,35.85239693535524,71.06596137489592,-2.245286456964526,0.9266350317854796,12.413998950873406,GOOD,16-QAM,MEDIUM
9.737972554932549,1950.0050192769727,7.391936902049058,0.9783956791358271,2.2,4.213527959038277,58.07355168792149,-9.23917351545114,0.11069005817343959,22.790141740783497,GOOD,64-QAM,HIGH
9.737972554932549,1950.0050192769727,7.391936902049058,0.9783956791358271,8.4,4.213527959038277,58.07355168792149,-9.23917351545114,0.4360876638066682,10.827612030356747,GOOD,16-QAM,MEDIUM
9.737972554932549,1950.0050192769727,7.391936902049058,0.9783956791358271,12.5,4.213527959038277,58.07355168792149,-9.23917351545114,0.6304825008993847,7.180602654340547,DEGRADED,QPSK,LOW
56.83408473158995,704.0479944462668,4.102990074357919,0.9785957191438288,2.2,40.593084991629205,35.571568376611275,24.51166667072616,0.11012304122498266,31.63937802844579,GOOD,64-QAM,HIGH
56.83408473158995,704.0479944462668,4.102990074357919,0.9785957191438288,8.4,40.593084991629205,35.571568376611275,24.51166667072616,0.41904185739410543,19.693327107483142,GOOD,64-QAM,HIGH
56.83408473158995,704.0479944462668,4.102990074357919,0.9785957191438288,12.5,40.593084991629205,35.571568376611275,24.51166667072616,0.6212696038058201,16.03848482214795,GOOD,64-QAM,HIGH
25.46832436621973,1198.748898764829,6.771173639452195,0.9787957591518304,2.2,35.94534723023951,77.44488711464857,-5.084426988138127,0.1954904413439804,26.931491517958918,GOOD,64-QAM,HIGH
25.46832436621973,1198.748898764829,6.771173639452195,0.9787957591518304,8.4,35.94534723023951,77.44488711464857,-5.084426988138127,0.7372445041072744,14.752605350402092,GOOD,16-QAM,MEDIUM
25.46832436621973,1198.748898764829,6.771173639452195,0.9787957591518304,12.5,35.94534723023951,77.44488711464857,-5.084426988138127,1.1077635172697586,10.92947179831613,GOOD,16-QAM,MEDIUM
37.8786155744098,915.9841062988844,5.919849740225015,0.978995799159832,2.2,36.48033246176713,34.52867486544174,-4.22831800082454,0.13381422683341834,29.32997339529944,GOOD,64-QAM,HIGH
37.8786155744098,915.9841062988844,5.919849740225015,0.978995799159832,8.4,36.48033246176713,34.52867486544174,-4.22831800082454,0.5055082660326476,17.321147251306684,GOOD,64-QAM,HIGH
37.8786155744098,915.9841062988844,5.919849740225015,0.978995799159832,12.5,36.48033246176713,34.52867486544174,-4.22831800082454,0.7640868275511856,13.609954150864667,GOOD,16-QAM,MEDIUM
11.849369044353654,1808.933963218624,7.340181156733208,0.9791958391678336,2.2,5.012068513379569,34.11605909370874,27.23403632122653,0.10115900044839886,23.451933126433403,GOOD,64-QAM,HIGH
11.849369044353654,1808.933963218624,7.340181156733208,0.9791958391678336,8.4,5.012068513379569,34.11605909370874,27.23403632122653,0.3889553245821614,11.527004697506129,GOOD,16-QAM,MEDIUM
11.849369044353654,1808.933963218624,7.340181156733208,0.9791958391678336,12.5,5.012068513379569,34.11605909370874,27.23403632122653,0.5801159098539017,7.883229573310899,DEGRADED,QPSK,LOW
17.508876343070355,1500.7295880737192,7.152527651523094,0.9793958791758351,2.2,35.888027240811546,62.243030546362085,3.5267422066994545,0.28627603706479277,24.889221444826546,GOOD,64-QAM,HIGH
17.508876343070355,1500.7295880737192,7.152527651523094,0.9793958791758351,8.4,35.888027240811546,62.243030546362085,3.5267422066994545,1.092190447711262,12.446174929386558,GOOD,16-QAM,MEDIUM
17.508876343070355,1500.7295880737192,7.152527651523094,0.9793958791758351,12.5,35.888027240811546,62.243030546362085,3.5267422066994545,1.6222440850772806,8.46350675309705,DEGRADED,16-QAM,MEDIUM
30.32806501714672,1067.1807509670325,6.47361236857587,0.9795959191838368,2.2,33.9909062609985,39.60769441107841,21.431560778444645,0.1587505763049613,27.97803614417088,GOOD,64-QAM,HIGH
30.32806501714672,1067.1807509670325,6.47361236857587,0.9795959191838368,8.4,33.9909062609985,39.60769441107841,21.431560778444645,0.6071134736753943,15.89254114200692,GOOD,64-QAM,HIGH
30.32806501714672,1067.1807509670325,6.47361236857587,0.9795959191838368,12.5,33.9909062609985,39.60769441107841,21.431560778444645,0.8954059869620219,12.151634089796815,GOOD,16-QAM,MEDIUM
12.629557547613356,1760.6734751130466,7.318530728301113,0.9797959591918384,2.2,41.54612454109253,30.463816040420937,35.87034630463742,0.4376449980449158,23.35032495447048,GOOD,64-QAM,HIGH
12.629557547613356,1760.6734751130466,7.318530728301113,0.9797959591918384,8.4,41.54612454109253,30.463816040420937,35.87034630463742,1.666667737207318,10.484170110514555,GOOD,16-QAM,MEDIUM
12.629557547613356,1760.6734751130466,7.318530728301113,0.9797959591918384,12.5,41.54612454109253,30.463816040420937,35.87034630463742,2.466596965695212,6.231626343103173,DEGRADED,QPSK,LOW
82.42023249833679,604.8283339679001,0.9892977023070302,0.97999599919984,2.2,2.079797812823476,55.38680585974717,5.823726581892917,0.017070785983540355,33.05183303641051,GOOD,64-QAM,HIGH
82.42023249833679,604.8283339679001,0.9892977023070302,0.97999599919984,8.4,2.079797812823476,55.38680585974717,5.823726581892917,0.06495499688509931,21.36681672071542,GOOD,64-QAM,HIGH
82.42023249833679,604.8283339679001,0.9892977023070302,0.97999599919984,12.5,2.079797812823476,55.38680585974717,5.823726581892917,0.0968855105955921,17.882271668081444,GOOD,64-QAM,HIGH
5.513998670638165,2282.634690088565,7.465295635097952,0.9801960392078416,2.2,1.1555334233896095,38.23303389660396,0.8572078919959409,0.16453619565314653,21.368281925450447,GOOD,64-QAM,HIGH
5.513998670638165,2282.634690088565,7.465295635097952,0.9801960392078416,8.4,1.1555334233896095,38.23303389660396,0.8572078919959409,0.6274292285591623,9.2682567877509,DEGRADED,16-QAM,MEDIUM
5.513998670638165,2282.634690088565,7.465295635097952,0.9801960392078416,12.5,1.1555334233896095,38.23303389660396,0.8572078919959409,0.9252058424751154,5.517865634911473,DEGRADED,QPSK,LOW
46.12811860346647,801.5502001282821,5.197860941481295,0.9803960792158432,2.2,18.65035499392804,39.63092491684147,-4.671855812947414,0.06623501624384417,30.556696829616463,GOOD,64-QAM,HIGH
46.12811860346647,801.5502001282821,5.197860941481295,0.9803960792158432,8.4,18.65035499392804,39.63092491684147,-4.671855812947414,0.2514769615372671,18.73432277952952,GOOD,64-QAM,HIGH
46.12811860346647,801.5502001282821,5.197860941481295,0.9803960792158432,12.5,18.65035499392804,39.63092491684147,-4.671855812947414,0.37692156181483566,15.156263640328461,GOOD,64-QAM,HIGH
15.476033941266872,1600.7841172452545,7.228066133594172,0.9805961192238448,2.2,7.439414192457644,34.61463832412008,-3.476881929013694,0.10365036348430966,24.511240687255622,GOOD,64-QAM,HIGH
15.476033941266872,1600.7841172452545,7.228066133594172,0.9805961192238448,8.4,7.439414192457644,34.61463832412008,-3.476881929013694,0.4061249404942963,12.571634005452125,GOOD,16-QAM,MEDIUM
15.476033941266872,1600.7841172452545,7.228066133594172,0.9805961192238448,12.5,7.439414192457644,34.61463832412008,-3.476881929013694,0.5935214708740983,8.931622936148841,DEGRADED,16-QAM,MEDIUM
31.152722605625627,1047.8606724467213,6.418435626994933,0.9807961592318464,2.2,27.919223878511097,42.3056252234166,-6.888865231057864,0.1307005619362792,28.1647750009203,GOOD,64-QAM,HIGH
31.152722605625627,1047.8606724467213,6.418435626994933,0.9807961592318464,8.4,27.919223878511097,42.3056252234166,-6.888865231057864,0.5038800211098023,16.15446343695325,GOOD,64-QAM,HIGH
31.152722605625627,1047.8606724467213,6.418435626994933,0.9807961592318464,12.5,27.919223878511097,42.3056252234166,-6.888865231057864,0.7408271675697734,12.464901751569798,GOOD,16-QAM,MEDIUM
83.71506258455257,603.3131665780948,0.8210475241681803,0.980996199239848,2.2,45.86744507533744,72.92905078646336,-5.617881058512993,0.10919088824453217,32.98149942790864,GOOD,64-QAM,HIGH
83.71506258455257,603.3131665780948,0.8210475241681803,0.980996199239848,8.4,45.86744507533744,72.92905078646336,-5.617881058512993,0.41690771217150746,21.03665049918814,GOOD,64-QAM,HIGH
83.71506258455257,603.3131665780948,0.8210475241681803,0.980996199239848,12.5,45.86744507533744,72.92905078646336,-5.617881058512993,0.6208432197881958,17.380100452647966,GOOD,64-QAM,HIGH
18.744037028288883,1445.0837628279928,7.102226832702333,0.9811962392478496,2.2,19.573986516700785,78.53563843306748,11.600229440457696,0.16117015656376657,25.34251580168518,GOOD,64-QAM,HIGH
18.744037028288883,1445.0837628279928,7.102226832702333,0.9811962392478496,8.4,19.573986516700785,78.53563843306748,11.600229440457696,0.619188307789096,13.247365545666327,GOOD,16-QAM,MEDIUM
18.744037028288883,1445.0837628279928,7.102226832702333,0.9811962392478496,12.5,19.573986516700785,78.53563843306748,11.600229440457696,0.91126480284019,9.502674511691751,DEGRADED,16-QAM,MEDIUM
87.09574717605827,600.705102850342,0.3800030299564031,0.9813962792558512,2.2,42.247518863630205,57.15201864175803,6.043252251198485,0.0985790400758398,33.02974091960427,GOOD,64-QAM,HIGH
87.09574717605827,600.705102850342,0.3800030299564031,0.9813962792558512,8.4,42.247518863630205,57.15201864175803,6.043252251198485,0.37710761845747903,21.114080236429118,GOOD,64-QAM,HIGH
87.09574717605827,600.705102850342,0.3800030299564031,0.9813962792558512,12.5,42.247518863630205,57.15201864175803,6.043252251198485,0.5631616459473137,17.475411670015788,GOOD,64-QAM,HIGH
22.492522044100845,1297.0822470920848,6.9294710291408,0.9815963192638528,2.2,0.0120437258933236,60.39322895288506,25.3280407161499,0.04124165483258568,26.400954423298465,GOOD,64-QAM,HIGH
22.492522044100845,1297.0822470920848,6.9294710291408,0.9815963192638528,8.4,0.0120437258933236,60.39322895288506,25.3280407161499,0.15751636858668783,14.64754760475084,GOOD,16-QAM,MEDIUM
22.492522044100845,1297.0822470920848,6.9294710291408,0.9815963192638528,12.5,0.0120437258933236,60.39322895288506,25.3280407161499,0.2311346277713632,11.121314806642673,GOOD,16-QAM,MEDIUM
68.03311921968051,642.5010510238599,2.8055293652715605,0.9817963592718544,2.2,8.425732172959211,31.95930207565216,33.512082912350095,0.027565983466145378,32.51650355135415,GOOD,64-QAM,HIGH
68.03311921968051,642.5010510238599,2.8055293652715605,0.9817963592718544,8.4,8.425732172959211,31.95930207565216,33.512082912350095,0.10440354277240238,20.80253388725437,GOOD,64-QAM,HIGH
68.03311921968051,642.5010510238599,2.8055293652715605,0.9817963592718544,12.5,8.425732172959211,31.95930207565216,33.512082912350095,0.15767080742655115,17.296652083676733,GOOD,64-QAM,HIGH
51.46756751627149,747.1280218775364,4.672181512999341,0.981996399279856,2.2,1.521176982704281,34.158975682279014,29.238660157119213,0.014731241784031545,31.218914633410634,GOOD,64-QAM,HIGH
51.46756751627149,747.1280218775364,4.672181512999341,0.981996399279856,8.4,1.521176982704281,34.158975682279014,29.238660157119213,0.05636161844089789,19.540152151960243,GOOD,64-QAM,HIGH
51.46756751627149,747.1280218775364,4.672181512999341,0.981996399279856,12.5,1.521176982704281,34.158975682279014,29.238660157119213,0.08274239101263886,16.061156840465017,GOOD,64-QAM,HIGH
80.18069184572452,608.1373706894574,1.2790617221602052,0.9821964392878576,2.2,16.407359025753433,45.45406353897101,16.53186283328261,0.04345952477065056,32.97805301695725,GOOD,64-QAM,HIGH
80.18069184572452,608.1373706894574,1.2790617221602052,0.9821964392878576,8.4,16.407359025753433,45.45406353897101,16.53186283328261,0.16601771176342947,21.218362725170948,GOOD,64-QAM,HIGH
80.18069184572452,608.1373706894574,1.2790617221602052,0.9821964392878576,12.5,16.407359025753433,45.45406353897101,16.53186283328261,0.24644083507298215,17.685325062937906,GOOD,64-QAM,HIGH
52.08942671776613,741.5893010744458,4.60823104575857,0.9823964792958592,2.2,45.40947978482514,62.63390524278885,-4.877894188367328,0.13217768408606395,31.166099587362588,GOOD,64-QAM,HIGH
52.08942671776613,741.5893010744458,4.60823104575857,0.9823964792958592,8.4,45.40947978482514,62.63390524278885,-4.877894188367328,0.5048282142351096,19.156316952420028,GOOD,64-QAM,HIGH
52.08942671776613,741.5893010744458,4.60823104575857,0.9823964792958592,12.5,45.40947978482514,62.63390524278885,-4.877894188367328,0.75596834168173,15.452562286049911,GOOD,64-QAM,HIGH
50.43753362828624,756.6462778805972,4.776893257819829,0.9825965193038608,2.2,4.847606179949388,74.37306892409958,25.48836419707768,0.03242181696396749,31.091266566195394,GOOD,64-QAM,HIGH
50.43753362828624,756.6462778805972,4.776893257819829,0.9825965193038608,8.4,4.847606179949388,74.37306892409958,25.48836419707768,0.12193721284908882,19.36461906551675,GOOD,64-QAM,HIGH
50.43753362828624,756.6462778805972,4.776893257819829,0.9825965193038608,12.5,4.847606179949388,74.37306892409958,25.48836419707768,0.18409702394623498,15.849844715496118,GOOD,64-QAM,HIGH
21.61393003131399,1329.1722843554144,6.972652186203649,0.9827965593118624,2.2,30.32048883719002,66.30018368028198,8.14143623634368,0.20209800066742542,26.027822845365257,GOOD,64-QAM,HIGH
21.61393003131399,1329.1722843554144,6.972652186203649,0.9827965593118624,8.4,30.32048883719002,66.30018368028198,8.14143623634368,0.7860976346435409,13.806691106595622,GOOD,16-QAM,MEDIUM
21.61393003131399,1329.1722843554144,6.972652186203649,0.9827965593118624,12.5,30.32048883719002,66.30018368028198,8.14143623634368,1.1408077906917096,9.999366411623967,DEGRADED,16-QAM,MEDIUM
19.12949577439099,1428.4617777230596,7.0858525178040725,0.982996599319864,2.2,22.57479695597221,53.5276712992073,-5.717480304229491,0.17099017402772124,25.433183726018072,GOOD,64-QAM,HIGH
19.12949577439099,1428.4617777230596,7.0858525178040725,0.982996599319864,8.4,22.57479695597221,53.5276712992073,-5.717480304229491,0.6507571756369384,13.316284619615331,GOOD,16-QAM,MEDIUM
19.12949577439099,1428.4617777230596,7.0858525178040725,0.982996599319864,12.5,22.57479695597221,53.5276712992073,-5.717480304229491,0.9648651007230756,9.549562155605713,DEGRADED,16-QAM,MEDIUM
82.9015778448187,604.2313290079001,0.9268061195553992,0.9831966393278656,2.2,46.92341061829063,37.09944438018829,32.12332036063128,0.10464489889873964,32.97283669641449,GOOD,64-QAM,HIGH
82.9015778448187,604.2313290079001,0.9268061195553992,0.9831966393278656,8.4,46.92341061829063,37.09944438018829,32.12332036063128,0.40107805177686706,21.039271438742844,GOOD,64-QAM,HIGH
82.9015778448187,604.2313290079001,0.9268061195553992,0.9831966393278656,12.5,46.92341061829063,37.09944438018829,32.12332036063128,0.5967930835470587,17.39094186804917,GOOD,64-QAM,HIGH
32.8662469022529,1010.1260874578128,6.299547782647464,0.9833966793358672,2.2,6.125957126854692,76.84639409323137,6.910825859125279,0.05302114521025873,28.56101349201132,GOOD,64-QAM,HIGH
32.8662469022529,1010.1260874578128,6.299547782647464,0.9833966793358672,8.4,6.125957126854692,76.84639409323137,6.910825859125279,0.20902864849443006,16.767873883933632,GOOD,64-QAM,HIGH
32.8662469022529,1010.1260874578128,6.299547782647464,0.9833966793358672,12.5,6.125957126854692,76.84639409323137,6.910825859125279,0.3093847369096433,13.214903256594923,GOOD,16-QAM,MEDIUM
36.62699167184616,937.447019138845,6.019023813207355,0.9835967193438688,2.2,10.601392525111446,51.82716309594343,0.912441625578568,0.054965129260747016,29.207646605144426,GOOD,64-QAM,HIGH
36.62699167184616,937.447019138845,6.019023813207355,0.9835967193438688,8.4,10.601392525111446,51.82716309594343,0.912441625578568,0.21207787716590143,17.41340175244575,GOOD,64-QAM,HIGH
36.62699167184616,937.447019138845,6.019023813207355,0.9835967193438688,12.5,10.601392525111446,51.82716309594343,0.912441625578568,0.3097855887964283,13.863079501891733,GOOD,16-QAM,MEDIUM
69.58501096641301,636.4383557909214,2.616129268847706,0.9837967593518704,2.2,1.4770984305746635,74.16324086896738,33.57260323094216,0.021519448978086612,32.60490003279947,GOOD,64-QAM,HIGH
69.58501096641301,636.4383557909214,2.616129268847706,0.9837967593518704,8.4,1.4770984305746635,74.16324086896738,33.57260323094216,0.08186532484638441,20.907422052137647,GOOD,64-QAM,HIGH
69.58501096641301,636.4383557909214,2.616129268847706,0.9837967593518704,12.5,1.4770984305746635,74.16324086896738,33.57260323094216,0.12197635688731043,17.414696481173237,GOOD,64-QAM,HIGH
33.799996005938624,990.84519213028,6.232383810400706,0.983996799359872,2.2,21.696762481568687,60.77873051486051,35.10669342235025,0.1008575291117369,28.680572726502916,GOOD,64-QAM,HIGH
33.799996005938624,990.84519213028,6.232383810400706,0.983996799359872,8.4,21.696762481568687,60.77873051486051,35.10669342235025,0.3790641394272487,16.765234011393886,GOOD,64-QAM,HIGH
33.799996005938624,990.84519213028,6.232383810400706,0.983996799359872,12.5,21.696762481568687,60.77873051486051,35.10669342235025,0.5728840032100767,13.118799608687567,GOOD,16-QAM,MEDIUM
85.92530796431524,601.3891723430443,0.5329264536963025,0.9841968393678736,2.2,13.891644978232714,74.31972321370952,6.948541859577993,0.044853441197740276,33.0735808499747,GOOD,64-QAM,HIGH
85.92530796431524,601.3891723430443,0.5329264536963025,0.9841968393678736,8.4,13.891644978232714,74.31972321370952,6.948541859577993,0.17210888880588332,21.30919329757303,GOOD,64-QAM,HIGH
85.92530796431524,601.3891723430443,0.5329264536963025,0.9841968393678736,12.5,13.891644978232714,74.31972321370952,6.948541859577993,0.2560659403337877,17.772621707121644,GOOD,64-QAM,HIGH
67.72386036489803,643.7734993265703,2.8430312288823782,0.9843968793758752,2.2,43.49529669451604,84.43737368715432,7.740070964068671,0.1096491787110919,32.41723530159683,GOOD,64-QAM,HIGH
67.72386036489803,643.7734993265703,2.8430312288823782,0.9843968793758752,8.4,43.49529669451604,84.43737368715432,7.740070964068671,0.4183273070092856,20.471425068505113,GOOD,64-QAM,HIGH
67.72386036489803,643.7734993265703,2.8430312288823782,0.9843968793758752,12.5,43.49529669451604,84.43737368715432,7.740070964068671,0.6219388248183818,16.815199011772535,GOOD,64-QAM,HIGH
55.7814856187407,711.6971407995334,4.217629565733897,0.9845969193838768,2.2,30.24704065988775,85.26177096322812,18.98142637915721,0.0936393889376347,31.562002573048957,GOOD,64-QAM,HIGH
55.7814856187407,711.6971407995334,4.217629565733897,0.9845969193838768,8.4,30.24704065988775,85.26177096322812,18.98142637915721,0.35534337759056406,19.66316647960251,GOOD,64-QAM,HIGH
55.7814856187407,711.6971407995334,4.217629565733897,0.9845969193838768,12.5,30.24704065988775,85.26177096322812,18.98142637915721,0.5290044449540258,16.036890873315556,GOOD,64-QAM,HIGH
79.87608864630396,608.6557738163774,1.3183318150697736,0.9847969593918784,2.2,30.704536898785083,62.10640680003621,26.67207469053291,0.07700228379306144,32.93710917642608,GOOD,64-QAM,HIGH
79.87608864630396,608.6557738163774,1.3183318150697736,0.9847969593918784,8.4,30.704536898785083,62.10640680003621,26.67207469053291,0.2944840975048848,21.082495257920726,GOOD,64-QAM,HIGH
79.87608864630396,608.6557738163774,1.3183318150697736,0.9847969593918784,12.5,30.704536898785083,62.10640680003621,26.67207469053291,0.43916235091067685,17.485202465591456,GOOD,64-QAM,HIGH
9.216502209706034,1987.316588401227,7.403176316153829,0.98499699939988,2.2,26.59553484406512,60.690501885938325,-6.842539904656827,0.4084565419303976,22.327748688221178,GOOD,64-QAM,HIGH
9.216502209706034,1987.316588401227,7.403176316153829,0.98499699939988,8.4,26.59553484406512,60.690501885938325,-6.842539904656827,1.542202665549413,9.556870459808636,DEGRADED,16-QAM,MEDIUM
9.216502209706034,1987.316588401227,7.403176316153829,0.98499699939988,12.5,26.59553484406512,60.690501885938325,-6.842539904656827,2.306407290403925,5.340051296030637,DEGRADED,QPSK,LOW
26.850328836082745,1157.9832974252731,6.691420661677475,0.9851970394078816,2.2,4.59251686146005,45.94070793017024,19.667182859423587,0.04476505892617144,27.382735419847137,GOOD,64-QAM,HIGH
26.850328836082745,1157.9832974252731,6.691420661677475,0.9851970394078816,8.4,4.59251686146005,45.94070793017024,19.667182859423587,0.1737239260452773,15.616644447934505,GOOD,64-QAM,HIGH
26.850328836082745,1157.9832974252731,6.691420661677475,0.9851970394078816,12.5,4.59251686146005,45.94070793017024,19.667182859423587,0.2567737993242274,12.080980035732082,GOOD,16-QAM,MEDIUM
44.52808840877734,820.5426521746103,5.346800647921934,0.9853970794158832,2.2,22.250934186267763,86.14798989175748,37.64100308917908,0.08759084223106522,30.33193232537357,GOOD,64-QAM,HIGH
44.52808840877734,820.5426521746103,5.346800647921934,0.9853970794158832,8.4,22.250934186267763,86.14798989175748,37.64100308917908,0.33142694826653285,18.450964114544576,GOOD,64-QAM,HIGH
44.52808840877734,820.5426521746103,5.346800647921934,0.9853970794158832,12.5,22.250934186267763,86.14798989175748,37.64100308917908,0.49524463534780533,14.834531888539829,GOOD,16-QAM,MEDIUM
24.293175855079287,1235.7702737331024,6.835892123202837,0.9855971194238848,2.2,49.97525948542582,57.47515003197725,3.104694858997684,0.25450813449310694,26.608283366739244,GOOD,64-QAM,HIGH
24.293175855079287,1235.7702737331024,6.835892123202837,0.9855971194238848,8.4,49.97525948542582,57.47515003197725,3.104694858997684,0.9713646985222336,14.254294697916592,GOOD,16-QAM,MEDIUM
24.293175855079287,1235.7702737331024,6.835892123202837,0.9855971194238848,12.5,49.97525948542582,57.47515003197725,3.104694858997684,1.4494703334519796,10.32357452406336,GOOD,16-QAM,MEDIUM
68.23194092068292,641.6944128096884,2.781376282105223,0.9857971594318864,2.2,41.76146454230074,37.65547435724263,35.44136070484669,0.09830775339927161,32.456673471463404,GOOD,64-QAM,HIGH
68.23194092068292,641.6944128096884,2.781376282105223,0.9857971594318864,8.4,41.76146454230074,37.65547435724263,35.44136070484669,0.37488125533867306,20.54296786473047,GOOD,64-QAM,HIGH
68.23194092068292,641.6944128096884,2.781376282105223,0.9857971594318864,12.5,41.76146454230074,37.65547435724263,35.44136070484669,0.5584011910900863,16.90683339005558,GOOD,64-QAM,HIGH
83.13268263956664,603.9589098338784,0.8967789825473689,0.985997199439888,2.2,44.672952708355794,55.962294877593,37.50841703815468,0.1035073752355695,32.977891157733445,GOOD,64-QAM,HIGH
83.13268263956664,603.9589098338784,0.8967789825473689,0.985997199439888,8.4,44.672952708355794,55.962294877593,37.50841703815468,0.394882212237606,21.04938421593789,GOOD,64-QAM,HIGH
83.13268263956664,603.9589098338784,0.8967789825473689,0.985997199439888,12.5,44.672952708355794,55.962294877593,37.50841703815468,0.5888073603540191,17.402844528897987,GOOD,64-QAM,HIGH
41.02046019412849,867.2816675439371,5.658564411770553,0.9861972394478896,2.2,41.16131796232497,37.62319501428024,3.457682048554487,0.1436596004915946,29.794683454212183,GOOD,64-QAM,HIGH
41.02046019412849,867.2816675439371,5.658564411770553,0.9861972394478896,8.4,41.16131796232497,37.62319501428024,3.457682048554487,0.5472905781863665,17.753920371723893,GOOD,64-QAM,HIGH
41.02046019412849,867.2816675439371,5.658564411770553,0.9861972394478896,12.5,41.16131796232497,37.62319501428024,3.457682048554487,0.8138385075723882,14.034757903414388,GOOD,16-QAM,MEDIUM
34.08127100951107,985.204764327993,6.21182665112361,0.9863972794558912,2.2,5.152084671549134,60.1519010554245,27.71009329426753,0.040071183638606976,28.79094513258986,GOOD,64-QAM,HIGH
34.08127100951107,985.204764327993,6.21182665112361,0.9863972794558912,8.4,5.152084671549134,60.1519010554245,27.71009329426753,0.15447152533637562,17.039412686098572,GOOD,64-QAM,HIGH
34.08127100951107,985.204764327993,6.21182665112361,0.9863972794558912,12.5,5.152084671549134,60.1519010554245,27.71009329426753,0.22556418190847494,13.515705490602983,GOOD,16-QAM,MEDIUM
86.73181223169313,600.8931057964674,0.4275728294990743,0.9865973194638928,2.2,11.37241270323998,63.67653089137273,1.938750415978,0.03805646387596172,33.087545494323706,GOOD,64-QAM,HIGH
86.73181223169313,600.8931057964674,0.4275728294990743,0.9865973194638928,8.4,11.37241270323998,63.67653089137273,1.938750415978,0.1462430675081323,21.342226785898006,GOOD,64-QAM,HIGH
86.73181223169313,600.8931057964674,0.4275728294990743,0.9865973194638928,12.5,11.37241270323998,63.67653089137273,1.938750415978,0.2174054576010812,17.818449856881585,GOOD,64-QAM,HIGH
42.812456790340974,842.479439201572,5.5018659634978055,0.9867973594718944,2.2,0.1560825678204813,50.26534568961512,26.88055808660664,0.017040227356164422,30.173319942786478,GOOD,64-QAM,HIGH
42.812456790340974,842.479439201572,5.5018659634978055,0.9867973594718944,8.4,0.1560825678204813,50.26534568961512,26.88055808660664,0.06427371001294362,18.488954355336176,GOOD,64-QAM,HIGH
42.812456790340974,842.479439201572,5.5018659634978055,0.9867973594718944,12.5,0.1560825678204813,50.26534568961512,26.88055808660664,0.09498522344406546,15.005628302981563,GOOD,64-QAM,HIGH
46.56911403818907,796.5497236440069,5.156093096642252,0.986997399479896,2.2,15.175506243905572,34.29903685388908,29.87099856444129,0.05362799979058219,30.623660558042083,GOOD,64-QAM,HIGH
46.56911403818907,796.5497236440069,5.156093096642252,0.986997399479896,8.4,15.175506243905572,34.29903685388908,29.87099856444129,0.20367691267123123,18.836479540367918,GOOD,64-QAM,HIGH
46.56911403818907,796.5497236440069,5.156093096642252,0.986997399479896,12.5,15.175506243905572,34.29903685388908,29.87099856444129,0.30261790500494573,15.28492400911071,GOOD,64-QAM,HIGH
34.890239149061955,969.3988633726664,6.151870006224196,0.9871974394878976,2.2,5.430370117324629,86.61021213799435,2.360285185532472,0.04625657314652972,28.925239686938376,GOOD,64-QAM,HIGH
34.890239149061955,969.3988633726664,6.151870006224196,0.9871974394878976,8.4,5.430370117324629,86.61021213799435,2.360285185532472,0.17605678241394535,17.15830737287743,GOOD,64-QAM,HIGH
34.890239149061955,969.3988633726664,6.151870006224196,0.9871974394878976,12.5,5.430370117324629,86.61021213799435,2.360285185532472,0.2634788583980153,13.618270757969881,GOOD,16-QAM,MEDIUM
82.31162020603176,604.9685908423444,1.00338900385541,0.9873974794958992,2.2,23.63966726507915,76.40118680900578,25.793477179161748,0.06488232496502491,33.00200751357292,GOOD,64-QAM,HIGH
82.31162020603176,604.9685908423444,1.00338900385541,0.9873974794958992,8.4,23.63966726507915,76.40118680900578,25.793477179161748,0.24772046537373701,21.182037268370692,GOOD,64-QAM,HIGH
82.31162020603176,604.9685908423444,1.00338900385541,0.9873974794958992,12.5,23.63966726507915,76.40118680900578,25.793477179161748,0.36947414121310007,17.607669053607836,GOOD,64-QAM,HIGH
53.36121607895731,730.7291826235214,4.475761283942031,0.9875975195039008,2.2,33.8563744286951,80.33286483030726,30.60522694320449,0.10526860509637774,31.321148742290454,GOOD,64-QAM,HIGH
53.36121607895731,730.7291826235214,4.475761283942031,0.9875975195039008,8.4,33.8563744286951,80.33286483030726,30.60522694320449,0.4004814648014831,19.38880377779182,GOOD,64-QAM,HIGH
53.36121607895731,730.7291826235214,4.475761283942031,0.9875975195039008,12.5,33.8563744286951,80.33286483030726,30.60522694320449,0.5966601754936957,15.740010528176128,GOOD,64-QAM,HIGH
69.7848399104398,635.6961026757745,2.591598795309259,0.9877975595119024,2.2,43.72526475190385,52.01210365717377,7.928943605345587,0.10359908080756189,32.532956325408456,GOOD,64-QAM,HIGH
69.7848399104398,635.6961026757745,2.591598795309259,0.9877975595119024,8.4,43.72526475190385,52.01210365717377,7.928943605345587,0.3939654405064026,20.60545786091609,GOOD,64-QAM,HIGH
69.7848399104398,635.6961026757745,2.591598795309259,0.9877975595119024,12.5,43.72526475190385,52.01210365717377,7.928943605345587,0.5904310771652539,16.956377685333763,GOOD,64-QAM,HIGH
74.00357105982535,621.976076958641,2.066830822219398,0.987997599519904,2.2,37.46085825454491,75.64986180116703,-1.6148612005136531,0.09560113622776109,32.73047163211812,GOOD,64-QAM,HIGH
74.00357105982535,621.976076958641,2.066830822219398,0.987997599519904,8.4,37.46085825454491,75.64986180116703,-1.6148612005136531,0.36540603174397956,20.823534631808386,GOOD,64-QAM,HIGH
74.00357105982535,621.976076958641,2.066830822219398,0.987997599519904,12.5,37.46085825454491,75.64986180116703,-1.6148612005136531,0.543620394966562,17.192705729662308,GOOD,64-QAM,HIGH
34.05716856296695,985.685120317848,6.213594065000427,0.9881976395279056,2.2,46.92927978892526,59.122373710151656,-5.401771634124321,0.18924251288253516,28.637539858841997,GOOD,64-QAM,HIGH
34.05716856296695,985.685120317848,6.213594065000427,0.9881976395279056,8.4,46.92927978892526,59.122373710151656,-5.401771634124321,0.7244074598339567,16.465242807097056,GOOD,64-QAM,HIGH
34.05716856296695,985.685120317848,6.213594065000427,0.9881976395279056,12.5,46.92927978892526,59.122373710151656,-5.401771634124321,1.0757290730348026,12.66130665497272,GOOD,16-QAM,MEDIUM
41.86401816223231,855.3551158346727,5.585480994778977,0.9883976795359072,2.2,2.69491451968944,42.06500930436276,18.769085180497093,0.022137023408433588,30.036480215796516,GOOD,64-QAM,HIGH
41.86401816223231,855.3551158346727,5.585480994778977,0.9883976795359072,8.4,2.69491451968944,42.06500930436276,18.769085180497093,0.08528428295202412,18.33620085145941,GOOD,64-QAM,HIGH
41.86401816223231,855.3551158346727,5.585480994778977,0.9883976795359072,12.5,2.69491451968944,42.06500930436276,18.769085180497093,0.12653947885402356,14.842331116633915,GOOD,16-QAM,MEDIUM
77.1201008245325,614.1070902577885,1.671810983454753,0.9885977195439088,2.2,0.608991770827072,37.4654026144328,38.90490596578566,0.012971157146790441,32.92369299405455,GOOD,64-QAM,HIGH
77.1201008245325,614.1070902577885,1.671810983454753,0.9885977195439088,8.4,0.608991770827072,37.4654026144328,38.90490596578566,0.050029921263843175,21.249502125143977,GOOD,64-QAM,HIGH
77.1201008245325,614.1070902577885,1.671810983454753,0.9885977195439088,12.5,0.608991770827072,37.4654026144328,38.90490596578566,0.07417838592432477,17.772739121560008,GOOD,64-QAM,HIGH
35.87670489244387,950.92957408653,6.077099839547111,0.9887977595519104,2.2,33.06690569181063,50.70305215932341,31.14751600111081,0.13266759478308804,29.005911703823884,GOOD,64-QAM,HIGH
35.87670489244387,950.92957408653,6.077099839547111,0.9887977595519104,8.4,33.06690569181063,50.70305215932341,31.14751600111081,0.50717968497678,16.99426750883667,GOOD,64-QAM,HIGH
35.87670489244387,950.92957408653,6.077099839547111,0.9887977595519104,12.5,33.06690569181063,50.70305215932341,31.14751600111081,0.7494298332189383,13.299402821671023,GOOD,16-QAM,MEDIUM
72.48448634340735,626.4967352477433,2.2572301579752683,0.988997799559912,2.2,14.467620511112312,38.25312668850838,11.791981946727638,0.03976876974507441,32.7234013703386,GOOD,64-QAM,HIGH
72.48448634340735,626.4967352477433,2.2572301579752683,0.988997799559912,8.4,14.467620511112312,38.25312668850838,11.791981946727638,0.15229594455019121,20.97374209073996,GOOD,64-QAM,HIGH
72.48448634340735,626.4967352477433,2.2572301579752683,0.988997799559912,12.5,14.467620511112312,38.25312668850838,11.791981946727638,0.22690431137567407,17.44651918499099,GOOD,64-QAM,HIGH
84.98434741882716,602.1067970677323,0.6557091675220494,0.9891978395679136,2.2,12.675050805288656,89.89613857224413,16.83104514274793,0.045128581302829575,33.06294720422046,GOOD,64-QAM,HIGH
84.98434741882716,602.1067970677323,0.6557091675220494,0.9891978395679136,8.4,12.675050805288656,89.89613857224413,16.83104514274793,0.1716697065827135,21.29927397414704,GOOD,64-QAM,HIGH
84.98434741882716,602.1067970677323,0.6557091675220494,0.9891978395679136,12.5,12.675050805288656,89.89613857224413,16.83104514274793,0.25347558696099576,17.764853554845274,GOOD,64-QAM,HIGH
57.97288171078059,696.1764917766386,3.977404417045663,0.9893978795759152,2.2,16.544354384689715,32.951339413921325,3.976394270590948,0.04965626734662702,31.797503034114264,GOOD,64-QAM,HIGH
57.97288171078059,696.1764917766386,3.977404417045663,0.9893978795759152,8.4,16.544354384689715,32.951339413921325,3.976394270590948,0.188941334133867,20.021085862533496,GOOD,64-QAM,HIGH
57.97288171078059,696.1764917766386,3.977404417045663,0.9893978795759152,12.5,16.544354384689715,32.951339413921325,3.976394270590948,0.2799862224171299,16.47742643532675,GOOD,64-QAM,HIGH
68.03831943341055,642.4798398067551,2.804898066453868,0.9895979195839169,2.2,13.489802894618208,56.4686159621446,-1.8467066319968224,0.04311243488650226,32.50124385640185,GOOD,64-QAM,HIGH
68.03831943341055,642.4798398067551,2.804898066453868,0.9895979195839169,8.4,13.489802894618208,56.4686159621446,-1.8467066319968224,0.1652797317701583,20.741944454724674,GOOD,64-QAM,HIGH
68.03831943341055,642.4798398067551,2.804898066453868,0.9895979195839169,12.5,13.489802894618208,56.4686159621446,-1.8467066319968224,0.24650492651940895,17.20810472105194,GOOD,64-QAM,HIGH
73.43327152349646,623.6193184048607,2.13848867713467,0.9897979595919184,2.2,25.571820315079364,57.125611343423046,14.104057911613662,0.06510991472941724,32.73804526386951,GOOD,64-QAM,HIGH
73.43327152349646,623.6193184048607,2.13848867713467,0.9897979595919184,8.4,25.571820315079364,57.125611343423046,14.104057911613662,0.24870704812202704,20.917316025683377,GOOD,64-QAM,HIGH
73.43327152349646,623.6193184048607,2.13848867713467,0.9897979595919184,12.5,25.571820315079364,57.125611343423046,14.104057911613662,0.36991483088846133,17.34349370399346,GOOD,64-QAM,HIGH
76.82837015621462,614.7656539477657,1.7090157898341136,0.98999799959992,2.2,22.007422361206626,48.037915714900535,13.17507830835926,0.0555577347824265,32.871796726533816,GOOD,64-QAM,HIGH
76.82837015621462,614.7656539477657,1.7090157898341136,0.98999799959992,8.4,22.007422361206626,48.037915714900535,13.17507830835926,0.21245978424644005,21.077762572276285,GOOD,64-QAM,HIGH
76.82837015621462,614.7656539477657,1.7090157898341136,0.98999799959992,12.5,22.007422361206626,48.037915714900535,13.17507830835926,0.31475938686196725,17.52284843073727,GOOD,64-QAM,HIGH
38.57953371782766,904.499848384762,5.863074561364231,0.9901980396079216,2.2,25.62142756883281,64.28109394241672,16.09649764018801,0.10721685972775684,29.466159555868714,GOOD,64-QAM,HIGH
38.57953371782766,904.499848384762,5.863074561364231,0.9901980396079216,8.4,25.62142756883281,64.28109394241672,16.09649764018801,0.40829500687778864,17.527949303925155,GOOD,64-QAM,HIGH
38.57953371782766,904.499848384762,5.863074561364231,0.9901980396079216,12.5,25.62142756883281,64.28109394241672,16.09649764018801,0.6070129338873618,13.876616837992103,GOOD,16-QAM,MEDIUM
9.357394029959844,1977.1359813744448,7.400200052805198,0.9903980796159232,2.2,33.63568057502181,38.99862144909268,37.64022927819704,0.4864675296191723,22.294348058157226,GOOD,64-QAM,HIGH
9.357394029959844,1977.1359813744448,7.400200052805198,0.9903980796159232,8.4,33.63568057502181,38.99862144909268,37.64022927819704,1.8554735147462182,9.288209968236657,DEGRADED,16-QAM,MEDIUM
9.357394029959844,1977.1359813744448,7.400200052805198,0.9903980796159232,12.5,33.63568057502181,38.99862144909268,37.64022927819704,2.7540242418762464,4.937044702183144,DEGRADED,QPSK,LOW
39.15948305512286,895.2752220762518,5.815434277589048,0.9905981196239249,2.2,19.356525448557417,77.03474283523403,20.19476500723861,0.09051327636915249,29.571901807465153,GOOD,64-QAM,HIGH
39.15948305512286,895.2752220762518,5.815434277589048,0.9905981196239249,8.4,19.356525448557417,77.03474283523403,20.19476500723861,0.3458200218536007,17.679462957187184,GOOD,64-QAM,HIGH
39.15948305512286,895.2752220762518,5.815434277589048,0.9905981196239249,12.5,19.356525448557417,77.03474283523403,20.19476500723861,0.5148779412569643,14.057790498860328,GOOD,16-QAM,MEDIUM
62.26927953164763,669.9761865237579,3.48987527493996,0.9907981596319264,2.2,12.56538435710784,49.9468630948583,20.288591831118687,0.04076199887381482,32.13959705440053,GOOD,64-QAM,HIGH
62.26927953164763,669.9761865237579,3.48987527493996,0.9907981596319264,8.4,12.56538435710784,49.9468630948583,20.288591831118687,0.15495972450652237,20.388267223974296,GOOD,64-QAM,HIGH
62.26927953164763,669.9761865237579,3.48987527493996,0.9907981596319264,12.5,12.56538435710784,49.9468630948583,20.288591831118687,0.23174022424038615,16.858872185316955,GOOD,64-QAM,HIGH
43.27978279136739,836.3352204102011,5.460110310400332,0.990998199639928,2.2,8.310026840437274,65.48055538791851,-3.598761856946161,0.04391342201786534,30.210025231086334,GOOD,64-QAM,HIGH
43.27978279136739,836.3352204102011,5.460110310400332,0.990998199639928,8.4,8.310026840437274,65.48055538791851,-3.598761856946161,0.1710362961228223,18.445770252187856,GOOD,64-QAM,HIGH
43.27978279136739,836.3352204102011,5.460110310400332,0.990998199639928,12.5,8.310026840437274,65.48055538791851,-3.598761856946161,0.2536859319363196,14.910506077450876,GOOD,16-QAM,MEDIUM
68.66186782313387,639.9804548321281,2.729034152550343,0.9911982396479296,2.2,17.473705976631276,72.93835416401757,39.82444330884102,0.05349940659511758,32.52471276253839,GOOD,64-QAM,HIGH
68.66186782313387,639.9804548321281,2.729034152550343,0.9911982396479296,8.4,17.473705976631276,72.93835416401757,39.82444330884102,0.20323864663965396,20.737841417700338,GOOD,64-QAM,HIGH
68.66186782313387,639.9804548321281,2.729034152550343,0.9911982396479296,12.5,17.473705976631276,72.93835416401757,39.82444330884102,0.30403163585461274,17.184433889561888,GOOD,64-QAM,HIGH
35.34350650483643,960.8052358282266,6.117739268938469,0.9913982796559312,2.2,37.0903237623086,83.34252706140967,28.642247211733427,0.15060467759561946,28.89823448490109,GOOD,64-QAM,HIGH
35.34350650483643,960.8052358282266,6.117739268938469,0.9913982796559312,8.4,37.0903237623086,83.34252706140967,28.642247211733427,0.5703292435798425,16.841377814123334,GOOD,64-QAM,HIGH
35.34350650483643,960.8052358282266,6.117739268938469,0.9913982796559312,12.5,37.0903237623086,83.34252706140967,28.642247211733427,0.8471570687957076,13.111935449983989,GOOD,16-QAM,MEDIUM
58.953251993842514,689.7234420765008,3.868029539111318,0.9915983196639327,2.2,37.83524550557348,80.147246187132,33.86016720470024,0.107130516489724,31.82091612932424,GOOD,64-QAM,HIGH
58.953251993842514,689.7234420765008,3.868029539111318,0.9915983196639327,8.4,37.83524550557348,80.147246187132,33.86016720470024,0.40704031257942486,19.883874228441016,GOOD,64-QAM,HIGH
58.953251993842514,689.7234420765008,3.868029539111318,0.9915983196639327,12.5,37.83524550557348,80.147246187132,33.86016720470024,0.6077159716623903,16.23058403043457,GOOD,64-QAM,HIGH
20.84568341258784,1358.4825547141318,7.009066824580763,0.9917983596719344,2.2,33.34526933421051,66.49854168621357,10.715020591549704,0.2285709352272391,25.8118941345097,GOOD,64-QAM,HIGH
20.84568341258784,1358.4825547141318,7.009066824580763,0.9917983596719344,8.4,33.34526933421051,66.49854168621357,10.715020591549704,0.8701505956782192,13.533182369265191,GOOD,16-QAM,MEDIUM
20.84568341258784,1358.4825547141318,7.009066824580763,0.9917983596719344,12.5,33.34526933421051,66.49854168621357,10.715020591549704,1.294247427584014,9.656470998435921,DEGRADED,16-QAM,MEDIUM
68.69640211482134,639.8445667986607,2.7248230144034613,0.991998399679936,2.2,11.701408765343729,53.30359082303322,15.106404789281246,0.03803337056871302,32.54202328268772,GOOD,64-QAM,HIGH
68.69640211482134,639.8445667986607,2.7248230144034613,0.991998399679936,8.4,11.701408765343729,53.30359082303322,15.106404789281246,0.14571136166355078,20.797213186799368,GOOD,64-QAM,HIGH
68.69640211482134,639.8445667986607,2.7248230144034613,0.991998399679936,12.5,11.701408765343729,53.30359082303322,15.106404789281246,0.21738494102835693,17.27292506851107,GOOD,64-QAM,HIGH
51.3841573491072,747.8826668424308,4.680717512139478,0.9921984396879376,2.2,29.40431229273489,60.19228020449784,16.104190458113823,0.09351570890571087,31.13136131468518,GOOD,64-QAM,HIGH
51.3841573491072,747.8826668424308,4.680717512139478,0.9921984396879376,8.4,29.40431229273489,60.19228020449784,16.104190458113823,0.35610103726916315,19.2316438815282,GOOD,64-QAM,HIGH
51.3841573491072,747.8826668424308,4.680717512139478,0.9921984396879376,12.5,29.40431229273489,60.19228020449784,16.104190458113823,0.529835660031101,15.605294719842789,GOOD,64-QAM,HIGH
22.34547302646105,1302.3499095609277,6.9368120258816415,0.9923984796959392,2.2,28.5344830788424,76.12408760272815,-0.2952730355197417,0.1830480029866785,26.223944696307115,GOOD,64-QAM,HIGH
22.34547302646105,1302.3499095609277,6.9368120258816415,0.9923984796959392,8.4,28.5344830788424,76.12408760272815,-0.2952730355197417,0.699381378201485,14.070479216298793,GOOD,16-QAM,MEDIUM
22.34547302646105,1302.3499095609277,6.9368120258816415,0.9923984796959392,12.5,28.5344830788424,76.12408760272815,-0.2952730355197417,1.0375045077148164,10.279741547861974,GOOD,16-QAM,MEDIUM
29.81244974731361,1079.6665831377209,6.507430844014501,0.9925985197039408,2.2,24.21330990548628,82.65273255356838,24.47445781634785,0.13385354756733975,27.901899642166413,GOOD,64-QAM,HIGH
29.81244974731361,1079.6665831377209,6.507430844014501,0.9925985197039408,8.4,24.21330990548628,82.65273255356838,24.47445781634785,0.5132511102196003,15.885369974720632,GOOD,64-QAM,HIGH
29.81244974731361,1079.6665831377209,6.507430844014501,0.9925985197039408,12.5,24.21330990548628,82.65273255356838,24.47445781634785,0.7604931608276622,12.185513385189083,GOOD,16-QAM,MEDIUM
68.63174022945574,640.0992193929133,2.732707124856788,0.9927985597119424,2.2,27.49894931919321,36.22691569060032,35.148836180872834,0.06653410219432167,32.51006632996432,GOOD,64-QAM,HIGH
68.63174022945574,640.0992193929133,2.732707124856788,0.9927985597119424,8.4,27.49894931919321,36.22691569060032,35.148836180872834,0.25266830509346844,20.686800022271655,GOOD,64-QAM,HIGH
68.63174022945574,640.0992193929133,2.732707124856788,0.9927985597119424,12.5,27.49894931919321,36.22691569060032,35.148836180872834,0.37816561356335254,17.10868817487828,GOOD,64-QAM,HIGH
46.02110503122926,802.7785325666146,5.207950146599864,0.992998599719944,2.2,24.589531631183405,53.09137574958321,-1.814709093079049,0.08562938323386765,30.524001993881413,GOOD,64-QAM,HIGH
46.02110503122926,802.7785325666146,5.207950146599864,0.992998599719944,8.4,24.589531631183405,53.09137574958321,-1.814709093079049,0.32379514607027116,18.648704126251488,GOOD,64-QAM,HIGH
46.02110503122926,802.7785325666146,5.207950146599864,0.992998599719944,12.5,24.589531631183405,53.09137574958321,-1.814709093079049,0.4818066578219122,15.038078075576365,GOOD,64-QAM,HIGH
23.36267243341113,1266.731659683116,6.885098762689354,0.9931986397279456,2.2,28.27281830370541,76.56699590481003,-5.684086325691775,0.17929816278687066,26.468555718863648,GOOD,64-QAM,HIGH
23.36267243341113,1266.731659683116,6.885098762689354,0.9931986397279456,8.4,28.27281830370541,76.56699590481003,-5.684086325691775,0.683721890064374,14.32699988679262,GOOD,16-QAM,MEDIUM
23.36267243341113,1266.731659683116,6.885098762689354,0.9931986397279456,12.5,28.27281830370541,76.56699590481003,-5.684086325691775,1.015409199612267,10.542698038321248,GOOD,16-QAM,MEDIUM
87.2180511814753,600.6469181152088,0.3640131821648071,0.9933986797359472,2.2,35.77529773105644,55.89910575563766,26.91094527701712,0.08496719518127671,33.04419412686316,GOOD,64-QAM,HIGH
87.2180511814753,600.6469181152088,0.3640131821648071,0.9933986797359472,8.4,35.77529773105644,55.89910575563766,26.91094527701712,0.3241852172027581,21.167844000048163,GOOD,64-QAM,HIGH
87.2180511814753,600.6469181152088,0.3640131821648071,0.9933986797359472,12.5,35.77529773105644,55.89910575563766,26.91094527701712,0.4827664989504052,17.55664817937702,GOOD,64-QAM,HIGH
65.78562668443547,652.2517299437459,3.076138776946978,0.9935987197439488,2.2,5.481409720171987,49.93366584397703,3.660091583649104,0.02400004225098833,32.38924154855728,GOOD,64-QAM,HIGH
65.78562668443547,652.2517299437459,3.076138776946978,0.9935987197439488,8.4,5.481409720171987,49.93366584397703,3.660091583649104,0.08846715422538287,20.687642331789363,GOOD,64-QAM,HIGH
65.78562668443547,652.2517299437459,3.076138776946978,0.9935987197439488,12.5,5.481409720171987,49.93366584397703,3.660091583649104,0.13280289964395064,17.190692047447314,GOOD,64-QAM,HIGH
86.35646076588267,601.1103436648882,0.4766167861592195,0.9937987597519504,2.2,37.48128760745119,54.67936180939618,21.193127080866468,0.08802161385218091,33.03444074575198,GOOD,64-QAM,HIGH
86.35646076588267,601.1103436648882,0.4766167861592195,0.9937987597519504,8.4,37.48128760745119,54.67936180939618,21.193127080866468,0.3345420785506215,21.150788176260008,GOOD,64-QAM,HIGH
86.35646076588267,601.1103436648882,0.4766167861592195,0.9937987597519504,12.5,37.48128760745119,54.67936180939618,21.193127080866468,0.49898723012532237,17.533728485761827,GOOD,64-QAM,HIGH
41.30392885562917,863.2227404817377,5.634141558412501,0.993998799759952,2.2,6.79430750637971,66.17068480718105,24.78791689960904,0.04515110923748109,29.933937819328094,GOOD,64-QAM,HIGH
41.30392885562917,863.2227404817377,5.634141558412501,0.993998799759952,8.4,6.79430750637971,66.17068480718105,24.78791689960904,0.17383606296259702,18.168120760809458,GOOD,64-QAM,HIGH
41.30392885562917,863.2227404817377,5.634141558412501,0.993998799759952,12.5,6.79430750637971,66.17068480718105,24.78791689960904,0.25732529902195356,14.63201698582661,GOOD,16-QAM,MEDIUM
45.38352895879624,810.2196899053597,5.267682846625906,0.9941988397679536,2.2,3.3313999205187352,89.9883086480281,6.09553817909109,0.0345696788039901,30.494920841319612,GOOD,64-QAM,HIGH
45.38352895879624,810.2196899053597,5.267682846625906,0.9941988397679536,8.4,3.3313999205187352,89.9883086480281,6.09553817909109,0.13293716942022657,18.75942124590985,GOOD,64-QAM,HIGH
45.38352895879624,810.2196899053597,5.267682846625906,0.9941988397679536,12.5,3.3313999205187352,89.9883086480281,6.09553817909109,0.19859074079621897,15.241153135610375,GOOD,64-QAM,HIGH
81.32619337572663,606.334939256958,1.1310667796253453,0.9943988797759552,2.2,48.80398431107338,59.579545746271904,30.75722987128922,0.1113645728805992,32.93592991853735,GOOD,64-QAM,HIGH
81.32619337572663,606.334939256958,1.1310667796253453,0.9943988797759552,8.4,48.80398431107338,59.579545746271904,30.75722987128922,0.42522705285969514,20.984935333764724,GOOD,64-QAM,HIGH
81.32619337572663,606.334939256958,1.1310667796253453,0.9943988797759552,12.5,48.80398431107338,59.579545746271904,30.75722987128922,0.6330468871206241,17.32450096058031,GOOD,64-QAM,HIGH
49.629193920857695,764.4271937349458,4.8579884272686895,0.9945989197839568,2.2,47.84958844352207,42.50966849725563,17.499449105710845,0.1392983352967643,30.895525483243226,GOOD,64-QAM,HIGH
49.629193920857695,764.4271937349458,4.8579884272686895,0.9945989197839568,8.4,47.84958844352207,42.50966849725563,17.499449105710845,0.5286211460893907,18.869070567657076,GOOD,64-QAM,HIGH
49.629193920857695,764.4271937349458,4.8579884272686895,0.9945989197839568,12.5,47.84958844352207,42.50966849725563,17.499449105710845,0.7881812535967049,15.15689592122628,GOOD,64-QAM,HIGH
65.11870751198171,655.3752736271745,3.155547255706613,0.9947989597919584,2.2,3.0218272470282024,39.77079451674568,33.449970397590135,0.016042693672243983,32.35570264898236,GOOD,64-QAM,HIGH
65.11870751198171,655.3752736271745,3.155547255706613,0.9947989597919584,8.4,3.0218272470282024,39.77079451674568,33.449970397590135,0.061351230459456306,20.673262007401632,GOOD,64-QAM,HIGH
65.11870751198171,655.3752736271745,3.155547255706613,0.9947989597919584,12.5,3.0218272470282024,39.77079451674568,33.449970397590135,0.09123945777380547,17.19075924116379,GOOD,64-QAM,HIGH
26.43469458712005,1169.9415617387813,6.715817654812781,0.99499899979996,2.2,22.16267207374811,32.540984848584856,28.164677627947377,0.12309016007795523,27.215172835532748,GOOD,64-QAM,HIGH
26.43469458712005,1169.9415617387813,6.715817654812781,0.99499899979996,8.4,22.16267207374811,32.540984848584856,28.164677627947377,0.46884044801258323,15.232290442804597,GOOD,64-QAM,HIGH
26.43469458712005,1169.9415617387813,6.715817654812781,0.99499899979996,12.5,22.16267207374811,32.540984848584856,28.164677627947377,0.7035648165294884,11.544951535364206,GOOD,16-QAM,MEDIUM
42.971749839724446,840.3705535163472,5.487674082499972,0.9951990398079616,2.2,9.312246914988735,63.52903409509929,33.42878160187269,0.046794388551878084,30.16533546752732,GOOD,64-QAM,HIGH
42.971749839724446,840.3705535163472,5.487674082499972,0.9951990398079616,8.4,9.312246914988735,63.52903409509929,33.42878160187269,0.17993199964179435,18.395065751643884,GOOD,64-QAM,HIGH
42.971749839724446,840.3705535163472,5.487674082499972,0.9951990398079616,12.5,9.312246914988735,63.52903409509929,33.42878160187269,0.2656057872467643,14.856777425115425,GOOD,16-QAM,MEDIUM
15.493238593880184,1599.8903908437478,7.227464872338923,0.9953990798159632,2.2,24.267244856720904,62.67432548933005,-8.991930894105295,0.24016358616819133,24.37957819779828,GOOD,64-QAM,HIGH
15.493238593880184,1599.8903908437478,7.227464872338923,0.9953990798159632,8.4,24.267244856720904,62.67432548933005,-8.991930894105295,0.9175001910260028,12.065109488146945,GOOD,16-QAM,MEDIUM
15.493238593880184,1599.8903908437478,7.227464872338923,0.9953990798159632,12.5,24.267244856720904,62.67432548933005,-8.991930894105295,1.3695444380328823,8.160450702216593,DEGRADED,16-QAM,MEDIUM
22.50830304954174,1296.519354234214,6.928680495221164,0.9955991198239648,2.2,41.50886214997937,42.31403560681855,2.1753130369297367,0.2551940767041315,26.19077222220082,GOOD,64-QAM,HIGH
22.50830304954174,1296.519354234214,6.928680495221164,0.9955991198239648,8.4,41.50886214997937,42.31403560681855,2.1753130369297367,0.9788582185679201,13.829975975543505,GOOD,16-QAM,MEDIUM
22.50830304954174,1296.519354234214,6.928680495221164,0.9955991198239648,12.5,41.50886214997937,42.31403560681855,2.1753130369297367,1.4458691827713233,9.910350472416624,DEGRADED,16-QAM,MEDIUM
5.080190297748643,2320.890415059021,7.470538054453993,0.9957991598319664,2.2,47.53058873714451,71.71976438715402,-5.499602977703068,1.0577167821544622,20.330736902224672,GOOD,64-QAM,HIGH
5.080190297748643,2320.890415059021,7.470538054453993,0.9957991598319664,8.4,47.53058873714451,71.71976438715402,-5.499602977703068,4.010469958198184,5.740851621387421,DEGRADED,QPSK,LOW
5.080190297748643,2320.890415059021,7.470538054453993,0.9957991598319664,12.5,47.53058873714451,71.71976438715402,-5.499602977703068,5.974955772060812,0.3237512686013133,DEGRADED,LINK-OFF,NONE
8.337529390136119,2052.525581182633,7.420732663814114,0.995999199839968,2.2,31.712632672576863,74.46642249778085,12.10415085946746,0.5098185475858044,21.945956264869125,GOOD,64-QAM,HIGH
8.337529390136119,2052.525581182633,7.420732663814114,0.995999199839968,8.4,31.712632672576863,74.46642249778085,12.10415085946746,1.9753178041969848,8.84332490346442,DEGRADED,16-QAM,MEDIUM
8.337529390136119,2052.525581182633,7.420732663814114,0.995999199839968,12.5,31.712632672576863,74.46642249778085,12.10415085946746,2.9024356987306486,4.463592470007285,DEGRADED,QPSK,LOW
88.06912497003898,600.3115096166584,0.2527031116159096,0.9961992398479697,2.2,17.695283360590853,45.54589232292668,34.49800608076591,0.04411540375780764,33.08989757877803,GOOD,64-QAM,HIGH
88.06912497003898,600.3115096166584,0.2527031116159096,0.9961992398479697,8.4,17.695283360590853,45.54589232292668,34.49800608076591,0.16863238836314506,21.328248489379163,GOOD,64-QAM,HIGH
88.06912497003898,600.3115096166584,0.2527031116159096,0.9961992398479697,12.5,17.695283360590853,45.54589232292668,34.49800608076591,0.2507739771850476,17.79349236163378,GOOD,64-QAM,HIGH
25.6000640866248,1194.737047719428,6.763740323301529,0.9963992798559712,2.2,30.16627828222992,50.6459858417842,13.37701311334346,0.17161114437071093,26.984488619538148,GOOD,64-QAM,HIGH
25.6000640866248,1194.737047719428,6.763740323301529,0.9963992798559712,8.4,30.16627828222992,50.6459858417842,13.37701311334346,0.6530531762241445,14.865914482891185,GOOD,16-QAM,MEDIUM
25.6000640866248,1194.737047719428,6.763740323301529,0.9963992798559712,12.5,30.16627828222992,50.6459858417842,13.37701311334346,0.9792940994931615,11.087059020698689,GOOD,16-QAM,MEDIUM
61.38141030784016,674.9610171238774,3.5923252161643,0.9965993198639728,2.2,15.600065305422516,89.42830034083539,32.485652229019706,0.0549605848940263,32.06101198757863,GOOD,64-QAM,HIGH
61.38141030784016,674.9610171238774,3.5923252161643,0.9965993198639728,8.4,15.600065305422516,89.42830034083539,32.485652229019706,0.20916251221327425,20.269677955465866,GOOD,64-QAM,HIGH
61.38141030784016,674.9610171238774,3.5923252161643,0.9965993198639728,12.5,15.600065305422516,89.42830034083539,32.485652229019706,0.3113996980293884,16.71482623072626,GOOD,64-QAM,HIGH
76.32347439796698,615.9429956694503,1.7733005786073144,0.9967993598719744,2.2,45.49118204160302,52.45586807104405,6.358911900965893,0.10548260022178761,32.80525336510266,GOOD,64-QAM,HIGH
76.32347439796698,615.9429956694503,1.7733005786073144,0.9967993598719744,8.4,45.49118204160302,52.45586807104405,6.358911900965893,0.40233835476317964,20.871265505767752,GOOD,64-QAM,HIGH
76.32347439796698,615.9429956694503,1.7733005786073144,0.9967993598719744,12.5,45.49118204160302,52.45586807104405,6.358911900965893,0.5971564407331744,17.22383288087427,GOOD,64-QAM,HIGH
51.80613903510796,744.0934440793617,4.637431425676167,0.996999399879976,2.2,43.520023155291845,75.64810030536611,6.97850364026262,0.12633980334614306,31.142657017148494,GOOD,64-QAM,HIGH
51.80613903510796,744.0934440793617,4.637431425676167,0.996999399879976,8.4,43.520023155291845,75.64810030536611,6.97850364026262,0.48499322647701243,19.146871489224097,GOOD,64-QAM,HIGH
51.80613903510796,744.0934440793617,4.637431425676167,0.996999399879976,12.5,43.520023155291845,75.64810030536611,6.97850364026262,0.7210334409270762,15.458216735850556,GOOD,64-QAM,HIGH
18.01728250713628,1477.3760242985095,7.132224466342712,0.9971994398879775,2.2,27.91158751398305,57.1635255977964,34.77808651634388,0.2162642305701857,25.095461217717997,GOOD,64-QAM,HIGH
18.01728250713628,1477.3760242985095,7.132224466342712,0.9971994398879775,8.4,27.91158751398305,57.1635255977964,34.77808651634388,0.8283408505773261,12.84625249291733,GOOD,16-QAM,MEDIUM
18.01728250713628,1477.3760242985095,7.132224466342712,0.9971994398879775,12.5,27.91158751398305,57.1635255977964,34.77808651634388,1.2287352374400633,8.993243567131103,DEGRADED,16-QAM,MEDIUM
66.88989717357414,647.3138938460233,2.943744753050356,0.9973994798959792,2.2,16.23994576901803,77.60068967165856,11.290857325585076,0.05293247075317032,32.42631533784181,GOOD,64-QAM,HIGH
66.88989717357414,647.3138938460233,2.943744753050356,0.9973994798959792,8.4,16.23994576901803,77.60068967165856,11.290857325585076,0.2026312497875722,20.639484454013882,GOOD,64-QAM,HIGH
66.88989717357414,647.3138938460233,2.943744753050356,0.9973994798959792,12.5,16.23994576901803,77.60068967165856,11.290857325585076,0.2998435225824781,17.089657642295492,GOOD,64-QAM,HIGH
56.02136985846456,709.9215748889364,4.191627410997247,0.9975995199039808,2.2,14.669483779148916,76.14139432695887,29.48827438973332,0.05638832103403434,31.62095056628658,GOOD,64-QAM,HIGH
56.02136985846456,709.9215748889364,4.191627410997247,0.9975995199039808,8.4,14.669483779148916,76.14139432695887,29.48827438973332,0.21668485030955723,19.82352193221753,GOOD,64-QAM,HIGH
56.02136985846456,709.9215748889364,4.191627410997247,0.9975995199039808,12.5,14.669483779148916,76.14139432695887,29.48827438973332,0.3234382209371114,16.264154022666503,GOOD,64-QAM,HIGH
67.15630009452688,646.165511685721,2.9116393902341224,0.9977995599119824,2.2,1.670899735252973,70.06536151191213,1.832177394095068,0.01939878572957169,32.475272110832414,GOOD,64-QAM,HIGH
67.15630009452688,646.165511685721,2.9116393902341224,0.9977995599119824,8.4,1.670899735252973,70.06536151191213,1.832177394095068,0.07487331062967582,20.782665481138793,GOOD,64-QAM,HIGH
67.15630009452688,646.165511685721,2.9116393902341224,0.9977995599119824,12.5,1.670899735252973,70.06536151191213,1.832177394095068,0.11093003789463957,17.293994214950345,GOOD,64-QAM,HIGH
70.4284629428524,633.363786430109,2.512376554118373,0.997999599919984,2.2,40.79104255126476,81.28670077773475,37.44004148388177,0.10334726295478422,32.56513455507688,GOOD,64-QAM,HIGH
70.4284629428524,633.363786430109,2.512376554118373,0.997999599919984,8.4,40.79104255126476,81.28670077773475,37.44004148388177,0.39338561375996545,20.637964099478182,GOOD,64-QAM,HIGH
70.4284629428524,633.363786430109,2.512376554118373,0.997999599919984,12.5,40.79104255126476,81.28670077773475,37.44004148388177,0.5902100765671513,16.988525097747512,GOOD,64-QAM,HIGH
87.90988125320334,600.3650354493711,0.2735352268899683,0.9981996399279855,2.2,22.5191606519504,86.3531096926611,18.728912326528555,0.06399614418335273,33.069242409172645,GOOD,64-QAM,HIGH
87.90988125320334,600.3650354493711,0.2735352268899683,0.9981996399279855,8.4,22.5191606519504,86.3531096926611,18.728912326528555,0.24428900851658,21.251817440045897,GOOD,64-QAM,HIGH
87.90988125320334,600.3650354493711,0.2735352268899683,0.9981996399279855,12.5,22.5191606519504,86.3531096926611,18.728912326528555,0.36317726842174103,17.68031464121725,GOOD,64-QAM,HIGH
53.752878802270345,727.507171338144,4.434518461112144,0.9983996799359872,2.2,16.256646420013222,64.79899922712504,27.96617842892009,0.05755845338288309,31.40724235619669,GOOD,64-QAM,HIGH
53.752878802270345,727.507171338144,4.434518461112144,0.9983996799359872,8.4,16.256646420013222,64.79899922712504,27.96617842892009,0.21849529956796152,19.609173405218087,GOOD,64-QAM,HIGH
53.752878802270345,727.507171338144,4.434518461112144,0.9983996799359872,12.5,16.256646420013222,64.79899922712504,27.96617842892009,0.32796066933344564,16.047093496529115,GOOD,64-QAM,HIGH
34.03949457870115,986.0377110392092,6.214889385929145,0.9985997199439888,2.2,23.55551774988769,44.24813443336474,-5.524215010255725,0.09806803825056072,28.725607848041975,GOOD,64-QAM,HIGH
34.03949457870115,986.0377110392092,6.214889385929145,0.9985997199439888,8.4,23.55551774988769,44.24813443336474,-5.524215010255725,0.3757234037444033,16.81082037775461,GOOD,64-QAM,HIGH
34.03949457870115,986.0377110392092,6.214889385929145,0.9985997199439888,12.5,23.55551774988769,44.24813443336474,-5.524215010255725,0.560096294299257,13.17383294827627,GOOD,16-QAM,MEDIUM
60.11948733652015,682.4215234001758,3.7364464768372616,0.9987997599519904,2.2,40.9368995227326,53.9177376986445,14.633211291526436,0.10845359342997857,31.912038471880372,GOOD,64-QAM,HIGH
60.11948733652015,682.4215234001758,3.7364464768372616,0.9987997599519904,8.4,40.9368995227326,53.9177376986445,14.633211291526436,0.4135258550139987,19.969834105502827,GOOD,64-QAM,HIGH
60.11948733652015,682.4215234001758,3.7364464768372616,0.9987997599519904,12.5,40.9368995227326,53.9177376986445,14.633211291526436,0.6148352589683913,16.315910162624945,GOOD,64-QAM,HIGH
10.81746028562322,1875.9197996931755,7.366725769770006,0.998999799959992,2.2,6.230710385376059,75.4983428107976,35.05192488670116,0.14706892428777374,23.090192114177327,GOOD,64-QAM,HIGH
10.81746028562322,1875.9197996931755,7.366725769770006,0.998999799959992,8.4,6.230710385376059,75.4983428107976,35.05192488670116,0.5746066087492271,11.025522324922363,GOOD,16-QAM,MEDIUM
10.81746028562322,1875.9197996931755,7.366725769770006,0.998999799959992,12.5,6.230710385376059,75.4983428107976,35.05192488670116,0.8214929049801453,7.326021489767953,DEGRADED,QPSK,LOW
81.27877205733483,606.4049705714651,1.137202832730125,0.9991998399679936,2.2,42.882799412091366,69.05300910743216,33.851931452165225,0.10267248352885915,32.943618850881116,GOOD,64-QAM,HIGH
81.27877205733483,606.4049705714651,1.137202832730125,0.9991998399679936,8.4,42.882799412091366,69.05300910743216,33.851931452165225,0.39353848612672127,21.015620743489734,GOOD,64-QAM,HIGH
81.27877205733483,606.4049705714651,1.137202832730125,0.9991998399679936,12.5,42.882799412091366,69.05300910743216,33.851931452165225,0.5853379666475244,17.371206724045436,GOOD,64-QAM,HIGH
15.147385963746729,1618.0167581450928,7.2394263958630365,0.9993998799759952,2.2,44.8754417554177,40.66790031391493,-7.659302138288623,0.3744670594834173,24.147419016467666,GOOD,64-QAM,HIGH
15.147385963746729,1618.0167581450928,7.2394263958630365,0.9993998799759952,8.4,44.8754417554177,40.66790031391493,-7.659302138288623,1.4371647614638106,11.447589209693746,GOOD,16-QAM,MEDIUM
15.147385963746729,1618.0167581450928,7.2394263958630365,0.9993998799759952,12.5,44.8754417554177,40.66790031391493,-7.659302138288623,2.1159524789484236,7.316186953285637,DEGRADED,QPSK,LOW
32.866641220294554,1010.1177605672264,6.299519771480948,0.9995999199839968,2.2,47.335395751694406,33.074372468785484,5.184923456447336,0.18824045070192588,28.42586578822531,GOOD,64-QAM,HIGH
32.866641220294554,1010.1177605672264,6.299519771480948,0.9995999199839968,8.4,47.335395751694406,33.074372468785484,5.184923456447336,0.7272184666269944,16.24975566750672,GOOD,64-QAM,HIGH
32.866641220294554,1010.1177605672264,6.299519771480948,0.9995999199839968,12.5,47.335395751694406,33.074372468785484,5.184923456447336,1.079719825339775,12.444639769870449,GOOD,16-QAM,MEDIUM
74.33835735322027,621.0412502457266,2.024669248058886,0.9997999599919984,2.2,19.87439962113139,70.97769561252389,12.166000323954004,0.05800828618927055,32.78112914829155,GOOD,64-QAM,HIGH
74.33835735322027,621.0412502457266,2.024669248058886,0.9997999599919984,8.4,19.87439962113139,70.97769561252389,12.166000323954004,0.22068083816595754,20.981324491521335,GOOD,64-QAM,HIGH
74.33835735322027,621.0412502457266,2.024669248058886,0.9997999599919984,12.5,19.87439962113139,70.97769561252389,12.166000323954004,0.3281890504754424,17.421201740288367,GOOD,64-QAM,HIGH
55.7715521581105,711.7710832737475,4.218704708197423,1.0,2.2,10.857020201883593,45.06474144176072,-1.3867592822105888,0.037282642660181234,31.617456937158245,GOOD,64-QAM,HIGH
55.7715521581105,711.7710832737475,4.218704708197423,1.0,8.4,10.857020201883593,45.06474144176072,-1.3867592822105888,0.14232604326063752,19.875281431764265,GOOD,64-QAM,HIGH
55.7715521581105,711.7710832737475,4.218704708197423,1.0,12.5,10.857020201883593,45.06474144176072,-1.3867592822105888,0.21084196080387838,16.354150975297543,GOOD,64-QAM,HIGH
