elevation_deg,link_margin_db,hybrid_mcs
5.0,5.9,16-QAM
5.018893087352745,5.903400755723494,16-QAM
5.03778617470549,5.906801511446988,16-QAM
5.0566792620582355,5.910202267170482,16-QAM
5.07557234941098,5.913603022893977,16-QAM
5.094465436763725,5.91700377861747,16-QAM
5.11335852411647,5.920404534340965,16-QAM
5.132251611469215,5.923805290064458,16-QAM
5.151144698821961,5.927206045787953,16-QAM
5.1700377861747056,5.930606801511447,16-QAM
5.18893087352745,5.934007557234941,16-QAM
5.207823960880195,5.937408312958435,16-QAM
5.226717048232941,5.940809068681929,16-QAM
5.245610135585686,5.944209824405424,16-QAM
5.264503222938431,5.947610580128917,16-QAM
5.283396310291176,5.951011335852412,16-QAM
5.3022893976439205,5.954412091575906,16-QAM
5.321182484996666,5.9578128472994,16-QAM
5.340075572349411,5.961213603022894,16-QAM
5.358968659702156,5.964614358746388,16-QAM
5.377861747054901,5.968015114469882,16-QAM
5.396754834407647,5.971415870193376,16-QAM
5.4156479217603914,5.974816625916871,16-QAM
5.434541009113136,5.9782173816403645,16-QAM
5.453434096465881,5.981618137363858,16-QAM
5.472327183818626,5.985018893087353,16-QAM
5.491220271171372,5.988419648810847,16-QAM
5.510113358524117,5.991820404534341,16-QAM
5.5290064458768615,5.995221160257835,16-QAM
5.547899533229606,5.998621915981329,16-QAM
5.566792620582351,6.0020226717048235,64-QAM
5.585685707935097,6.005423427428317,64-QAM
5.604578795287842,6.008824183151812,64-QAM
5.623471882640587,6.012224938875305,64-QAM
5.642364969993332,6.0156256945988,64-QAM
5.6612580573460765,6.019026450322293,64-QAM
5.680151144698822,6.022427206045788,64-QAM
5.699044232051567,6.0258279617692825,64-QAM
5.717937319404312,6.029228717492776,64-QAM
5.736830406757057,6.03262947321627,64-QAM
5.7557234941098026,6.036030228939764,64-QAM
5.774616581462547,6.039430984663259,64-QAM
5.793509668815292,6.042831740386752,64-QAM
5.812402756168037,6.046232496110247,64-QAM
5.831295843520783,6.049633251833741,64-QAM
5.850188930873528,6.053034007557235,64-QAM
5.869082018226273,6.056434763280729,64-QAM
5.8879751055790175,6.059835519004223,64-QAM
5.906868192931762,6.063236274727717,64-QAM
5.925761280284508,6.066637030451211,64-QAM
5.944654367637253,6.070037786174705,64-QAM
5.963547454989998,6.0734385418981995,64-QAM
5.982440542342743,6.076839297621694,64-QAM
6.001333629695488,6.080240053345188,64-QAM
6.020226717048233,6.083640809068682,64-QAM
6.039119804400978,6.087041564792176,64-QAM
6.058012891753723,6.09044232051567,64-QAM
6.076905979106468,6.093843076239164,64-QAM
6.095799066459213,6.0972438319626585,64-QAM
6.1146921538119585,6.100644587686153,64-QAM
6.133585241164703,6.104045343409647,64-QAM
6.152478328517448,6.10744609913314,64-QAM
6.171371415870193,6.110846854856635,64-QAM
6.190264503222938,6.114247610580129,64-QAM
6.209157590575684,6.117648366303623,64-QAM
6.228050677928429,6.121049122027117,64-QAM
6.2469437652811735,6.124449877750611,64-QAM
6.265836852633919,6.127850633474106,64-QAM
6.284729939986663,6.131251389197599,64-QAM
6.303623027339409,6.134652144921094,64-QAM
6.322516114692154,6.138052900644587,64-QAM
6.341409202044899,6.141453656368082,64-QAM
6.360302289397644,6.144854412091576,64-QAM
6.379195376750389,6.14825516781507,64-QAM
6.398088464103134,6.151655923538565,64-QAM
6.416981551455879,6.155056679262058,64-QAM
6.435874638808624,6.158457434985552,64-QAM
6.45476772616137,6.161858190709046,64-QAM
6.4736608135141145,6.165258946432541,64-QAM
6.492553900866859,6.1686597021560345,64-QAM
6.511446988219604,6.172060457879528,64-QAM
6.530340075572349,6.175461213603023,64-QAM
6.549233162925095,6.178861969326517,64-QAM
6.56812625027784,6.182262725050011,64-QAM
6.587019337630585,6.185663480773505,64-QAM
6.605912424983329,6.189064236496999,64-QAM
6.624805512336074,6.1924649922204935,64-QAM
6.64369859968882,6.195865747943987,64-QAM
6.662591687041565,6.199266503667482,64-QAM
6.68148477439431,6.202667259390976,64-QAM
6.700377861747055,6.20606801511447,64-QAM
6.7192709490997995,6.2094687708379634,64-QAM
6.738164036452545,6.212869526561458,64-QAM
6.75705712380529,6.2162702822849525,64-QAM
6.775950211158035,6.219671038008446,64-QAM
6.794843298510781,6.223071793731941,64-QAM
6.813736385863525,6.226472549455434,64-QAM
6.8326294732162705,6.229873305178929,64-QAM
6.851522560569015,6.233274060902422,64-QAM
6.87041564792176,6.236674816625917,64-QAM
6.889308735274506,6.2400755723494115,64-QAM
6.908201822627251,6.243476328072905,64-QAM
6.927094909979996,6.246877083796399,64-QAM
6.9459879973327405,6.250277839519893,64-QAM
6.964881084685485,6.253678595243388,64-QAM
6.983774172038231,6.257079350966881,64-QAM
7.002667259390976,6.260480106690376,64-QAM
7.021560346743721,6.2638808624138695,64-QAM
7.040453434096466,6.267281618137364,64-QAM
7.059346521449211,6.270682373860858,64-QAM
7.078239608801956,6.274083129584352,64-QAM
7.097132696154701,6.277483885307846,64-QAM
7.116025783507446,6.28088464103134,64-QAM
7.134918870860192,6.284285396754834,64-QAM
7.153811958212936,6.2876861524783285,64-QAM
7.172705045565682,6.291086908201823,64-QAM
7.191598132918426,6.294487663925317,64-QAM
7.210491220271171,6.29788841964881,64-QAM
7.229384307623917,6.301289175372305,64-QAM
7.248277394976661,6.304689931095799,64-QAM
7.267170482329407,6.308090686819293,64-QAM
7.286063569682152,6.3114914425427875,64-QAM
7.3049566570348965,6.314892198266281,64-QAM
7.323849744387642,6.318292953989776,64-QAM
7.342742831740386,6.321693709713269,64-QAM
7.361635919093132,6.325094465436764,64-QAM
7.380529006445877,6.328495221160258,64-QAM
7.399422093798622,6.331895976883752,64-QAM
7.4183151811513675,6.335296732607246,64-QAM
7.437208268504111,6.33869748833074,64-QAM
7.456101355856857,6.342098244054235,64-QAM
7.474994443209602,6.345498999777728,64-QAM
7.493887530562347,6.348899755501222,64-QAM
7.512780617915093,6.352300511224716,64-QAM
7.5316737052678375,6.355701266948211,64-QAM
7.550566792620582,6.3591020226717045,64-QAM
7.569459879973327,6.362502778395199,64-QAM
7.588352967326072,6.365903534118693,64-QAM
7.607246054678818,6.369304289842187,64-QAM
7.626139142031563,6.372705045565681,64-QAM
7.645032229384308,6.376105801289175,64-QAM
7.663925316737053,6.37950655701267,64-QAM
7.682818404089797,6.3829073127361635,64-QAM
7.701711491442543,6.386308068459657,64-QAM
7.720604578795288,6.389708824183152,64-QAM
7.739497666148033,6.393109579906646,64-QAM
7.758390753500779,6.39651033563014,64-QAM
7.7772838408535225,6.3999110913536335,64-QAM
7.796176928206268,6.403311847077128,64-QAM
7.815070015559013,6.4067126028006225,64-QAM
7.833963102911758,6.410113358524116,64-QAM
7.852856190264504,6.413514114247611,64-QAM
7.871749277617248,6.416914869971104,64-QAM
7.8906423649699935,6.420315625694599,64-QAM
7.909535452322738,6.423716381418092,64-QAM
7.928428539675483,6.427117137141587,64-QAM
7.947321627028229,6.4305178928650815,64-QAM
7.966214714380973,6.433918648588575,64-QAM
7.985107801733719,6.43731940431207,64-QAM
8.004000889086463,6.440720160035563,64-QAM
8.022893976439208,6.444120915759058,64-QAM
8.041787063791954,6.447521671482551,64-QAM
8.060680151144698,6.450922427206046,64-QAM
8.079573238497444,6.4543231829295395,64-QAM
8.09846632585019,6.457723938653034,64-QAM
8.117359413202934,6.461124694376528,64-QAM
8.13625250055568,6.464525450100022,64-QAM
8.155145587908425,6.467926205823517,64-QAM
8.17403867526117,6.47132696154701,64-QAM
8.192931762613915,6.474727717270505,64-QAM
8.211824849966659,6.4781284729939985,64-QAM
8.230717937319405,6.481529228717493,64-QAM
8.249611024672149,6.484929984440987,64-QAM
8.268504112024894,6.488330740164481,64-QAM
8.28739719937764,6.491731495887976,64-QAM
8.306290286730384,6.495132251611469,64-QAM
8.32518337408313,6.498533007334963,64-QAM
8.344076461435876,6.5019337630584575,64-QAM
8.36296954878862,6.505334518781952,64-QAM
8.381862636141365,6.508735274505446,64-QAM
8.40075572349411,6.512136030228939,64-QAM
8.419648810846855,6.515536785952434,64-QAM
8.438541898199599,6.518937541675928,64-QAM
8.457434985552345,6.522338297399422,64-QAM
8.47632807290509,6.5257390531229165,64-QAM
8.495221160257834,6.52913980884641,64-QAM
8.51411424761058,6.532540564569905,64-QAM
8.533007334963326,6.535941320293398,64-QAM
8.55190042231607,6.539342076016893,64-QAM
8.570793509668816,6.542742831740387,64-QAM
8.589686597021561,6.546143587463881,64-QAM
8.608579684374305,6.5495443431873746,64-QAM
8.62747277172705,6.552945098910869,64-QAM
8.646365859079795,6.556345854634364,64-QAM
8.665258946432541,6.559746610357857,64-QAM
8.684152033785285,6.563147366081351,64-QAM
8.70304512113803,6.566548121804845,64-QAM
8.721938208490776,6.56994887752834,64-QAM
8.74083129584352,6.5733496332518335,64-QAM
8.759724383196266,6.576750388975328,64-QAM
8.778617470549012,6.580151144698823,64-QAM
8.797510557901756,6.583551900422316,64-QAM
8.816403645254502,6.58695265614581,64-QAM
8.835296732607246,6.590353411869304,64-QAM
8.854189819959991,6.593754167592799,64-QAM
8.873082907312735,6.5971549233162925,64-QAM
8.891975994665481,6.600555679039786,64-QAM
8.910869082018227,6.603956434763281,64-QAM
8.92976216937097,6.607357190486775,64-QAM
8.948655256723717,6.610757946210269,64-QAM
8.967548344076462,6.614158701933763,64-QAM
8.986441431429206,6.617559457657257,64-QAM
9.005334518781952,6.6209602133807515,64-QAM
9.024227606134698,6.624360969104245,64-QAM
9.043120693487442,6.62776172482774,64-QAM
9.062013780840186,6.631162480551233,64-QAM
9.080906868192931,6.634563236274728,64-QAM
9.099799955545677,6.637963991998221,64-QAM
9.118693042898421,6.641364747721716,64-QAM
9.137586130251167,6.64476550344521,64-QAM
9.156479217603913,6.648166259168704,64-QAM
9.175372304956657,6.651567014892198,64-QAM
9.194265392309402,6.654967770615692,64-QAM
9.213158479662148,6.658368526339187,64-QAM
9.232051567014892,6.66176928206268,64-QAM
9.250944654367636,6.665170037786174,64-QAM
9.269837741720384,6.668570793509669,64-QAM
9.288730829073128,6.671971549233163,64-QAM
9.307623916425872,6.675372304956657,64-QAM
9.326517003778617,6.678773060680151,64-QAM
9.345410091131363,6.682173816403646,64-QAM
9.364303178484107,6.685574572127139,64-QAM
9.383196265836853,6.688975327850633,64-QAM
9.402089353189599,6.6923760835741275,64-QAM
9.420982440542343,6.695776839297622,64-QAM
9.439875527895087,6.699177595021116,64-QAM
9.458768615247834,6.70257835074461,64-QAM
9.477661702600578,6.705979106468104,64-QAM
9.496554789953322,6.709379862191598,64-QAM
9.515447877306068,6.712780617915092,64-QAM
9.534340964658814,6.7161813736385865,64-QAM
9.553234052011558,6.71958212936208,64-QAM
9.572127139364303,6.722982885085575,64-QAM
9.591020226717049,6.726383640809068,64-QAM
9.609913314069793,6.729784396532563,64-QAM
9.628806401422539,6.733185152256057,64-QAM
9.647699488775284,6.736585907979551,64-QAM
9.666592576128028,6.739986663703045,64-QAM
9.685485663480772,6.743387419426539,64-QAM
9.704378750833518,6.746788175150034,64-QAM
9.723271838186264,6.750188930873527,64-QAM
9.742164925539008,6.753589686597021,64-QAM
9.761058012891754,6.756990442320515,64-QAM
9.7799511002445,6.76039119804401,64-QAM
9.798844187597243,6.7637919537675035,64-QAM
9.81773727494999,6.767192709490998,64-QAM
9.836630362302735,6.770593465214493,64-QAM
9.855523449655479,6.773994220937986,64-QAM
9.874416537008223,6.77739497666148,64-QAM
9.89330962436097,6.780795732384974,64-QAM
9.912202711713714,6.784196488108469,64-QAM
9.931095799066458,6.7875972438319625,64-QAM
9.949988886419204,6.790997999555456,64-QAM
9.96888197377195,6.794398755278951,64-QAM
9.987775061124694,6.797799511002445,64-QAM
10.00666814847744,6.801200266725939,64-QAM
10.025561235830185,6.804601022449433,64-QAM
10.04445432318293,6.808001778172927,64-QAM
10.063347410535675,6.8114025338964215,64-QAM
10.08224049788842,6.814803289619916,64-QAM
10.101133585241165,6.81820404534341,64-QAM
10.120026672593909,6.821604801066903,64-QAM
10.138919759946655,6.825005556790398,64-QAM
10.1578128472994,6.828406312513892,64-QAM
10.176705934652144,6.831807068237386,64-QAM
10.19559902200489,6.8352078239608804,64-QAM
10.214492109357636,6.838608579684374,64-QAM
10.23338519671038,6.842009335407869,64-QAM
10.252278284063125,6.845410091131362,64-QAM
10.271171371415871,6.848810846854857,64-QAM
10.290064458768615,6.85221160257835,64-QAM
10.30895754612136,6.855612358301845,64-QAM
10.327850633474107,6.859013114025339,64-QAM
10.34674372082685,6.862413869748833,64-QAM
10.365636808179595,6.865814625472327,64-QAM
10.38452989553234,6.869215381195821,64-QAM
10.403422982885086,6.872616136919316,64-QAM
10.42231607023783,6.876016892642809,64-QAM
10.441209157590576,6.879417648366304,64-QAM
10.460102244943322,6.8828184040897975,64-QAM
10.478995332296066,6.886219159813292,64-QAM
10.497888419648811,6.889619915536786,64-QAM
10.516781507001557,6.89302067126028,64-QAM
10.535674594354301,6.896421426983774,64-QAM
10.554567681707045,6.899822182707268,64-QAM
10.57346076905979,6.903222938430762,64-QAM
10.592353856412537,6.9066236941542565,64-QAM
10.61124694376528,6.91002444987775,64-QAM
10.630140031118026,6.913425205601245,64-QAM
10.649033118470772,6.916825961324739,64-QAM
10.667926205823516,6.920226717048233,64-QAM
10.686819293176262,6.923627472771727,64-QAM
10.705712380529008,6.927028228495221,64-QAM
10.724605467881752,6.9304289842187154,64-QAM
10.743498555234495,6.933829739942209,64-QAM
10.762391642587243,6.937230495665704,64-QAM
10.781284729939987,6.940631251389197,64-QAM
10.800177817292731,6.944032007112692,64-QAM
10.819070904645477,6.947432762836186,64-QAM
10.837963991998222,6.95083351855968,64-QAM
10.856857079350966,6.9542342742831735,64-QAM
10.875750166703712,6.957635030006668,64-QAM
10.894643254056458,6.961035785730163,64-QAM
10.913536341409202,6.964436541453656,64-QAM
10.932429428761946,6.96783729717715,64-QAM
10.951322516114693,6.971238052900645,64-QAM
10.970215603467437,6.974638808624139,64-QAM
10.989108690820181,6.9780395643476325,64-QAM
11.008001778172927,6.981440320071127,64-QAM
11.026894865525673,6.9848410757946215,64-QAM
11.045787952878417,6.988241831518115,64-QAM
11.064681040231163,6.991642587241609,64-QAM
11.083574127583908,6.995043342965103,64-QAM
11.102467214936652,6.998444098688598,64-QAM
11.121360302289398,7.0018448544120915,64-QAM
11.140253389642144,7.005245610135586,64-QAM
11.159146476994888,7.00864636585908,64-QAM
11.178039564347632,7.012047121582574,64-QAM
11.196932651700378,7.015447877306068,64-QAM
11.215825739053123,7.018848633029562,64-QAM
11.234718826405867,7.022249388753056,64-QAM
11.253611913758613,7.0256501444765505,64-QAM
11.272505001111359,7.029050900200044,64-QAM
11.291398088464103,7.032451655923539,64-QAM
11.310291175816849,7.035852411647033,64-QAM
11.329184263169594,7.039253167370527,64-QAM
11.348077350522338,7.04265392309402,64-QAM
11.366970437875082,7.046054678817515,64-QAM
11.38586352522783,7.049455434541009,64-QAM
11.404756612580574,7.052856190264503,64-QAM
11.423649699933318,7.056256945987997,64-QAM
11.442542787286063,7.059657701711491,64-QAM
11.46143587463881,7.063058457434986,64-QAM
11.480328961991553,7.066459213158479,64-QAM
11.499222049344299,7.069859968881974,64-QAM
11.518115136697045,7.073260724605468,64-QAM
11.537008224049789,7.076661480328962,64-QAM
11.555901311402534,7.080062236052456,64-QAM
11.57479439875528,7.08346299177595,64-QAM
11.593687486108024,7.086863747499445,64-QAM
11.612580573460768,7.090264503222938,64-QAM
11.631473660813514,7.093665258946432,64-QAM
11.65036674816626,7.0970660146699265,64-QAM
11.669259835519004,7.100466770393421,64-QAM
11.68815292287175,7.103867526116915,64-QAM
11.707046010224495,7.107268281840409,64-QAM
11.725939097577239,7.110669037563903,64-QAM
11.744832184929985,7.114069793287397,64-QAM
11.76372527228273,7.117470549010891,64-QAM
11.782618359635475,7.1208713047343855,64-QAM
11.801511446988219,7.124272060457879,64-QAM
11.820404534340966,7.127672816181374,64-QAM
11.83929762169371,7.131073571904867,64-QAM
11.858190709046454,7.134474327628362,64-QAM
11.8770837963992,7.137875083351856,64-QAM
11.895976883751946,7.14127583907535,64-QAM
11.91486997110469,7.1446765947988435,64-QAM
11.933763058457435,7.148077350522338,64-QAM
11.952656145810181,7.151478106245833,64-QAM
11.971549233162925,7.154878861969326,64-QAM
11.990442320515669,7.15827961769282,64-QAM
12.009335407868416,7.161680373416315,64-QAM
12.02822849522116,7.165081129139809,64-QAM
12.047121582573904,7.1684818848633025,64-QAM
12.06601466992665,7.171882640586797,64-QAM
12.084907757279396,7.1752833963102916,64-QAM
12.10380084463214,7.178684152033785,64-QAM
12.122693931984886,7.182084907757279,64-QAM
12.141587019337631,7.185485663480774,64-QAM
12.160480106690375,7.188886419204268,64-QAM
12.179373194043121,7.1922871749277615,64-QAM
12.198266281395867,7.195687930651256,64-QAM
12.21715936874861,7.1990886863747505,64-QAM
12.236052456101355,7.202489442098244,64-QAM
12.2549455434541,7.205890197821738,64-QAM
12.273838630806846,7.209290953545232,64-QAM
12.29273171815959,7.212691709268727,64-QAM
12.311624805512336,7.2160924649922205,64-QAM
12.330517892865082,7.219493220715714,64-QAM
12.349410980217826,7.222893976439209,64-QAM
12.368304067570572,7.226294732162703,64-QAM
12.387197154923317,7.229695487886197,64-QAM
12.406090242276061,7.23309624360969,64-QAM
12.424983329628805,7.236496999333185,64-QAM
12.443876416981553,7.239897755056679,64-QAM
12.462769504334297,7.243298510780173,64-QAM
12.48166259168704,7.246699266503667,64-QAM
12.500555679039786,7.250100022227162,64-QAM
12.519448766392532,7.253500777950656,64-QAM
12.538341853745276,7.256901533674149,64-QAM
12.557234941098022,7.260302289397644,64-QAM
12.576128028450768,7.263703045121138,64-QAM
12.595021115803512,7.267103800844632,64-QAM
12.613914203156257,7.270504556568126,64-QAM
12.632807290509003,7.273905312291621,64-QAM
12.651700377861747,7.277306068015115,64-QAM
12.670593465214491,7.280706823738608,64-QAM
12.689486552567237,7.284107579462102,64-QAM
12.708379639919983,7.287508335185597,64-QAM
12.727272727272727,7.290909090909091,64-QAM
12.746165814625472,7.294309846632585,64-QAM
12.765058901978218,7.297710602356079,64-QAM
12.783951989330962,7.301111358079574,64-QAM
12.802845076683708,7.304512113803067,64-QAM
12.821738164036454,7.307912869526561,64-QAM
12.840631251389198,7.3113136252500555,64-QAM
12.859524338741942,7.31471438097355,64-QAM
12.878417426094689,7.318115136697044,64-QAM
12.897310513447433,7.321515892420537,64-QAM
12.916203600800177,7.324916648144032,64-QAM
12.935096688152923,7.328317403867526,64-QAM
12.953989775505669,7.33171815959102,64-QAM
12.972882862858413,7.3351189153145135,64-QAM
12.991775950211158,7.338519671038009,64-QAM
13.010669037563904,7.341920426761503,64-QAM
13.029562124916648,7.345321182484996,64-QAM
13.048455212269394,7.348721938208491,64-QAM
13.067348299622138,7.352122693931985,64-QAM
13.086241386974883,7.355523449655479,64-QAM
13.10513447432763,7.3589242053789725,64-QAM
13.124027561680373,7.362324961102467,64-QAM
13.142920649033119,7.3657257168259616,64-QAM
13.161813736385863,7.369126472549455,64-QAM
13.180706823738609,7.372527228272949,64-QAM
13.199599911091354,7.375927983996444,64-QAM
13.218492998444098,7.379328739719938,64-QAM
13.237386085796844,7.3827294954434315,64-QAM
13.256279173149588,7.386130251166925,64-QAM
13.275172260502334,7.3895310068904205,64-QAM
13.29406534785508,7.392931762613914,64-QAM
13.312958435207824,7.396332518337408,64-QAM
13.33185152256057,7.399733274060902,64-QAM
13.350744609913313,7.403134029784397,64-QAM
13.369637697266059,7.4065347855078905,64-QAM
13.388530784618805,7.409935541231385,64-QAM
13.407423871971549,7.413336296954879,64-QAM
13.426316959324295,7.416737052678373,64-QAM
13.44521004667704,7.420137808401867,64-QAM
13.464103134029784,7.423538564125361,64-QAM
13.48299622138253,7.426939319848856,64-QAM
13.501889308735274,7.430340075572349,64-QAM
13.52078239608802,7.433740831295843,64-QAM
13.539675483440766,7.437141587019338,64-QAM
13.55856857079351,7.440542342742832,64-QAM
13.577461658146255,7.443943098466326,64-QAM
13.596354745499,7.447343854189819,64-QAM
13.615247832851745,7.450744609913314,64-QAM
13.63414092020449,7.454145365636808,64-QAM
13.653034007557235,7.457546121360302,64-QAM
13.67192709490998,7.460946877083797,64-QAM
13.690820182262724,7.46434763280729,64-QAM
13.70971326961547,7.467748388530785,64-QAM
13.728606356968216,7.471149144254278,64-QAM
13.74749944432096,7.474549899977773,64-QAM
13.766392531673706,7.477950655701267,64-QAM
13.78528561902645,7.481351411424761,64-QAM
13.804178706379195,7.484752167148255,64-QAM
13.823071793731941,7.488152922871749,64-QAM
13.841964881084685,7.491553678595244,64-QAM
13.860857968437431,7.494954434318737,64-QAM
13.879751055790175,7.498355190042231,64-QAM
13.89864414314292,7.5017559457657255,64-QAM
13.917537230495666,7.50515670148922,64-QAM
13.93643031784841,7.508557457212714,64-QAM
13.955323405201156,7.511958212936208,64-QAM
13.974216492553902,7.515358968659703,64-QAM
13.993109579906646,7.518759724383196,64-QAM
14.012002667259392,7.52216048010669,64-QAM
14.030895754612136,7.525561235830184,64-QAM
14.049788841964881,7.528961991553679,64-QAM
14.068681929317627,7.532362747277173,64-QAM
14.087575016670371,7.535763503000666,64-QAM
14.106468104023117,7.539164258724161,64-QAM
14.12536119137586,7.542565014447655,64-QAM
14.144254278728607,7.545965770171149,64-QAM
14.163147366081352,7.549366525894643,64-QAM
14.182040453434096,7.552767281618137,64-QAM
14.200933540786842,7.556168037341632,64-QAM
14.219826628139586,7.559568793065125,64-QAM
14.238719715492332,7.56296954878862,64-QAM
14.257612802845077,7.566370304512114,64-QAM
14.276505890197821,7.569771060235608,64-QAM
14.295398977550567,7.5731718159591015,64-QAM
14.314292064903311,7.576572571682596,64-QAM
14.333185152256057,7.5799733274060905,64-QAM
14.352078239608803,7.583374083129584,64-QAM
14.370971326961547,7.586774838853078,64-QAM
14.389864414314292,7.590175594576573,64-QAM
14.408757501667036,7.593576350300067,64-QAM
14.427650589019782,7.5969771060235605,64-QAM
14.446543676372528,7.600377861747055,64-QAM
14.465436763725272,7.6037786174705495,64-QAM
14.484329851078018,7.607179373194043,64-QAM
14.503222938430763,7.610580128917537,64-QAM
14.522116025783507,7.613980884641031,64-QAM
14.541009113136253,7.617381640364526,64-QAM
14.559902200488997,7.620782396088019,64-QAM
14.578795287841743,7.624183151811513,64-QAM
14.597688375194489,7.6275839075350085,64-QAM
14.616581462547233,7.630984663258502,64-QAM
14.635474549899978,7.634385418981996,64-QAM
14.654367637252722,7.637786174705489,64-QAM
14.673260724605468,7.641186930428985,64-QAM
14.692153811958214,7.644587686152478,64-QAM
14.711046899310958,7.647988441875972,64-QAM
14.729939986663704,7.651389197599467,64-QAM
14.748833074016447,7.654789953322961,64-QAM
14.767726161369193,7.658190709046455,64-QAM
14.786619248721939,7.661591464769948,64-QAM
14.805512336074683,7.664992220493443,64-QAM
14.824405423427429,7.668392976216937,64-QAM
14.843298510780173,7.671793731940431,64-QAM
14.862191598132918,7.675194487663925,64-QAM
14.881084685485664,7.67859524338742,64-QAM
14.899977772838408,7.681995999110914,64-QAM
14.918870860191154,7.685396754834407,64-QAM
14.9377639475439,7.688797510557902,64-QAM
14.956657034896644,7.692198266281396,64-QAM
14.97555012224939,7.69559902200489,64-QAM
14.994443209602133,7.698999777728384,64-QAM
15.01333629695488,7.702400533451878,64-QAM
15.032229384307625,7.705801289175373,64-QAM
15.051122471660369,7.709202044898866,64-QAM
15.070015559013115,7.71260280062236,64-QAM
15.088908646365859,7.716003556345854,64-QAM
15.107801733718604,7.719404312069349,64-QAM
15.12669482107135,7.722805067792843,64-QAM
15.145587908424094,7.726205823516336,64-QAM
15.16448099577684,7.729606579239832,64-QAM
15.183374083129584,7.733007334963325,64-QAM
15.20226717048233,7.736408090686819,64-QAM
15.221160257835075,7.739808846410313,64-QAM
15.24005334518782,7.743209602133808,64-QAM
15.258946432540565,7.746610357857302,64-QAM
15.277839519893309,7.750011113580795,64-QAM
15.296732607246055,7.75341186930429,64-QAM
15.3156256945988,7.756812625027784,64-QAM
15.334518781951544,7.760213380751278,64-QAM
15.35341186930429,7.7636141364747715,64-QAM
15.372304956657034,7.767014892198266,64-QAM
15.39119804400978,7.7704156479217605,64-QAM
15.410091131362526,7.773816403645254,64-QAM
15.42898421871527,7.777217159368748,64-QAM
15.447877306068015,7.780617915092243,64-QAM
15.466770393420761,7.784018670815737,64-QAM
15.485663480773505,7.7874194265392305,64-QAM
15.504556568126251,7.790820182262725,64-QAM
15.523449655478995,7.7942209379862195,64-QAM
15.54234274283174,7.797621693709713,64-QAM
15.561235830184486,7.801022449433208,64-QAM
15.58012891753723,7.804423205156701,64-QAM
15.599022004889976,7.807823960880196,64-QAM
15.61791509224272,7.8112247166036894,64-QAM
15.636808179595466,7.814625472327184,64-QAM
15.655701266948212,7.8180262280506785,64-QAM
15.674594354300956,7.821426983774172,64-QAM
15.693487441653701,7.824827739497666,64-QAM
15.712380529006445,7.82822849522116,64-QAM
15.731273616359191,7.831629250944655,64-QAM
15.750166703711937,7.835030006668148,64-QAM
15.76905979106468,7.838430762391642,64-QAM
15.787952878417427,7.841831518115137,64-QAM
15.80684596577017,7.845232273838631,64-QAM
15.825739053122916,7.848633029562125,64-QAM
15.844632140475662,7.852033785285619,64-QAM
15.863525227828406,7.855434541009113,64-QAM
15.882418315181152,7.858835296732607,64-QAM
15.901311402533896,7.862236052456101,64-QAM
15.920204489886641,7.8656368081795955,64-QAM
15.939097577239387,7.86903756390309,64-QAM
15.957990664592131,7.872438319626584,64-QAM
15.976883751944877,7.875839075350077,64-QAM
15.995776839297623,7.879239831073572,64-QAM
16.014669926650367,7.882640586797066,64-QAM
16.033563014003114,7.88604134252056,64-QAM
16.052456101355858,7.8894420982440545,64-QAM
16.071349188708602,7.892842853967548,64-QAM
16.090242276061346,7.896243609691043,64-QAM
16.10913536341409,7.899644365414536,64-QAM
16.128028450766838,7.903045121138031,64-QAM
16.14692153811958,7.9064458768615244,64-QAM
16.16581462547233,7.909846632585019,64-QAM
16.184707712825073,7.913247388308513,64-QAM
16.203600800177817,7.916648144032007,64-QAM
16.22249388753056,7.920048899755501,64-QAM
16.241386974883305,7.923449655478995,64-QAM
16.260280062236053,7.926850411202489,64-QAM
16.2791731495888,7.930251166925984,64-QAM
16.298066236941544,7.933651922649478,64-QAM
16.316959324294288,7.937052678372972,64-QAM
16.335852411647032,7.940453434096465,64-QAM
16.354745498999776,7.94385418981996,64-QAM
16.373638586352524,7.947254945543454,64-QAM
16.392531673705268,7.950655701266948,64-QAM
16.411424761058015,7.954056456990442,64-QAM
16.43031784841076,7.957457212713937,64-QAM
16.449210935763503,7.9608579684374305,64-QAM
16.468104023116247,7.964258724160924,64-QAM
16.48699711046899,7.967659479884418,64-QAM
16.50589019782174,7.971060235607913,64-QAM
16.524783285174486,7.974460991331407,64-QAM
16.54367637252723,7.977861747054901,64-QAM
16.562569459879974,7.981262502778395,64-QAM
16.581462547232718,7.9846632585018895,64-QAM
16.600355634585462,7.988064014225383,64-QAM
16.61924872193821,7.991464769948878,64-QAM
16.638141809290953,7.994865525672371,64-QAM
16.6570348966437,7.998266281395866,64-QAM
16.675927983996445,8.00166703711936,64-QAM
16.69482107134919,8.005067792842855,64-QAM
16.713714158701933,8.008468548566348,64-QAM
16.732607246054677,8.011869304289842,64-QAM
16.751500333407424,8.015270060013336,64-QAM
16.77039342076017,8.01867081573683,64-QAM
16.789286508112916,8.022071571460325,64-QAM
16.80817959546566,8.025472327183818,64-QAM
16.827072682818404,8.028873082907312,64-QAM
16.845965770171148,8.032273838630807,64-QAM
16.864858857523892,8.035674594354301,64-QAM
16.88375194487664,8.039075350077795,64-QAM
16.902645032229387,8.04247610580129,64-QAM
16.92153811958213,8.045876861524784,64-QAM
16.940431206934875,8.049277617248277,64-QAM
16.95932429428762,8.052678372971771,64-QAM
16.978217381640363,8.056079128695265,64-QAM
16.99711046899311,8.05947988441876,64-QAM
17.016003556345854,8.062880640142254,64-QAM
17.034896643698602,8.066281395865747,64-QAM
17.053789731051346,8.069682151589243,64-QAM
17.07268281840409,8.073082907312736,64-QAM
17.091575905756834,8.07648366303623,64-QAM
17.110468993109578,8.079884418759724,64-QAM
17.129362080462325,8.083285174483219,64-QAM
17.148255167815073,8.086685930206713,64-QAM
17.167148255167817,8.090086685930206,64-QAM
17.18604134252056,8.0934874416537,64-QAM
17.204934429873305,8.096888197377195,64-QAM
17.22382751722605,8.100288953100689,64-QAM
17.242720604578796,8.103689708824183,64-QAM
17.26161369193154,8.107090464547678,64-QAM
17.280506779284288,8.110491220271172,64-QAM
17.29939986663703,8.113891975994665,64-QAM
17.318292953989776,8.117292731718159,64-QAM
17.33718604134252,8.120693487441653,64-QAM
17.356079128695264,8.124094243165148,64-QAM
17.37497221604801,8.127494998888642,64-QAM
17.393865303400755,8.130895754612135,64-QAM
17.412758390753503,8.13429651033563,64-QAM
17.431651478106247,8.137697266059124,64-QAM
17.45054456545899,8.141098021782618,64-QAM
17.469437652811735,8.144498777506112,64-QAM
17.488330740164482,8.147899533229607,64-QAM
17.507223827517226,8.1513002889531,64-QAM
17.526116914869974,8.154701044676596,64-QAM
17.545010002222718,8.15810180040009,64-QAM
17.56390308957546,8.161502556123583,64-QAM
17.582796176928206,8.164903311847077,64-QAM
17.60168926428095,8.16830406757057,64-QAM
17.620582351633697,8.171704823294066,64-QAM
17.63947543898644,8.17510557901756,64-QAM
17.65836852633919,8.178506334741053,64-QAM
17.677261613691932,8.181907090464549,64-QAM
17.696154701044676,8.185307846188042,64-QAM
17.71504778839742,8.188708601911536,64-QAM
17.733940875750164,8.19210935763503,64-QAM
17.752833963102912,8.195510113358523,64-QAM
17.77172705045566,8.198910869082018,64-QAM
17.790620137808403,8.202311624805512,64-QAM
17.809513225161147,8.205712380529006,64-QAM
17.82840631251389,8.209113136252501,64-QAM
17.847299399866635,8.212513891975995,64-QAM
17.866192487219383,8.215914647699488,64-QAM
17.885085574572127,8.219315403422982,64-QAM
17.903978661924874,8.222716159146477,64-QAM
17.92287174927762,8.226116914869971,64-QAM
17.941764836630362,8.229517670593465,64-QAM
17.960657923983106,8.232918426316958,64-QAM
17.97955101133585,8.236319182040454,64-QAM
17.998444098688598,8.239719937763947,64-QAM
18.017337186041345,8.243120693487441,64-QAM
18.03623027339409,8.246521449210936,64-QAM
18.055123360746833,8.24992220493443,64-QAM
18.074016448099577,8.253322960657924,64-QAM
18.09290953545232,8.256723716381417,64-QAM
18.11180262280507,8.260124472104913,64-QAM
18.130695710157813,8.263525227828406,64-QAM
18.14958879751056,8.2669259835519,64-QAM
18.168481884863304,8.270326739275394,64-QAM
18.18737497221605,8.273727494998889,64-QAM
18.206268059568792,8.277128250722383,64-QAM
18.225161146921536,8.280529006445876,64-QAM
18.244054234274284,8.283929762169372,64-QAM
18.262947321627028,8.287330517892865,64-QAM
18.281840408979775,8.290731273616359,64-QAM
18.30073349633252,8.294132029339853,64-QAM
18.319626583685263,8.297532785063346,64-QAM
18.338519671038007,8.300933540786842,64-QAM
18.35741275839075,8.304334296510335,64-QAM
18.3763058457435,8.30773505223383,64-QAM
18.395198933096246,8.311135807957324,64-QAM
18.41409202044899,8.314536563680818,64-QAM
18.432985107801734,8.317937319404312,64-QAM
18.451878195154478,8.321338075127805,64-QAM
18.470771282507222,8.324738830851299,64-QAM
18.48966436985997,8.328139586574794,64-QAM
18.508557457212714,8.331540342298288,64-QAM
18.52745054456546,8.334941098021783,64-QAM
18.546343631918205,8.338341853745277,64-QAM
18.56523671927095,8.34174260946877,64-QAM
18.584129806623693,8.345143365192264,64-QAM
18.603022893976437,8.348544120915758,64-QAM
18.621915981329185,8.351944876639253,64-QAM
18.640809068681932,8.355345632362749,64-QAM
18.659702156034676,8.358746388086242,64-QAM
18.67859524338742,8.362147143809736,64-QAM
18.697488330740164,8.36554789953323,64-QAM
18.716381418092908,8.368948655256723,64-QAM
18.735274505445656,8.372349410980217,64-QAM
18.7541675927984,8.375750166703712,64-QAM
18.773060680151147,8.379150922427206,64-QAM
18.79195376750389,8.382551678150701,64-QAM
18.810846854856635,8.385952433874195,64-QAM
18.82973994220938,8.389353189597688,64-QAM
18.848633029562123,8.392753945321182,64-QAM
18.86752611691487,8.396154701044676,64-QAM
18.886419204267614,8.39955545676817,64-QAM
18.905312291620362,8.402956212491665,64-QAM
18.924205378973106,8.406356968215158,64-QAM
18.94309846632585,8.409757723938654,64-QAM
18.961991553678594,8.413158479662147,64-QAM
18.980884641031338,8.416559235385641,64-QAM
18.999777728384085,8.419959991109135,64-QAM
19.018670815736833,8.42336074683263,64-QAM
19.037563903089577,8.426761502556124,64-QAM
19.05645699044232,8.430162258279617,64-QAM
19.075350077795065,8.433563014003111,64-QAM
19.09424316514781,8.436963769726606,64-QAM
19.113136252500556,8.4403645254501,64-QAM
19.1320293398533,8.443765281173594,64-QAM
19.150922427206048,8.44716603689709,64-QAM
19.169815514558792,8.450566792620583,64-QAM
19.188708601911536,8.453967548344076,64-QAM
19.20760168926428,8.45736830406757,64-QAM
19.226494776617024,8.460769059791064,64-QAM
19.24538786396977,8.464169815514559,64-QAM
19.26428095132252,8.467570571238053,64-QAM
19.283174038675263,8.470971326961546,64-QAM
19.302067126028007,8.474372082685042,64-QAM
19.32096021338075,8.477772838408535,64-QAM
19.339853300733495,8.481173594132029,64-QAM
19.358746388086242,8.484574349855524,64-QAM
19.377639475438986,8.487975105579018,64-QAM
19.396532562791734,8.491375861302512,64-QAM
19.415425650144478,8.494776617026005,64-QAM
19.43431873749722,8.498177372749499,64-QAM
19.453211824849966,8.501578128472994,64-QAM
19.47210491220271,8.504978884196488,64-QAM
19.490997999555457,8.508379639919982,64-QAM
19.5098910869082,8.511780395643477,64-QAM
19.52878417426095,8.51518115136697,64-QAM
19.547677261613693,8.518581907090464,64-QAM
19.566570348966437,8.521982662813958,64-QAM
19.58546343631918,8.525383418537452,64-QAM
19.604356523671928,8.528784174260947,64-QAM
19.623249611024672,8.53218492998444,64-QAM
19.64214269837742,8.535585685707936,64-QAM
19.661035785730164,8.53898644143143,64-QAM
19.679928873082908,8.542387197154923,64-QAM
19.69882196043565,8.545787952878417,64-QAM
19.717715047788396,8.54918870860191,64-QAM
19.736608135141143,8.552589464325406,64-QAM
19.755501222493887,8.5559902200489,64-QAM
19.774394309846635,8.559390975772395,64-QAM
19.79328739719938,8.562791731495889,64-QAM
19.812180484552123,8.566192487219382,64-QAM
19.831073571904867,8.569593242942876,64-QAM
19.84996665925761,8.57299399866637,64-QAM
19.868859746610358,8.576394754389865,64-QAM
19.887752833963106,8.579795510113359,64-QAM
19.90664592131585,8.583196265836852,64-QAM
19.925539008668594,8.586597021560348,64-QAM
19.944432096021337,8.589997777283841,64-QAM
19.96332518337408,8.593398533007335,64-QAM
19.98221827072683,8.596799288730828,64-QAM
20.001111358079573,8.600200044454322,64-QAM
20.02000444543232,8.603600800177817,64-QAM
20.038897532785064,8.607001555901311,64-QAM
20.05779062013781,8.610402311624805,64-QAM
20.076683707490552,8.6138030673483,64-QAM
20.095576794843296,8.617203823071794,64-QAM
20.114469882196044,8.620604578795287,64-QAM
20.13336296954879,8.624005334518783,64-QAM
20.152256056901535,8.627406090242276,64-QAM
20.17114914425428,8.63080684596577,64-QAM
20.190042231607023,8.634207601689264,64-QAM
20.208935318959767,8.637608357412757,64-QAM
20.227828406312515,8.641009113136253,64-QAM
20.24672149366526,8.644409868859746,64-QAM
20.265614581018006,8.64781062458324,64-QAM
20.28450766837075,8.651211380306735,64-QAM
20.303400755723494,8.654612136030229,64-QAM
20.32229384307624,8.658012891753723,64-QAM
20.341186930428982,8.661413647477216,64-QAM
20.36008001778173,8.664814403200712,64-QAM
20.378973105134474,8.668215158924205,64-QAM
20.39786619248722,8.671615914647699,64-QAM
20.416759279839965,8.675016670371193,64-QAM
20.43565236719271,8.678417426094688,64-QAM
20.454545454545453,8.681818181818182,64-QAM
20.473438541898197,8.685218937541675,64-QAM
20.492331629250945,8.68861969326517,64-QAM
20.511224716603692,8.692020448988664,64-QAM
20.530117803956436,8.695421204712158,64-QAM
20.54901089130918,8.698821960435652,64-QAM
20.567903978661924,8.702222716159145,64-QAM
20.586797066014668,8.70562347188264,64-QAM
20.605690153367416,8.709024227606134,64-QAM
20.62458324072016,8.71242498332963,64-QAM
20.643476328072907,8.715825739053123,64-QAM
20.66236941542565,8.719226494776617,64-QAM
20.681262502778395,8.72262725050011,64-QAM
20.70015559013114,8.726028006223604,64-QAM
20.719048677483883,8.729428761947098,64-QAM
20.73794176483663,8.732829517670593,64-QAM
20.756834852189378,8.736230273394089,64-QAM
20.775727939542122,8.739631029117582,64-QAM
20.794621026894866,8.743031784841076,64-QAM
20.81351411424761,8.74643254056457,64-QAM
20.832407201600354,8.749833296288063,64-QAM
20.8513002889531,8.753234052011559,64-QAM
20.870193376305846,8.756634807735052,64-QAM
20.889086463658593,8.760035563458548,64-QAM
20.907979551011337,8.763436319182041,64-QAM
20.92687263836408,8.766837074905535,64-QAM
20.945765725716825,8.770237830629029,64-QAM
20.96465881306957,8.773638586352522,64-QAM
20.983551900422317,8.777039342076016,64-QAM
21.00244498777506,8.780440097799511,64-QAM
21.021338075127808,8.783840853523005,64-QAM
21.040231162480552,8.7872416092465,64-QAM
21.059124249833296,8.790642364969994,64-QAM
21.07801733718604,8.794043120693487,64-QAM
21.096910424538788,8.797443876416981,64-QAM
21.11580351189153,8.800844632140475,64-QAM
21.134696599244275,8.804245387863968,64-QAM
21.153589686597023,8.807646143587464,64-QAM
21.172482773949767,8.811046899310957,64-QAM
21.19137586130251,8.814447655034453,64-QAM
21.21026894865526,8.817848410757946,64-QAM
21.229162036008002,8.82124916648144,64-QAM
21.248055123360746,8.824649922204934,64-QAM
21.26694821071349,8.828050677928427,64-QAM
21.285841298066238,8.831451433651923,64-QAM
21.304734385418982,8.834852189375416,64-QAM
21.323627472771726,8.83825294509891,64-QAM
21.342520560124473,8.841653700822405,64-QAM
21.361413647477217,8.845054456545899,64-QAM
21.38030673482996,8.848455212269393,64-QAM
21.39919982218271,8.851855967992888,64-QAM
21.418092909535453,8.855256723716382,64-QAM
21.436985996888197,8.858657479439875,64-QAM
21.455879084240944,8.86205823516337,64-QAM
21.47477217159369,8.865458990886864,64-QAM
21.493665258946432,8.868859746610358,64-QAM
21.512558346299176,8.872260502333852,64-QAM
21.531451433651924,8.875661258057345,64-QAM
21.550344521004668,8.87906201378084,64-QAM
21.56923760835741,8.882462769504334,64-QAM
21.58813069571016,8.885863525227828,64-QAM
21.607023783062903,8.889264280951323,64-QAM
21.625916870415647,8.892665036674817,64-QAM
21.644809957768395,8.89606579239831,64-QAM
21.66370304512114,8.899466548121804,64-QAM
21.682596132473883,8.902867303845298,64-QAM
21.701489219826627,8.906268059568793,64-QAM
21.720382307179374,8.909668815292287,64-QAM
21.739275394532118,8.91306957101578,64-QAM
21.758168481884862,8.916470326739276,64-QAM
21.77706156923761,8.91987108246277,64-QAM
21.795954656590354,8.923271838186263,64-QAM
21.814847743943098,8.926672593909757,64-QAM
21.833740831295845,8.930073349633252,64-QAM
21.85263391864859,8.933474105356746,64-QAM
21.871527006001333,8.93687486108024,64-QAM
21.89042009335408,8.940275616803735,64-QAM
21.909313180706825,8.943676372527229,64-QAM
21.92820626805957,8.947077128250722,64-QAM
21.947099355412313,8.950477883974216,64-QAM
21.96599244276506,8.953878639697711,64-QAM
21.984885530117804,8.957279395421205,64-QAM
22.003778617470548,8.960680151144699,64-QAM
22.022671704823296,8.964080906868194,64-QAM
22.04156479217604,8.967481662591688,64-QAM
22.060457879528784,8.970882418315181,64-QAM
22.07935096688153,8.974283174038675,64-QAM
22.098244054234275,8.977683929762168,64-QAM
22.11713714158702,8.981084685485664,64-QAM
22.136030228939763,8.984485441209157,64-QAM
22.15492331629251,8.987886196932651,64-QAM
22.173816403645255,8.991286952656147,64-QAM
22.192709490998,8.99468770837964,64-QAM
22.211602578350746,8.998088464103134,64-QAM
22.23049566570349,9.001489219826627,64-QAM
22.249388753056234,9.004889975550121,64-QAM
22.26828184040898,9.008290731273616,64-QAM
22.287174927761725,9.01169148699711,64-QAM
22.30606801511447,9.015092242720605,64-QAM
22.324961102467217,9.0184929984441,64-QAM
22.34385418981996,9.021893754167593,64-QAM
22.362747277172705,9.025294509891086,64-QAM
22.38164036452545,9.02869526561458,64-QAM
22.400533451878196,9.032096021338075,64-QAM
22.41942653923094,9.035496777061569,64-QAM
22.438319626583684,9.038897532785063,64-QAM
22.457212713936432,9.042298288508558,64-QAM
22.476105801289176,9.045699044232052,64-QAM
22.49499888864192,9.049099799955545,64-QAM
22.513891975994667,9.052500555679039,64-QAM
22.53278506334741,9.055901311402533,64-QAM
22.551678150700155,9.059302067126028,64-QAM
22.5705712380529,9.062702822849522,64-QAM
22.589464325405647,9.066103578573017,64-QAM
22.60835741275839,9.06950433429651,64-QAM
22.627250500111135,9.072905090020004,64-QAM
22.646143587463882,9.076305845743498,64-QAM
22.665036674816626,9.079706601466992,64-QAM
22.68392976216937,9.083107357190485,64-QAM
22.702822849522118,9.08650811291398,64-QAM
22.721715936874862,9.089908868637476,64-QAM
22.740609024227606,9.09330962436097,64-QAM
22.75950211158035,9.096710380084463,64-QAM
22.778395198933097,9.100111135807957,64-QAM
22.79728828628584,9.10351189153145,64-QAM
22.816181373638585,9.106912647254944,64-QAM
22.835074460991333,9.11031340297844,64-QAM
22.853967548344077,9.113714158701933,64-QAM
22.87286063569682,9.117114914425429,64-QAM
22.89175372304957,9.120515670148922,64-QAM
22.910646810402312,9.123916425872416,64-QAM
22.929539897755056,9.12731718159591,64-QAM
22.948432985107804,9.130717937319405,64-QAM
22.967326072460548,9.134118693042899,64-QAM
22.98621915981329,9.137519448766392,64-QAM
23.005112247166036,9.140920204489886,64-QAM
23.024005334518783,9.144320960213381,64-QAM
23.042898421871527,9.147721715936875,64-QAM
23.06179150922427,9.151122471660369,64-QAM
23.08068459657702,9.154523227383862,64-QAM
23.099577683929763,9.157923983107358,64-QAM
23.118470771282507,9.161324738830851,64-QAM
23.137363858635254,9.164725494554347,64-QAM
23.156256945987998,9.16812625027784,64-QAM
23.175150033340742,9.171527006001334,64-QAM
23.194043120693486,9.174927761724827,64-QAM
23.212936208046234,9.178328517448321,64-QAM
23.231829295398978,9.181729273171815,64-QAM
23.25072238275172,9.18513002889531,64-QAM
23.26961547010447,9.188530784618806,64-QAM
23.288508557457213,9.1919315403423,64-QAM
23.307401644809957,9.195332296065793,64-QAM
23.326294732162705,9.198733051789286,64-QAM
23.34518781951545,9.20213380751278,64-QAM
23.364080906868192,9.205534563236274,64-QAM
23.38297399422094,9.20893531895977,64-QAM
23.401867081573684,9.212336074683263,64-QAM
23.420760168926428,9.215736830406758,64-QAM
23.439653256279172,9.219137586130252,64-QAM
23.45854634363192,9.222538341853745,64-QAM
23.477439430984663,9.225939097577239,64-QAM
23.496332518337407,9.229339853300733,64-QAM
23.515225605690155,9.232740609024228,64-QAM
23.5341186930429,9.236141364747722,64-QAM
23.553011780395643,9.239542120471215,64-QAM
23.57190486774839,9.24294287619471,64-QAM
23.590797955101134,9.246343631918204,64-QAM
23.60969104245388,9.249744387641698,64-QAM
23.628584129806622,9.253145143365192,64-QAM
23.64747721715937,9.256545899088685,64-QAM
23.666370304512114,9.25994665481218,64-QAM
23.685263391864858,9.263347410535674,64-QAM
23.704156479217605,9.26674816625917,64-QAM
23.72304956657035,9.270148921982663,64-QAM
23.741942653923093,9.273549677706157,64-QAM
23.76083574127584,9.27695043342965,64-QAM
23.779728828628585,9.280351189153144,64-QAM
23.79862191598133,9.283751944876638,64-QAM
23.817515003334073,9.287152700600133,64-QAM
23.83640809068682,9.290553456323629,64-QAM
23.855301178039564,9.293954212047122,64-QAM
23.87419426539231,9.297354967770616,64-QAM
23.893087352745056,9.30075572349411,64-QAM
23.9119804400978,9.304156479217603,64-QAM
23.930873527450544,9.307557234941097,64-QAM
23.94976661480329,9.310957990664592,64-QAM
23.968659702156035,9.314358746388086,64-QAM
23.98755278950878,9.317759502111581,64-QAM
24.006445876861527,9.321160257835075,64-QAM
24.02533896421427,9.324561013558569,64-QAM
24.044232051567015,9.327961769282062,64-QAM
24.06312513891976,9.331362525005556,64-QAM
24.082018226272506,9.334763280729051,64-QAM
24.10091131362525,9.338164036452545,64-QAM
24.119804400977994,9.341564792176039,64-QAM
24.13869748833074,9.344965547899534,64-QAM
24.157590575683486,9.348366303623028,64-QAM
24.17648366303623,9.351767059346521,64-QAM
24.195376750388977,9.355167815070015,64-QAM
24.21426983774172,9.358568570793508,64-QAM
24.233162925094465,9.361969326517004,64-QAM
24.25205601244721,9.365370082240497,64-QAM
24.270949099799957,9.368770837963993,64-QAM
24.2898421871527,9.372171593687487,64-QAM
24.308735274505445,9.37557234941098,64-QAM
24.327628361858192,9.378973105134474,64-QAM
24.346521449210936,9.382373860857967,64-QAM
24.36541453656368,9.385774616581461,64-QAM
24.384307623916428,9.389175372304956,64-QAM
24.40320071126917,9.392576128028452,64-QAM
24.422093798621916,9.395976883751946,64-QAM
24.440986885974663,9.39937763947544,64-QAM
24.459879973327407,9.402778395198933,64-QAM
24.47877306068015,9.406179150922426,64-QAM
24.497666148032895,9.40957990664592,64-QAM
24.516559235385643,9.412980662369415,64-QAM
24.535452322738386,9.416381418092909,64-QAM
24.55434541009113,9.419782173816404,64-QAM
24.573238497443878,9.423182929539898,64-QAM
24.592131584796622,9.426583685263392,64-QAM
24.611024672149366,9.429984440986885,64-QAM
24.629917759502113,9.433385196710379,64-QAM
24.648810846854857,9.436785952433874,64-QAM
24.6677039342076,9.440186708157368,64-QAM
24.686597021560345,9.443587463880862,64-QAM
24.705490108913093,9.446988219604357,64-QAM
24.724383196265837,9.45038897532785,64-QAM
24.74327628361858,9.453789731051344,64-QAM
24.76216937097133,9.457190486774838,64-QAM
24.781062458324072,9.460591242498332,64-QAM
24.799955545676816,9.463991998221827,64-QAM
24.818848633029564,9.467392753945322,64-QAM
24.837741720382308,9.470793509668816,64-QAM
24.856634807735052,9.47419426539231,64-QAM
24.8755278950878,9.477595021115803,64-QAM
24.894420982440543,9.480995776839297,64-QAM
24.913314069793287,9.48439653256279,64-QAM
24.93220715714603,9.487797288286284,64-QAM
24.95110024449878,9.49119804400978,64-QAM
24.969993331851523,9.494598799733275,64-QAM
24.988886419204267,9.497999555456769,64-QAM
25.007779506557014,9.501400311180262,64-QAM
25.02667259390976,9.504801066903756,64-QAM
25.045565681262502,9.50820182262725,64-QAM
25.06445876861525,9.511602578350745,64-QAM
25.083351855967994,9.515003334074239,64-QAM
25.102244943320738,9.518404089797732,64-QAM
25.12113803067348,9.521804845521228,64-QAM
25.14003111802623,9.525205601244721,64-QAM
25.158924205378973,9.528606356968215,64-QAM
25.177817292731717,9.532007112691709,64-QAM
25.196710380084465,9.535407868415202,64-QAM
25.21560346743721,9.538808624138698,64-QAM
25.234496554789953,9.542209379862191,64-QAM
25.2533896421427,9.545610135585687,64-QAM
25.272282729495444,9.54901089130918,64-QAM
25.291175816848188,9.552411647032674,64-QAM
25.310068904200932,9.555812402756168,64-QAM
25.32896199155368,9.559213158479661,64-QAM
25.347855078906424,9.562613914203155,64-QAM
25.366748166259168,9.56601466992665,64-QAM
25.385641253611915,9.569415425650146,64-QAM
25.40453434096466,9.57281618137364,64-QAM
25.423427428317403,9.576216937097133,64-QAM
25.44232051567015,9.579617692820626,64-QAM
25.461213603022895,9.58301844854412,64-QAM
25.48010669037564,9.586419204267614,64-QAM
25.498999777728386,9.58981995999111,64-QAM
25.51789286508113,9.593220715714605,64-QAM
25.536785952433874,9.596621471438098,64-QAM
25.555679039786618,9.600022227161592,64-QAM
25.574572127139366,9.603422982885085,64-QAM
25.59346521449211,9.606823738608579,64-QAM
25.612358301844854,9.610224494332073,64-QAM
25.6312513891976,9.613625250055568,64-QAM
25.650144476550345,9.617026005779062,64-QAM
25.66903756390309,9.620426761502557,64-QAM
25.687930651255837,9.62382751722605,64-QAM
25.70682373860858,9.627228272949544,64-QAM
25.725716825961324,9.630629028673038,64-QAM
25.74460991331407,9.634029784396532,64-QAM
25.763503000666816,9.637430540120027,64-QAM
25.78239608801956,9.64083129584352,64-QAM
25.801289175372304,9.644232051567014,64-QAM
25.82018226272505,9.64763280729051,64-QAM
25.839075350077795,9.651033563014003,64-QAM
25.85796843743054,9.654434318737497,64-QAM
25.876861524783287,9.65783507446099,64-QAM
25.89575461213603,9.661235830184484,64-QAM
25.914647699488775,9.66463658590798,64-QAM
25.933540786841522,9.668037341631475,64-QAM
25.952433874194266,9.671438097354969,64-QAM
25.97132696154701,9.674838853078462,64-QAM
25.990220048899754,9.678239608801956,64-QAM
26.009113136252502,9.68164036452545,64-QAM
26.028006223605246,9.685041120248943,64-QAM
26.04689931095799,9.688441875972437,64-QAM
26.065792398310737,9.691842631695932,64-QAM
26.08468548566348,9.695243387419428,64-QAM
26.103578573016225,9.698644143142921,64-QAM
26.122471660368973,9.702044898866415,64-QAM
26.141364747721717,9.705445654589909,64-QAM
26.16025783507446,9.708846410313402,64-QAM
26.179150922427205,9.712247166036896,64-QAM
26.198044009779952,9.715647921760391,64-QAM
26.216937097132696,9.719048677483885,64-QAM
26.23583018448544,9.72244943320738,64-QAM
26.254723271838188,9.725850188930874,64-QAM
26.27361635919093,9.729250944654368,64-QAM
26.292509446543676,9.732651700377861,64-QAM
26.311402533896423,9.736052456101355,64-QAM
26.330295621249167,9.73945321182485,64-QAM
26.34918870860191,9.742853967548344,64-QAM
26.368081795954655,9.746254723271838,64-QAM
26.386974883307403,9.749655478995333,64-QAM
26.405867970660147,9.753056234718827,64-QAM
26.42476105801289,9.75645699044232,64-QAM
26.443654145365638,9.759857746165814,64-QAM
26.462547232718382,9.763258501889307,64-QAM
26.481440320071126,9.766659257612803,64-QAM
26.500333407423874,9.770060013336298,64-QAM
26.519226494776618,9.773460769059792,64-QAM
26.53811958212936,9.776861524783286,64-QAM
26.55701266948211,9.78026228050678,64-QAM
26.575905756834853,9.783663036230273,64-QAM
26.594798844187597,9.787063791953766,64-QAM
26.61369193154034,9.79046454767726,64-QAM
26.63258501889309,9.793865303400755,64-QAM
26.651478106245833,9.79726605912425,64-QAM
26.670371193598577,9.800666814847744,64-QAM
26.689264280951324,9.804067570571238,64-QAM
26.708157368304068,9.807468326294732,64-QAM
26.727050455656812,9.810869082018225,64-QAM
26.74594354300956,9.81426983774172,64-QAM
26.764836630362304,9.817670593465214,64-QAM
26.783729717715048,9.821071349188708,64-QAM
26.80262280506779,9.824472104912203,64-QAM
26.82151589242054,9.827872860635697,64-QAM
26.840408979773283,9.83127361635919,64-QAM
26.859302067126027,9.834674372082684,64-QAM
26.878195154478774,9.838075127806178,64-QAM
26.89708824183152,9.841475883529673,64-QAM
26.915981329184262,9.844876639253167,64-QAM
26.93487441653701,9.848277394976662,64-QAM
26.953767503889754,9.851678150700156,64-QAM
26.972660591242498,9.85507890642365,64-QAM
26.991553678595245,9.858479662147143,64-QAM
27.01044676594799,9.861880417870637,64-QAM
27.029339853300733,9.86528117359413,64-QAM
27.048232940653477,9.868681929317626,64-QAM
27.067126028006225,9.872082685041121,64-QAM
27.08601911535897,9.875483440764615,64-QAM
27.104912202711713,9.878884196488109,64-QAM
27.12380529006446,9.882284952211602,64-QAM
27.142698377417204,9.885685707935096,64-QAM
27.16159146476995,9.88908646365859,64-QAM
27.180484552122696,9.892487219382085,64-QAM
27.19937763947544,9.895887975105579,64-QAM
27.218270726828184,9.899288730829074,64-QAM
27.237163814180928,9.902689486552568,64-QAM
27.256056901533675,9.906090242276061,64-QAM
27.27494998888642,9.909490997999555,64-QAM
27.293843076239163,9.912891753723049,64-QAM
27.31273616359191,9.916292509446544,64-QAM
27.331629250944655,9.919693265170038,64-QAM
27.3505223382974,9.923094020893531,64-QAM
27.369415425650146,9.926494776617027,64-QAM
27.38830851300289,9.92989553234052,64-QAM
27.407201600355634,9.933296288064014,64-QAM
27.42609468770838,9.936697043787508,64-QAM
27.444987775061126,9.940097799511001,64-QAM
27.46388086241387,9.943498555234497,64-QAM
27.482773949766614,9.94689931095799,64-QAM
27.50166703711936,9.950300066681486,64-QAM
27.520560124472105,9.95370082240498,64-QAM
27.53945321182485,9.957101578128473,64-QAM
27.558346299177597,9.960502333851966,64-QAM
27.57723938653034,9.96390308957546,64-QAM
27.596132473883085,9.967303845298954,64-QAM
27.615025561235832,9.970704601022451,64-QAM
27.633918648588576,9.974105356745945,64-QAM
27.65281173594132,9.977506112469438,64-QAM
27.671704823294064,9.980906868192932,64-QAM
27.69059791064681,9.984307623916425,64-QAM
27.709490997999556,9.987708379639919,64-QAM
27.7283840853523,9.991109135363413,64-QAM
27.747277172705047,9.994509891086908,64-QAM
27.76617026005779,9.997910646810404,64-QAM
27.785063347410535,10.001311402533897,64-QAM
27.803956434763283,10.00471215825739,64-QAM
27.822849522116027,10.008112913980884,64-QAM
27.84174260946877,10.011513669704378,64-QAM
27.860635696821515,10.014914425427872,64-QAM
27.879528784174262,10.018315181151367,64-QAM
27.898421871527006,10.02171593687486,64-QAM
27.91731495887975,10.025116692598356,64-QAM
27.936208046232498,10.02851744832185,64-QAM
27.95510113358524,10.031918204045343,64-QAM
27.973994220937985,10.035318959768837,64-QAM
27.992887308290733,10.03871971549233,64-QAM
28.011780395643477,10.042120471215826,64-QAM
28.03067348299622,10.04552122693932,64-QAM
28.04956657034897,10.048921982662815,64-QAM
28.068459657701712,10.052322738386309,64-QAM
28.087352745054456,10.055723494109802,64-QAM
28.1062458324072,10.059124249833296,64-QAM
28.125138919759948,10.06252500555679,64-QAM
28.144032007112692,10.065925761280283,64-QAM
28.162925094465436,10.069326517003779,64-QAM
28.181818181818183,10.072727272727274,64-QAM
28.200711269170927,10.076128028450768,64-QAM
28.21960435652367,10.079528784174261,64-QAM
28.23849744387642,10.082929539897755,64-QAM
28.257390531229163,10.086330295621249,64-QAM
28.276283618581907,10.089731051344742,64-QAM
28.29517670593465,10.093131807068236,64-QAM
28.3140697932874,10.096532562791731,64-QAM
28.332962880640142,10.099933318515227,64-QAM
28.351855967992886,10.10333407423872,64-QAM
28.370749055345634,10.106734829962214,64-QAM
28.389642142698378,10.110135585685708,64-QAM
28.408535230051122,10.113536341409201,64-QAM
28.42742831740387,10.116937097132697,64-QAM
28.446321404756613,10.12033785285619,64-QAM
28.465214492109357,10.123738608579684,64-QAM
28.484107579462105,10.12713936430318,64-QAM
28.50300066681485,10.130540120026673,64-QAM
28.521893754167593,10.133940875750167,64-QAM
28.540786841520337,10.13734163147366,64-QAM
28.559679928873084,10.140742387197154,64-QAM
28.57857301622583,10.14414314292065,64-QAM
28.597466103578572,10.147543898644143,64-QAM
28.61635919093132,10.150944654367638,64-QAM
28.635252278284064,10.154345410091132,64-QAM
28.654145365636808,10.157746165814626,64-QAM
28.673038452989555,10.16114692153812,64-QAM
28.6919315403423,10.164547677261613,64-QAM
28.710824627695043,10.167948432985106,64-QAM
28.729717715047787,10.171349188708602,64-QAM
28.748610802400535,10.174749944432097,64-QAM
28.76750388975328,10.17815070015559,64-QAM
28.786396977106023,10.181551455879085,64-QAM
28.80529006445877,10.184952211602578,64-QAM
28.824183151811514,10.188352967326072,64-QAM
28.843076239164258,10.191753723049565,64-QAM
28.861969326517006,10.19515447877306,64-QAM
28.88086241386975,10.198555234496554,64-QAM
28.899755501222494,10.20195599022005,64-QAM
28.918648588575238,10.205356745943543,64-QAM
28.937541675927985,10.208757501667037,64-QAM
28.95643476328073,10.21215825739053,64-QAM
28.975327850633473,10.215559013114024,64-QAM
28.99422093798622,10.21895976883752,64-QAM
29.013114025338965,10.222360524561013,64-QAM
29.03200711269171,10.225761280284507,64-QAM
29.050900200044456,10.229162036008002,64-QAM
29.0697932873972,10.232562791731496,64-QAM
29.088686374749944,10.23596354745499,64-QAM
29.10757946210269,10.239364303178483,64-QAM
29.126472549455436,10.242765058901977,64-QAM
29.14536563680818,10.246165814625472,64-QAM
29.164258724160923,10.249566570348966,64-QAM
29.18315181151367,10.252967326072461,64-QAM
29.202044898866415,10.256368081795955,64-QAM
29.22093798621916,10.259768837519449,64-QAM
29.239831073571906,10.263169593242942,64-QAM
29.25872416092465,10.266570348966436,64-QAM
29.277617248277394,10.26997110468993,64-QAM
29.296510335630142,10.273371860413425,64-QAM
29.315403422982886,10.27677261613692,64-QAM
29.33429651033563,10.280173371860414,64-QAM
29.353189597688374,10.283574127583908,64-QAM
29.37208268504112,10.286974883307401,64-QAM
29.390975772393865,10.290375639030895,64-QAM
29.40986885974661,10.293776394754389,64-QAM
29.428761947099357,10.297177150477884,64-QAM
29.4476550344521,10.300577906201378,64-QAM
29.466548121804845,10.303978661924873,64-QAM
29.485441209157592,10.307379417648367,64-QAM
29.504334296510336,10.31078017337186,64-QAM
29.52322738386308,10.314180929095354,64-QAM
29.542120471215828,10.317581684818848,64-QAM
29.561013558568572,10.320982440542343,64-QAM
29.579906645921316,10.324383196265837,64-QAM
29.59879973327406,10.32778395198933,64-QAM
29.617692820626807,10.331184707712826,64-QAM
29.63658590797955,10.33458546343632,64-QAM
29.655478995332295,10.337986219159813,64-QAM
29.674372082685043,10.341386974883306,64-QAM
29.693265170037787,10.3447877306068,64-QAM
29.71215825739053,10.348188486330296,64-QAM
29.73105134474328,10.351589242053791,64-QAM
29.749944432096022,10.354989997777285,64-QAM
29.768837519448766,10.358390753500778,64-QAM
29.78773060680151,10.361791509224272,64-QAM
29.806623694154258,10.365192264947765,64-QAM
29.825516781507,10.368593020671259,64-QAM
29.844409868859746,10.371993776394753,64-QAM
29.863302956212493,10.375394532118248,64-QAM
29.882196043565237,10.378795287841744,64-QAM
29.90108913091798,10.382196043565237,64-QAM
29.91998221827073,10.38559679928873,64-QAM
29.938875305623473,10.388997555012224,64-QAM
29.957768392976217,10.392398310735718,64-QAM
29.976661480328964,10.395799066459213,64-QAM
29.995554567681708,10.399199822182707,64-QAM
30.014447655034452,10.4026005779062,64-QAM
30.033340742387196,10.406001333629696,64-QAM
30.052233829739944,10.40940208935319,64-QAM
30.071126917092688,10.412802845076683,64-QAM
30.09002000444543,10.416203600800177,64-QAM
30.10891309179818,10.419604356523672,64-QAM
30.127806179150923,10.423005112247166,64-QAM
30.146699266503667,10.42640586797066,64-QAM
30.165592353856415,10.429806623694155,64-QAM
30.18448544120916,10.433207379417649,64-QAM
30.203378528561903,10.436608135141142,64-QAM
30.222271615914647,10.440008890864636,64-QAM
30.241164703267394,10.44340964658813,64-QAM
30.260057790620138,10.446810402311625,64-QAM
30.278950877972882,10.450211158035119,64-QAM
30.29784396532563,10.453611913758614,64-QAM
30.316737052678373,10.457012669482108,64-QAM
30.335630140031117,10.460413425205601,64-QAM
30.354523227383865,10.463814180929095,64-QAM
30.37341631473661,10.467214936652589,64-QAM
30.392309402089353,10.470615692376082,64-QAM
30.411202489442097,10.474016448099578,64-QAM
30.430095576794844,10.477417203823073,64-QAM
30.44898866414759,10.480817959546567,64-QAM
30.467881751500332,10.48421871527006,64-QAM
30.48677483885308,10.487619470993554,64-QAM
30.505667926205824,10.491020226717048,64-QAM
30.524561013558568,10.494420982440541,64-QAM
30.543454100911315,10.497821738164037,64-QAM
30.56234718826406,10.50122249388753,64-QAM
30.581240275616803,10.504623249611026,64-QAM
30.60013336296955,10.50802400533452,64-QAM
30.619026450322295,10.511424761058013,64-QAM
30.63791953767504,10.514825516781507,64-QAM
30.656812625027783,10.518226272505,64-QAM
30.67570571238053,10.521627028228496,64-QAM
30.694598799733274,10.52502778395199,64-QAM
30.71349188708602,10.528428539675483,64-QAM
30.732384974438766,10.531829295398978,64-QAM
30.75127806179151,10.535230051122472,64-QAM
30.770171149144254,10.538630806845966,64-QAM
30.789064236497,10.54203156256946,64-QAM
30.807957323849745,10.545432318292953,64-QAM
30.82685041120249,10.548833074016448,64-QAM
30.845743498555233,10.552233829739942,64-QAM
30.86463658590798,10.555634585463437,64-QAM
30.883529673260725,10.55903534118693,64-QAM
30.90242276061347,10.562436096910425,64-QAM
30.921315847966216,10.565836852633918,64-QAM
30.94020893531896,10.569237608357412,64-QAM
30.959102022671704,10.572638364080905,64-QAM
30.97799511002445,10.5760391198044,64-QAM
30.996888197377196,10.579439875527896,64-QAM
31.01578128472994,10.58284063125139,64-QAM
31.034674372082687,10.586241386974883,64-QAM
31.05356745943543,10.589642142698377,64-QAM
31.072460546788175,10.59304289842187,64-QAM
31.09135363414092,10.596443654145364,64-QAM
31.110246721493667,10.59984440986886,64-QAM
31.12913980884641,10.603245165592353,64-QAM
31.148032896199155,10.606645921315849,64-QAM
31.166925983551902,10.610046677039342,64-QAM
31.185819070904646,10.613447432762836,64-QAM
31.20471215825739,10.61684818848633,64-QAM
31.223605245610138,10.620248944209823,64-QAM
31.24249833296288,10.623649699933319,64-QAM
31.261391420315626,10.627050455656812,64-QAM
31.28028450766837,10.630451211380306,64-QAM
31.299177595021117,10.633851967103801,64-QAM
31.31807068237386,10.637252722827295,64-QAM
31.336963769726605,10.640653478550789,64-QAM
31.355856857079353,10.644054234274282,64-QAM
31.374749944432097,10.647454989997776,64-QAM
31.39364303178484,10.650855745721271,64-QAM
31.412536119137588,10.654256501444767,64-QAM
31.431429206490332,10.65765725716826,64-QAM
31.450322293843076,10.661058012891754,64-QAM
31.46921538119582,10.664458768615248,64-QAM
31.488108468548567,10.667859524338741,64-QAM
31.50700155590131,10.671260280062235,64-QAM
31.525894643254055,10.674661035785729,64-QAM
31.544787730606803,10.678061791509224,64-QAM
31.563680817959547,10.68146254723272,64-QAM
31.58257390531229,10.684863302956213,64-QAM
31.60146699266504,10.688264058679707,64-QAM
31.620360080017782,10.6916648144032,64-QAM
31.639253167370526,10.695065570126694,64-QAM
31.658146254723274,10.69846632585019,64-QAM
31.677039342076018,10.701867081573683,64-QAM
31.695932429428762,10.705267837297177,64-QAM
31.714825516781506,10.708668593020672,64-QAM
31.733718604134253,10.712069348744166,64-QAM
31.752611691486997,10.71547010446766,64-QAM
31.77150477883974,10.718870860191153,64-QAM
31.79039786619249,10.722271615914647,64-QAM
31.809290953545233,10.725672371638142,64-QAM
31.828184040897977,10.729073127361636,64-QAM
31.847077128250724,10.732473883085131,64-QAM
31.86597021560347,10.735874638808625,64-QAM
31.884863302956212,10.739275394532118,64-QAM
31.903756390308956,10.742676150255612,64-QAM
31.922649477661704,10.746076905979105,64-QAM
31.941542565014448,10.749477661702599,64-QAM
31.96043565236719,10.752878417426095,64-QAM
31.97932873971994,10.75627917314959,64-QAM
31.998221827072683,10.759679928873084,64-QAM
32.01711491442543,10.763080684596577,64-QAM
32.03600800177817,10.76648144032007,64-QAM
32.05490108913092,10.769882196043566,64-QAM
32.07379417648366,10.773282951767058,64-QAM
32.09268726383641,10.776683707490553,64-QAM
32.111580351189154,10.780084463214047,64-QAM
32.1304734385419,10.783485218937543,64-QAM
32.14936652589464,10.786885974661036,64-QAM
32.168259613247386,10.79028673038453,64-QAM
32.18715270060014,10.793687486108023,64-QAM
32.206045787952874,10.797088241831517,64-QAM
32.224938875305625,10.800488997555012,64-QAM
32.24383196265837,10.803889753278506,64-QAM
32.26272505001111,10.807290509002,64-QAM
32.281618137363864,10.810691264725495,64-QAM
32.3005112247166,10.814092020448989,64-QAM
32.31940431206935,10.817492776172482,64-QAM
32.33829739942209,10.820893531895976,64-QAM
32.35719048677484,10.824294287619471,64-QAM
32.376083574127584,10.827695043342965,64-QAM
32.39497666148033,10.831095799066459,64-QAM
32.41386974883308,10.834496554789954,64-QAM
32.432762836185816,10.837897310513448,64-QAM
32.45165592353857,10.841298066236941,64-QAM
32.47054901089131,10.844698821960435,64-QAM
32.489442098244055,10.848099577683929,64-QAM
32.5083351855968,10.851500333407424,64-QAM
32.52722827294954,10.854901089130918,64-QAM
32.546121360302294,10.858301844854413,64-QAM
32.56501444765503,10.861702600577905,64-QAM
32.58390753500778,10.8651033563014,64-QAM
32.602800622360526,10.868504112024894,64-QAM
32.62169370971327,10.871904867748388,64-QAM
32.640586797066014,10.875305623471881,64-QAM
32.65947988441876,10.878706379195377,64-QAM
32.67837297177151,10.882107134918872,64-QAM
32.697266059124246,10.885507890642364,64-QAM
32.716159146477,10.88890864636586,64-QAM
32.73505223382974,10.892309402089353,64-QAM
32.753945321182485,10.895710157812847,64-QAM
32.77283840853523,10.89911091353634,64-QAM
32.79173149588797,10.902511669259834,64-QAM
32.810624583240724,10.905912424983331,64-QAM
32.82951767059346,10.909313180706823,64-QAM
32.84841075794621,10.912713936430318,64-QAM
32.867303845298956,10.916114692153812,64-QAM
32.8861969326517,10.919515447877306,64-QAM
32.90509002000445,10.922916203600801,64-QAM
32.92398310735719,10.926316959324293,64-QAM
32.94287619470994,10.92971771504779,64-QAM
32.961769282062676,10.933118470771282,64-QAM
32.98066236941543,10.936519226494777,64-QAM
32.99955545676817,10.939919982218271,64-QAM
33.018448544120915,10.943320737941765,64-QAM
33.037341631473666,10.94672149366526,64-QAM
33.0562347188264,10.950122249388752,64-QAM
33.075127806179154,10.953523005112247,64-QAM
33.0940208935319,10.956923760835743,64-QAM
33.11291398088464,10.960324516559236,64-QAM
33.131807068237386,10.96372527228273,64-QAM
33.15070015559013,10.967126028006223,64-QAM
33.16959324294288,10.970526783729717,64-QAM
33.18848633029562,10.97392753945321,64-QAM
33.20737941764837,10.977328295176706,64-QAM
33.22627250500111,10.9807290509002,64-QAM
33.24516559235386,10.984129806623695,64-QAM
33.2640586797066,10.987530562347189,64-QAM
33.282951767059345,10.990931318070682,64-QAM
33.301844854412096,10.994332073794176,64-QAM
33.32073794176483,10.99773282951767,64-QAM
33.339631029117584,11.001133585241165,64-QAM
33.35852411647033,11.004534340964659,64-QAM
33.37741720382307,11.007935096688152,64-QAM
33.396310291175816,11.011335852411648,64-QAM
33.41520337852856,11.014736608135141,64-QAM
33.43409646588131,11.018137363858635,64-QAM
33.45298955323405,11.021538119582129,64-QAM
33.4718826405868,11.024938875305622,64-QAM
33.49077572793954,11.028339631029118,64-QAM
33.50966881529229,11.031740386752611,64-QAM
33.52856190264504,11.035141142476107,64-QAM
33.547454989997775,11.0385418981996,64-QAM
33.566348077350526,11.041942653923094,64-QAM
33.58524116470327,11.045343409646588,64-QAM
33.604134252056014,11.048744165370081,64-QAM
33.62302733940876,11.052144921093575,64-QAM
33.6419204267615,11.05554567681707,64-QAM
33.66081351411425,11.058946432540566,64-QAM
33.67970660146699,11.062347188264058,64-QAM
33.69859968881974,11.065747943987553,64-QAM
33.717492776172485,11.069148699711047,64-QAM
33.73638586352523,11.07254945543454,64-QAM
33.75527895087797,11.075950211158034,64-QAM
33.77417203823072,11.079350966881528,64-QAM
33.79306512558347,11.082751722605025,64-QAM
33.811958212936204,11.086152478328517,64-QAM
33.830851300288955,11.089553234052012,64-QAM
33.8497443876417,11.092953989775506,64-QAM
33.86863747499444,11.096354745499,64-QAM
33.88753056234719,11.099755501222493,64-QAM
33.90642364969993,11.103156256945987,64-QAM
33.92531673705268,11.106557012669484,64-QAM
33.94420982440542,11.109957768392976,64-QAM
33.96310291175817,11.113358524116471,64-QAM
33.981995999110914,11.116759279839965,64-QAM
34.00088908646366,11.120160035563458,64-QAM
34.0197821738164,11.123560791286952,64-QAM
34.038675261169146,11.126961547010445,64-QAM
34.0575683485219,11.130362302733941,64-QAM
34.076461435874634,11.133763058457433,64-QAM
34.095354523227385,11.13716381418093,64-QAM
34.11424761058013,11.140564569904424,64-QAM
34.13314069793287,11.143965325627917,64-QAM
34.152033785285624,11.147366081351413,64-QAM
34.17092687263836,11.150766837074904,64-QAM
34.18981995999111,11.1541675927984,64-QAM
34.208713047343856,11.157568348521893,64-QAM
34.2276061346966,11.160969104245389,64-QAM
34.246499222049344,11.164369859968883,64-QAM
34.26539230940209,11.167770615692376,64-QAM
34.28428539675484,11.17117137141587,64-QAM
34.303178484107576,11.174572127139363,64-QAM
34.32207157146033,11.177972882862859,64-QAM
34.34096465881307,11.181373638586352,64-QAM
34.359857746165815,11.184774394309846,64-QAM
34.37875083351856,11.188175150033342,64-QAM
34.3976439208713,11.191575905756835,64-QAM
34.416537008224054,11.194976661480329,64-QAM
34.43543009557679,11.198377417203822,64-QAM
34.45432318292954,11.201778172927318,64-QAM
34.473216270282286,11.205178928650811,64-QAM
34.49210935763503,11.208579684374305,64-QAM
34.511002444987774,11.211980440097799,64-QAM
34.52989553234052,11.215381195821294,64-QAM
34.54878861969327,11.218781951544788,64-QAM
34.567681707046006,11.222182707268281,64-QAM
34.58657479439876,11.225583462991775,64-QAM
34.6054678817515,11.22898421871527,64-QAM
34.624360969104245,11.232384974438764,64-QAM
34.643254056456996,11.23578573016226,64-QAM
34.66214714380973,11.239186485885751,64-QAM
34.681040231162484,11.242587241609247,64-QAM
34.69993331851522,11.24598799733274,64-QAM
34.71882640586797,11.249388753056234,64-QAM
34.737719493220716,11.252789508779728,64-QAM
34.75661258057346,11.256190264503221,64-QAM
34.77550566792621,11.259591020226718,64-QAM
34.79439875527895,11.26299177595021,64-QAM
34.8132918426317,11.266392531673706,64-QAM
34.83218492998444,11.2697932873972,64-QAM
34.85107801733719,11.273194043120693,64-QAM
34.86997110468993,11.276594798844187,64-QAM
34.888864192042675,11.27999555456768,64-QAM
34.907757279395426,11.283396310291177,64-QAM
34.92665036674816,11.28679706601467,64-QAM
34.945543454100914,11.290197821738165,64-QAM
34.96443654145366,11.293598577461658,64-QAM
34.9833296288064,11.296999333185152,64-QAM
35.002222716159146,11.300400088908646,64-QAM
35.02111580351189,11.30380084463214,64-QAM
35.04000889086464,11.307201600355636,64-QAM
35.05890197821738,11.310602356079126,64-QAM
35.07779506557013,11.314003111802624,64-QAM
35.09668815292287,11.317403867526117,64-QAM
35.11558124027562,11.320804623249611,64-QAM
35.13447432762836,11.324205378973105,64-QAM
35.153367414981105,11.327606134696598,64-QAM
35.172260502333856,11.331006890420094,64-QAM
35.19115358968659,11.334407646143585,64-QAM
35.210046677039344,11.337808401867083,64-QAM
35.22893976439209,11.341209157590576,64-QAM
35.24783285174483,11.34460991331407,64-QAM
35.26672593909758,11.348010669037564,64-QAM
35.28561902645032,11.351411424761057,64-QAM
35.30451211380307,11.354812180484553,64-QAM
35.32340520115581,11.358212936208044,64-QAM
35.34229828850856,11.361613691931542,64-QAM
35.3611913758613,11.365014447655035,64-QAM
35.38008446321405,11.368415203378529,64-QAM
35.3989775505668,11.371815959102022,64-QAM
35.417870637919535,11.375216714825516,64-QAM
35.436763725272286,11.378617470549012,64-QAM
35.45565681262503,11.382018226272505,64-QAM
35.474549899977774,11.385418981995999,64-QAM
35.49344298733052,11.388819737719494,64-QAM
35.51233607468326,11.392220493442988,64-QAM
35.53122916203601,11.395621249166481,64-QAM
35.55012224938875,11.399022004889975,64-QAM
35.5690153367415,11.402422760613469,64-QAM
35.587908424094245,11.405823516336964,64-QAM
35.60680151144699,11.409224272060458,64-QAM
35.62569459879973,11.412625027783951,64-QAM
35.64458768615248,11.416025783507447,64-QAM
35.66348077350523,11.41942653923094,64-QAM
35.682373860857965,11.422827294954434,64-QAM
35.701266948210716,11.426228050677928,64-QAM
35.72016003556346,11.429628806401421,64-QAM
35.739053122916204,11.433029562124917,64-QAM
35.75794621026895,11.43643031784841,64-QAM
35.77683929762169,11.439831073571904,64-QAM
35.79573238497444,11.4432318292954,64-QAM
35.81462547232718,11.446632585018893,64-QAM
35.83351855967993,11.450033340742387,64-QAM
35.852411647032675,11.45343409646588,64-QAM
35.87130473438542,11.456834852189374,64-QAM
35.89019782173817,11.460235607912871,64-QAM
35.90909090909091,11.463636363636363,64-QAM
35.92798399644366,11.467037119359858,64-QAM
35.946877083796394,11.470437875083352,64-QAM
35.965770171149146,11.473838630806846,64-QAM
35.98466325850189,11.47723938653034,64-QAM
36.00355634585463,11.480640142253833,64-QAM
36.022449433207385,11.48404089797733,64-QAM
36.04134252056012,11.487441653700822,64-QAM
36.06023560791287,11.490842409424317,64-QAM
36.07912869526562,11.494243165147811,64-QAM
36.09802178261836,11.497643920871305,64-QAM
36.116914869971104,11.501044676594798,64-QAM
36.13580795732385,11.504445432318292,64-QAM
36.1547010446766,11.507846188041787,64-QAM
36.173594132029336,11.51124694376528,64-QAM
36.19248721938209,11.514647699488776,64-QAM
36.21138030673483,11.51804845521227,64-QAM
36.230273394087575,11.521449210935764,64-QAM
36.24916648144032,11.524849966659257,64-QAM
36.26805956879306,11.52825072238275,64-QAM
36.286952656145814,11.531651478106246,64-QAM
36.30584574349855,11.535052233829738,64-QAM
36.3247388308513,11.538452989553235,64-QAM
36.343631918204046,11.541853745276729,64-QAM
36.36252500555679,11.545254501000223,64-QAM
36.381418092909534,11.548655256723716,64-QAM
36.40031118026228,11.55205601244721,64-QAM
36.41920426761503,11.555456768170705,64-QAM
36.438097354967766,11.558857523894197,64-QAM
36.45699044232052,11.562258279617692,64-QAM
36.47588352967326,11.565659035341188,64-QAM
36.494776617026005,11.569059791064682,64-QAM
36.513669704378756,11.572460546788175,64-QAM
36.53256279173149,11.575861302511669,64-QAM
36.551455879084244,11.579262058235162,64-QAM
36.57034896643699,11.582662813958658,64-QAM
36.58924205378973,11.586063569682151,64-QAM
36.608135141142476,11.589464325405645,64-QAM
36.62702822849522,11.59286508112914,64-QAM
36.64592131584797,11.596265836852634,64-QAM
36.66481440320071,11.599666592576128,64-QAM
36.68370749055346,11.603067348299621,64-QAM
36.7026005779062,11.606468104023115,64-QAM
36.72149366525895,11.60986885974661,64-QAM
36.74038675261169,11.613269615470104,64-QAM
36.759279839964435,11.616670371193598,64-QAM
36.778172927317186,11.620071126917093,64-QAM
36.79706601466992,11.623471882640587,64-QAM
36.815959102022674,11.62687263836408,64-QAM
36.83485218937542,11.630273394087574,64-QAM
36.85374527672816,11.633674149811068,64-QAM
36.872638364080906,11.637074905534563,64-QAM
36.89153145143365,11.640475661258057,64-QAM
36.9104245387864,11.643876416981552,64-QAM
36.92931762613914,11.647277172705046,64-QAM
36.94821071349189,11.65067792842854,64-QAM
36.96710380084463,11.654078684152033,64-QAM
36.98599688819738,11.657479439875527,64-QAM
37.00488997555012,11.66088019559902,64-QAM
37.023783062902865,11.664280951322516,64-QAM
37.042676150255616,11.667681707046011,64-QAM
37.06156923760836,11.671082462769505,64-QAM
37.080462324961104,11.674483218492998,64-QAM
37.09935541231385,11.677883974216492,64-QAM
37.11824849966659,11.681284729939986,64-QAM
37.137141587019336,11.68468548566348,64-QAM
37.15603467437208,11.688086241386973,64-QAM
37.17492776172483,11.69148699711047,64-QAM
37.193820849077575,11.694887752833964,64-QAM
37.21271393643032,11.698288508557457,64-QAM
37.23160702378306,11.701689264280951,64-QAM
37.25050011113581,11.705090020004445,64-QAM
37.26939319848855,11.708490775727938,64-QAM
37.2882862858413,11.711891531451435,64-QAM
37.307179373194046,11.715292287174929,64-QAM
37.32607246054679,11.718693042898423,64-QAM
37.344965547899534,11.722093798621916,64-QAM
37.36385863525228,11.72549455434541,64-QAM
37.38275172260502,11.728895310068904,64-QAM
37.401644809957766,11.732296065792397,64-QAM
37.42053789731052,11.735696821515893,64-QAM
37.43943098466326,11.739097577239388,64-QAM
37.458324072016005,11.742498332962882,64-QAM
37.47721715936875,11.745899088686375,64-QAM
37.49611024672149,11.749299844409869,64-QAM
37.51500333407424,11.752700600133362,64-QAM
37.53389642142698,11.756101355856856,64-QAM
37.55278950877973,11.759502111580352,64-QAM
37.571682596132476,11.762902867303845,64-QAM
37.59057568348522,11.76630362302734,64-QAM
37.609468770837964,11.769704378750834,64-QAM
37.62836185819071,11.773105134474328,64-QAM
37.64725494554345,11.776505890197821,64-QAM
37.6661480328962,11.779906645921315,64-QAM
37.68504112024895,11.78330740164481,64-QAM
37.70393420760169,11.786708157368304,64-QAM
37.722827294954435,11.790108913091798,64-QAM
37.74172038230718,11.793509668815293,64-QAM
37.76061346965992,11.796910424538787,64-QAM
37.77950655701267,11.80031118026228,64-QAM
37.79839964436542,11.803711935985774,64-QAM
37.81729273171816,11.807112691709268,64-QAM
37.836185819070906,11.810513447432763,64-QAM
37.85507890642365,11.813914203156257,64-QAM
37.873971993776394,11.81731495887975,64-QAM
37.89286508112914,11.820715714603246,64-QAM
37.91175816848189,11.82411647032674,64-QAM
37.93065125583463,11.827517226050233,64-QAM
37.94954434318738,11.830917981773727,64-QAM
37.96843743054012,11.83431873749722,64-QAM
37.987330517892865,11.837719493220716,64-QAM
38.00622360524561,11.84112024894421,64-QAM
38.02511669259835,11.844521004667703,64-QAM
38.044009779951104,11.847921760391198,64-QAM
38.06290286730385,11.851322516114692,64-QAM
38.08179595465659,11.854723271838186,64-QAM
38.100689042009336,11.85812402756168,64-QAM
38.11958212936208,11.861524783285173,64-QAM
38.13847521671482,11.864925539008668,64-QAM
38.157368304067575,11.868326294732164,64-QAM
38.17626139142032,11.871727050455657,64-QAM
38.19515447877306,11.875127806179151,64-QAM
38.21404756612581,11.878528561902645,64-QAM
38.23294065347855,11.881929317626138,64-QAM
38.251833740831295,11.885330073349632,64-QAM
38.27072682818404,11.888730829073126,64-QAM
38.28961991553679,11.892131584796623,64-QAM
38.30851300288953,11.895532340520116,64-QAM
38.32740609024228,11.89893309624361,64-QAM
38.34629917759502,11.902333851967104,64-QAM
38.365192264947765,11.905734607690597,64-QAM
38.38408535230051,11.90913536341409,64-QAM
38.40297843965325,11.912536119137584,64-QAM
38.421871527006004,11.915936874861082,64-QAM
38.44076461435875,11.919337630584575,64-QAM
38.45965770171149,11.922738386308069,64-QAM
38.478550789064236,11.926139142031563,64-QAM
38.49744387641698,11.929539897755056,64-QAM
38.516336963769724,11.93294065347855,64-QAM
38.535230051122475,11.936341409202045,64-QAM
38.55412313847522,11.939742164925539,64-QAM
38.57301622582796,11.943142920649034,64-QAM
38.59190931318071,11.946543676372528,64-QAM
38.61080240053345,11.949944432096022,64-QAM
38.629695487886195,11.953345187819515,64-QAM
38.64858857523894,11.956745943543009,64-QAM
38.66748166259169,11.960146699266504,64-QAM
38.686374749944434,11.963547454989998,64-QAM
38.70526783729718,11.966948210713491,64-QAM
38.72416092464992,11.970348966436987,64-QAM
38.743054012002666,11.97374972216048,64-QAM
38.76194709935541,11.977150477883974,64-QAM
38.78084018670816,11.980551233607468,64-QAM
38.799733274060905,11.983951989330961,64-QAM
38.81862636141365,11.987352745054457,64-QAM
38.83751944876639,11.99075350077795,64-QAM
38.85641253611914,11.994154256501444,64-QAM
38.87530562347188,11.99755501222494,64-QAM
38.894198710824625,12.000955767948433,64-QAM
38.913091798177376,12.004356523671927,64-QAM
38.93198488553012,12.00775727939542,64-QAM
38.950877972882864,12.011158035118914,64-QAM
38.96977106023561,12.01455879084241,64-QAM
38.98866414758835,12.017959546565903,64-QAM
39.007557234941096,12.021360302289397,64-QAM
39.02645032229384,12.024761058012892,64-QAM
39.04534340964659,12.028161813736386,64-QAM
39.064236496999335,12.03156256945988,64-QAM
39.08312958435208,12.034963325183373,64-QAM
39.10202267170482,12.038364080906867,64-QAM
39.12091575905757,12.041764836630362,64-QAM
39.13980884641031,12.045165592353856,64-QAM
39.15870193376306,12.048566348077351,64-QAM
39.177595021115806,12.051967103800845,64-QAM
39.19648810846855,12.055367859524338,64-QAM
39.215381195821294,12.058768615247832,64-QAM
39.23427428317404,12.062169370971326,64-QAM
39.25316737052678,12.06557012669482,64-QAM
39.272060457879526,12.068970882418315,64-QAM
39.29095354523228,12.07237163814181,64-QAM
39.30984663258502,12.075772393865304,64-QAM
39.328739719937765,12.079173149588797,64-QAM
39.34763280729051,12.082573905312291,64-QAM
39.36652589464325,12.085974661035785,64-QAM
39.385418981996,12.089375416759278,64-QAM
39.40431206934875,12.092776172482775,64-QAM
39.42320515670149,12.096176928206269,64-QAM
39.442098244054236,12.099577683929763,64-QAM
39.46099133140698,12.102978439653256,64-QAM
39.479884418759724,12.10637919537675,64-QAM
39.49877750611247,12.109779951100244,64-QAM
39.51767059346521,12.113180706823737,64-QAM
39.53656368081796,12.116581462547234,64-QAM
39.55545676817071,12.119982218270728,64-QAM
39.57434985552345,12.123382973994222,64-QAM
39.593242942876195,12.126783729717715,64-QAM
39.61213603022894,12.130184485441209,64-QAM
39.63102911758168,12.133585241164702,64-QAM
39.649922204934434,12.136985996888198,64-QAM
39.66881529228718,12.140386752611692,64-QAM
39.68770837963992,12.143787508335187,64-QAM
39.706601466992666,12.14718826405868,64-QAM
39.72549455434541,12.150589019782174,64-QAM
39.744387641698154,12.153989775505668,64-QAM
39.7632807290509,12.157390531229161,64-QAM
39.78217381640365,12.160791286952657,64-QAM
39.80106690375639,12.16419204267615,64-QAM
39.81995999110914,12.167592798399644,64-QAM
39.83885307846188,12.17099355412314,64-QAM
39.857746165814625,12.174394309846633,64-QAM
39.87663925316737,12.177795065570127,64-QAM
39.89553234052011,12.18119582129362,64-QAM
39.914425427872864,12.184596577017114,64-QAM
39.93331851522561,12.18799733274061,64-QAM
39.95221160257835,12.191398088464103,64-QAM
39.971104689931096,12.194798844187597,64-QAM
39.98999777728384,12.198199599911092,64-QAM
40.008890864636584,12.201600355634586,64-QAM
40.027783951989335,12.20500111135808,64-QAM
40.04667703934208,12.208401867081573,64-QAM
40.06557012669482,12.211802622805067,64-QAM
40.08446321404757,12.215203378528562,64-QAM
40.10335630140031,12.218604134252056,64-QAM
40.122249388753055,12.22200488997555,64-QAM
40.1411424761058,12.225405645699045,64-QAM
40.16003556345855,12.228806401422538,64-QAM
40.178928650811294,12.232207157146032,64-QAM
40.19782173816404,12.235607912869526,64-QAM
40.21671482551678,12.23900866859302,64-QAM
40.235607912869526,12.242409424316515,64-QAM
40.25450100022227,12.245810180040008,64-QAM
40.27339408757502,12.249210935763504,64-QAM
40.292287174927765,12.252611691486997,64-QAM
40.31118026228051,12.256012447210491,64-QAM
40.33007334963325,12.259413202933985,64-QAM
40.348966436986,12.262813958657478,64-QAM
40.36785952433874,12.266214714380972,64-QAM
40.386752611691485,12.269615470104467,64-QAM
40.405645699044236,12.273016225827963,64-QAM
40.42453878639698,12.276416981551456,64-QAM
40.443431873749724,12.27981773727495,64-QAM
40.46232496110247,12.283218492998444,64-QAM
40.48121804845521,12.286619248721937,64-QAM
40.500111135807956,12.29002000444543,64-QAM
40.5190042231607,12.293420760168924,64-QAM
40.53789731051345,12.296821515892422,64-QAM
40.556790397866195,12.300222271615915,64-QAM
40.57568348521894,12.303623027339409,64-QAM
40.59457657257168,12.307023783062903,64-QAM
40.61346965992443,12.310424538786396,64-QAM
40.63236274727717,12.31382529450989,64-QAM
40.65125583462992,12.317226050233385,64-QAM
40.670148921982666,12.32062680595688,64-QAM
40.68904200933541,12.324027561680374,64-QAM
40.70793509668815,12.327428317403868,64-QAM
40.7268281840409,12.330829073127362,64-QAM
40.74572127139364,12.334229828850855,64-QAM
40.764614358746385,12.337630584574349,64-QAM
40.78350744609914,12.341031340297844,64-QAM
40.80240053345188,12.344432096021338,64-QAM
40.821293620804624,12.347832851744833,64-QAM
40.84018670815737,12.351233607468327,64-QAM
40.85907979551011,12.35463436319182,64-QAM
40.877972882862856,12.358035118915314,64-QAM
40.89686597021561,12.361435874638808,64-QAM
40.91575905756835,12.364836630362303,64-QAM
40.934652144921095,12.368237386085797,64-QAM
40.95354523227384,12.37163814180929,64-QAM
40.97243831962658,12.375038897532786,64-QAM
40.99133140697933,12.37843965325628,64-QAM
41.01022449433207,12.381840408979773,64-QAM
41.02911758168482,12.385241164703267,64-QAM
41.048010669037566,12.38864192042676,64-QAM
41.06690375639031,12.392042676150256,64-QAM
41.085796843743054,12.39544343187375,64-QAM
41.1046899310958,12.398844187597243,64-QAM
41.12358301844854,12.402244943320738,64-QAM
41.142476105801286,12.405645699044232,64-QAM
41.16136919315404,12.409046454767726,64-QAM
41.18026228050678,12.41244721049122,64-QAM
41.199155367859525,12.415847966214713,64-QAM
41.21804845521227,12.419248721938208,64-QAM
41.23694154256501,12.422649477661702,64-QAM
41.25583462991776,12.426050233385196,64-QAM
41.27472771727051,12.429450989108691,64-QAM
41.29362080462325,12.432851744832185,64-QAM
41.312513891975996,12.436252500555678,64-QAM
41.33140697932874,12.439653256279172,64-QAM
41.350300066681484,12.443054012002666,64-QAM
41.36919315403423,12.446454767726161,64-QAM
41.38808624138697,12.449855523449655,64-QAM
41.40697932873972,12.45325627917315,64-QAM
41.42587241609247,12.456657034896644,64-QAM
41.44476550344521,12.460057790620137,64-QAM
41.463658590797955,12.463458546343631,64-QAM
41.4825516781507,12.466859302067125,64-QAM
41.50144476550344,12.470260057790618,64-QAM
41.520337852856194,12.473660813514115,64-QAM
41.53923094020894,12.477061569237609,64-QAM
41.55812402756168,12.480462324961103,64-QAM
41.577017114914426,12.483863080684596,64-QAM
41.59591020226717,12.48726383640809,64-QAM
41.614803289619914,12.490664592131584,64-QAM
41.63369637697266,12.494065347855077,64-QAM
41.65258946432541,12.497466103578574,64-QAM
41.67148255167815,12.500866859302068,64-QAM
41.6903756390309,12.504267615025562,64-QAM
41.70926872638364,12.507668370749055,64-QAM
41.728161813736385,12.511069126472549,64-QAM
41.74705490108913,12.514469882196043,64-QAM
41.76594798844188,12.517870637919538,64-QAM
41.784841075794624,12.521271393643033,64-QAM
41.80373416314737,12.524672149366527,64-QAM
41.82262725050011,12.52807290509002,64-QAM
41.841520337852856,12.531473660813514,64-QAM
41.8604134252056,12.534874416537008,64-QAM
41.879306512558344,12.538275172260501,64-QAM
41.898199599911095,12.541675927983997,64-QAM
41.91709268726384,12.54507668370749,64-QAM
41.93598577461658,12.548477439430986,64-QAM
41.95487886196933,12.55187819515448,64-QAM
41.97377194932207,12.555278950877973,64-QAM
41.992665036674815,12.558679706601467,64-QAM
42.01155812402756,12.56208046232496,64-QAM
42.03045121138031,12.565481218048456,64-QAM
42.049344298733054,12.56888197377195,64-QAM
42.0682373860858,12.572282729495443,64-QAM
42.08713047343854,12.575683485218939,64-QAM
42.106023560791286,12.579084240942432,64-QAM
42.12491664814403,12.582484996665926,64-QAM
42.14380973549678,12.58588575238942,64-QAM
42.162702822849525,12.589286508112913,64-QAM
42.18159591020227,12.592687263836408,64-QAM
42.20048899755501,12.596088019559902,64-QAM
42.21938208490776,12.599488775283396,64-QAM
42.2382751722605,12.602889531006891,64-QAM
42.257168259613245,12.606290286730385,64-QAM
42.276061346965996,12.609691042453878,64-QAM
42.29495443431874,12.613091798177372,64-QAM
42.313847521671484,12.616492553900866,64-QAM
42.33274060902423,12.619893309624361,64-QAM
42.35163369637697,12.623294065347855,64-QAM
42.370526783729716,12.626694821071348,64-QAM
42.38941987108247,12.630095576794844,64-QAM
42.40831295843521,12.633496332518337,64-QAM
42.427206045787955,12.636897088241831,64-QAM
42.4460991331407,12.640297843965325,64-QAM
42.46499222049344,12.643698599688818,64-QAM
42.48388530784619,12.647099355412314,64-QAM
42.50277839519893,12.650500111135807,64-QAM
42.52167148255168,12.653900866859303,64-QAM
42.540564569904426,12.657301622582796,64-QAM
42.55945765725717,12.66070237830629,64-QAM
42.578350744609914,12.664103134029784,64-QAM
42.59724383196266,12.667503889753277,64-QAM
42.6161369193154,12.67090464547677,64-QAM
42.635030006668146,12.674305401200266,64-QAM
42.6539230940209,12.677706156923762,64-QAM
42.67281618137364,12.681106912647255,64-QAM
42.691709268726385,12.684507668370749,64-QAM
42.71060235607913,12.687908424094243,64-QAM
42.72949544343187,12.691309179817736,64-QAM
42.74838853078462,12.69470993554123,64-QAM
42.76728161813737,12.698110691264727,64-QAM
42.78617470549011,12.70151144698822,64-QAM
42.805067792842856,12.704912202711714,64-QAM
42.8239608801956,12.708312958435208,64-QAM
42.84285396754834,12.711713714158702,64-QAM
42.86174705490109,12.715114469882195,64-QAM
42.88064014225383,12.718515225605689,64-QAM
42.89953322960658,12.721915981329184,64-QAM
42.91842631695933,12.72531673705268,64-QAM
42.93731940431207,12.728717492776173,64-QAM
42.956212491664814,12.732118248499667,64-QAM
42.97510557901756,12.73551900422316,64-QAM
42.9939986663703,12.738919759946654,64-QAM
43.01289175372305,12.74232051567015,64-QAM
43.0317848410758,12.745721271393643,64-QAM
43.05067792842854,12.749122027117137,64-QAM
43.069571015781285,12.752522782840632,64-QAM
43.08846410313403,12.755923538564126,64-QAM
43.10735719048677,12.75932429428762,64-QAM
43.12625027783952,12.762725050011113,64-QAM
43.14514336519227,12.766125805734607,64-QAM
43.16403645254501,12.769526561458102,64-QAM
43.182929539897756,12.772927317181596,64-QAM
43.2018226272505,12.77632807290509,64-QAM
43.220715714603244,12.779728828628585,64-QAM
43.23960880195599,12.783129584352078,64-QAM
43.25850188930874,12.786530340075572,64-QAM
43.27739497666148,12.789931095799066,64-QAM
43.29628806401423,12.79333185152256,64-QAM
43.31518115136697,12.796732607246055,64-QAM
43.334074238719715,12.800133362969548,64-QAM
43.35296732607246,12.803534118693042,64-QAM
43.3718604134252,12.806934874416537,64-QAM
43.390753500777954,12.810335630140031,64-QAM
43.4096465881307,12.813736385863525,64-QAM
43.42853967548344,12.817137141587018,64-QAM
43.447432762836186,12.820537897310512,64-QAM
43.46632585018893,12.823938653034007,64-QAM
43.485218937541674,12.827339408757501,64-QAM
43.50411202489442,12.830740164480995,64-QAM
43.52300511224717,12.83414092020449,64-QAM
43.54189819959991,12.837541675927984,64-QAM
43.56079128695266,12.840942431651477,64-QAM
43.5796843743054,12.844343187374971,64-QAM
43.598577461658145,12.847743943098465,64-QAM
43.61747054901089,12.85114469882196,64-QAM
43.63636363636364,12.854545454545455,64-QAM
43.655256723716384,12.857946210268949,64-QAM
43.67414981106913,12.861346965992443,64-QAM
43.69304289842187,12.864747721715936,64-QAM
43.711935985774616,12.86814847743943,64-QAM
43.73082907312736,12.871549233162924,64-QAM
43.749722160480104,12.874949988886417,64-QAM
43.768615247832855,12.878350744609914,64-QAM
43.7875083351856,12.881751500333408,64-QAM
43.80640142253834,12.885152256056902,64-QAM
43.82529450989109,12.888553011780395,64-QAM
43.84418759724383,12.891953767503889,64-QAM
43.863080684596575,12.895354523227383,64-QAM
43.881973771949326,12.89875527895088,64-QAM
43.90086685930207,12.902156034674373,64-QAM
43.919759946654814,12.905556790397867,64-QAM
43.93865303400756,12.90895754612136,64-QAM
43.9575461213603,12.912358301844854,64-QAM
43.976439208713046,12.915759057568348,64-QAM
43.99533229606579,12.919159813291841,64-QAM
44.01422538341854,12.922560569015337,64-QAM
44.033118470771285,12.925961324738832,64-QAM
44.05201155812403,12.929362080462326,64-QAM
44.07090464547677,12.93276283618582,64-QAM
44.08979773282952,12.936163591909313,64-QAM
44.10869082018226,12.939564347632807,64-QAM
44.127583907535005,12.9429651033563,64-QAM
44.146476994887756,12.946365859079796,64-QAM
44.1653700822405,12.94976661480329,64-QAM
44.184263169593244,12.953167370526785,64-QAM
44.20315625694599,12.956568126250279,64-QAM
44.22204934429873,12.959968881973772,64-QAM
44.240942431651476,12.963369637697266,64-QAM
44.25983551900423,12.96677039342076,64-QAM
44.27872860635697,12.970171149144255,64-QAM
44.297621693709715,12.973571904867748,64-QAM
44.31651478106246,12.976972660591242,64-QAM
44.3354078684152,12.980373416314738,64-QAM
44.35430095576795,12.983774172038231,64-QAM
44.37319404312069,12.987174927761725,64-QAM
44.39208713047344,12.990575683485218,64-QAM
44.410980217826186,12.993976439208712,64-QAM
44.42987330517893,12.997377194932207,64-QAM
44.448766392531674,13.000777950655701,64-QAM
44.46765947988442,13.004178706379195,64-QAM
44.48655256723716,13.007579462102688,64-QAM
44.50544565458991,13.010980217826184,64-QAM
44.52433874194266,13.014380973549677,64-QAM
44.5432318292954,13.017781729273171,64-QAM
44.562124916648145,13.021182484996666,64-QAM
44.58101800400089,13.02458324072016,64-QAM
44.59991109135363,13.027983996443654,64-QAM
44.61880417870638,13.031384752167147,64-QAM
44.63769726605913,13.034785507890643,64-QAM
44.65659035341187,13.038186263614136,64-QAM
44.675483440764616,13.04158701933763,64-QAM
44.69437652811736,13.044987775061124,64-QAM
44.713269615470104,13.048388530784619,64-QAM
44.73216270282285,13.051789286508113,64-QAM
44.7510557901756,13.055190042231608,64-QAM
44.76994887752834,13.058590797955102,64-QAM
44.78884196488109,13.061991553678595,64-QAM
44.80773505223383,13.065392309402089,64-QAM
44.826628139586575,13.068793065125583,64-QAM
44.84552122693932,13.072193820849076,64-QAM
44.86441431429206,13.075594576572572,64-QAM
44.883307401644814,13.078995332296067,64-QAM
44.90220048899756,13.08239608801956,64-QAM
44.9210935763503,13.085796843743054,64-QAM
44.939986663703046,13.089197599466548,64-QAM
44.95887975105579,13.092598355190042,64-QAM
44.977772838408534,13.095999110913535,64-QAM
44.99666592576128,13.099399866637029,64-QAM
45.01555901311403,13.102800622360524,64-QAM
45.03445210046677,13.10620137808402,64-QAM
45.05334518781952,13.109602133807513,64-QAM
45.07223827517226,13.113002889531007,64-QAM
45.091131362525005,13.1164036452545,64-QAM
45.11002444987775,13.119804400977994,64-QAM
45.1289175372305,13.12320515670149,64-QAM
45.147810624583244,13.126605912424983,64-QAM
45.16670371193599,13.130006668148477,64-QAM
45.18559679928873,13.133407423871972,64-QAM
45.204489886641475,13.136808179595466,64-QAM
45.22338297399422,13.14020893531896,64-QAM
45.24227606134696,13.143609691042453,64-QAM
45.261169148699715,13.147010446765949,64-QAM
45.28006223605246,13.150411202489442,64-QAM
45.2989553234052,13.153811958212936,64-QAM
45.31784841075795,13.15721271393643,64-QAM
45.33674149811069,13.160613469659925,64-QAM
45.355634585463434,13.164014225383418,64-QAM
45.374527672816185,13.167414981106914,64-QAM
45.39342076016893,13.170815736830408,64-QAM
45.41231384752167,13.174216492553901,64-QAM
45.43120693487442,13.177617248277395,64-QAM
45.45010002222716,13.181018004000888,64-QAM
45.468993109579905,13.184418759724382,64-QAM
45.48788619693265,13.187819515447877,64-QAM
45.5067792842854,13.191220271171371,64-QAM
45.525672371638144,13.194621026894866,64-QAM
45.54456545899089,13.19802178261836,64-QAM
45.56345854634363,13.201422538341854,64-QAM
45.582351633696376,13.204823294065347,64-QAM
45.60124472104912,13.208224049788841,64-QAM
45.620137808401864,13.211624805512335,64-QAM
45.639030895754615,13.21502556123583,64-QAM
45.65792398310736,13.218426316959324,64-QAM
45.6768170704601,13.221827072682819,64-QAM
45.69571015781285,13.225227828406313,64-QAM
45.71460324516559,13.228628584129806,64-QAM
45.733496332518335,13.2320293398533,64-QAM
45.752389419871086,13.235430095576795,64-QAM
45.77128250722383,13.238830851300289,64-QAM
45.790175594576574,13.242231607023783,64-QAM
45.80906868192932,13.245632362747276,64-QAM
45.82796176928206,13.249033118470772,64-QAM
45.846854856634806,13.252433874194265,64-QAM
45.86574794398755,13.255834629917759,64-QAM
45.8846410313403,13.259235385641254,64-QAM
45.903534118693045,13.262636141364748,64-QAM
45.92242720604579,13.266036897088242,64-QAM
45.94132029339853,13.269437652811735,64-QAM
45.96021338075128,13.272838408535229,64-QAM
45.97910646810402,13.276239164258724,64-QAM
45.99799955545677,13.279639919982218,64-QAM
46.016892642809516,13.283040675705713,64-QAM
46.03578573016226,13.286441431429207,64-QAM
46.054678817515004,13.2898421871527,64-QAM
46.07357190486775,13.293242942876194,64-QAM
46.09246499222049,13.296643698599688,64-QAM
46.111358079573236,13.300044454323181,64-QAM
46.13025116692599,13.303445210046677,64-QAM
46.14914425427873,13.30684596577017,64-QAM
46.168037341631475,13.310246721493666,64-QAM
46.18693042898422,13.31364747721716,64-QAM
46.20582351633696,13.317048232940653,64-QAM
46.22471660368971,13.320448988664147,64-QAM
46.24360969104246,13.323849744387642,64-QAM
46.2625027783952,13.327250500111136,64-QAM
46.281395865747946,13.33065125583463,64-QAM
46.30028895310069,13.334052011558123,64-QAM
46.319182040453434,13.337452767281619,64-QAM
46.33807512780618,13.340853523005112,64-QAM
46.35696821515892,13.344254278728606,64-QAM
46.37586130251167,13.347655034452101,64-QAM
46.39475438986442,13.351055790175595,64-QAM
46.41364747721716,13.354456545899088,64-QAM
46.432540564569905,13.357857301622582,64-QAM
46.45143365192265,13.361258057346076,64-QAM
46.47032673927539,13.364658813069571,64-QAM
46.48921982662814,13.368059568793065,64-QAM
46.50811291398089,13.37146032451656,64-QAM
46.52700600133363,13.374861080240054,64-QAM
46.545899088686376,13.378261835963547,64-QAM
46.56479217603912,13.381662591687041,64-QAM
46.583685263391864,13.385063347410535,64-QAM
46.60257835074461,13.388464103134028,64-QAM
46.62147143809736,13.391864858857524,64-QAM
46.6403645254501,13.395265614581017,64-QAM
46.65925761280285,13.398666370304513,64-QAM
46.67815070015559,13.402067126028006,64-QAM
46.697043787508335,13.4054678817515,64-QAM
46.71593687486108,13.408868637474994,64-QAM
46.73482996221382,13.412269393198487,64-QAM
46.753723049566574,13.415670148921983,64-QAM
46.77261613691932,13.419070904645476,64-QAM
46.79150922427206,13.42247166036897,64-QAM
46.810402311624806,13.425872416092465,64-QAM
46.82929539897755,13.429273171815959,64-QAM
46.848188486330294,13.432673927539453,64-QAM
46.867081573683045,13.436074683262948,64-QAM
46.88597466103579,13.439475438986442,64-QAM
46.90486774838853,13.442876194709935,64-QAM
46.92376083574128,13.446276950433429,64-QAM
46.94265392309402,13.449677706156923,64-QAM
46.961547010446765,13.453078461880418,64-QAM
46.98044009779951,13.456479217603912,64-QAM
46.99933318515226,13.459879973327407,64-QAM
47.018226272505004,13.4632807290509,64-QAM
47.03711935985775,13.466681484774394,64-QAM
47.05601244721049,13.470082240497888,64-QAM
47.074905534563236,13.473482996221382,64-QAM
47.09379862191598,13.476883751944875,64-QAM
47.112691709268724,13.48028450766837,64-QAM
47.131584796621475,13.483685263391866,64-QAM
47.15047788397422,13.48708601911536,64-QAM
47.16937097132696,13.490486774838853,64-QAM
47.18826405867971,13.493887530562347,64-QAM
47.20715714603245,13.49728828628584,64-QAM
47.226050233385195,13.500689042009334,64-QAM
47.244943320737946,13.50408979773283,64-QAM
47.26383640809069,13.507490553456323,64-QAM
47.282729495443434,13.510891309179819,64-QAM
47.30162258279618,13.514292064903312,64-QAM
47.32051567014892,13.517692820626806,64-QAM
47.339408757501666,13.5210935763503,64-QAM
47.35830184485441,13.524494332073793,64-QAM
47.37719493220716,13.527895087797289,64-QAM
47.396088019559905,13.531295843520782,64-QAM
47.41498110691265,13.534696599244276,64-QAM
47.43387419426539,13.538097354967771,64-QAM
47.45276728161814,13.541498110691265,64-QAM
47.47166036897088,13.544898866414758,64-QAM
47.49055345632363,13.548299622138254,64-QAM
47.509446543676376,13.551700377861748,64-QAM
47.52833963102912,13.555101133585241,64-QAM
47.54723271838186,13.558501889308735,64-QAM
47.56612580573461,13.561902645032228,64-QAM
47.58501889308735,13.565303400755724,64-QAM
47.603911980440095,13.568704156479217,64-QAM
47.62280506779285,13.572104912202713,64-QAM
47.64169815514559,13.575505667926206,64-QAM
47.660591242498334,13.5789064236497,64-QAM
47.67948432985108,13.582307179373194,64-QAM
47.69837741720382,13.585707935096687,64-QAM
47.717270504556566,13.589108690820181,64-QAM
47.73616359190931,13.592509446543676,64-QAM
47.75505667926206,13.59591020226717,64-QAM
47.773949766614805,13.599310957990665,64-QAM
47.79284285396755,13.602711713714159,64-QAM
47.81173594132029,13.606112469437653,64-QAM
47.83062902867304,13.609513225161146,64-QAM
47.84952211602578,13.61291398088464,64-QAM
47.86841520337853,13.616314736608135,64-QAM
47.887308290731276,13.619715492331629,64-QAM
47.90620137808402,13.623116248055123,64-QAM
47.925094465436764,13.626517003778618,64-QAM
47.94398755278951,13.629917759502112,64-QAM
47.96288064014225,13.633318515225605,64-QAM
47.981773727494996,13.636719270949099,64-QAM
48.00066681484775,13.640120026672594,64-QAM
48.01955990220049,13.643520782396088,64-QAM
48.038452989553235,13.646921538119582,64-QAM
48.05734607690598,13.650322293843075,64-QAM
48.07623916425872,13.65372304956657,64-QAM
48.09513225161147,13.657123805290064,64-QAM
48.11402533896422,13.66052456101356,64-QAM
48.13291842631696,13.663925316737053,64-QAM
48.151811513669706,13.667326072460547,64-QAM
48.17070460102245,13.67072682818404,64-QAM
48.189597688375194,13.674127583907534,64-QAM
48.20849077572794,13.677528339631028,64-QAM
48.22738386308068,13.680929095354523,64-QAM
48.24627695043343,13.684329851078017,64-QAM
48.26517003778618,13.687730606801512,64-QAM
48.28406312513892,13.691131362525006,64-QAM
48.302956212491665,13.6945321182485,64-QAM
48.32184929984441,13.697932873971993,64-QAM
48.34074238719715,13.701333629695487,64-QAM
48.359635474549904,13.704734385418982,64-QAM
48.37852856190265,13.708135141142476,64-QAM
48.39742164925539,13.71153589686597,64-QAM
48.416314736608136,13.714936652589465,64-QAM
48.43520782396088,13.718337408312959,64-QAM
48.454100911313624,13.721738164036452,64-QAM
48.47299399866637,13.725138919759946,64-QAM
48.49188708601912,13.728539675483441,64-QAM
48.51078017337186,13.731940431206935,64-QAM
48.52967326072461,13.735341186930428,64-QAM
48.54856634807735,13.738741942653922,64-QAM
48.567459435430095,13.742142698377418,64-QAM
48.58635252278284,13.745543454100911,64-QAM
48.60524561013558,13.748944209824405,64-QAM
48.624138697488334,13.7523449655479,64-QAM
48.64303178484108,13.755745721271394,64-QAM
48.66192487219382,13.759146476994887,64-QAM
48.680817959546566,13.762547232718381,64-QAM
48.69971104689931,13.765947988441875,64-QAM
48.718604134252054,13.76934874416537,64-QAM
48.737497221604805,13.772749499888864,64-QAM
48.75639030895755,13.77615025561236,64-QAM
48.77528339631029,13.779551011335853,64-QAM
48.79417648366304,13.782951767059346,64-QAM
48.81306957101578,13.78635252278284,64-QAM
48.831962658368525,13.789753278506334,64-QAM
48.85085574572127,13.793154034229827,64-QAM
48.86974883307402,13.796554789953323,64-QAM
48.888641920426764,13.799955545676816,64-QAM
48.90753500777951,13.803356301400312,64-QAM
48.92642809513225,13.806757057123805,64-QAM
48.945321182484996,13.810157812847299,64-QAM
48.96421426983774,13.813558568570793,64-QAM
48.98310735719049,13.816959324294288,64-QAM
49.002000444543235,13.820360080017782,64-QAM
49.02089353189598,13.823760835741275,64-QAM
49.03978661924872,13.827161591464769,64-QAM
49.05867970660147,13.830562347188264,64-QAM
49.07757279395421,13.833963102911758,64-QAM
49.096465881306955,13.837363858635252,64-QAM
49.115358968659706,13.840764614358747,64-QAM
49.13425205601245,13.84416537008224,64-QAM
49.153145143365194,13.847566125805734,64-QAM
49.17203823071794,13.850966881529228,64-QAM
49.19093131807068,13.854367637252722,64-QAM
49.209824405423426,13.857768392976217,64-QAM
49.22871749277617,13.86116914869971,64-QAM
49.24761058012892,13.864569904423206,64-QAM
49.266503667481665,13.8679706601467,64-QAM
49.28539675483441,13.871371415870193,64-QAM
49.30428984218715,13.874772171593687,64-QAM
49.3231829295399,13.87817292731718,64-QAM
49.34207601689264,13.881573683040674,64-QAM
49.36096910424539,13.88497443876417,64-QAM
49.379862191598136,13.888375194487663,64-QAM
49.39875527895088,13.891775950211159,64-QAM
49.417648366303624,13.895176705934652,64-QAM
49.43654145365637,13.898577461658146,64-QAM
49.45543454100911,13.90197821738164,64-QAM
49.474327628361856,13.905378973105133,64-QAM
49.49322071571461,13.908779728828629,64-QAM
49.51211380306735,13.912180484552122,64-QAM
49.531006890420095,13.915581240275616,64-QAM
49.54989997777284,13.918981995999111,64-QAM
49.56879306512558,13.922382751722605,64-QAM
49.58768615247833,13.925783507446098,64-QAM
49.60657923983108,13.929184263169594,64-QAM
49.62547232718382,13.932585018893088,64-QAM
49.644365414536566,13.935985774616581,64-QAM
49.66325850188931,13.939386530340075,64-QAM
49.68215158924205,13.942787286063568,64-QAM
49.7010446765948,13.946188041787064,64-QAM
49.71993776394754,13.949588797510557,64-QAM
49.73883085130029,13.952989553234053,64-QAM
49.75772393865304,13.956390308957547,64-QAM
49.77661702600578,13.95979106468104,64-QAM
49.795510113358525,13.963191820404534,64-QAM
49.81440320071127,13.966592576128027,64-QAM
49.83329628806401,13.969993331851521,64-QAM
49.85218937541676,13.973394087575016,64-QAM
49.87108246276951,13.976794843298512,64-QAM
49.88997555012225,13.980195599022005,64-QAM
49.908868637474995,13.9835963547455,64-QAM
49.92776172482774,13.986997110468993,64-QAM
49.94665481218048,13.990397866192486,64-QAM
49.96554789953323,13.99379862191598,64-QAM
49.98444098688598,13.997199377639475,64-QAM
50.00333407423872,14.000600133362969,64-QAM
50.022227161591466,14.004000889086464,64-QAM
50.04112024894421,14.007401644809958,64-QAM
50.060013336296954,14.010802400533452,64-QAM
50.0789064236497,14.014203156256945,64-QAM
50.09779951100244,14.017603911980439,64-QAM
50.11669259835519,14.021004667703934,64-QAM
50.13558568570794,14.024405423427428,64-QAM
50.15447877306068,14.027806179150922,64-QAM
50.173371860413425,14.031206934874417,64-QAM
50.19226494776617,14.03460769059791,64-QAM
50.21115803511891,14.038008446321404,64-QAM
50.230051122471664,14.0414092020449,64-QAM
50.24894420982441,14.044809957768393,64-QAM
50.26783729717715,14.048210713491887,64-QAM
50.286730384529896,14.05161146921538,64-QAM
50.30562347188264,14.055012224938874,64-QAM
50.324516559235384,14.05841298066237,64-QAM
50.34340964658813,14.061813736385863,64-QAM
50.36230273394088,14.065214492109359,64-QAM
50.38119582129362,14.068615247832852,64-QAM
50.40008890864637,14.072016003556346,64-QAM
50.41898199599911,14.07541675927984,64-QAM
50.437875083351855,14.078817515003333,64-QAM
50.4567681707046,14.082218270726827,64-QAM
50.47566125805735,14.085619026450322,64-QAM
50.494554345410094,14.089019782173816,64-QAM
50.51344743276284,14.092420537897311,64-QAM
50.53234052011558,14.095821293620805,64-QAM
50.551233607468326,14.099222049344299,64-QAM
50.57012669482107,14.102622805067792,64-QAM
50.589019782173814,14.106023560791286,64-QAM
50.607912869526565,14.109424316514781,64-QAM
50.62680595687931,14.112825072238275,64-QAM
50.64569904423205,14.116225827961769,64-QAM
50.6645921315848,14.119626583685264,64-QAM
50.68348521893754,14.123027339408758,64-QAM
50.702378306290285,14.126428095132251,64-QAM
50.72127139364303,14.129828850855745,64-QAM
50.74016448099578,14.13322960657924,64-QAM
50.759057568348524,14.136630362302734,64-QAM
50.77795065570127,14.140031118026227,64-QAM
50.79684374305401,14.143431873749721,64-QAM
50.815736830406756,14.146832629473217,64-QAM
50.8346299177595,14.15023338519671,64-QAM
50.85352300511225,14.153634140920206,64-QAM
50.872416092464995,14.1570348966437,64-QAM
50.89130917981774,14.160435652367193,64-QAM
50.91020226717048,14.163836408090686,64-QAM
50.92909535452323,14.16723716381418,64-QAM
50.94798844187597,14.170637919537674,64-QAM
50.966881529228715,14.17403867526117,64-QAM
50.985774616581466,14.177439430984663,64-QAM
51.00466770393421,14.180840186708158,64-QAM
51.023560791286954,14.184240942431652,64-QAM
51.0424538786397,14.187641698155145,64-QAM
51.06134696599244,14.191042453878639,64-QAM
51.080240053345186,14.194443209602133,64-QAM
51.09913314069794,14.197843965325628,64-QAM
51.11802622805068,14.201244721049122,64-QAM
51.136919315403425,14.204645476772615,64-QAM
51.15581240275617,14.20804623249611,64-QAM
51.17470549010891,14.211446988219604,64-QAM
51.19359857746166,14.214847743943098,64-QAM
51.2124916648144,14.218248499666592,64-QAM
51.23138475216715,14.221649255390087,64-QAM
51.250277839519896,14.22505001111358,64-QAM
51.26917092687264,14.228450766837074,64-QAM
51.288064014225384,14.231851522560568,64-QAM
51.30695710157813,14.235252278284063,64-QAM
51.32585018893087,14.238653034007557,64-QAM
51.34474327628362,14.242053789731052,64-QAM
51.36363636363637,14.245454545454546,64-QAM
51.38252945098911,14.24885530117804,64-QAM
51.401422538341855,14.252256056901533,64-QAM
51.4203156256946,14.255656812625027,64-QAM
51.43920871304734,14.25905756834852,64-QAM
51.45810180040009,14.262458324072016,64-QAM
51.47699488775284,14.26585907979551,64-QAM
51.49588797510558,14.269259835519005,64-QAM
51.514781062458326,14.272660591242499,64-QAM
51.53367414981107,14.276061346965992,64-QAM
51.552567237163814,14.279462102689486,64-QAM
51.57146032451656,14.28286285841298,64-QAM
51.5903534118693,14.286263614136473,64-QAM
51.60924649922205,14.289664369859969,64-QAM
51.6281395865748,14.293065125583462,64-QAM
51.64703267392754,14.296465881306958,64-QAM
51.665925761280285,14.299866637030451,64-QAM
51.68481884863303,14.303267392753945,64-QAM
51.70371193598577,14.306668148477439,64-QAM
51.722605023338524,14.310068904200934,64-QAM
51.74149811069127,14.313469659924428,64-QAM
51.76039119804401,14.316870415647921,64-QAM
51.779284285396756,14.320271171371415,64-QAM
51.7981773727495,14.32367192709491,64-QAM
51.817070460102244,14.327072682818404,64-QAM
51.83596354745499,14.330473438541897,64-QAM
51.85485663480774,14.333874194265393,64-QAM
51.87374972216048,14.337274949988887,64-QAM
51.89264280951323,14.34067570571238,64-QAM
51.91153589686597,14.344076461435874,64-QAM
51.930428984218715,14.347477217159367,64-QAM
51.94932207157146,14.350877972882863,64-QAM
51.96821515892421,14.354278728606358,64-QAM
51.987108246276954,14.357679484329852,64-QAM
52.0060013336297,14.361080240053345,64-QAM
52.02489442098244,14.36448099577684,64-QAM
52.043787508335186,14.367881751500333,64-QAM
52.06268059568793,14.371282507223826,64-QAM
52.08157368304067,14.37468326294732,64-QAM
52.100466770393425,14.378084018670815,64-QAM
52.11935985774617,14.38148477439431,64-QAM
52.13825294509891,14.384885530117804,64-QAM
52.15714603245166,14.388286285841298,64-QAM
52.1760391198044,14.391687041564792,64-QAM
52.194932207157144,14.395087797288285,64-QAM
52.21382529450989,14.398488553011779,64-QAM
52.23271838186264,14.401889308735274,64-QAM
52.25161146921538,14.405290064458768,64-QAM
52.27050455656813,14.408690820182263,64-QAM
52.28939764392087,14.412091575905757,64-QAM
52.308290731273615,14.41549233162925,64-QAM
52.32718381862636,14.418893087352744,64-QAM
52.34607690597911,14.42229384307624,64-QAM
52.364969993331854,14.425694598799733,64-QAM
52.3838630806846,14.429095354523227,64-QAM
52.40275616803734,14.43249611024672,64-QAM
52.421649255390086,14.435896865970216,64-QAM
52.44054234274283,14.43929762169371,64-QAM
52.459435430095574,14.442698377417203,64-QAM
52.478328517448325,14.446099133140699,64-QAM
52.49722160480107,14.449499888864192,64-QAM
52.51611469215381,14.452900644587686,64-QAM
52.53500777950656,14.45630140031118,64-QAM
52.5539008668593,14.459702156034673,64-QAM
52.572793954212045,14.463102911758169,64-QAM
52.591687041564796,14.466503667481662,64-QAM
52.61058012891754,14.469904423205158,64-QAM
52.629473216270284,14.473305178928651,64-QAM
52.64836630362303,14.476705934652145,64-QAM
52.66725939097577,14.480106690375639,64-QAM
52.686152478328516,14.483507446099132,64-QAM
52.70504556568126,14.486908201822626,64-QAM
52.72393865303401,14.490308957546121,64-QAM
52.742831740386755,14.493709713269615,64-QAM
52.7617248277395,14.49711046899311,64-QAM
52.78061791509224,14.500511224716604,64-QAM
52.79951100244499,14.503911980440098,64-QAM
52.81840408979773,14.507312736163591,64-QAM
52.837297177150475,14.510713491887085,64-QAM
52.856190264503226,14.51411424761058,64-QAM
52.87508335185597,14.517515003334074,64-QAM
52.893976439208714,14.520915759057567,64-QAM
52.91286952656146,14.524316514781063,64-QAM
52.9317626139142,14.527717270504557,64-QAM
52.950655701266946,14.53111802622805,64-QAM
52.9695487886197,14.534518781951546,64-QAM
52.98844187597244,14.53791953767504,64-QAM
53.007334963325185,14.541320293398533,64-QAM
53.02622805067793,14.544721049122026,64-QAM
53.04512113803067,14.54812180484552,64-QAM
53.06401422538342,14.551522560569015,64-QAM
53.08290731273616,14.55492331629251,64-QAM
53.10180040008891,14.558324072016005,64-QAM
53.120693487441656,14.561724827739498,64-QAM
53.1395865747944,14.565125583462992,64-QAM
53.158479662147144,14.568526339186485,64-QAM
53.17737274949989,14.571927094909979,64-QAM
53.19626583685263,14.575327850633473,64-QAM
53.21515892420538,14.578728606356968,64-QAM
53.23405201155813,14.582129362080462,64-QAM
53.25294509891087,14.585530117803957,64-QAM
53.271838186263615,14.58893087352745,64-QAM
53.29073127361636,14.592331629250944,64-QAM
53.3096243609691,14.595732384974438,64-QAM
53.32851744832185,14.599133140697932,64-QAM
53.3474105356746,14.602533896421427,64-QAM
53.36630362302734,14.60593465214492,64-QAM
53.385196710380086,14.609335407868414,64-QAM
53.40408979773283,14.61273616359191,64-QAM
53.422982885085574,14.616136919315403,64-QAM
53.44187597243832,14.619537675038897,64-QAM
53.46076905979107,14.622938430762392,64-QAM
53.47966214714381,14.626339186485886,64-QAM
53.49855523449656,14.62973994220938,64-QAM
53.5174483218493,14.633140697932873,64-QAM
53.536341409202045,14.636541453656367,64-QAM
53.55523449655479,14.639942209379862,64-QAM
53.57412758390753,14.643342965103356,64-QAM
53.593020671260284,14.646743720826851,64-QAM
53.61191375861303,14.650144476550345,64-QAM
53.63080684596577,14.653545232273839,64-QAM
53.649699933318516,14.656945987997332,64-QAM
53.66859302067126,14.660346743720826,64-QAM
53.687486108024004,14.66374749944432,64-QAM
53.70637919537675,14.667148255167815,64-QAM
53.7252722827295,14.670549010891309,64-QAM
53.74416537008224,14.673949766614804,64-QAM
53.76305845743499,14.677350522338298,64-QAM
53.78195154478773,14.680751278061791,64-QAM
53.800844632140475,14.684152033785285,64-QAM
53.81973771949322,14.687552789508779,64-QAM
53.83863080684597,14.690953545232274,64-QAM
53.857523894198714,14.694354300955768,64-QAM
53.87641698155146,14.697755056679261,64-QAM
53.8953100689042,14.701155812402757,64-QAM
53.914203156256946,14.70455656812625,64-QAM
53.93309624360969,14.707957323849744,64-QAM
53.951989330962434,14.711358079573237,64-QAM
53.970882418315185,14.714758835296733,64-QAM
53.98977550566793,14.718159591020227,64-QAM
54.00866859302067,14.72156034674372,64-QAM
54.02756168037342,14.724961102467214,64-QAM
54.04645476772616,14.72836185819071,64-QAM
54.065347855078905,14.731762613914203,64-QAM
54.084240942431656,14.735163369637698,64-QAM
54.1031340297844,14.738564125361192,64-QAM
54.122027117137144,14.741964881084686,64-QAM
54.14092020448989,14.74536563680818,64-QAM
54.15981329184263,14.748766392531673,64-QAM
54.178706379195376,14.752167148255166,64-QAM
54.19759946654812,14.755567903978662,64-QAM
54.21649255390087,14.758968659702157,64-QAM
54.235385641253615,14.76236941542565,64-QAM
54.25427872860636,14.765770171149144,64-QAM
54.2731718159591,14.769170926872638,64-QAM
54.29206490331185,14.772571682596132,64-QAM
54.31095799066459,14.775972438319625,64-QAM
54.329851078017334,14.779373194043119,64-QAM
54.348744165370086,14.782773949766614,64-QAM
54.36763725272283,14.78617470549011,64-QAM
54.38653034007557,14.789575461213603,64-QAM
54.40542342742832,14.792976216937097,64-QAM
54.42431651478106,14.79637697266059,64-QAM
54.443209602133805,14.799777728384084,64-QAM
54.46210268948656,14.80317848410758,64-QAM
54.4809957768393,14.806579239831073,64-QAM
54.499888864192044,14.809979995554567,64-QAM
54.51878195154479,14.813380751278062,64-QAM
54.53767503889753,14.816781507001556,64-QAM
54.556568126250276,14.82018226272505,64-QAM
54.57546121360302,14.823583018448543,64-QAM
54.59435430095577,14.826983774172039,64-QAM
54.613247388308515,14.830384529895532,64-QAM
54.63214047566126,14.833785285619026,64-QAM
54.651033563014,14.83718604134252,64-QAM
54.66992665036675,14.840586797066015,64-QAM
54.68881973771949,14.843987552789509,64-QAM
54.70771282507224,14.847388308513004,64-QAM
54.726605912424986,14.850789064236498,64-QAM
54.74549899977773,14.854189819959991,64-QAM
54.764392087130474,14.857590575683485,64-QAM
54.78328517448322,14.860991331406979,64-QAM
54.80217826183596,14.864392087130472,64-QAM
54.821071349188706,14.867792842853968,64-QAM
54.83996443654146,14.871193598577461,64-QAM
54.8588575238942,14.874594354300957,64-QAM
54.877750611246945,14.87799511002445,64-QAM
54.89664369859969,14.881395865747944,64-QAM
54.91553678595243,14.884796621471438,64-QAM
54.93442987330518,14.888197377194931,64-QAM
54.95332296065793,14.891598132918427,64-QAM
54.97221604801067,14.89499888864192,64-QAM
54.991109135363416,14.898399644365414,64-QAM
55.01000222271616,14.90180040008891,64-QAM
55.028895310068904,14.905201155812403,64-QAM
55.04778839742165,14.908601911535897,64-QAM
55.06668148477439,14.91200266725939,64-QAM
55.08557457212714,14.915403422982886,64-QAM
55.10446765947989,14.91880417870638,64-QAM
55.12336074683263,14.922204934429873,64-QAM
55.142253834185375,14.925605690153366,64-QAM
55.16114692153812,14.929006445876862,64-QAM
55.18004000889086,14.932407201600356,64-QAM
55.19893309624361,14.93580795732385,64-QAM
55.21782618359636,14.939208713047345,64-QAM
55.2367192709491,14.942609468770838,64-QAM
55.255612358301846,14.946010224494332,64-QAM
55.27450544565459,14.949410980217825,64-QAM
55.293398533007334,14.952811735941319,64-QAM
55.31229162036008,14.956212491664814,64-QAM
55.33118470771283,14.959613247388308,64-QAM
55.35007779506557,14.963014003111804,64-QAM
55.36897088241832,14.966414758835297,64-QAM
55.38786396977106,14.96981551455879,64-QAM
55.406757057123805,14.973216270282284,64-QAM
55.42565014447655,14.976617026005778,64-QAM
55.44454323182929,14.980017781729272,64-QAM
55.463436319182044,14.983418537452767,64-QAM
55.48232940653479,14.98681929317626,64-QAM
55.50122249388753,14.990220048899756,64-QAM
55.520115581240276,14.99362080462325,64-QAM
55.53900866859302,14.997021560346743,64-QAM
55.557901755945764,15.000422316070237,64-QAM
55.576794843298515,15.003823071793732,64-QAM
55.59568793065126,15.007223827517226,64-QAM
55.614581018004,15.01062458324072,64-QAM
55.63347410535675,15.014025338964213,64-QAM
55.65236719270949,15.017426094687709,64-QAM
55.671260280062235,15.020826850411202,64-QAM
55.69015336741498,15.024227606134696,64-QAM
55.70904645476773,15.027628361858191,64-QAM
55.727939542120474,15.031029117581685,64-QAM
55.74683262947322,15.034429873305179,64-QAM
55.76572571682596,15.037830629028672,64-QAM
55.784618804178706,15.041231384752166,64-QAM
55.80351189153145,15.044632140475661,64-QAM
55.822404978884194,15.048032896199155,64-QAM
55.841298066236945,15.05143365192265,64-QAM
55.86019115358969,15.054834407646144,64-QAM
55.87908424094243,15.058235163369638,64-QAM
55.89797732829518,15.061635919093131,64-QAM
55.91687041564792,15.065036674816625,64-QAM
55.935763503000665,15.068437430540119,64-QAM
55.954656590353416,15.071838186263614,64-QAM
55.97354967770616,15.075238941987108,64-QAM
55.992442765058904,15.078639697710603,64-QAM
56.01133585241165,15.082040453434097,64-QAM
56.03022893976439,15.08544120915759,64-QAM
56.049122027117136,15.088841964881084,64-QAM
56.06801511446988,15.092242720604577,64-QAM
56.08690820182263,15.095643476328073,64-QAM
56.105801289175375,15.099044232051567,64-QAM
56.12469437652812,15.10244498777506,64-QAM
56.14358746388086,15.105845743498556,64-QAM
56.16248055123361,15.10924649922205,64-QAM
56.18137363858635,15.112647254945543,64-QAM
56.2002667259391,15.116048010669038,64-QAM
56.219159813291846,15.119448766392532,64-QAM
56.23805290064459,15.122849522116026,64-QAM
56.256945987997334,15.12625027783952,64-QAM
56.27583907535008,15.129651033563013,64-QAM
56.29473216270282,15.133051789286508,64-QAM
56.313625250055566,15.136452545010002,64-QAM
56.33251833740832,15.139853300733497,64-QAM
56.35141142476106,15.14325405645699,64-QAM
56.370304512113805,15.146654812180484,64-QAM
56.38919759946655,15.150055567903978,64-QAM
56.40809068681929,15.153456323627472,64-QAM
56.42698377417204,15.156857079350965,64-QAM
56.44587686152479,15.16025783507446,64-QAM
56.46476994887753,15.163658590797956,64-QAM
56.483663036230276,15.16705934652145,64-QAM
56.50255612358302,15.170460102244943,64-QAM
56.521449210935764,15.173860857968437,64-QAM
56.54034229828851,15.17726161369193,64-QAM
56.55923538564125,15.180662369415424,64-QAM
56.578128472994,15.18406312513892,64-QAM
56.59702156034675,15.187463880862413,64-QAM
56.61591464769949,15.190864636585909,64-QAM
56.634807735052235,15.194265392309402,64-QAM
56.65370082240498,15.197666148032896,64-QAM
56.67259390975772,15.20106690375639,64-QAM
56.69148699711047,15.204467659479883,64-QAM
56.71038008446322,15.207868415203379,64-QAM
56.72927317181596,15.211269170926872,64-QAM
56.748166259168705,15.214669926650366,64-QAM
56.76705934652145,15.218070682373861,64-QAM
56.78595243387419,15.221471438097355,64-QAM
56.80484552122694,15.224872193820849,64-QAM
56.82373860857969,15.228272949544344,64-QAM
56.84263169593243,15.231673705267838,64-QAM
56.86152478328518,15.235074460991331,64-QAM
56.88041787063792,15.238475216714825,64-QAM
56.899310957990664,15.241875972438319,64-QAM
56.91820404534341,15.245276728161814,64-QAM
56.93709713269615,15.248677483885308,64-QAM
56.9559902200489,15.252078239608803,64-QAM
56.97488330740165,15.255478995332297,64-QAM
56.99377639475439,15.25887975105579,64-QAM
57.012669482107135,15.262280506779284,64-QAM
57.03156256945988,15.265681262502778,64-QAM
57.05045565681262,15.269082018226271,64-QAM
57.069348744165374,15.272482773949767,64-QAM
57.08824183151812,15.27588352967326,64-QAM
57.10713491887086,15.279284285396756,64-QAM
57.126028006223606,15.28268504112025,64-QAM
57.14492109357635,15.286085796843743,64-QAM
57.163814180929094,15.289486552567237,64-QAM
57.18270726828184,15.29288730829073,64-QAM
57.20160035563459,15.296288064014226,64-QAM
57.22049344298733,15.29968881973772,64-QAM
57.23938653034008,15.303089575461213,64-QAM
57.25827961769282,15.306490331184708,64-QAM
57.277172705045565,15.309891086908202,64-QAM
57.29606579239831,15.313291842631696,64-QAM
57.31495887975105,15.31669259835519,64-QAM
57.333851967103804,15.320093354078685,64-QAM
57.35274505445655,15.323494109802178,64-QAM
57.37163814180929,15.326894865525672,64-QAM
57.390531229162036,15.330295621249165,64-QAM
57.40942431651478,15.33369637697266,64-QAM
57.428317403867524,15.337097132696154,64-QAM
57.447210491220275,15.34049788841965,64-QAM
57.46610357857302,15.343898644143144,64-QAM
57.48499666592576,15.347299399866637,64-QAM
57.50388975327851,15.35070015559013,64-QAM
57.52278284063125,15.354100911313624,64-QAM
57.541675927983995,15.357501667037118,64-QAM
57.56056901533674,15.360902422760613,64-QAM
57.57946210268949,15.364303178484107,64-QAM
57.598355190042234,15.367703934207603,64-QAM
57.61724827739498,15.371104689931096,64-QAM
57.63614136474772,15.37450544565459,64-QAM
57.655034452100466,15.377906201378083,64-QAM
57.67392753945321,15.381306957101577,64-QAM
57.69282062680596,15.384707712825072,64-QAM
57.711713714158705,15.388108468548566,64-QAM
57.73060680151145,15.39150922427206,64-QAM
57.74949988886419,15.394909979995555,64-QAM
57.76839297621694,15.398310735719049,64-QAM
57.78728606356968,15.401711491442542,64-QAM
57.806179150922425,15.405112247166036,64-QAM
57.825072238275176,15.408513002889531,64-QAM
57.84396532562792,15.411913758613025,64-QAM
57.862858412980664,15.415314514336519,64-QAM
57.88175150033341,15.418715270060012,64-QAM
57.90064458768615,15.422116025783508,64-QAM
57.919537675038896,15.425516781507001,64-QAM
57.93843076239164,15.428917537230495,64-QAM
57.95732384974439,15.43231829295399,64-QAM
57.976216937097135,15.435719048677484,64-QAM
57.99511002444988,15.439119804400978,64-QAM
58.01400311180262,15.442520560124471,64-QAM
58.03289619915537,15.445921315847965,64-QAM
58.05178928650811,15.44932207157146,64-QAM
58.07068237386086,15.452722827294954,64-QAM
58.089575461213606,15.45612358301845,64-QAM
58.10846854856635,15.459524338741943,64-QAM
58.127361635919094,15.462925094465437,64-QAM
58.14625472327184,15.46632585018893,64-QAM
58.16514781062458,15.469726605912424,64-QAM
58.184040897977326,15.473127361635918,64-QAM
58.20293398533008,15.476528117359413,64-QAM
58.22182707268282,15.479928873082907,64-QAM
58.240720160035565,15.483329628806402,64-QAM
58.25961324738831,15.486730384529896,64-QAM
58.27850633474105,15.49013114025339,64-QAM
58.2973994220938,15.493531895976883,64-QAM
58.31629250944655,15.496932651700378,64-QAM
58.33518559679929,15.500333407423872,64-QAM
58.354078684152036,15.503734163147366,64-QAM
58.37297177150478,15.50713491887086,64-QAM
58.391864858857524,15.510535674594355,64-QAM
58.41075794621027,15.513936430317848,64-QAM
58.42965103356301,15.517337186041342,64-QAM
58.44854412091576,15.520737941764837,64-QAM
58.46743720826851,15.52413869748833,64-QAM
58.48633029562125,15.527539453211824,64-QAM
58.505223382973995,15.530940208935318,64-QAM
58.52411647032674,15.534340964658812,64-QAM
58.54300955767948,15.537741720382307,64-QAM
58.561902645032234,15.541142476105803,64-QAM
58.58079573238498,15.544543231829296,64-QAM
58.59968881973772,15.54794398755279,64-QAM
58.618581907090466,15.551344743276283,64-QAM
58.63747499444321,15.554745498999777,64-QAM
58.656368081795954,15.55814625472327,64-QAM
58.6752611691487,15.561547010446764,64-QAM
58.69415425650145,15.56494776617026,64-QAM
58.71304734385419,15.568348521893753,64-QAM
58.73194043120694,15.571749277617249,64-QAM
58.75083351855968,15.575150033340742,64-QAM
58.769726605912425,15.578550789064236,64-QAM
58.78861969326517,15.58195154478773,64-QAM
58.80751278061791,15.585352300511223,64-QAM
58.826405867970664,15.588753056234719,64-QAM
58.84529895532341,15.592153811958212,64-QAM
58.86419204267615,15.595554567681706,64-QAM
58.883085130028896,15.598955323405201,64-QAM
58.90197821738164,15.602356079128695,64-QAM
58.92087130473438,15.605756834852189,64-QAM
58.939764392087135,15.609157590575684,64-QAM
58.95865747943988,15.612558346299178,64-QAM
58.97755056679262,15.615959102022671,64-QAM
58.99644365414537,15.619359857746165,64-QAM
59.01533674149811,15.622760613469659,64-QAM
59.034229828850854,15.626161369193154,64-QAM
59.0531229162036,15.629562124916648,64-QAM
59.07201600355635,15.632962880640143,64-QAM
59.09090909090909,15.636363636363637,64-QAM
59.10980217826184,15.63976439208713,64-QAM
59.12869526561458,15.643165147810624,64-QAM
59.147588352967325,15.646565903534118,64-QAM
59.16648144032007,15.649966659257611,64-QAM
59.18537452767282,15.653367414981107,64-QAM
59.204267615025564,15.656768170704602,64-QAM
59.22316070237831,15.660168926428096,64-QAM
59.24205378973105,15.66356968215159,64-QAM
59.260946877083796,15.666970437875083,64-QAM
59.27983996443654,15.670371193598577,64-QAM
59.298733051789284,15.67377194932207,64-QAM
59.317626139142035,15.677172705045566,64-QAM
59.33651922649478,15.68057346076906,64-QAM
59.35541231384752,15.683974216492555,64-QAM
59.37430540120027,15.687374972216048,64-QAM
59.39319848855301,15.690775727939542,64-QAM
59.412091575905755,15.694176483663036,64-QAM
59.4309846632585,15.69757723938653,64-QAM
59.44987775061125,15.700977995110025,64-QAM
59.468770837963994,15.704378750833518,64-QAM
59.48766392531674,15.707779506557012,64-QAM
59.50655701266948,15.711180262280507,64-QAM
59.525450100022226,15.714581018004,64-QAM
59.54434318737497,15.717981773727494,64-QAM
59.56323627472772,15.72138252945099,64-QAM
59.582129362080465,15.724783285174484,64-QAM
59.60102244943321,15.728184040897977,64-QAM
59.61991553678595,15.73158479662147,64-QAM
59.6388086241387,15.734985552344964,64-QAM
59.65770171149144,15.73838630806846,64-QAM
59.676594798844185,15.741787063791953,64-QAM
59.695487886196936,15.745187819515449,64-QAM
59.71438097354968,15.748588575238943,64-QAM
59.733274060902424,15.751989330962436,64-QAM
59.75216714825517,15.75539008668593,64-QAM
59.77106023560791,15.758790842409423,64-QAM
59.789953322960656,15.762191598132917,64-QAM
59.80884641031341,15.765592353856412,64-QAM
59.82773949766615,15.768993109579906,64-QAM
59.846632585018895,15.772393865303401,64-QAM
59.86552567237164,15.775794621026895,64-QAM
59.88441875972438,15.779195376750389,64-QAM
59.90331184707713,15.782596132473882,64-QAM
59.92220493442987,15.785996888197376,64-QAM
59.94109802178262,15.789397643920871,64-QAM
59.959991109135366,15.792798399644365,64-QAM
59.97888419648811,15.796199155367859,64-QAM
59.997777283840854,15.799599911091354,64-QAM
60.0166703711936,15.803000666814848,64-QAM
60.03556345854634,15.806401422538341,64-QAM
60.05445654589909,15.809802178261837,64-QAM
60.07334963325184,15.81320293398533,64-QAM
60.09224272060458,15.816603689708824,64-QAM
60.111135807957325,15.820004445432318,64-QAM
60.13002889531007,15.823405201155811,64-QAM
60.14892198266281,15.826805956879307,64-QAM
60.16781507001556,15.8302067126028,64-QAM
60.18670815736831,15.833607468326296,64-QAM
60.20560124472105,15.83700822404979,64-QAM
60.224494332073796,15.840408979773283,64-QAM
60.24338741942654,15.843809735496777,64-QAM
60.262280506779284,15.84721049122027,64-QAM
60.28117359413203,15.850611246943764,64-QAM
60.30006668148477,15.85401200266726,64-QAM
60.31895976883752,15.857412758390753,64-QAM
60.33785285619027,15.860813514114248,64-QAM
60.35674594354301,15.864214269837742,64-QAM
60.375639030895755,15.867615025561236,64-QAM
60.3945321182485,15.87101578128473,64-QAM
60.41342520560124,15.874416537008223,64-QAM
60.432318292953994,15.877817292731718,64-QAM
60.45121138030674,15.881218048455212,64-QAM
60.47010446765948,15.884618804178706,64-QAM
60.488997555012226,15.888019559902201,64-QAM
60.50789064236497,15.891420315625695,64-QAM
60.526783729717714,15.894821071349188,64-QAM
60.54567681707046,15.898221827072682,64-QAM
60.56456990442321,15.901622582796177,64-QAM
60.58346299177595,15.90502333851967,64-QAM
60.6023560791287,15.908424094243165,64-QAM
60.62124916648144,15.911824849966658,64-QAM
60.640142253834185,15.915225605690154,64-QAM
60.65903534118693,15.918626361413647,64-QAM
60.67792842853968,15.922027117137143,64-QAM
60.696821515892424,15.925427872860636,64-QAM
60.71571460324517,15.92882862858413,64-QAM
60.73460769059791,15.932229384307623,64-QAM
60.753500777950656,15.935630140031117,64-QAM
60.7723938653034,15.93903089575461,64-QAM
60.791286952656144,15.942431651478106,64-QAM
60.810180040008895,15.9458324072016,64-QAM
60.82907312736164,15.949233162925095,64-QAM
60.84796621471438,15.952633918648589,64-QAM
60.86685930206713,15.956034674372082,64-QAM
60.88575238941987,15.959435430095576,64-QAM
60.904645476772615,15.96283618581907,64-QAM
60.92353856412536,15.966236941542563,64-QAM
60.94243165147811,15.969637697266059,64-QAM
60.961324738830854,15.973038452989552,64-QAM
60.9802178261836,15.976439208713048,64-QAM
60.99911091353634,15.979839964436541,64-QAM
61.018004000889086,15.983240720160035,64-QAM
61.03689708824183,15.986641475883529,64-QAM
61.05579017559458,15.990042231607024,64-QAM
61.074683262947325,15.993442987330518,64-QAM
61.09357635030007,15.996843743054011,64-QAM
61.11246943765281,16.000244498777505,64-QAM
61.13136252500556,16.003645254501002,64-QAM
61.1502556123583,16.007046010224492,64-QAM
61.169148699711045,16.01044676594799,64-QAM
61.188041787063796,16.013847521671483,64-QAM
61.20693487441654,16.017248277394977,64-QAM
61.22582796176928,16.02064903311847,64-QAM
61.24472104912203,16.024049788841964,64-QAM
61.26361413647477,16.027450544565458,64-QAM
61.282507223827515,16.03085130028895,64-QAM
61.30140031118027,16.03425205601245,64-QAM
61.32029339853301,16.037652811735942,64-QAM
61.339186485885755,16.041053567459436,64-QAM
61.3580795732385,16.04445432318293,64-QAM
61.37697266059124,16.047855078906423,64-QAM
61.395865747943986,16.051255834629917,64-QAM
61.41475883529673,16.05465659035341,64-QAM
61.43365192264948,16.058057346076907,64-QAM
61.452545010002225,16.0614581018004,64-QAM
61.47143809735497,16.064858857523895,64-QAM
61.49033118470771,16.06825961324739,64-QAM
61.50922427206046,16.071660368970882,64-QAM
61.5281173594132,16.075061124694376,64-QAM
61.54701044676595,16.07846188041787,64-QAM
61.565903534118696,16.081862636141366,64-QAM
61.58479662147144,16.085263391864856,64-QAM
61.603689708824184,16.088664147588354,64-QAM
61.62258279617693,16.092064903311847,64-QAM
61.64147588352967,16.09546565903534,64-QAM
61.660368970882416,16.098866414758835,64-QAM
61.67926205823517,16.102267170482328,64-QAM
61.69815514558791,16.105667926205825,64-QAM
61.717048232940655,16.109068681929315,64-QAM
61.7359413202934,16.112469437652813,64-QAM
61.75483440764614,16.115870193376306,64-QAM
61.77372749499889,16.1192709490998,64-QAM
61.79262058235163,16.122671704823293,64-QAM
61.81151366970438,16.126072460546787,64-QAM
61.830406757057126,16.129473216270284,64-QAM
61.84929984440987,16.132873971993774,64-QAM
61.868192931762614,16.13627472771727,64-QAM
61.88708601911536,16.13967548344076,64-QAM
61.9059791064681,16.14307623916426,64-QAM
61.92487219382085,16.146476994887752,64-QAM
61.9437652811736,16.149877750611246,64-QAM
61.96265836852634,16.153278506334743,64-QAM
61.981551455879085,16.156679262058233,64-QAM
62.00044454323183,16.16008001778173,64-QAM
62.01933763058457,16.16348077350522,64-QAM
62.03823071793732,16.166881529228718,64-QAM
62.05712380529007,16.17028228495221,64-QAM
62.07601689264281,16.173683040675705,64-QAM
62.094909979995556,16.177083796399202,64-QAM
62.1138030673483,16.180484552122692,64-QAM
62.132696154701044,16.18388530784619,64-QAM
62.15158924205379,16.18728606356968,64-QAM
62.17048232940654,16.190686819293177,64-QAM
62.18937541675928,16.19408757501667,64-QAM
62.20826850411203,16.197488330740164,64-QAM
62.22716159146477,16.200889086463658,64-QAM
62.246054678817515,16.20428984218715,64-QAM
62.26494776617026,16.20769059791065,64-QAM
62.283840853523,16.21109135363414,64-QAM
62.302733940875754,16.214492109357636,64-QAM
62.3216270282285,16.21789286508113,64-QAM
62.34052011558124,16.221293620804623,64-QAM
62.359413202933986,16.224694376528117,64-QAM
62.37830629028673,16.22809513225161,64-QAM
62.397199377639474,16.231495887975107,64-QAM
62.41609246499222,16.234896643698598,64-QAM
62.43498555234497,16.238297399422095,64-QAM
62.45387863969771,16.24169815514559,64-QAM
62.47277172705046,16.245098910869082,64-QAM
62.4916648144032,16.248499666592576,64-QAM
62.510557901755945,16.25190042231607,64-QAM
62.52945098910869,16.255301178039563,64-QAM
62.54834407646144,16.258701933763057,64-QAM
62.567237163814184,16.262102689486554,64-QAM
62.58613025116693,16.265503445210047,64-QAM
62.60502333851967,16.26890420093354,64-QAM
62.623916425872416,16.272304956657035,64-QAM
62.64280951322516,16.275705712380528,64-QAM
62.661702600577904,16.279106468104022,64-QAM
62.680595687930655,16.282507223827515,64-QAM
62.6994887752834,16.285907979551013,64-QAM
62.71838186263614,16.289308735274503,64-QAM
62.73727494998889,16.292709490998,64-QAM
62.75616803734163,16.296110246721494,64-QAM
62.775061124694375,16.299511002444987,64-QAM
62.793954212047126,16.302911758168484,64-QAM
62.81284729939987,16.306312513891974,64-QAM
62.831740386752614,16.30971326961547,64-QAM
62.85063347410536,16.31311402533896,64-QAM
62.8695265614581,16.31651478106246,64-QAM
62.888419648810846,16.319915536785953,64-QAM
62.90731273616359,16.323316292509446,64-QAM
62.92620582351634,16.326717048232943,64-QAM
62.945098910869085,16.330117803956433,64-QAM
62.96399199822183,16.33351855967993,64-QAM
62.98288508557457,16.33691931540342,64-QAM
63.00177817292732,16.340320071126918,64-QAM
63.02067126028006,16.343720826850408,64-QAM
63.039564347632805,16.347121582573905,64-QAM
63.058457434985556,16.3505223382974,64-QAM
63.0773505223383,16.353923094020892,64-QAM
63.096243609691044,16.35732384974439,64-QAM
63.11513669704379,16.36072460546788,64-QAM
63.13402978439653,16.364125361191377,64-QAM
63.152922871749276,16.367526116914867,64-QAM
63.17181595910203,16.370926872638364,64-QAM
63.19070904645477,16.374327628361858,64-QAM
63.209602133807515,16.37772838408535,64-QAM
63.22849522116026,16.38112913980885,64-QAM
63.247388308513,16.38452989553234,64-QAM
63.26628139586575,16.387930651255836,64-QAM
63.28517448321849,16.391331406979326,64-QAM
63.30406757057124,16.394732162702823,64-QAM
63.322960657923986,16.398132918426317,64-QAM
63.34185374527673,16.40153367414981,64-QAM
63.360746832629474,16.404934429873304,64-QAM
63.37963991998222,16.408335185596798,64-QAM
63.39853300733496,16.411735941320295,64-QAM
63.41742609468771,16.41513669704379,64-QAM
63.43631918204046,16.418537452767282,64-QAM
63.4552122693932,16.421938208490776,64-QAM
63.474105356745945,16.42533896421427,64-QAM
63.49299844409869,16.428739719937763,64-QAM
63.51189153145143,16.432140475661257,64-QAM
63.53078461880418,16.435541231384754,64-QAM
63.54967770615693,16.438941987108247,64-QAM
63.56857079350967,16.44234274283174,64-QAM
63.587463880862416,16.445743498555235,64-QAM
63.60635696821516,16.44914425427873,64-QAM
63.6252500555679,16.452545010002222,64-QAM
63.64414314292065,16.455945765725716,64-QAM
63.6630362302734,16.459346521449213,64-QAM
63.68192931762614,16.462747277172703,64-QAM
63.70082240497889,16.4661480328962,64-QAM
63.71971549233163,16.469548788619694,64-QAM
63.738608579684374,16.472949544343187,64-QAM
63.75750166703712,16.47635030006668,64-QAM
63.77639475438986,16.479751055790175,64-QAM
63.79528784174261,16.48315181151367,64-QAM
63.81418092909536,16.486552567237162,64-QAM
63.8330740164481,16.48995332296066,64-QAM
63.851967103800845,16.493354078684153,64-QAM
63.87086019115359,16.496754834407646,64-QAM
63.88975327850633,16.50015559013114,64-QAM
63.90864636585908,16.503556345854633,64-QAM
63.92753945321183,16.50695710157813,64-QAM
63.94643254056457,16.51035785730162,64-QAM
63.965325627917316,16.513758613025118,64-QAM
63.98421871527006,16.517159368748608,64-QAM
64.00311180262281,16.520560124472105,64-QAM
64.02200488997555,16.5239608801956,64-QAM
64.0408979773283,16.527361635919092,64-QAM
64.05979106468104,16.530762391642586,64-QAM
64.07868415203379,16.53416314736608,64-QAM
64.09757723938654,16.537563903089577,64-QAM
64.11647032673928,16.540964658813067,64-QAM
64.13536341409201,16.544365414536564,64-QAM
64.15425650144476,16.547766170260058,64-QAM
64.17314958879751,16.55116692598355,64-QAM
64.19204267615027,16.55456768170705,64-QAM
64.210935763503,16.55796843743054,64-QAM
64.22982885085574,16.561369193154032,64-QAM
64.24872193820849,16.564769948877526,64-QAM
64.26761502556124,16.568170704601023,64-QAM
64.28650811291399,16.57157146032452,64-QAM
64.30540120026673,16.57497221604801,64-QAM
64.32429428761947,16.578372971771504,64-QAM
64.34318737497222,16.581773727494998,64-QAM
64.36208046232497,16.585174483218495,64-QAM
64.3809735496777,16.588575238941985,64-QAM
64.39986663703044,16.59197599466548,64-QAM
64.4187597243832,16.595376750388972,64-QAM
64.43765281173594,16.59877750611247,64-QAM
64.4565458990887,16.602178261835967,64-QAM
64.47543898644143,16.605579017559457,64-QAM
64.49433207379417,16.60897977328295,64-QAM
64.51322516114692,16.612380529006444,64-QAM
64.53211824849967,16.61578128472994,64-QAM
64.55101133585242,16.619182040453435,64-QAM
64.56990442320516,16.62258279617693,64-QAM
64.5887975105579,16.62598355190042,64-QAM
64.60769059791065,16.629384307623916,64-QAM
64.6265836852634,16.632785063347413,64-QAM
64.64547677261614,16.636185819070903,64-QAM
64.66436985996889,16.6395865747944,64-QAM
64.68326294732162,16.64298733051789,64-QAM
64.70215603467437,16.646388086241387,64-QAM
64.72104912202713,16.649788841964885,64-QAM
64.73994220937986,16.653189597688375,64-QAM
64.7588352967326,16.656590353411868,64-QAM
64.77772838408535,16.659991109135362,64-QAM
64.7966214714381,16.66339186485886,64-QAM
64.81551455879085,16.666792620582353,64-QAM
64.83440764614359,16.670193376305846,64-QAM
64.85330073349633,16.673594132029336,64-QAM
64.87219382084908,16.676994887752834,64-QAM
64.89108690820183,16.68039564347633,64-QAM
64.90997999555458,16.683796399199824,64-QAM
64.92887308290732,16.687197154923318,64-QAM
64.94776617026005,16.690597910646808,64-QAM
64.9666592576128,16.693998666370305,64-QAM
64.98555234496555,16.6973994220938,64-QAM
65.00444543231829,16.700800177817293,64-QAM
65.02333851967103,16.704200933540783,64-QAM
65.04223160702378,16.70760168926428,64-QAM
65.06112469437653,16.711002444987777,64-QAM
65.08001778172928,16.71440320071127,64-QAM
65.09891086908202,16.717803956434764,64-QAM
65.11780395643476,16.721204712158254,64-QAM
65.1366970437875,16.72460546788175,64-QAM
65.15559013114026,16.728006223605245,64-QAM
65.17448321849301,16.73140697932874,64-QAM
65.19337630584575,16.734807735052236,64-QAM
65.21226939319848,16.738208490775726,64-QAM
65.23116248055123,16.741609246499223,64-QAM
65.25005556790398,16.745010002222717,64-QAM
65.26894865525672,16.74841075794621,64-QAM
65.28784174260947,16.751811513669704,64-QAM
65.30673482996221,16.755212269393198,64-QAM
65.32562791731496,16.758613025116695,64-QAM
65.34452100466771,16.76201378084019,64-QAM
65.36341409202045,16.765414536563682,64-QAM
65.38230717937319,16.768815292287172,64-QAM
65.40120026672594,16.77221604801067,64-QAM
65.42009335407869,16.775616803734163,64-QAM
65.43898644143144,16.779017559457657,64-QAM
65.45787952878418,16.78241831518115,64-QAM
65.47677261613691,16.785819070904644,64-QAM
65.49566570348966,16.78921982662814,64-QAM
65.51455879084241,16.792620582351635,64-QAM
65.53345187819517,16.79602133807513,64-QAM
65.5523449655479,16.799422093798622,64-QAM
65.57123805290064,16.802822849522116,64-QAM
65.59013114025339,16.80622360524561,64-QAM
65.60902422760614,16.809624360969103,64-QAM
65.62791731495888,16.8130251166926,64-QAM
65.64681040231162,16.81642587241609,64-QAM
65.66570348966437,16.819826628139587,64-QAM
65.68459657701712,16.82322738386308,64-QAM
65.70348966436987,16.826628139586575,64-QAM
65.7223827517226,16.83002889531007,64-QAM
65.74127583907534,16.833429651033562,64-QAM
65.7601689264281,16.836830406757056,64-QAM
65.77906201378084,16.84023116248055,64-QAM
65.7979551011336,16.843631918204046,64-QAM
65.81684818848633,16.84703267392754,64-QAM
65.83574127583907,16.850433429651034,64-QAM
65.85463436319182,16.853834185374527,64-QAM
65.87352745054457,16.85723494109802,64-QAM
65.89242053789731,16.860635696821515,64-QAM
65.91131362525006,16.864036452545008,64-QAM
65.9302067126028,16.867437208268505,64-QAM
65.94909979995555,16.870837963992,64-QAM
65.9679928873083,16.874238719715493,64-QAM
65.98688597466104,16.877639475438986,64-QAM
66.00577906201377,16.88104023116248,64-QAM
66.02467214936652,16.884440986885974,64-QAM
66.04356523671927,16.887841742609467,64-QAM
66.06245832407203,16.891242498332964,64-QAM
66.08135141142476,16.894643254056454,64-QAM
66.1002444987775,16.89804400977995,64-QAM
66.11913758613025,16.901444765503445,64-QAM
66.138030673483,16.90484552122694,64-QAM
66.15692376083575,16.908246276950436,64-QAM
66.17581684818849,16.911647032673926,64-QAM
66.19470993554123,16.91504778839742,64-QAM
66.21360302289398,16.918448544120913,64-QAM
66.23249611024673,16.92184929984441,64-QAM
66.25138919759947,16.925250055567904,64-QAM
66.2702822849522,16.928650811291398,64-QAM
66.28917537230495,16.93205156701489,64-QAM
66.3080684596577,16.935452322738385,64-QAM
66.32696154701046,16.938853078461882,64-QAM
66.34585463436319,16.942253834185372,64-QAM
66.36474772171593,16.945654589908866,64-QAM
66.38364080906868,16.94905534563236,64-QAM
66.40253389642143,16.952456101355857,64-QAM
66.42142698377418,16.955856857079354,64-QAM
66.44032007112692,16.959257612802844,64-QAM
66.45921315847966,16.962658368526338,64-QAM
66.47810624583241,16.96605912424983,64-QAM
66.49699933318516,16.96945987997333,64-QAM
66.5158924205379,16.97286063569682,64-QAM
66.53478550789065,16.976261391420316,64-QAM
66.55367859524338,16.97966214714381,64-QAM
66.57257168259613,16.983062902867303,64-QAM
66.59146476994889,16.9864636585908,64-QAM
66.61035785730162,16.98986441431429,64-QAM
66.62925094465436,16.993265170037784,64-QAM
66.64814403200711,16.996665925761278,64-QAM
66.66703711935986,17.000066681484775,64-QAM
66.68593020671261,17.003467437208272,64-QAM
66.70482329406535,17.006868192931762,64-QAM
66.72371638141809,17.010268948655256,64-QAM
66.74260946877084,17.01366970437875,64-QAM
66.76150255612359,17.017070460102246,64-QAM
66.78039564347634,17.02047121582574,64-QAM
66.79928873082908,17.023871971549234,64-QAM
66.81818181818181,17.027272727272724,64-QAM
66.83707490553456,17.03067348299622,64-QAM
66.85596799288732,17.034074238719718,64-QAM
66.87486108024005,17.03747499444321,64-QAM
66.89375416759279,17.040875750166702,64-QAM
66.91264725494554,17.044276505890195,64-QAM
66.93154034229829,17.047677261613693,64-QAM
66.95043342965104,17.051078017337186,64-QAM
66.96932651700378,17.05447877306068,64-QAM
66.98821960435652,17.05787952878417,64-QAM
67.00711269170927,17.061280284507667,64-QAM
67.02600577906202,17.064681040231164,64-QAM
67.04489886641477,17.068081795954658,64-QAM
67.0637919537675,17.07148255167815,64-QAM
67.08268504112024,17.07488330740164,64-QAM
67.101578128473,17.07828406312514,64-QAM
67.12047121582575,17.081684818848636,64-QAM
67.13936430317848,17.085085574572126,64-QAM
67.15825739053123,17.088486330295623,64-QAM
67.17715047788397,17.091887086019113,64-QAM
67.19604356523672,17.09528784174261,64-QAM
67.21493665258947,17.098688597466104,64-QAM
67.23382973994221,17.102089353189598,64-QAM
67.25272282729495,17.105490108913088,64-QAM
67.2716159146477,17.108890864636585,64-QAM
67.29050900200045,17.112291620360082,64-QAM
67.3094020893532,17.115692376083576,64-QAM
67.32829517670594,17.11909313180707,64-QAM
67.34718826405867,17.12249388753056,64-QAM
67.36608135141142,17.125894643254057,64-QAM
67.38497443876417,17.12929539897755,64-QAM
67.40386752611693,17.132696154701044,64-QAM
67.42276061346966,17.13609691042454,64-QAM
67.4416537008224,17.13949766614803,64-QAM
67.46054678817515,17.14289842187153,64-QAM
67.4794398755279,17.146299177595022,64-QAM
67.49833296288064,17.149699933318516,64-QAM
67.51722605023338,17.153100689042006,64-QAM
67.53611913758613,17.156501444765503,64-QAM
67.55501222493888,17.159902200488997,64-QAM
67.57390531229163,17.16330295621249,64-QAM
67.59279839964437,17.166703711935988,64-QAM
67.6116914869971,17.170104467659478,64-QAM
67.63058457434985,17.173505223382975,64-QAM
67.6494776617026,17.17690597910647,64-QAM
67.66837074905536,17.180306734829962,64-QAM
67.68726383640809,17.183707490553456,64-QAM
67.70615692376083,17.18710824627695,64-QAM
67.72505001111358,17.190509002000447,64-QAM
67.74394309846633,17.19390975772394,64-QAM
67.76283618581907,17.197310513447434,64-QAM
67.78172927317182,17.200711269170927,64-QAM
67.80062236052456,17.20411202489442,64-QAM
67.81951544787731,17.207512780617915,64-QAM
67.83840853523006,17.21091353634141,64-QAM
67.8573016225828,17.214314292064902,64-QAM
67.87619470993553,17.217715047788396,64-QAM
67.89508779728828,17.221115803511893,64-QAM
67.91398088464103,17.224516559235386,64-QAM
67.93287397199379,17.22791731495888,64-QAM
67.95176705934652,17.231318070682374,64-QAM
67.97066014669926,17.234718826405867,64-QAM
67.98955323405201,17.23811958212936,64-QAM
68.00844632140476,17.241520337852855,64-QAM
68.02733940875751,17.24492109357635,64-QAM
68.04623249611025,17.248321849299845,64-QAM
68.06512558346299,17.25172260502334,64-QAM
68.08401867081574,17.255123360746833,64-QAM
68.10291175816849,17.258524116470326,64-QAM
68.12180484552123,17.26192487219382,64-QAM
68.14069793287398,17.265325627917314,64-QAM
68.15959102022671,17.268726383640807,64-QAM
68.17848410757946,17.2721271393643,64-QAM
68.19737719493222,17.275527895087798,64-QAM
68.21627028228495,17.27892865081129,64-QAM
68.23516336963769,17.282329406534785,64-QAM
68.25405645699044,17.28573016225828,64-QAM
68.27294954434319,17.289130917981772,64-QAM
68.29184263169594,17.29253167370527,64-QAM
68.31073571904868,17.29593242942876,64-QAM
68.32962880640142,17.299333185152257,64-QAM
68.34852189375417,17.30273394087575,64-QAM
68.36741498110692,17.306134696599244,64-QAM
68.38630806845966,17.309535452322738,64-QAM
68.4052011558124,17.31293620804623,64-QAM
68.42409424316514,17.316336963769725,64-QAM
68.4429873305179,17.31973771949322,64-QAM
68.46188041787065,17.323138475216716,64-QAM
68.48077350522338,17.326539230940206,64-QAM
68.49966659257612,17.329939986663703,64-QAM
68.51855967992887,17.333340742387197,64-QAM
68.53745276728162,17.33674149811069,64-QAM
68.55634585463437,17.340142253834188,64-QAM
68.57523894198711,17.343543009557678,64-QAM
68.59413202933985,17.34694376528117,64-QAM
68.6130251166926,17.350344521004665,64-QAM
68.63191820404535,17.353745276728162,64-QAM
68.6508112913981,17.35714603245166,64-QAM
68.66970437875084,17.36054678817515,64-QAM
68.68859746610357,17.363947543898643,64-QAM
68.70749055345632,17.367348299622137,64-QAM
68.72638364080908,17.370749055345634,64-QAM
68.74527672816181,17.374149811069124,64-QAM
68.76416981551456,17.37755056679262,64-QAM
68.7830629028673,17.38095132251611,64-QAM
68.80195599022005,17.38435207823961,64-QAM
68.8208490775728,17.387752833963106,64-QAM
68.83974216492554,17.391153589686596,64-QAM
68.85863525227828,17.39455434541009,64-QAM
68.87752833963103,17.397955101133583,64-QAM
68.89642142698378,17.40135585685708,64-QAM
68.91531451433653,17.404756612580577,64-QAM
68.93420760168927,17.408157368304067,64-QAM
68.953100689042,17.41155812402756,64-QAM
68.97199377639475,17.414958879751055,64-QAM
68.9908868637475,17.418359635474552,64-QAM
69.00977995110024,17.421760391198042,64-QAM
69.028673038453,17.42516114692154,64-QAM
69.04756612580573,17.42856190264503,64-QAM
69.06645921315848,17.431962658368526,64-QAM
69.08535230051123,17.435363414092024,64-QAM
69.10424538786397,17.438764169815514,64-QAM
69.12313847521672,17.44216492553901,64-QAM
69.14203156256946,17.4455656812625,64-QAM
69.16092464992221,17.448966436985998,64-QAM
69.17981773727494,17.452367192709488,64-QAM
69.1987108246277,17.455767948432985,64-QAM
69.21760391198045,17.459168704156482,64-QAM
69.23649699933318,17.462569459879973,64-QAM
69.25539008668594,17.46597021560347,64-QAM
69.27428317403867,17.46937097132696,64-QAM
69.29317626139142,17.472771727050457,64-QAM
69.31206934874416,17.476172482773947,64-QAM
69.33096243609691,17.479573238497444,64-QAM
69.34985552344966,17.482973994220938,64-QAM
69.3687486108024,17.48637474994443,64-QAM
69.38764169815515,17.48977550566793,64-QAM
69.40653478550789,17.49317626139142,64-QAM
69.42542787286064,17.496577017114916,64-QAM
69.44432096021337,17.499977772838406,64-QAM
69.46321404756613,17.503378528561903,64-QAM
69.48210713491888,17.506779284285397,64-QAM
69.50100022227161,17.51018004000889,64-QAM
69.51989330962436,17.513580795732388,64-QAM
69.5387863969771,17.516981551455878,64-QAM
69.55767948432985,17.520382307179375,64-QAM
69.5765725716826,17.52378306290287,64-QAM
69.59546565903534,17.527183818626362,64-QAM
69.61435874638809,17.530584574349856,64-QAM
69.63325183374083,17.53398533007335,64-QAM
69.65214492109358,17.537386085796843,64-QAM
69.67103800844632,17.540786841520337,64-QAM
69.68993109579907,17.544187597243834,64-QAM
69.70882418315182,17.547588352967328,64-QAM
69.72771727050456,17.55098910869082,64-QAM
69.7466103578573,17.554389864414315,64-QAM
69.76550344521004,17.55779062013781,64-QAM
69.7843965325628,17.561191375861302,64-QAM
69.80328961991553,17.564592131584796,64-QAM
69.82218270726828,17.567992887308293,64-QAM
69.84107579462103,17.571393643031783,64-QAM
69.85996888197377,17.57479439875528,64-QAM
69.87886196932652,17.578195154478774,64-QAM
69.89775505667926,17.581595910202267,64-QAM
69.91664814403201,17.58499666592576,64-QAM
69.93554123138475,17.588397421649255,64-QAM
69.9544343187375,17.59179817737275,64-QAM
69.97332740609025,17.595198933096242,64-QAM
69.99222049344299,17.59859968881974,64-QAM
70.01111358079574,17.602000444543233,64-QAM
70.03000666814847,17.605401200266726,64-QAM
70.04889975550122,17.60880195599022,64-QAM
70.06779284285396,17.612202711713714,64-QAM
70.08668593020671,17.615603467437207,64-QAM
70.10557901755946,17.6190042231607,64-QAM
70.1244721049122,17.622404978884198,64-QAM
70.14336519226495,17.625805734607688,64-QAM
70.16225827961769,17.629206490331185,64-QAM
70.18115136697044,17.63260724605468,64-QAM
70.20004445432319,17.636008001778173,64-QAM
70.21893754167593,17.639408757501666,64-QAM
70.23783062902868,17.64280951322516,64-QAM
70.25672371638142,17.646210268948654,64-QAM
70.27561680373417,17.649611024672147,64-QAM
70.2945098910869,17.653011780395644,64-QAM
70.31340297843965,17.656412536119138,64-QAM
70.3322960657924,17.65981329184263,64-QAM
70.35118915314514,17.663214047566125,64-QAM
70.3700822404979,17.66661480328962,64-QAM
70.38897532785063,17.670015559013112,64-QAM
70.40786841520338,17.673416314736606,64-QAM
70.42676150255612,17.676817070460103,64-QAM
70.44565458990887,17.680217826183593,64-QAM
70.46454767726162,17.68361858190709,64-QAM
70.48344076461436,17.687019337630584,64-QAM
70.50233385196711,17.690420093354078,64-QAM
70.52122693931985,17.69382084907757,64-QAM
70.5401200266726,17.697221604801065,64-QAM
70.55901311402533,17.70062236052456,64-QAM
70.57790620137808,17.704023116248052,64-QAM
70.59679928873084,17.70742387197155,64-QAM
70.61569237608357,17.710824627695043,64-QAM
70.63458546343632,17.714225383418537,64-QAM
70.65347855078906,17.71762613914203,64-QAM
70.67237163814181,17.721026894865524,64-QAM
70.69126472549456,17.72442765058902,64-QAM
70.7101578128473,17.72782840631251,64-QAM
70.72905090020005,17.73122916203601,64-QAM
70.74794398755279,17.7346299177595,64-QAM
70.76683707490554,17.738030673482996,64-QAM
70.78573016225828,17.74143142920649,64-QAM
70.80462324961103,17.744832184929983,64-QAM
70.82351633696378,17.74823294065348,64-QAM
70.84240942431651,17.75163369637697,64-QAM
70.86130251166927,17.755034452100467,64-QAM
70.880195599022,17.758435207823958,64-QAM
70.89908868637475,17.761835963547455,64-QAM
70.91798177372749,17.76523671927095,64-QAM
70.93687486108024,17.768637474994442,64-QAM
70.95576794843299,17.77203823071794,64-QAM
70.97466103578573,17.77543898644143,64-QAM
70.99355412313848,17.778839742164926,64-QAM
71.01244721049122,17.782240497888417,64-QAM
71.03134029784397,17.785641253611914,64-QAM
71.0502333851967,17.789042009335404,64-QAM
71.06912647254946,17.7924427650589,64-QAM
71.08801955990221,17.795843520782398,64-QAM
71.10691264725494,17.79924427650589,64-QAM
71.1258057346077,17.802645032229385,64-QAM
71.14469882196043,17.806045787952876,64-QAM
71.16359190931318,17.809446543676373,64-QAM
71.18248499666592,17.812847299399863,64-QAM
71.20137808401867,17.81624805512336,64-QAM
71.22027117137142,17.819648810846857,64-QAM
71.23916425872416,17.823049566570347,64-QAM
71.25805734607691,17.826450322293844,64-QAM
71.27695043342965,17.829851078017334,64-QAM
71.2958435207824,17.83325183374083,64-QAM
71.31473660813515,17.83665258946433,64-QAM
71.33362969548789,17.84005334518782,64-QAM
71.35252278284064,17.843454100911316,64-QAM
71.37141587019337,17.846854856634806,64-QAM
71.39030895754613,17.850255612358303,64-QAM
71.40920204489886,17.853656368081793,64-QAM
71.42809513225161,17.85705712380529,64-QAM
71.44698821960436,17.860457879528784,64-QAM
71.4658813069571,17.863858635252278,64-QAM
71.48477439430985,17.867259390975775,64-QAM
71.50366748166259,17.870660146699265,64-QAM
71.52256056901534,17.874060902422762,64-QAM
71.54145365636808,17.877461658146252,64-QAM
71.56034674372083,17.88086241386975,64-QAM
71.57923983107358,17.884263169593243,64-QAM
71.59813291842632,17.887663925316737,64-QAM
71.61702600577907,17.891064681040234,64-QAM
71.6359190931318,17.894465436763724,64-QAM
71.65481218048456,17.89786619248722,64-QAM
71.67370526783729,17.90126694821071,64-QAM
71.69259835519004,17.90466770393421,64-QAM
71.7114914425428,17.908068459657702,64-QAM
71.73038452989553,17.911469215381196,64-QAM
71.74927761724828,17.91486997110469,64-QAM
71.76817070460102,17.918270726828183,64-QAM
71.78706379195377,17.92167148255168,64-QAM
71.8059568793065,17.92507223827517,64-QAM
71.82484996665926,17.928472993998668,64-QAM
71.84374305401201,17.93187374972216,64-QAM
71.86263614136475,17.935274505445655,64-QAM
71.8815292287175,17.93867526116915,64-QAM
71.90042231607023,17.942076016892642,64-QAM
71.91931540342298,17.94547677261614,64-QAM
71.93820849077574,17.94887752833963,64-QAM
71.95710157812847,17.952278284063127,64-QAM
71.97599466548122,17.95567903978662,64-QAM
71.99488775283396,17.959079795510114,64-QAM
72.01378084018671,17.962480551233607,64-QAM
72.03267392753945,17.9658813069571,64-QAM
72.0515670148922,17.969282062680595,64-QAM
72.07046010224495,17.97268281840409,64-QAM
72.08935318959769,17.976083574127586,64-QAM
72.10824627695044,17.97948432985108,64-QAM
72.12713936430318,17.982885085574573,64-QAM
72.14603245165593,17.986285841298066,64-QAM
72.16492553900866,17.98968659702156,64-QAM
72.18381862636141,17.993087352745054,64-QAM
72.20271171371417,17.996488108468547,64-QAM
72.2216048010669,17.999888864192044,64-QAM
72.24049788841965,18.003289619915535,64-QAM
72.25939097577239,18.00669037563903,64-QAM
72.27828406312514,18.010091131362525,64-QAM
72.29717715047788,18.01349188708602,64-QAM
72.31607023783063,18.016892642809513,64-QAM
72.33496332518338,18.020293398533006,64-QAM
72.35385641253612,18.0236941542565,64-QAM
72.37274949988887,18.027094909979994,64-QAM
72.3916425872416,18.03049566570349,64-QAM
72.41053567459436,18.033896421426984,64-QAM
72.4294287619471,18.037297177150478,64-QAM
72.44832184929984,18.04069793287397,64-QAM
72.4672149366526,18.044098688597465,64-QAM
72.48610802400533,18.04749944432096,64-QAM
72.50500111135808,18.050900200044453,64-QAM
72.52389419871082,18.05430095576795,64-QAM
72.54278728606357,18.05770171149144,64-QAM
72.56168037341632,18.061102467214937,64-QAM
72.58057346076906,18.06450322293843,64-QAM
72.59946654812181,18.067903978661924,64-QAM
72.61835963547455,18.071304734385418,64-QAM
72.6372527228273,18.07470549010891,64-QAM
72.65614581018004,18.078106245832405,64-QAM
72.67503889753279,18.0815070015559,64-QAM
72.69393198488554,18.084907757279396,64-QAM
72.71282507223827,18.08830851300289,64-QAM
72.73171815959103,18.091709268726383,64-QAM
72.75061124694376,18.095110024449877,64-QAM
72.76950433429651,18.09851078017337,64-QAM
72.78839742164925,18.101911535896864,64-QAM
72.807290509002,18.105312291620358,64-QAM
72.82618359635475,18.108713047343855,64-QAM
72.84507668370749,18.112113803067345,64-QAM
72.86396977106024,18.115514558790842,64-QAM
72.88286285841298,18.118915314514336,64-QAM
72.90175594576573,18.12231607023783,64-QAM
72.92064903311847,18.125716825961323,64-QAM
72.93954212047122,18.129117581684817,64-QAM
72.95843520782397,18.132518337408314,64-QAM
72.9773282951767,18.135919093131804,64-QAM
72.99622138252946,18.1393198488553,64-QAM
73.01511446988219,18.142720604578795,64-QAM
73.03400755723494,18.14612136030229,64-QAM
73.05290064458768,18.149522116025782,64-QAM
73.07179373194043,18.152922871749276,64-QAM
73.09068681929318,18.156323627472773,64-QAM
73.10957990664592,18.159724383196263,64-QAM
73.12847299399867,18.16312513891976,64-QAM
73.14736608135141,18.16652589464325,64-QAM
73.16625916870416,18.169926650366747,64-QAM
73.18515225605691,18.173327406090245,64-QAM
73.20404534340965,18.176728161813735,64-QAM
73.2229384307624,18.180128917537232,64-QAM
73.24183151811513,18.183529673260722,64-QAM
73.26072460546789,18.18693042898422,64-QAM
73.27961769282062,18.19033118470771,64-QAM
73.29851078017337,18.193731940431206,64-QAM
73.31740386752612,18.197132696154704,64-QAM
73.33629695487886,18.200533451878194,64-QAM
73.35519004223161,18.20393420760169,64-QAM
73.37408312958435,18.20733496332518,64-QAM
73.3929762169371,18.210735719048678,64-QAM
73.41186930428984,18.214136474772168,64-QAM
73.43076239164259,18.217537230495665,64-QAM
73.44965547899534,18.220937986219162,64-QAM
73.46854856634808,18.224338741942653,64-QAM
73.48744165370083,18.22773949766615,64-QAM
73.50633474105356,18.23114025338964,64-QAM
73.52522782840632,18.234541009113137,64-QAM
73.54412091575905,18.237941764836627,64-QAM
73.5630140031118,18.241342520560124,64-QAM
73.58190709046455,18.24474327628362,64-QAM
73.60080017781729,18.24814403200711,64-QAM
73.61969326517004,18.25154478773061,64-QAM
73.63858635252278,18.2549455434541,64-QAM
73.65747943987553,18.258346299177596,64-QAM
73.67637252722827,18.261747054901086,64-QAM
73.69526561458102,18.265147810624583,64-QAM
73.71415870193377,18.26854856634808,64-QAM
73.7330517892865,18.27194932207157,64-QAM
73.75194487663926,18.275350077795068,64-QAM
73.770837963992,18.278750833518558,64-QAM
73.78973105134475,18.282151589242055,64-QAM
73.8086241386975,18.28555234496555,64-QAM
73.82751722605023,18.288953100689042,64-QAM
73.84641031340298,18.292353856412536,64-QAM
73.86530340075572,18.29575461213603,64-QAM
73.88419648810847,18.299155367859527,64-QAM
73.90308957546121,18.302556123583017,64-QAM
73.92198266281396,18.305956879306514,64-QAM
73.94087575016671,18.309357635030008,64-QAM
73.95976883751945,18.3127583907535,64-QAM
73.9786619248722,18.316159146476995,64-QAM
73.99755501222494,18.31955990220049,64-QAM
74.01644809957769,18.322960657923986,64-QAM
74.03534118693042,18.326361413647476,64-QAM
74.05423427428317,18.329762169370973,64-QAM
74.07312736163593,18.333162925094467,64-QAM
74.09202044898866,18.33656368081796,64-QAM
74.11091353634141,18.339964436541454,64-QAM
74.12980662369415,18.343365192264947,64-QAM
74.1486997110469,18.34676594798844,64-QAM
74.16759279839964,18.350166703711935,64-QAM
74.18648588575239,18.353567459435432,64-QAM
74.20537897310514,18.356968215158926,64-QAM
74.22427206045788,18.36036897088242,64-QAM
74.24316514781063,18.363769726605913,64-QAM
74.26205823516337,18.367170482329406,64-QAM
74.28095132251612,18.3705712380529,64-QAM
74.29984440986887,18.373971993776394,64-QAM
74.3187374972216,18.37737274949989,64-QAM
74.33763058457436,18.38077350522338,64-QAM
74.35652367192709,18.384174260946878,64-QAM
74.37541675927984,18.38757501667037,64-QAM
74.39430984663258,18.390975772393865,64-QAM
74.41320293398533,18.39437652811736,64-QAM
74.43209602133808,18.397777283840853,64-QAM
74.45098910869082,18.401178039564346,64-QAM
74.46988219604357,18.40457879528784,64-QAM
74.48877528339631,18.407979551011337,64-QAM
74.50766837074906,18.41138030673483,64-QAM
74.5265614581018,18.414781062458324,64-QAM
74.54545454545455,18.418181818181818,64-QAM
74.5643476328073,18.42158257390531,64-QAM
74.58324072016003,18.424983329628805,64-QAM
74.60213380751279,18.4283840853523,64-QAM
74.62102689486552,18.431784841075796,64-QAM
74.63991998221827,18.435185596799286,64-QAM
74.65881306957101,18.438586352522783,64-QAM
74.67770615692376,18.441987108246277,64-QAM
74.69659924427651,18.44538786396977,64-QAM
74.71549233162925,18.448788619693264,64-QAM
74.734385418982,18.452189375416758,64-QAM
74.75327850633474,18.45559013114025,64-QAM
74.77217159368749,18.458990886863745,64-QAM
74.79106468104023,18.462391642587242,64-QAM
74.80995776839298,18.465792398310736,64-QAM
74.82885085574573,18.46919315403423,64-QAM
74.84774394309846,18.472593909757723,64-QAM
74.86663703045122,18.475994665481217,64-QAM
74.88553011780395,18.47939542120471,64-QAM
74.9044232051567,18.482796176928204,64-QAM
74.92331629250945,18.4861969326517,64-QAM
74.94220937986219,18.48959768837519,64-QAM
74.96110246721494,18.49299844409869,64-QAM
74.97999555456768,18.496399199822182,64-QAM
74.99888864192043,18.499799955545676,64-QAM
75.01778172927317,18.50320071126917,64-QAM
75.03667481662592,18.506601466992663,64-QAM
75.05556790397867,18.51000222271616,64-QAM
75.0744609913314,18.51340297843965,64-QAM
75.09335407868416,18.516803734163148,64-QAM
75.1122471660369,18.52020448988664,64-QAM
75.13114025338965,18.523605245610135,64-QAM
75.15003334074238,18.52700600133363,64-QAM
75.16892642809513,18.530406757057122,64-QAM
75.18781951544788,18.53380751278062,64-QAM
75.20671260280062,18.53720826850411,64-QAM
75.22560569015337,18.540609024227606,64-QAM
75.24449877750611,18.544009779951097,64-QAM
75.26339186485886,18.547410535674594,64-QAM
75.2822849522116,18.550811291398087,64-QAM
75.30117803956435,18.55421204712158,64-QAM
75.3200711269171,18.557612802845078,64-QAM
75.33896421426984,18.56101355856857,64-QAM
75.35785730162259,18.564414314292065,64-QAM
75.37675038897532,18.567815070015556,64-QAM
75.39564347632808,18.571215825739053,64-QAM
75.41453656368081,18.574616581462546,64-QAM
75.43342965103356,18.57801733718604,64-QAM
75.45232273838631,18.581418092909537,64-QAM
75.47121582573905,18.584818848633027,64-QAM
75.4901089130918,18.588219604356524,64-QAM
75.50900200044454,18.591620360080015,64-QAM
75.52789508779729,18.59502111580351,64-QAM
75.54678817515004,18.59842187152701,64-QAM
75.56568126250278,18.6018226272505,64-QAM
75.58457434985553,18.605223382973996,64-QAM
75.60346743720827,18.608624138697486,64-QAM
75.62236052456102,18.612024894420983,64-QAM
75.64125361191375,18.615425650144473,64-QAM
75.6601466992665,18.61882640586797,64-QAM
75.67903978661926,18.622227161591468,64-QAM
75.697932873972,18.625627917314958,64-QAM
75.71682596132474,18.629028673038455,64-QAM
75.73571904867748,18.632429428761945,64-QAM
75.75461213603023,18.635830184485442,64-QAM
75.77350522338297,18.639230940208932,64-QAM
75.79239831073572,18.64263169593243,64-QAM
75.81129139808847,18.646032451655927,64-QAM
75.83018448544121,18.649433207379417,64-QAM
75.84907757279396,18.652833963102914,64-QAM
75.8679706601467,18.656234718826404,64-QAM
75.88686374749945,18.6596354745499,64-QAM
75.90575683485218,18.66303623027339,64-QAM
75.92464992220494,18.66643698599689,64-QAM
75.94354300955769,18.669837741720382,64-QAM
75.96243609691042,18.673238497443876,64-QAM
75.98132918426317,18.676639253167373,64-QAM
76.00022227161591,18.680040008890863,64-QAM
76.01911535896866,18.68344076461436,64-QAM
76.0380084463214,18.68684152033785,64-QAM
76.05690153367415,18.690242276061348,64-QAM
76.0757946210269,18.69364303178484,64-QAM
76.09468770837964,18.697043787508335,64-QAM
76.11358079573239,18.700444543231832,64-QAM
76.13247388308513,18.703845298955322,64-QAM
76.15136697043788,18.70724605467882,64-QAM
76.17026005779063,18.710646810402313,64-QAM
76.18915314514337,18.714047566125807,64-QAM
76.20804623249612,18.7174483218493,64-QAM
76.22693931984885,18.720849077572794,64-QAM
76.2458324072016,18.724249833296287,64-QAM
76.26472549455434,18.72765058901978,64-QAM
76.28361858190709,18.73105134474328,64-QAM
76.30251166925984,18.734452100466772,64-QAM
76.32140475661258,18.737852856190266,64-QAM
76.34029784396533,18.74125361191376,64-QAM
76.35919093131807,18.744654367637253,64-QAM
76.37808401867082,18.748055123360746,64-QAM
76.39697710602356,18.75145587908424,64-QAM
76.4158701933763,18.754856634807737,64-QAM
76.43476328072906,18.758257390531227,64-QAM
76.4536563680818,18.761658146254724,64-QAM
76.47254945543455,18.765058901978218,64-QAM
76.49144254278728,18.76845965770171,64-QAM
76.51033563014003,18.771860413425205,64-QAM
76.52922871749277,18.7752611691487,64-QAM
76.54812180484552,18.778661924872193,64-QAM
76.56701489219827,18.782062680595686,64-QAM
76.58590797955101,18.785463436319183,64-QAM
76.60480106690376,18.788864192042677,64-QAM
76.6236941542565,18.79226494776617,64-QAM
76.64258724160925,18.795665703489664,64-QAM
76.66148032896199,18.799066459213158,64-QAM
76.68037341631474,18.80246721493665,64-QAM
76.69926650366749,18.805867970660145,64-QAM
76.71815959102022,18.809268726383642,64-QAM
76.73705267837298,18.812669482107133,64-QAM
76.75594576572571,18.81607023783063,64-QAM
76.77483885307846,18.819470993554123,64-QAM
76.79373194043121,18.822871749277617,64-QAM
76.81262502778395,18.82627250500111,64-QAM
76.8315181151367,18.829673260724604,64-QAM
76.85041120248944,18.833074016448098,64-QAM
76.86930428984219,18.83647477217159,64-QAM
76.88819737719493,18.83987552789509,64-QAM
76.90709046454768,18.843276283618582,64-QAM
76.92598355190043,18.846677039342076,64-QAM
76.94487663925317,18.85007779506557,64-QAM
76.96376972660592,18.853478550789063,64-QAM
76.98266281395865,18.856879306512557,64-QAM
77.0015559013114,18.86028006223605,64-QAM
77.02044898866414,18.863680817959548,64-QAM
77.0393420760169,18.867081573683038,64-QAM
77.05823516336964,18.870482329406535,64-QAM
77.07712825072238,18.87388308513003,64-QAM
77.09602133807513,18.877283840853522,64-QAM
77.11491442542787,18.880684596577016,64-QAM
77.13380751278062,18.88408535230051,64-QAM
77.15270060013336,18.887486108024003,64-QAM
77.17159368748611,18.890886863747497,64-QAM
77.19048677483886,18.894287619470994,64-QAM
77.2093798621916,18.897688375194488,64-QAM
77.22827294954435,18.90108913091798,64-QAM
77.24716603689708,18.904489886641475,64-QAM
77.26605912424984,18.90789064236497,64-QAM
77.28495221160257,18.911291398088462,64-QAM
77.30384529895532,18.914692153811956,64-QAM
77.32273838630807,18.918092909535453,64-QAM
77.34163147366081,18.921493665258943,64-QAM
77.36052456101356,18.92489442098244,64-QAM
77.3794176483663,18.928295176705934,64-QAM
77.39831073571905,18.931695932429427,64-QAM
77.4172038230718,18.935096688152925,64-QAM
77.43609691042454,18.938497443876415,64-QAM
77.45498999777729,18.941898199599912,64-QAM
77.47388308513003,18.945298955323402,64-QAM
77.49277617248278,18.9486997110469,64-QAM
77.51166925983551,18.952100466770393,64-QAM
77.53056234718827,18.955501222493886,64-QAM
77.54945543454102,18.958901978217384,64-QAM
77.56834852189375,18.962302733940874,64-QAM
77.5872416092465,18.96570348966437,64-QAM
77.60613469659924,18.96910424538786,64-QAM
77.62502778395199,18.972505001111358,64-QAM
77.64392087130473,18.975905756834848,64-QAM
77.66281395865748,18.979306512558345,64-QAM
77.68170704601023,18.982707268281843,64-QAM
77.70060013336297,18.986108024005333,64-QAM
77.71949322071572,18.98950877972883,64-QAM
77.73838630806846,18.99290953545232,64-QAM
77.75727939542121,18.996310291175817,64-QAM
77.77617248277394,18.999711046899307,64-QAM
77.7950655701267,19.003111802622804,64-QAM
77.81395865747945,19.0065125583463,64-QAM
77.83285174483218,19.00991331406979,64-QAM
77.85174483218493,19.01331406979329,64-QAM
77.87063791953767,19.01671482551678,64-QAM
77.88953100689042,19.020115581240276,64-QAM
77.90842409424317,19.023516336963773,64-QAM
77.92731718159591,19.026917092687263,64-QAM
77.94621026894866,19.03031784841076,64-QAM
77.9651033563014,19.03371860413425,64-QAM
77.98399644365415,19.037119359857748,64-QAM
78.00288953100689,19.040520115581238,64-QAM
78.02178261835964,19.043920871304735,64-QAM
78.04067570571239,19.04732162702823,64-QAM
78.05956879306513,19.050722382751722,64-QAM
78.07846188041788,19.05412313847522,64-QAM
78.09735496777061,19.05752389419871,64-QAM
78.11624805512336,19.060924649922207,64-QAM
78.1351411424761,19.064325405645697,64-QAM
78.15403422982885,19.067726161369194,64-QAM
78.1729273171816,19.071126917092688,64-QAM
78.19182040453434,19.07452767281618,64-QAM
78.21071349188709,19.07792842853968,64-QAM
78.22960657923983,19.08132918426317,64-QAM
78.24849966659258,19.084729939986666,64-QAM
78.26739275394532,19.088130695710156,64-QAM
78.28628584129807,19.091531451433653,64-QAM
78.30517892865082,19.094932207157147,64-QAM
78.32407201600356,19.09833296288064,64-QAM
78.3429651033563,19.101733718604134,64-QAM
78.36185819070904,19.105134474327627,64-QAM
78.3807512780618,19.108535230051125,64-QAM
78.39964436541453,19.111935985774615,64-QAM
78.41853745276728,19.115336741498112,64-QAM
78.43743054012003,19.118737497221606,64-QAM
78.45632362747277,19.1221382529451,64-QAM
78.47521671482552,19.125539008668593,64-QAM
78.49410980217826,19.128939764392086,64-QAM
78.51300288953101,19.132340520115584,64-QAM
78.53189597688376,19.135741275839074,64-QAM
78.5507890642365,19.13914203156257,64-QAM
78.56968215158925,19.142542787286065,64-QAM
78.58857523894198,19.145943543009558,64-QAM
78.60746832629474,19.14934429873305,64-QAM
78.62636141364747,19.152745054456545,64-QAM
78.64525450100022,19.15614581018004,64-QAM
78.66414758835298,19.159546565903533,64-QAM
78.68304067570571,19.16294732162703,64-QAM
78.70193376305846,19.166348077350523,64-QAM
78.7208268504112,19.169748833074017,64-QAM
78.73971993776395,19.17314958879751,64-QAM
78.75861302511669,19.176550344521004,64-QAM
78.77750611246944,19.179951100244498,64-QAM
78.79639919982219,19.18335185596799,64-QAM
78.81529228717493,19.18675261169149,64-QAM
78.83418537452768,19.19015336741498,64-QAM
78.85307846188041,19.193554123138476,64-QAM
78.87197154923317,19.19695487886197,64-QAM
78.8908646365859,19.200355634585463,64-QAM
78.90975772393865,19.203756390308957,64-QAM
78.9286508112914,19.20715714603245,64-QAM
78.94754389864414,19.210557901755944,64-QAM
78.96643698599689,19.213958657479438,64-QAM
78.98533007334963,19.217359413202935,64-QAM
79.00422316070238,19.22076016892643,64-QAM
79.02311624805512,19.224160924649922,64-QAM
79.04200933540787,19.227561680373416,64-QAM
79.06090242276062,19.23096243609691,64-QAM
79.07979551011336,19.234363191820403,64-QAM
79.09868859746611,19.237763947543897,64-QAM
79.11758168481884,19.241164703267394,64-QAM
79.1364747721716,19.244565458990884,64-QAM
79.15536785952435,19.24796621471438,64-QAM
79.17426094687708,19.251366970437875,64-QAM
79.19315403422983,19.25476772616137,64-QAM
79.21204712158257,19.258168481884862,64-QAM
79.23094020893532,19.261569237608356,64-QAM
79.24983329628806,19.26496999333185,64-QAM
79.26872638364081,19.268370749055343,64-QAM
79.28761947099356,19.27177150477884,64-QAM
79.3065125583463,19.275172260502334,64-QAM
79.32540564569905,19.278573016225828,64-QAM
79.34429873305179,19.28197377194932,64-QAM
79.36319182040454,19.285374527672815,64-QAM
79.38208490775727,19.28877528339631,64-QAM
79.40097799511003,19.292176039119802,64-QAM
79.41987108246278,19.2955767948433,64-QAM
79.43876416981551,19.29897755056679,64-QAM
79.45765725716826,19.302378306290287,64-QAM
79.476550344521,19.30577906201378,64-QAM
79.49544343187375,19.309179817737274,64-QAM
79.51433651922649,19.312580573460767,64-QAM
79.53322960657924,19.31598132918426,64-QAM
79.55212269393199,19.319382084907758,64-QAM
79.57101578128473,19.32278284063125,64-QAM
79.58990886863748,19.326183596354745,64-QAM
79.60880195599022,19.32958435207824,64-QAM
79.62769504334297,19.332985107801733,64-QAM
79.6465881306957,19.336385863525226,64-QAM
79.66548121804846,19.33978661924872,64-QAM
79.6843743054012,19.343187374972217,64-QAM
79.70326739275394,19.346588130695707,64-QAM
79.7221604801067,19.349988886419204,64-QAM
79.74105356745943,19.353389642142695,64-QAM
79.75994665481218,19.35679039786619,64-QAM
79.77883974216493,19.36019115358969,64-QAM
79.79773282951767,19.36359190931318,64-QAM
79.81662591687042,19.366992665036676,64-QAM
79.83551900422316,19.370393420760166,64-QAM
79.85441209157591,19.373794176483663,64-QAM
79.87330517892865,19.377194932207153,64-QAM
79.8921982662814,19.38059568793065,64-QAM
79.91109135363415,19.383996443654148,64-QAM
79.92998444098689,19.387397199377638,64-QAM
79.94887752833964,19.390797955101135,64-QAM
79.96777061569237,19.394198710824625,64-QAM
79.98666370304512,19.397599466548122,64-QAM
80.00555679039786,19.401000222271612,64-QAM
80.02444987775061,19.40440097799511,64-QAM
80.04334296510336,19.407801733718607,64-QAM
80.0622360524561,19.411202489442097,64-QAM
80.08112913980885,19.414603245165594,64-QAM
80.10002222716159,19.418004000889084,64-QAM
80.11891531451434,19.42140475661258,64-QAM
80.13780840186708,19.42480551233607,64-QAM
80.15670148921983,19.42820626805957,64-QAM
80.17559457657258,19.431607023783066,64-QAM
80.19448766392532,19.435007779506556,64-QAM
80.21338075127807,19.438408535230053,64-QAM
80.2322738386308,19.441809290953543,64-QAM
80.25116692598355,19.44521004667704,64-QAM
80.27006001333629,19.44861080240053,64-QAM
80.28895310068904,19.452011558124028,64-QAM
80.3078461880418,19.455412313847525,64-QAM
80.32673927539453,19.458813069571015,64-QAM
80.34563236274728,19.462213825294512,64-QAM
80.36452545010002,19.465614581018002,64-QAM
80.38341853745277,19.4690153367415,64-QAM
80.40231162480552,19.472416092464993,64-QAM
80.42120471215826,19.475816848188487,64-QAM
80.44009779951101,19.47921760391198,64-QAM
80.45899088686375,19.482618359635474,64-QAM
80.4778839742165,19.48601911535897,64-QAM
80.49677706156923,19.48941987108246,64-QAM
80.51567014892198,19.49282062680596,64-QAM
80.53456323627474,19.496221382529452,64-QAM
80.55345632362747,19.499622138252946,64-QAM
80.57234941098022,19.50302289397644,64-QAM
80.59124249833296,19.506423649699933,64-QAM
80.61013558568571,19.50982440542343,64-QAM
80.62902867303845,19.51322516114692,64-QAM
80.6479217603912,19.516625916870417,64-QAM
80.66681484774395,19.52002667259391,64-QAM
80.68570793509669,19.523427428317405,64-QAM
80.70460102244944,19.526828184040898,64-QAM
80.72349410980217,19.530228939764392,64-QAM
80.74238719715493,19.533629695487885,64-QAM
80.76128028450766,19.53703045121138,64-QAM
80.78017337186041,19.540431206934876,64-QAM
80.79906645921317,19.54383196265837,64-QAM
80.8179595465659,19.547232718381863,64-QAM
80.83685263391865,19.550633474105357,64-QAM
80.85574572127139,19.55403422982885,64-QAM
80.87463880862414,19.557434985552344,64-QAM
80.89353189597689,19.560835741275838,64-QAM
80.91242498332963,19.564236496999335,64-QAM
80.93131807068238,19.567637252722825,64-QAM
80.95021115803512,19.571038008446322,64-QAM
80.96910424538787,19.574438764169816,64-QAM
80.9879973327406,19.57783951989331,64-QAM
81.00689042009336,19.581240275616803,64-QAM
81.0257835074461,19.584641031340297,64-QAM
81.04467659479884,19.58804178706379,64-QAM
81.0635696821516,19.591442542787284,64-QAM
81.08246276950433,19.59484329851078,64-QAM
81.10135585685708,19.598244054234275,64-QAM
81.12024894420982,19.60164480995777,64-QAM
81.13914203156257,19.605045565681262,64-QAM
81.15803511891532,19.608446321404756,64-QAM
81.17692820626806,19.61184707712825,64-QAM
81.19582129362081,19.615247832851743,64-QAM
81.21471438097355,19.61864858857524,64-QAM
81.2336074683263,19.62204934429873,64-QAM
81.25250055567903,19.625450100022228,64-QAM
81.27139364303179,19.62885085574572,64-QAM
81.29028673038454,19.632251611469215,64-QAM
81.30917981773727,19.63565236719271,64-QAM
81.32807290509002,19.639053122916202,64-QAM
81.34696599244276,19.642453878639696,64-QAM
81.36585907979551,19.64585463436319,64-QAM
81.38475216714825,19.649255390086687,64-QAM
81.403645254501,19.65265614581018,64-QAM
81.42253834185375,19.656056901533674,64-QAM
81.44143142920649,19.659457657257168,64-QAM
81.46032451655924,19.66285841298066,64-QAM
81.47921760391198,19.666259168704155,64-QAM
81.49811069126473,19.66965992442765,64-QAM
81.51700377861748,19.673060680151146,64-QAM
81.53589686597022,19.676461435874636,64-QAM
81.55478995332297,19.679862191598133,64-QAM
81.5736830406757,19.683262947321627,64-QAM
81.59257612802845,19.68666370304512,64-QAM
81.61146921538119,19.690064458768614,64-QAM
81.63036230273394,19.693465214492107,64-QAM
81.6492553900867,19.696865970215605,64-QAM
81.66814847743943,19.700266725939095,64-QAM
81.68704156479218,19.703667481662592,64-QAM
81.70593465214492,19.707068237386085,64-QAM
81.72482773949767,19.71046899310958,64-QAM
81.7437208268504,19.713869748833073,64-QAM
81.76261391420316,19.717270504556566,64-QAM
81.78150700155591,19.720671260280064,64-QAM
81.80040008890865,19.724072016003554,64-QAM
81.8192931762614,19.72747277172705,64-QAM
81.83818626361413,19.73087352745054,64-QAM
81.85707935096688,19.734274283174038,64-QAM
81.87597243831962,19.73767503889753,64-QAM
81.89486552567237,19.741075794621025,64-QAM
81.91375861302512,19.744476550344523,64-QAM
81.93265170037786,19.747877306068013,64-QAM
81.95154478773061,19.75127806179151,64-QAM
81.97043787508335,19.754678817515,64-QAM
81.9893309624361,19.758079573238497,64-QAM
82.00822404978884,19.76148032896199,64-QAM
82.02711713714159,19.764881084685484,64-QAM
82.04601022449434,19.76828184040898,64-QAM
82.06490331184708,19.77168259613247,64-QAM
82.08379639919983,19.77508335185597,64-QAM
82.10268948655256,19.77848410757946,64-QAM
82.12158257390531,19.781884863302956,64-QAM
82.14047566125807,19.785285619026453,64-QAM
82.1593687486108,19.788686374749943,64-QAM
82.17826183596355,19.79208713047344,64-QAM
82.19715492331629,19.79548788619693,64-QAM
82.21604801066904,19.798888641920428,64-QAM
82.23494109802178,19.802289397643918,64-QAM
82.25383418537453,19.805690153367415,64-QAM
82.27272727272728,19.809090909090912,64-QAM
82.29162036008002,19.812491664814402,64-QAM
82.31051344743277,19.8158924205379,64-QAM
82.3294065347855,19.81929317626139,64-QAM
82.34829962213826,19.822693931984887,64-QAM
82.367192709491,19.826094687708377,64-QAM
82.38608579684374,19.829495443431874,64-QAM
82.4049788841965,19.83289619915537,64-QAM
82.42387197154923,19.83629695487886,64-QAM
82.44276505890198,19.83969771060236,64-QAM
82.46165814625472,19.84309846632585,64-QAM
82.48055123360747,19.846499222049346,64-QAM
82.49944432096021,19.849899977772836,64-QAM
82.51833740831296,19.853300733496333,64-QAM
82.53723049566571,19.856701489219827,64-QAM
82.55612358301845,19.86010224494332,64-QAM
82.5750166703712,19.863503000666817,64-QAM
82.59390975772394,19.866903756390307,64-QAM
82.61280284507669,19.870304512113805,64-QAM
82.63169593242942,19.873705267837295,64-QAM
82.65058901978217,19.877106023560792,64-QAM
82.66948210713493,19.880506779284286,64-QAM
82.68837519448766,19.88390753500778,64-QAM
82.70726828184041,19.887308290731276,64-QAM
82.72616136919315,19.890709046454766,64-QAM
82.7450544565459,19.894109802178264,64-QAM
82.76394754389865,19.897510557901757,64-QAM
82.78284063125139,19.90091131362525,64-QAM
82.80173371860414,19.904312069348745,64-QAM
82.82062680595688,19.907712825072238,64-QAM
82.83951989330963,19.911113580795732,64-QAM
82.85841298066237,19.914514336519225,64-QAM
82.87730606801512,19.917915092242723,64-QAM
82.89619915536787,19.921315847966216,64-QAM
82.9150922427206,19.92471660368971,64-QAM
82.93398533007336,19.928117359413204,64-QAM
82.95287841742609,19.931518115136697,64-QAM
82.97177150477884,19.93491887086019,64-QAM
82.99066459213158,19.938319626583684,64-QAM
83.00955767948433,19.94172038230718,64-QAM
83.02845076683708,19.94512113803067,64-QAM
83.04734385418982,19.94852189375417,64-QAM
83.06623694154257,19.951922649477662,64-QAM
83.0851300288953,19.955323405201156,64-QAM
83.10402311624806,19.95872416092465,64-QAM
83.1229162036008,19.962124916648143,64-QAM
83.14180929095355,19.965525672371637,64-QAM
83.1607023783063,19.96892642809513,64-QAM
83.17959546565903,19.972327183818628,64-QAM
83.19848855301179,19.97572793954212,64-QAM
83.21738164036452,19.979128695265615,64-QAM
83.23627472771727,19.98252945098911,64-QAM
83.25516781507001,19.985930206712602,64-QAM
83.27406090242276,19.989330962436096,64-QAM
83.29295398977551,19.99273171815959,64-QAM
83.31184707712825,19.996132473883087,64-QAM
83.330740164481,19.999533229606577,64-QAM
83.34963325183374,20.002933985330074,64-QAM
83.36852633918649,20.006334741053568,64-QAM
83.38741942653924,20.00973549677706,64-QAM
83.40631251389198,20.013136252500555,64-QAM
83.42520560124473,20.01653700822405,64-QAM
83.44409868859746,20.019937763947542,64-QAM
83.46299177595021,20.023338519671036,64-QAM
83.48188486330295,20.026739275394533,64-QAM
83.5007779506557,20.030140031118027,64-QAM
83.51967103800845,20.03354078684152,64-QAM
83.53856412536119,20.036941542565014,64-QAM
83.55745721271394,20.040342298288508,64-QAM
83.57635030006668,20.043743054012,64-QAM
83.59524338741943,20.047143809735495,64-QAM
83.61413647477217,20.050544565458992,64-QAM
83.63302956212492,20.053945321182482,64-QAM
83.65192264947767,20.05734607690598,64-QAM
83.6708157368304,20.060746832629473,64-QAM
83.68970882418316,20.064147588352967,64-QAM
83.7086019115359,20.06754834407646,64-QAM
83.72749499888864,20.070949099799954,64-QAM
83.74638808624138,20.074349855523447,64-QAM
83.76528117359413,20.07775061124694,64-QAM
83.78417426094688,20.08115136697044,64-QAM
83.80306734829962,20.084552122693932,64-QAM
83.82196043565237,20.087952878417425,64-QAM
83.84085352300511,20.09135363414092,64-QAM
83.85974661035786,20.094754389864413,64-QAM
83.8786396977106,20.098155145587906,64-QAM
83.89753278506335,20.1015559013114,64-QAM
83.9164258724161,20.104956657034897,64-QAM
83.93531895976884,20.108357412758387,64-QAM
83.95421204712159,20.111758168481884,64-QAM
83.97310513447432,20.115158924205378,64-QAM
83.99199822182707,20.11855967992887,64-QAM
84.01089130917983,20.12196043565237,64-QAM
84.02978439653256,20.12536119137586,64-QAM
84.04867748388531,20.128761947099356,64-QAM
84.06757057123805,20.132162702822846,64-QAM
84.0864636585908,20.135563458546343,64-QAM
84.10535674594354,20.138964214269837,64-QAM
84.12424983329629,20.14236496999333,64-QAM
84.14314292064904,20.145765725716828,64-QAM
84.16203600800178,20.149166481440318,64-QAM
84.18092909535453,20.152567237163815,64-QAM
84.19982218270727,20.155967992887305,64-QAM
84.21871527006002,20.159368748610802,64-QAM
84.23760835741275,20.162769504334292,64-QAM
84.2565014447655,20.16617026005779,64-QAM
84.27539453211826,20.169571015781287,64-QAM
84.29428761947099,20.172971771504777,64-QAM
84.31318070682374,20.176372527228274,64-QAM
84.33207379417648,20.179773282951764,64-QAM
84.35096688152923,20.18317403867526,64-QAM
84.36985996888197,20.18657479439875,64-QAM
84.38875305623472,20.18997555012225,64-QAM
84.40764614358747,20.193376305845746,64-QAM
84.42653923094021,20.196777061569236,64-QAM
84.44543231829296,20.200177817292733,64-QAM
84.4643254056457,20.203578573016223,64-QAM
84.48321849299845,20.20697932873972,64-QAM
84.5021115803512,20.210380084463218,64-QAM
84.52100466770393,20.213780840186708,64-QAM
84.53989775505669,20.217181595910205,64-QAM
84.55879084240942,20.220582351633695,64-QAM
84.57768392976217,20.223983107357192,64-QAM
84.59657701711491,20.227383863080682,64-QAM
84.61547010446766,20.23078461880418,64-QAM
84.63436319182041,20.234185374527673,64-QAM
84.65325627917315,20.237586130251167,64-QAM
84.6721493665259,20.240986885974664,64-QAM
84.69104245387864,20.244387641698154,64-QAM
84.70993554123139,20.24778839742165,64-QAM
84.72882862858413,20.25118915314514,64-QAM
84.74772171593688,20.25458990886864,64-QAM
84.76661480328963,20.257990664592132,64-QAM
84.78550789064236,20.261391420315626,64-QAM
84.80440097799512,20.264792176039123,64-QAM
84.82329406534785,20.268192931762613,64-QAM
84.8421871527006,20.27159368748611,64-QAM
84.86108024005334,20.2749944432096,64-QAM
84.87997332740609,20.278395198933097,64-QAM
84.89886641475884,20.28179595465659,64-QAM
84.91775950211158,20.285196710380085,64-QAM
84.93665258946433,20.288597466103578,64-QAM
84.95554567681707,20.291998221827072,64-QAM
84.97443876416982,20.29539897755057,64-QAM
84.99333185152256,20.29879973327406,64-QAM
85.0122249388753,20.302200488997556,64-QAM
85.03111802622806,20.30560124472105,64-QAM
85.0500111135808,20.309002000444544,64-QAM
85.06890420093355,20.312402756168037,64-QAM
85.08779728828628,20.31580351189153,64-QAM
85.10669037563903,20.319204267615028,64-QAM
85.12558346299178,20.322605023338518,64-QAM
85.14447655034452,20.326005779062015,64-QAM
85.16336963769727,20.32940653478551,64-QAM
85.18226272505001,20.332807290509002,64-QAM
85.20115581240276,20.336208046232496,64-QAM
85.2200488997555,20.33960880195599,64-QAM
85.23894198710825,20.343009557679483,64-QAM
85.257835074461,20.346410313402977,64-QAM
85.27672816181374,20.349811069126474,64-QAM
85.29562124916649,20.353211824849968,64-QAM
85.31451433651922,20.35661258057346,64-QAM
85.33340742387198,20.360013336296955,64-QAM
85.35230051122471,20.36341409202045,64-QAM
85.37119359857746,20.366814847743942,64-QAM
85.39008668593021,20.370215603467436,64-QAM
85.40897977328295,20.373616359190933,64-QAM
85.4278728606357,20.377017114914423,64-QAM
85.44676594798844,20.38041787063792,64-QAM
85.46565903534119,20.383818626361414,64-QAM
85.48455212269393,20.387219382084908,64-QAM
85.50344521004668,20.3906201378084,64-QAM
85.52233829739943,20.394020893531895,64-QAM
85.54123138475217,20.39742164925539,64-QAM
85.56012447210492,20.400822404978882,64-QAM
85.57901755945765,20.40422316070238,64-QAM
85.5979106468104,20.407623916425873,64-QAM
85.61680373416314,20.411024672149367,64-QAM
85.6356968215159,20.41442542787286,64-QAM
85.65458990886864,20.417826183596354,64-QAM
85.67348299622138,20.421226939319848,64-QAM
85.69237608357413,20.42462769504334,64-QAM
85.71126917092687,20.42802845076684,64-QAM
85.73016225827962,20.43142920649033,64-QAM
85.74905534563237,20.434829962213826,64-QAM
85.76794843298511,20.43823071793732,64-QAM
85.78684152033786,20.441631473660813,64-QAM
85.8057346076906,20.445032229384307,64-QAM
85.82462769504335,20.4484329851078,64-QAM
85.84352078239608,20.451833740831294,64-QAM
85.86241386974883,20.455234496554787,64-QAM
85.88130695710159,20.458635252278285,64-QAM
85.90020004445432,20.46203600800178,64-QAM
85.91909313180707,20.465436763725272,64-QAM
85.93798621915981,20.468837519448766,64-QAM
85.95687930651256,20.47223827517226,64-QAM
85.9757723938653,20.475639030895753,64-QAM
85.99466548121805,20.479039786619246,64-QAM
86.0135585685708,20.482440542342744,64-QAM
86.03245165592354,20.485841298066234,64-QAM
86.05134474327629,20.48924205378973,64-QAM
86.07023783062903,20.492642809513224,64-QAM
86.08913091798178,20.496043565236718,64-QAM
86.10802400533451,20.49944432096021,64-QAM
86.12691709268726,20.502845076683705,64-QAM
86.14581018004002,20.506245832407203,64-QAM
86.16470326739275,20.509646588130693,64-QAM
86.1835963547455,20.51304734385419,64-QAM
86.20248944209824,20.516448099577683,64-QAM
86.22138252945099,20.519848855301177,64-QAM
86.24027561680373,20.52324961102467,64-QAM
86.25916870415648,20.526650366748164,64-QAM
86.27806179150923,20.53005112247166,64-QAM
86.29695487886197,20.53345187819515,64-QAM
86.31584796621472,20.53685263391865,64-QAM
86.33474105356746,20.54025338964214,64-QAM
86.3536341409202,20.543654145365636,64-QAM
86.37252722827296,20.547054901089133,64-QAM
86.3914203156257,20.550455656812623,64-QAM
86.41031340297845,20.55385641253612,64-QAM
86.42920649033118,20.55725716825961,64-QAM
86.44809957768393,20.560657923983108,64-QAM
86.46699266503667,20.564058679706598,64-QAM
86.48588575238942,20.567459435430095,64-QAM
86.50477883974217,20.570860191153592,64-QAM
86.52367192709491,20.574260946877082,64-QAM
86.54256501444766,20.57766170260058,64-QAM
86.5614581018004,20.58106245832407,64-QAM
86.58035118915315,20.584463214047567,64-QAM
86.59924427650589,20.587863969771057,64-QAM
86.61813736385864,20.591264725494554,64-QAM
86.63703045121139,20.59466548121805,64-QAM
86.65592353856412,20.59806623694154,64-QAM
86.67481662591688,20.60146699266504,64-QAM
86.69370971326961,20.60486774838853,64-QAM
86.71260280062236,20.608268504112026,64-QAM
86.7314958879751,20.611669259835516,64-QAM
86.75038897532785,20.615070015559013,64-QAM
86.7692820626806,20.61847077128251,64-QAM
86.78817515003334,20.621871527006,64-QAM
86.80706823738609,20.625272282729497,64-QAM
86.82596132473883,20.628673038452987,64-QAM
86.84485441209158,20.632073794176485,64-QAM
86.86374749944432,20.635474549899975,64-QAM
86.88264058679707,20.638875305623472,64-QAM
86.90153367414982,20.64227606134697,64-QAM
86.92042676150255,20.64567681707046,64-QAM
86.9393198488553,20.649077572793956,64-QAM
86.95821293620804,20.652478328517446,64-QAM
86.9771060235608,20.655879084240944,64-QAM
86.99599911091354,20.659279839964437,64-QAM
87.01489219826628,20.66268059568793,64-QAM
87.03378528561903,20.666081351411425,64-QAM
87.05267837297177,20.669482107134918,64-QAM
87.07157146032452,20.672882862858415,64-QAM
87.09046454767726,20.676283618581905,64-QAM
87.10935763503001,20.679684374305403,64-QAM
87.12825072238276,20.683085130028896,64-QAM
87.1471438097355,20.68648588575239,64-QAM
87.16603689708825,20.689886641475884,64-QAM
87.18492998444098,20.693287397199377,64-QAM
87.20382307179374,20.696688152922874,64-QAM
87.22271615914647,20.700088908646364,64-QAM
87.24160924649922,20.70348966436986,64-QAM
87.26050233385197,20.706890420093355,64-QAM
87.27939542120471,20.71029117581685,64-QAM
87.29828850855746,20.713691931540342,64-QAM
87.3171815959102,20.717092687263836,64-QAM
87.33607468326295,20.72049344298733,64-QAM
87.35496777061569,20.723894198710823,64-QAM
87.37386085796844,20.72729495443432,64-QAM
87.39275394532119,20.730695710157814,64-QAM
87.41164703267393,20.734096465881308,64-QAM
87.43054012002668,20.7374972216048,64-QAM
87.44943320737941,20.740897977328295,64-QAM
87.46832629473217,20.74429873305179,64-QAM
87.48721938208492,20.747699488775282,64-QAM
87.50611246943765,20.75110024449878,64-QAM
87.5250055567904,20.75450100022227,64-QAM
87.54389864414314,20.757901755945767,64-QAM
87.56279173149589,20.76130251166926,64-QAM
87.58168481884863,20.764703267392754,64-QAM
87.60057790620138,20.768104023116248,64-QAM
87.61947099355413,20.77150477883974,64-QAM
87.63836408090687,20.774905534563235,64-QAM
87.65725716825962,20.77830629028673,64-QAM
87.67615025561236,20.781707046010226,64-QAM
87.6950433429651,20.78510780173372,64-QAM
87.71393643031784,20.788508557457213,64-QAM
87.7328295176706,20.791909313180707,64-QAM
87.75172260502335,20.7953100689042,64-QAM
87.77061569237608,20.798710824627694,64-QAM
87.78950877972883,20.802111580351188,64-QAM
87.80840186708157,20.805512336074685,64-QAM
87.82729495443432,20.808913091798175,64-QAM
87.84618804178706,20.812313847521672,64-QAM
87.86508112913981,20.815714603245166,64-QAM
87.88397421649256,20.81911535896866,64-QAM
87.9028673038453,20.822516114692153,64-QAM
87.92176039119805,20.825916870415647,64-QAM
87.94065347855079,20.82931762613914,64-QAM
87.95954656590354,20.832718381862634,64-QAM
87.97843965325627,20.83611913758613,64-QAM
87.99733274060902,20.839519893309625,64-QAM
88.01622582796178,20.84292064903312,64-QAM
88.03511891531451,20.846321404756612,64-QAM
88.05401200266726,20.849722160480106,64-QAM
88.07290509002,20.8531229162036,64-QAM
88.09179817737275,20.856523671927093,64-QAM
88.1106912647255,20.85992442765059,64-QAM
88.12958435207824,20.86332518337408,64-QAM
88.14847743943099,20.866725939097577,64-QAM
88.16737052678373,20.87012669482107,64-QAM
88.18626361413648,20.873527450544564,64-QAM
88.20515670148922,20.876928206268058,64-QAM
88.22404978884197,20.88032896199155,64-QAM
88.24294287619472,20.88372971771505,64-QAM
88.26183596354745,20.88713047343854,64-QAM
88.2807290509002,20.890531229162036,64-QAM
88.29962213825294,20.89393198488553,64-QAM
88.3185152256057,20.897332740609023,64-QAM
88.33740831295843,20.900733496332517,64-QAM
88.35630140031118,20.90413425205601,64-QAM
88.37519448766393,20.907535007779508,64-QAM
88.39408757501667,20.910935763502998,64-QAM
88.41298066236942,20.914336519226495,64-QAM
88.43187374972216,20.917737274949985,64-QAM
88.45076683707491,20.921138030673482,64-QAM
88.46965992442765,20.924538786396976,64-QAM
88.4885530117804,20.92793954212047,64-QAM
88.50744609913315,20.931340297843967,64-QAM
88.52633918648588,20.934741053567457,64-QAM
88.54523227383864,20.938141809290954,64-QAM
88.56412536119137,20.941542565014444,64-QAM
88.58301844854412,20.94494332073794,64-QAM
88.60191153589686,20.948344076461435,64-QAM
88.62080462324961,20.95174483218493,64-QAM
88.63969771060236,20.955145587908426,64-QAM
88.6585907979551,20.958546343631916,64-QAM
88.67748388530785,20.961947099355413,64-QAM
88.69637697266059,20.965347855078903,64-QAM
88.71527006001334,20.9687486108024,64-QAM
88.73416314736609,20.972149366525898,64-QAM
88.75305623471883,20.975550122249388,64-QAM
88.77194932207158,20.978950877972885,64-QAM
88.79084240942431,20.982351633696375,64-QAM
88.80973549677707,20.985752389419872,64-QAM
88.8286285841298,20.989153145143362,64-QAM
88.84752167148255,20.99255390086686,64-QAM
88.8664147588353,20.995954656590357,64-QAM
88.88530784618804,20.999355412313847,64-QAM
88.90420093354079,21.002756168037344,64-QAM
88.92309402089353,21.006156923760834,64-QAM
88.94198710824628,21.00955767948433,64-QAM
88.96088019559902,21.01295843520782,64-QAM
88.97977328295177,21.01635919093132,64-QAM
88.99866637030452,21.019759946654812,64-QAM
89.01755945765726,21.023160702378306,64-QAM
89.03645254501001,21.0265614581018,64-QAM
89.05534563236274,21.029962213825293,64-QAM
89.0742387197155,21.03336296954879,64-QAM
89.09313180706823,21.03676372527228,64-QAM
89.11202489442098,21.040164480995777,64-QAM
89.13091798177373,21.04356523671927,64-QAM
89.14981106912647,21.046965992442765,64-QAM
89.16870415647922,21.050366748166258,64-QAM
89.18759724383196,21.053767503889752,64-QAM
89.20649033118471,21.05716825961325,64-QAM
89.22538341853745,21.06056901533674,64-QAM
89.2442765058902,21.063969771060236,64-QAM
89.26316959324295,21.06737052678373,64-QAM
89.28206268059569,21.070771282507224,64-QAM
89.30095576794844,21.074172038230717,64-QAM
89.31984885530117,21.07757279395421,64-QAM
89.33874194265393,21.080973549677704,64-QAM
89.35763503000668,21.0843743054012,64-QAM
89.37652811735941,21.087775061124695,64-QAM
89.39542120471216,21.09117581684819,64-QAM
89.4143142920649,21.094576572571683,64-QAM
89.43320737941765,21.097977328295176,64-QAM
89.45210046677039,21.10137808401867,64-QAM
89.47099355412314,21.104778839742163,64-QAM
89.48988664147589,21.10817959546566,64-QAM
89.50877972882863,21.111580351189154,64-QAM
89.52767281618138,21.114981106912648,64-QAM
89.54656590353412,21.11838186263614,64-QAM
89.56545899088687,21.121782618359635,64-QAM
89.5843520782396,21.12518337408313,64-QAM
89.60324516559236,21.128584129806622,64-QAM
89.6221382529451,21.13198488553012,64-QAM
89.64103134029784,21.13538564125361,64-QAM
89.6599244276506,21.138786396977107,64-QAM
89.67881751500333,21.1421871527006,64-QAM
89.69771060235608,21.145587908424094,64-QAM
89.71660368970882,21.148988664147588,64-QAM
89.73549677706157,21.15238941987108,64-QAM
89.75438986441432,21.15579017559458,64-QAM
89.77328295176706,21.15919093131807,64-QAM
89.79217603911981,21.162591687041566,64-QAM
89.81106912647255,21.16599244276506,64-QAM
89.8299622138253,21.169393198488553,64-QAM
89.84885530117803,21.172793954212047,64-QAM
89.86774838853079,21.17619470993554,64-QAM
89.88664147588354,21.179595465659038,64-QAM
89.90553456323627,21.182996221382528,64-QAM
89.92442765058902,21.186396977106025,64-QAM
89.94332073794176,21.189797732829515,64-QAM
89.96221382529451,21.193198488553012,64-QAM
89.98110691264726,21.196599244276506,64-QAM
90.0,21.2,64-QAM
